time,A_1_1,A_1_2,A_1_3,A_1_4,A_1_5,A_1_6,A_1_7,A_1_8,A_1_9,A_1_10,A_2_1,A_2_2,A_2_3,A_2_4,A_2_5,A_2_6,A_2_7,A_2_8,A_2_9,A_2_10,A_3_1,A_3_2,A_3_3,A_3_4,A_3_5,A_3_6,A_3_7,A_3_8,A_3_9,A_3_10,A_4_1,A_4_2,A_4_3,A_4_4,A_4_5,A_4_6,A_4_7,A_4_8,A_4_9,A_4_10,A_5_1,A_5_2,A_5_3,A_5_4,A_5_5,A_5_6,A_5_7,A_5_8,A_5_9,A_5_10,A_6_1,A_6_2,A_6_3,A_6_4,A_6_5,A_6_6,A_6_7,A_6_8,A_6_9,A_6_10,A_7_1,A_7_2,A_7_3,A_7_4,A_7_5,A_7_6,A_7_7,A_7_8,A_7_9,A_7_10,A_8_1,A_8_2,A_8_3,A_8_4,A_8_5,A_8_6,A_8_7,A_8_8,A_8_9,A_8_10,A_9_1,A_9_2,A_9_3,A_9_4,A_9_5,A_9_6,A_9_7,A_9_8,A_9_9,A_9_10,A_10_1,A_10_2,A_10_3,A_10_4,A_10_5,A_10_6,A_10_7,A_10_8,A_10_9,A_10_10
0.0,0.0,2.5000000000000004,4.000000000000001,0.0,0.0,0.0,0.0,0.0,0.0,0.0,0.0,1.9999999999999998,0.0,3.9999999999999996,0.19999999999999996,0.0,0.0,0.0,0.0,0.0,0.49999999999999994,1.9999999999999998,0.0,0.0,0.19999999999999996,0.0,0.0,0.0,0.0,0.0,0.0,0.0,0.0,20.0,0.0,9.0,9.0,0.0,0.0,0.0,0.0,0.0,0.0,0.0,15.0,24.0,24.0,0.0,0.0,0.0,0.0,0.0,0.0,0.0,0.0,27.0,0.0,8.1,5.4,14.58,0.0,0.0,0.0,0.0,0.0,0.0,27.0,10.8,8.1,14.58,0.0,0.0,0.0,0.0,0.0,0.0,0.0,19.999999999999996,0.0,0.0,0.0,0.0,0.0,0.0,0.0,0.0,0.0,0.0,7.999999999999999,0.0,0.0,0.0,0.0,0.0,0.0,0.0,0.0,0.0,0.0,8.0
0.10050251256281408,0.0,2.6103177986067454,4.176508477770793,0.0,0.0,0.0,0.0,0.0,0.0,0.0,0.0,2.5870051228237227,0.0,5.1740102456474455,0.335709105025626,0.0,0.0,0.0,0.0,0.0,0.6488373410316224,2.5953493641264895,0.0,0.0,0.335709105025626,0.0,0.0,0.0,0.0,0.0,0.0,0.0,0.0,16.098212416689964,0.0,7.140143350880109,7.140143350880109,0.0,0.0,0.0,0.0,0.0,0.0,0.0,14.784547016904607,21.924690367784716,21.924690367784716,0.0,0.0,0.0,0.0,0.0,0.0,0.0,0.0,34.0141637317282,0.0,10.20424911951846,6.802832746345641,21.821101755371842,0.0,0.0,0.0,0.0,0.0,0.0,32.076493086051165,12.830597234420466,9.62294792581535,21.821101755371842,0.0,0.0,0.0,0.0,0.0,0.0,0.0,22.344799673674522,0.0,0.0,0.0,0.0,0.0,0.0,0.0,0.0,0.0,0.0,8.589861190945701,0.0,0.0,0.0,0.0,0.0,0.0,0.0,0.0,0.0,0.0,8.79139338415758
0.20100502512562815,0.0,2.677757094963666,4.284411351941865,0.0,0.0,0.0,0.0,0.0,0.0,0.0,0.0,3.382745992630073,0.0,6.765491985260146,0.5779911470226956,0.0,0.0,0.0,0.0,0.0,0.8543224177664454,3.4172896710657814,0.0,0.0,0.5779911470226956,0.0,0.0,0.0,0.0,0.0,0.0,0.0,0.0,14.36824041639772,0.0,6.286874709196572,6.286874709196572,0.0,0.0,0.0,0.0,0.0,0.0,0.0,14.585118583301941,20.871993292498512,20.871993292498512,0.0,0.0,0.0,0.0,0.0,0.0,0.0,0.0,33.173599788095935,0.0,9.95207993642878,6.634719957619187,20.695773568041105,0.0,0.0,0.0,0.0,0.0,0.0,31.19313806798201,12.477255227192805,9.357941420394603,20.695773568041105,0.0,0.0,0.0,0.0,0.0,0.0,0.0,22.6164132404713,0.0,0.0,0.0,0.0,0.0,0.0,0.0,0.0,0.0,0.0,8.71429921833388,0.0,0.0,0.0,0.0,0.0,0.0,0.0,0.0,0.0,0.0,8.783290008614467
0.30150753768844224,0.0,2.6814046504877993,4.290247440780479,0.0,0.0,0.0,0.0,0.0,0.0,0.0,0.0,4.454649872406787,0.0,8.909299744813573,1.0082328084675205,0.0,0.0,0.0,0.0,0.0,1.1316633600238328,4.526653440095331,0.0,0.0,1.0082328084675205,0.0,0.0,0.0,0.0,0.0,0.0,0.0,0.0,12.609620146918134,0.0,5.399181752717463,5.399181752717463,0.0,0.0,0.0,0.0,0.0,0.0,0.0,14.27265238711957,19.67183413983703,19.67183413983703,0.0,0.0,0.0,0.0,0.0,0.0,0.0,0.0,32.06132080672755,0.0,9.618396242018266,6.412264161345511,19.291004474369533,0.0,0.0,0.0,0.0,0.0,0.0,30.084544224892984,12.033817689957194,9.025363267467895,19.291004474369533,0.0,0.0,0.0,0.0,0.0,0.0,0.0,21.995381404183163,0.0,0.0,0.0,0.0,0.0,0.0,0.0,0.0,0.0,0.0,9.070149089759939,0.0,0.0,0.0,0.0,0.0,0.0,0.0,0.0,0.0,0.0,9.57437075454669
0.4020100502512563,0.0,2.6006921433956407,4.1611074294330255,0.0,0.0,0.0,0.0,0.0,0.0,0.0,0.0,5.8642892862444205,0.0,11.728578572488841,1.7477229651434045,0.0,0.0,0.0,0.0,0.0,1.4901404755414724,5.96056190216589,0.0,0.0,1.7477229651434045,0.0,0.0,0.0,0.0,0.0,0.0,0.0,0.0,10.48184058825101,0.0,4.321369023895975,4.321369023895975,0.0,0.0,0.0,0.0,0.0,0.0,0.0,13.742398858014031,18.063767881910007,18.063767881910007,0.0,0.0,0.0,0.0,0.0,0.0,0.0,0.0,30.607064231550506,0.0,9.18211926946515,6.121412846310101,17.531788381823766,0.0,0.0,0.0,0.0,0.0,0.0,28.640101267457684,11.456040506983074,8.592030380237304,17.531788381823766,0.0,0.0,0.0,0.0,0.0,0.0,0.0,21.114659794182305,0.0,0.0,0.0,0.0,0.0,0.0,0.0,0.0,0.0,0.0,9.615493112544092,0.0,0.0,0.0,0.0,0.0,0.0,0.0,0.0,0.0,0.0,10.952523641569188
0.5025125628140704,0.0,2.423777533224621,3.8780440531593943,0.0,0.0,0.0,0.0,0.0,0.0,0.0,0.0,7.62163839651902,0.0,15.24327679303804,2.929834914397576,0.0,0.0,0.0,0.0,0.0,1.9220505893691437,7.688202357476575,0.0,0.0,2.929834914397576,0.0,0.0,0.0,0.0,0.0,0.0,0.0,0.0,7.995383541756043,0.0,3.090291874024722,3.090291874024722,0.0,0.0,0.0,0.0,0.0,0.0,0.0,12.88365074623214,15.973942620256862,15.973942620256862,0.0,0.0,0.0,0.0,0.0,0.0,0.0,0.0,28.70800367725796,0.0,8.612401103177387,5.741600735451592,15.361939903461543,0.0,0.0,0.0,0.0,0.0,0.0,26.755500097053137,10.702200038821255,8.02665002911594,15.361939903461543,0.0,0.0,0.0,0.0,0.0,0.0,0.0,19.96081831047021,0.0,0.0,0.0,0.0,0.0,0.0,0.0,0.0,0.0,0.0,10.381040993937717,0.0,0.0,0.0,0.0,0.0,0.0,0.0,0.0,0.0,0.0,12.912167535449605
0.6030150753768845,0.0,2.1579079537449912,3.452652725991986,0.0,0.0,0.0,0.0,0.0,0.0,0.0,0.0,9.616707314013633,0.0,19.233414628027266,4.600292362153926,0.0,0.0,0.0,0.0,0.0,2.3918230075746925,9.56729203029877,0.0,0.0,4.600292362153926,0.0,0.0,0.0,0.0,0.0,0.0,0.0,0.0,5.399285964189943,0.0,1.884010421095294,1.884010421095294,0.0,0.0,0.0,0.0,0.0,0.0,0.0,11.631231941845313,13.515242362940606,13.515242362940606,0.0,0.0,0.0,0.0,0.0,0.0,0.0,0.0,26.422827817567082,0.0,7.926848345270124,5.284565563513417,12.94058996649095,0.0,0.0,0.0,0.0,0.0,0.0,24.487519004092864,9.795007601637145,7.346255701227859,12.94058996649095,0.0,0.0,0.0,0.0,0.0,0.0,0.0,18.540464069312026,0.0,0.0,0.0,0.0,0.0,0.0,0.0,0.0,0.0,0.0,11.389556951744842,0.0,0.0,0.0,0.0,0.0,0.0,0.0,0.0,0.0,0.0,15.36700056453027
0.7035175879396985,0.0,1.8337819998055107,2.9340511996888172,0.0,0.0,0.0,0.0,0.0,0.0,0.0,0.0,11.590648824608229,0.0,23.181297649216457,6.576454583940059,0.0,0.0,0.0,0.0,0.0,2.836965679599195,11.34786271839678,0.0,0.0,6.576454583940059,0.0,0.0,0.0,0.0,0.0,0.0,0.0,0.0,3.121141890235789,0.0,0.9420973122745979,0.9420973122745979,0.0,0.0,0.0,0.0,0.0,0.0,0.0,10.061459826843764,11.003557139118362,11.003557139118362,0.0,0.0,0.0,0.0,0.0,0.0,0.0,0.0,23.994269354281496,0.0,7.1982808062844486,4.798853870856299,10.593270471133122,0.0,0.0,0.0,0.0,0.0,0.0,22.074584382463968,8.829833752985587,6.62237531473919,10.593270471133122,0.0,0.0,0.0,0.0,0.0,0.0,0.0,16.96395247406804,0.0,0.0,0.0,0.0,0.0,0.0,0.0,0.0,0.0,0.0,12.589175711486366,0.0,0.0,0.0,0.0,0.0,0.0,0.0,0.0,0.0,0.0,17.99262189917772
0.8040201005025126,0.0,1.4963931176876668,2.394228988300267,0.0,0.0,0.0,0.0,0.0,0.0,0.0,0.0,13.221439235408175,0.0,26.44287847081635,8.431770640114797,0.0,0.0,0.0,0.0,0.0,3.1886735210845183,12.754694084338073,0.0,0.0,8.431770640114797,0.0,0.0,0.0,0.0,0.0,0.0,0.0,0.0,1.5212444123313218,0.0,0.3843653200735248,0.3843653200735248,0.0,0.0,0.0,0.0,0.0,0.0,0.0,8.422168871699832,8.806534191773356,8.806534191773356,0.0,0.0,0.0,0.0,0.0,0.0,0.0,0.0,21.74901680017986,0.0,6.5247050400539575,4.349803360035972,8.62912103433112,0.0,0.0,0.0,0.0,0.0,0.0,19.837956615721037,7.935182646288415,5.951386984716311,8.62912103433112,0.0,0.0,0.0,0.0,0.0,0.0,0.0,15.413393721692252,0.0,0.0,0.0,0.0,0.0,0.0,0.0,0.0,0.0,0.0,13.83279932577283,0.0,0.0,0.0,0.0,0.0,0.0,0.0,0.0,0.0,0.0,20.344350634210144
0.9045226130653267,0.0,1.1866910029860431,1.8987056047776691,0.0,0.0,0.0,0.0,0.0,0.0,0.0,0.0,14.277516690432188,0.0,28.555033380864376,9.710871574928936,0.0,0.0,0.0,0.0,0.0,3.400756513013392,13.603026052053568,0.0,0.0,9.710871574928936,0.0,0.0,0.0,0.0,0.0,0.0,0.0,0.0,0.6388615288851449,0.0,0.13441463574159945,0.13441463574159945,0.0,0.0,0.0,0.0,0.0,0.0,0.0,7.013237854331375,7.147652490072974,7.147652490072974,0.0,0.0,0.0,0.0,0.0,0.0,0.0,0.0,19.929071995631862,0.0,5.9787215986895585,3.9858143991263724,7.180905640676043,0.0,0.0,0.0,0.0,0.0,0.0,18.01615660340327,7.206462641361309,5.404846981020981,7.180905640676043,0.0,0.0,0.0,0.0,0.0,0.0,0.0,14.053869266129226,0.0,0.0,0.0,0.0,0.0,0.0,0.0,0.0,0.0,0.0,14.94408808391009,0.0,0.0,0.0,0.0,0.0,0.0,0.0,0.0,0.0,0.0,22.144883292559054
1.0050251256281408,0.0,0.9282102615271534,1.4851364184434455,0.0,0.0,0.0,0.0,0.0,0.0,0.0,0.0,14.700354791940386,0.0,29.400709583880772,10.185452066191722,0.0,0.0,0.0,0.0,0.0,3.464355864314239,13.857423457256957,0.0,0.0,10.185452066191722,0.0,0.0,0.0,0.0,0.0,0.0,0.0,0.0,0.24607159167015527,0.0,0.04453042257187746,0.04453042257187746,0.0,0.0,0.0,0.0,0.0,0.0,0.0,6.032177095242526,6.076707517814404,6.076707517814404,0.0,0.0,0.0,0.0,0.0,0.0,0.0,0.0,18.629550217266495,0.0,5.588865065179948,3.725910043453299,6.223713433375425,0.0,0.0,0.0,0.0,0.0,0.0,16.703874652880984,6.681549861152394,5.011162395864295,6.223713433375425,0.0,0.0,0.0,0.0,0.0,0.0,0.0,12.977333161159791,0.0,0.0,0.0,0.0,0.0,0.0,0.0,0.0,0.0,0.0,15.80770677929706,0.0,0.0,0.0,0.0,0.0,0.0,0.0,0.0,0.0,0.0,23.366985095548674
1.105527638190955,0.0,0.7262141521941197,1.1619426435105915,0.0,0.0,0.0,0.0,0.0,0.0,0.0,0.0,14.57285844159804,0.0,29.14571688319608,9.912344469527298,0.0,0.0,0.0,0.0,0.0,3.4009609402478773,13.60384376099151,0.0,0.0,9.912344469527298,0.0,0.0,0.0,0.0,0.0,0.0,0.0,0.0,0.09460357627128298,0.0,0.015720849095254823,0.015720849095254823,0.0,0.0,0.0,0.0,0.0,0.0,0.0,5.539201833897586,5.55492268299284,5.55492268299284,0.0,0.0,0.0,0.0,0.0,0.0,0.0,0.0,17.850146179815468,0.0,5.3550438539446406,3.570029235963094,5.677220097293575,0.0,0.0,0.0,0.0,0.0,0.0,15.902447072711494,6.360978829084598,4.770734121813448,5.677220097293575,0.0,0.0,0.0,0.0,0.0,0.0,0.0,12.212186102435965,0.0,0.0,0.0,0.0,0.0,0.0,0.0,0.0,0.0,0.0,16.389857241879064,0.0,0.0,0.0,0.0,0.0,0.0,0.0,0.0,0.0,0.0,24.104062793154306
1.206030150753769,0.0,0.574634629028394,0.9194154064454305,0.0,0.0,0.0,0.0,0.0,0.0,0.0,0.0,14.040967767072512,0.0,28.081935534145025,9.11412925683045,0.0,0.0,0.0,0.0,0.0,3.2455488140226354,12.982195256090542,0.0,0.0,9.11412925683045,0.0,0.0,0.0,0.0,0.0,0.0,0.0,0.0,0.03933958449937386,0.0,0.006512916281812039,0.006512916281812039,0.0,0.0,0.0,0.0,0.0,0.0,0.0,5.518543526996073,5.525056443277885,5.525056443277885,0.0,0.0,0.0,0.0,0.0,0.0,0.0,0.0,17.558513364505863,0.0,5.267554009351759,3.5117026729011727,5.47204235270293,0.0,0.0,0.0,0.0,0.0,0.0,15.582305401106847,6.232922160442739,4.674691620332054,5.47204235270293,0.0,0.0,0.0,0.0,0.0,0.0,0.0,11.756870821256934,0.0,0.0,0.0,0.0,0.0,0.0,0.0,0.0,0.0,0.0,16.702725490570618,0.0,0.0,0.0,0.0,0.0,0.0,0.0,0.0,0.0,0.0,24.454299629263833
1.306532663316583,0.0,0.4633061762503368,0.7412898820005389,0.0,0.0,0.0,0.0,0.0,0.0,0.0,0.0,13.251863835393678,0.0,26.503727670787356,8.038274832071682,0.0,0.0,0.0,0.0,0.0,3.032884631142486,12.131538524569944,0.0,0.0,8.038274832071682,0.0,0.0,0.0,0.0,0.0,0.0,0.0,0.0,0.018789926265104964,0.0,0.0033438441507201264,0.0033438441507201264,0.0,0.0,0.0,0.0,0.0,0.0,0.0,5.931980259958101,5.935324104108821,5.935324104108821,0.0,0.0,0.0,0.0,0.0,0.0,0.0,0.0,17.7218589651982,0.0,5.316557689559461,3.5443717930396406,5.569744708106489,0.0,0.0,0.0,0.0,0.0,0.0,15.714335383901405,6.285734153560562,4.714300615170421,5.569744708106489,0.0,0.0,0.0,0.0,0.0,0.0,0.0,11.60443636734108,0.0,0.0,0.0,0.0,0.0,0.0,0.0,0.0,0.0,0.0,16.769893548220164,0.0,0.0,0.0,0.0,0.0,0.0,0.0,0.0,0.0,0.0,24.480593769652316
1.407035175879397,0.0,0.3822535481138459,0.6116056769821534,0.0,0.0,0.0,0.0,0.0,0.0,0.0,0.0,12.324954026529902,0.0,24.649908053059804,6.879783977319798,0.0,0.0,0.0,0.0,0.0,2.790997825432378,11.163991301729512,0.0,0.0,6.879783977319798,0.0,0.0,0.0,0.0,0.0,0.0,0.0,0.0,0.0106965828561682,0.0,0.002156589441824884,0.002156589441824884,0.0,0.0,0.0,0.0,0.0,0.0,0.0,6.720493422443112,6.722650011884936,6.722650011884936,0.0,0.0,0.0,0.0,0.0,0.0,0.0,0.0,18.30335876119532,0.0,5.491007628358596,3.660671752239064,5.954715104776255,0.0,0.0,0.0,0.0,0.0,0.0,16.266727824296268,6.506691129718508,4.88001834728888,5.954715104776255,0.0,0.0,0.0,0.0,0.0,0.0,0.0,11.750214354439906,0.0,0.0,0.0,0.0,0.0,0.0,0.0,0.0,0.0,0.0,16.614188749569937,0.0,0.0,0.0,0.0,0.0,0.0,0.0,0.0,0.0,0.0,24.21304532603206
1.5075376884422111,0.0,0.3233351313179314,0.5173362101086902,0.0,0.0,0.0,0.0,0.0,0.0,0.0,0.0,11.345961149451972,0.0,22.691922298903943,5.763523781993118,0.0,0.0,0.0,0.0,0.0,2.5399010740802273,10.159604296320909,0.0,0.0,5.763523781993118,0.0,0.0,0.0,0.0,0.0,0.0,0.0,0.0,0.0073874610371111316,0.0,0.001723589350006335,0.001723589350006335,0.0,0.0,0.0,0.0,0.0,0.0,0.0,7.777093922381147,7.7788175117311535,7.7788175117311535,0.0,0.0,0.0,0.0,0.0,0.0,0.0,0.0,19.230426625842,0.0,5.7691279877526,3.8460853251684,6.604936593486878,0.0,0.0,0.0,0.0,0.0,0.0,17.173141090409068,6.869256436163628,5.15194232712272,6.604936593486878,0.0,0.0,0.0,0.0,0.0,0.0,0.0,12.180482916768746,0.0,0.0,0.0,0.0,0.0,0.0,0.0,0.0,0.0,0.0,16.265351787250975,0.0,0.0,0.0,0.0,0.0,0.0,0.0,0.0,0.0,0.0,23.67363660983507
1.6080402010050252,0.0,0.28045677826638565,0.4487308452262171,0.0,0.0,0.0,0.0,0.0,0.0,0.0,0.0,10.371488892348053,0.0,20.742977784696105,4.755767866752497,0.0,0.0,0.0,0.0,0.0,2.2927122210299236,9.170848884119694,0.0,0.0,4.755767866752497,0.0,0.0,0.0,0.0,0.0,0.0,0.0,0.0,0.006214766631731982,0.0,0.0016677346132380312,0.0016677346132380312,0.0,0.0,0.0,0.0,0.0,0.0,0.0,8.94501066069933,8.946678395312567,8.946678395312567,0.0,0.0,0.0,0.0,0.0,0.0,0.0,0.0,20.3678680226628,0.0,6.11036040679884,4.073573604532561,7.455864271525473,0.0,0.0,0.0,0.0,0.0,0.0,18.303006144849146,7.321202457939659,5.490901843454743,7.455864271525473,0.0,0.0,0.0,0.0,0.0,0.0,0.0,12.846738837874486,0.0,0.0,0.0,0.0,0.0,0.0,0.0,0.0,0.0,0.0,15.774771762162397,0.0,0.0,0.0,0.0,0.0,0.0,0.0,0.0,0.0,0.0,22.911370680451
1.7085427135678393,0.0,0.24924746081228497,0.39879593729965596,0.0,0.0,0.0,0.0,0.0,0.0,0.0,0.0,9.436292953914744,0.0,18.87258590782949,3.8828259249817947,0.0,0.0,0.0,0.0,0.0,2.057389455766612,8.229557823066449,0.0,0.0,3.8828259249817947,0.0,0.0,0.0,0.0,0.0,0.0,0.0,0.0,0.006337504867446593,0.0,0.0019141890236215532,0.0019141890236215532,0.0,0.0,0.0,0.0,0.0,0.0,0.0,10.068047618414365,10.069961807437986,10.069961807437986,0.0,0.0,0.0,0.0,0.0,0.0,0.0,0.0,21.542966964425446,0.0,6.462890089327634,4.308593392885089,8.394298354463993,0.0,0.0,0.0,0.0,0.0,0.0,19.482688638769563,7.793075455507825,5.844806591630869,8.394298354463993,0.0,0.0,0.0,0.0,0.0,0.0,0.0,13.65043515981102,0.0,0.0,0.0,0.0,0.0,0.0,0.0,0.0,0.0,0.0,15.216507820287893,0.0,0.0,0.0,0.0,0.0,0.0,0.0,0.0,0.0,0.0,22.02008938793408
1.8090452261306533,0.0,0.22663306355270302,0.36261290168432486,0.0,0.0,0.0,0.0,0.0,0.0,0.0,0.0,8.55993518544945,0.0,17.1198703708989,3.1471639404954206,0.0,0.0,0.0,0.0,0.0,1.8383106135225802,7.353242454090321,0.0,0.0,3.1471639404954206,0.0,0.0,0.0,0.0,0.0,0.0,0.0,0.0,0.007754422484143651,0.0,0.0025701053927288165,0.0025701053927288165,0.0,0.0,0.0,0.0,0.0,0.0,0.0,11.04791232781123,11.05048243320396,11.05048243320396,0.0,0.0,0.0,0.0,0.0,0.0,0.0,0.0,22.614411641882302,0.0,6.784323492564691,4.52288232837646,9.301361569957958,0.0,0.0,0.0,0.0,0.0,0.0,20.56511952920249,8.226047811680997,6.169535858760747,9.301361569957958,0.0,0.0,0.0,0.0,0.0,0.0,0.0,14.468243976193081,0.0,0.0,0.0,0.0,0.0,0.0,0.0,0.0,0.0,0.0,14.66555817261739,0.0,0.0,0.0,0.0,0.0,0.0,0.0,0.0,0.0,0.0,21.11366096275545
1.9095477386934674,0.0,0.2104669030994675,0.33674704495914803,0.0,0.0,0.0,0.0,0.0,0.0,0.0,0.0,7.75190236403771,0.0,15.50380472807542,2.538725698229444,0.0,0.0,0.0,0.0,0.0,1.6374855996684055,6.549942398673622,0.0,0.0,2.538725698229444,0.0,0.0,0.0,0.0,0.0,0.0,0.0,0.0,0.011236730859157341,0.0,0.003996278933080834,0.003996278933080834,0.0,0.0,0.0,0.0,0.0,0.0,0.0,11.854808968820553,11.858805247753633,11.858805247753633,0.0,0.0,0.0,0.0,0.0,0.0,0.0,0.0,23.51557574503736,0.0,7.054672723511207,4.7031151490074725,10.101339353534996,0.0,0.0,0.0,0.0,0.0,0.0,21.477975838347792,8.591190335339117,6.443392751504337,10.101339353534996,0.0,0.0,0.0,0.0,0.0,0.0,0.0,15.20362975073781,0.0,0.0,0.0,0.0,0.0,0.0,0.0,0.0,0.0,0.0,14.17277568186214,0.0,0.0,0.0,0.0,0.0,0.0,0.0,0.0,0.0,0.0,20.280647441865128
2.0100502512562817,0.0,0.1992509549049698,0.3188015278479517,0.0,0.0,0.0,0.0,0.0,0.0,0.0,0.0,7.015239889658805,0.0,14.03047977931761,2.0420186591485017,0.0,0.0,0.0,0.0,0.0,1.4554161306434084,5.821664522573633,0.0,0.0,2.0420186591485017,0.0,0.0,0.0,0.0,0.0,0.0,0.0,0.0,0.019007491460826507,0.0,0.007128322981069597,0.007128322981069597,0.0,0.0,0.0,0.0,0.0,0.0,0.0,12.500900843509898,12.508029166490967,12.508029166490967,0.0,0.0,0.0,0.0,0.0,0.0,0.0,0.0,24.2424167010373,0.0,7.27272501031119,4.84848334020746,10.770634672849488,0.0,0.0,0.0,0.0,0.0,0.0,22.214440923269475,8.88577636930779,6.664332276980843,10.770634672849488,0.0,0.0,0.0,0.0,0.0,0.0,0.0,15.814527165565343,0.0,0.0,0.0,0.0,0.0,0.0,0.0,0.0,0.0,0.0,13.758220174079113,0.0,0.0,0.0,0.0,0.0,0.0,0.0,0.0,0.0,0.0,19.56306335495036
2.1105527638190957,0.0,0.1919380600224222,0.30710089603587554,0.0,0.0,0.0,0.0,0.0,0.0,0.0,0.0,6.349023467306186,0.0,12.698046934612371,1.6401813673544887,0.0,0.0,0.0,0.0,0.0,1.2916800322132043,5.166720128852817,0.0,0.0,1.6401813673544887,0.0,0.0,0.0,0.0,0.0,0.0,0.0,0.0,0.036974026894774026,0.0,0.014433996795500755,0.014433996795500755,0.0,0.0,0.0,0.0,0.0,0.0,0.0,13.01273534218952,13.027169338985022,13.027169338985022,0.0,0.0,0.0,0.0,0.0,0.0,0.0,0.0,24.82066490542729,0.0,7.446199471628186,4.964132981085458,11.318111847645541,0.0,0.0,0.0,0.0,0.0,0.0,22.799775692493075,9.11991027699723,6.839932707747923,11.318111847645541,0.0,0.0,0.0,0.0,0.0,0.0,0.0,16.302194475387587,0.0,0.0,0.0,0.0,0.0,0.0,0.0,0.0,0.0,0.0,13.420442777703485,0.0,0.0,0.0,0.0,0.0,0.0,0.0,0.0,0.0,0.0,18.965777474683605
2.21105527638191,0.0,0.18779549766154496,0.30047279625847195,0.0,0.0,0.0,0.0,0.0,0.0,0.0,0.0,5.749998584839433,0.0,11.499997169678865,1.3171158534868317,0.0,0.0,0.0,0.0,0.0,1.145318415346716,4.581273661386864,0.0,0.0,1.3171158534868317,0.0,0.0,0.0,0.0,0.0,0.0,0.0,0.0,0.08143205826674169,0.0,0.03277733719211155,0.03277733719211155,0.0,0.0,0.0,0.0,0.0,0.0,0.0,13.417048882945243,13.449826220137355,13.449826220137355,0.0,0.0,0.0,0.0,0.0,0.0,0.0,0.0,25.284747028790658,0.0,7.585424108637197,5.056949405758132,11.766895497316305,0.0,0.0,0.0,0.0,0.0,0.0,23.268762554590413,9.307505021836166,6.980628766377124,11.766895497316305,0.0,0.0,0.0,0.0,0.0,0.0,0.0,16.687956719603886,0.0,0.0,0.0,0.0,0.0,0.0,0.0,0.0,0.0,0.0,13.147845941074376,0.0,0.0,0.0,0.0,0.0,0.0,0.0,0.0,0.0,0.0,18.47384336599525
2.311557788944724,0.0,0.1863119569629194,0.29809913114067105,0.0,0.0,0.0,0.0,0.0,0.0,0.0,0.0,5.2136490344374735,0.0,10.427298068874947,1.0584621611112583,0.0,0.0,0.0,0.0,0.0,1.0150876613671609,4.0603506454686435,0.0,0.0,1.0584621611112583,0.0,0.0,0.0,0.0,0.0,0.0,0.0,0.0,0.1995000326709735,0.0,0.0822123198153098,0.0822123198153098,0.0,0.0,0.0,0.0,0.0,0.0,0.0,13.736392038741988,13.818604358557298,13.818604358557298,0.0,0.0,0.0,0.0,0.0,0.0,0.0,0.0,25.67495414856068,0.0,7.702486244568203,5.1349908297121365,12.150379066270855,0.0,0.0,0.0,0.0,0.0,0.0,23.66192943513396,9.464771774053585,7.098578830540188,12.150379066270855,0.0,0.0,0.0,0.0,0.0,0.0,0.0,16.999901026537852,0.0,0.0,0.0,0.0,0.0,0.0,0.0,0.0,0.0,0.0,12.9244558924747,0.0,0.0,0.0,0.0,0.0,0.0,0.0,0.0,0.0,0.0,18.061433106525435
2.412060301507538,0.0,0.18713425059857788,0.2994148009577246,0.0,0.0,0.0,0.0,0.0,0.0,0.0,0.0,4.734882277109289,0.0,9.469764554218578,0.8519196371903386,0.0,0.0,0.0,0.0,0.0,0.8996207163469829,3.5984828653879317,0.0,0.0,0.8519196371903386,0.0,0.0,0.0,0.0,0.0,0.0,0.0,0.0,0.5301219737617311,0.0,0.22247298551069097,0.22247298551069097,0.0,0.0,0.0,0.0,0.0,0.0,0.0,13.988792298247184,14.211265283757875,14.211265283757875,0.0,0.0,0.0,0.0,0.0,0.0,0.0,0.0,26.05465744625717,0.0,7.816397233877151,5.2109314892514345,12.528174592667742,0.0,0.0,0.0,0.0,0.0,0.0,24.042101913083208,9.616840765233285,7.212630573924962,12.528174592667742,0.0,0.0,0.0,0.0,0.0,0.0,0.0,17.274990649006153,0.0,0.0,0.0,0.0,0.0,0.0,0.0,0.0,0.0,0.0,12.728060455113688,0.0,0.0,0.0,0.0,0.0,0.0,0.0,0.0,0.0,0.0,17.68590329615208
2.512562814070352,0.0,0.1900241535188564,0.30403864563017025,0.0,0.0,0.0,0.0,0.0,0.0,0.0,0.0,4.308460657076412,0.0,8.616921314152824,0.6872238274157063,0.0,0.0,0.0,0.0,0.0,0.7975282613837712,3.190113045535085,0.0,0.0,0.6872238274157063,0.0,0.0,0.0,0.0,0.0,0.0,0.0,0.0,1.4553164722181613,0.0,0.6194613250344596,0.6194613250344596,0.0,0.0,0.0,0.0,0.0,0.0,0.0,14.188467751629085,14.807929076663545,14.807929076663545,0.0,0.0,0.0,0.0,0.0,0.0,0.0,0.0,26.56251551457529,0.0,7.968754654372586,5.312503102915058,13.039874762124557,0.0,0.0,0.0,0.0,0.0,0.0,24.545632274491027,9.818252909796412,7.3636896823473075,13.039874762124557,0.0,0.0,0.0,0.0,0.0,0.0,0.0,17.581679981659804,0.0,0.0,0.0,0.0,0.0,0.0,0.0,0.0,0.0,0.0,12.516908473236978,0.0,0.0,0.0,0.0,0.0,0.0,0.0,0.0,0.0,0.0,17.255987683832547
2.613065326633166,0.0,0.19482882819174244,0.31172612510678793,0.0,0.0,0.0,0.0,0.0,0.0,0.0,0.0,3.9292651992662444,0.0,7.858530398532489,0.5559598332959471,0.0,0.0,0.0,0.0,0.0,0.7074603075910576,2.8298412303642304,0.0,0.0,0.5559598332959471,0.0,0.0,0.0,0.0,0.0,0.0,0.0,0.0,3.71607435867047,0.0,1.599392031296441,1.599392031296441,0.0,0.0,0.0,0.0,0.0,0.0,0.0,14.346609503518012,15.946001534814453,15.946001534814453,0.0,0.0,0.0,0.0,0.0,0.0,0.0,0.0,27.490037486900185,0.0,8.247011246070056,5.498007497380037,13.998101119764456,0.0,0.0,0.0,0.0,0.0,0.0,25.460316535463008,10.184126614185203,7.638094960638902,13.998101119764456,0.0,0.0,0.0,0.0,0.0,0.0,0.0,18.06981949079579,0.0,0.0,0.0,0.0,0.0,0.0,0.0,0.0,0.0,0.0,12.201152958294921,0.0,0.0,0.0,0.0,0.0,0.0,0.0,0.0,0.0,0.0,16.56262800967701
2.71356783919598,0.0,0.2014604579585777,0.3223367327337243,0.0,0.0,0.0,0.0,0.0,0.0,0.0,0.0,3.5924497461161056,0.0,7.184899492232211,0.45131363831040816,0.0,0.0,0.0,0.0,0.0,0.6281418950930844,2.5125675803723375,0.0,0.0,0.45131363831040816,0.0,0.0,0.0,0.0,0.0,0.0,0.0,0.0,7.480746943868754,0.0,3.2478470038136797,3.2478470038136797,0.0,0.0,0.0,0.0,0.0,0.0,0.0,14.472026337225708,17.71987334103939,17.71987334103939,0.0,0.0,0.0,0.0,0.0,0.0,0.0,0.0,29.088454178501706,0.0,8.726536253550512,5.817690835700342,15.733190254700418,0.0,0.0,0.0,0.0,0.0,0.0,27.043702903828223,10.81748116153129,8.113110871148466,15.733190254700418,0.0,0.0,0.0,0.0,0.0,0.0,0.0,18.957786330228984,0.0,0.0,0.0,0.0,0.0,0.0,0.0,0.0,0.0,0.0,11.652588653327737,0.0,0.0,0.0,0.0,0.0,0.0,0.0,0.0,0.0,0.0,15.300179589511535
2.814070351758794,0.0,0.20988217022777686,0.335811472364443,0.0,0.0,0.0,0.0,0.0,0.0,0.0,0.0,3.29352376753344,0.0,6.58704753506688,0.36781544415904954,0.0,0.0,0.0,0.0,0.0,0.5583919687856254,2.2335678751425014,0.0,0.0,0.36781544415904954,0.0,0.0,0.0,0.0,0.0,0.0,0.0,0.0,10.950529655026832,0.0,4.787018689634148,4.787018689634148,0.0,0.0,0.0,0.0,0.0,0.0,0.0,14.571650384164055,19.358669073798204,19.358669073798204,0.0,0.0,0.0,0.0,0.0,0.0,0.0,0.0,30.860513305637756,0.0,9.258153991691326,6.172102661127552,17.788049504746116,0.0,0.0,0.0,0.0,0.0,0.0,28.82008041890947,11.528032167563788,8.64602412567284,17.788049504746116,0.0,0.0,0.0,0.0,0.0,0.0,0.0,20.181547351460118,0.0,0.0,0.0,0.0,0.0,0.0,0.0,0.0,0.0,0.0,10.894878077251303,0.0,0.0,0.0,0.0,0.0,0.0,0.0,0.0,0.0,0.0,13.538552967317877
2.9145728643216082,0.0,0.22009830134432995,0.35215728215092795,0.0,0.0,0.0,0.0,0.0,0.0,0.0,0.0,3.0283892817249103,0.0,6.056778563449821,0.3011015074342099,0.0,0.0,0.0,0.0,0.0,0.49713144418261257,1.9885257767304503,0.0,0.0,0.3011015074342099,0.0,0.0,0.0,0.0,0.0,0.0,0.0,0.0,12.910257506546257,0.0,5.674419886962918,5.674419886962918,0.0,0.0,0.0,0.0,0.0,0.0,0.0,14.650933915882144,20.32535380284506,20.32535380284506,0.0,0.0,0.0,0.0,0.0,0.0,0.0,0.0,32.0558082486213,0.0,9.616742474586388,6.41116164972426,19.254304976882338,0.0,0.0,0.0,0.0,0.0,0.0,30.03247465724165,12.01298986289666,9.009742397172495,19.254304976882338,0.0,0.0,0.0,0.0,0.0,0.0,0.0,21.23553830528629,0.0,0.0,0.0,0.0,0.0,0.0,0.0,0.0,0.0,0.0,10.182468514155937,0.0,0.0,0.0,0.0,0.0,0.0,0.0,0.0,0.0,0.0,11.90998494385535
3.0150753768844223,0.0,0.23214769570259425,0.3714363131241508,0.0,0.0,0.0,0.0,0.0,0.0,0.0,0.0,2.793348780320272,0.0,5.586697560640544,0.24770548251575755,0.0,0.0,0.0,0.0,0.0,0.4433844499850764,1.7735377999403057,0.0,0.0,0.24770548251575755,0.0,0.0,0.0,0.0,0.0,0.0,0.0,0.0,13.893701775022723,0.0,6.133025640392922,6.133025640392922,0.0,0.0,0.0,0.0,0.0,0.0,0.0,14.71416267049989,20.84718831089281,20.84718831089281,0.0,0.0,0.0,0.0,0.0,0.0,0.0,0.0,32.70201116448063,0.0,9.81060334934419,6.540402232896127,20.072547462528757,0.0,0.0,0.0,0.0,0.0,0.0,30.690081049710184,12.276032419884075,9.207024314913054,20.072547462528757,0.0,0.0,0.0,0.0,0.0,0.0,0.0,21.87426091251499,0.0,0.0,0.0,0.0,0.0,0.0,0.0,0.0,0.0,0.0,9.672970563343494,0.0,0.0,0.0,0.0,0.0,0.0,0.0,0.0,0.0,0.0,10.768948735883223
3.1155778894472363,0.0,0.24609915486030964,0.39375864777649544,0.0,0.0,0.0,0.0,0.0,0.0,0.0,0.0,2.5850953815006177,0.0,5.170190763001235,0.20488193621200332,0.0,0.0,0.0,0.0,0.0,0.39627539021997654,1.5851015608799062,0.0,0.0,0.20488193621200332,0.0,0.0,0.0,0.0,0.0,0.0,0.0,0.0,14.487624504551436,0.0,6.417164613087388,6.417164613087388,0.0,0.0,0.0,0.0,0.0,0.0,0.0,14.764703974465402,21.18186858755279,21.18186858755279,0.0,0.0,0.0,0.0,0.0,0.0,0.0,0.0,33.08673099452136,0.0,9.926019298356408,6.617346198904272,20.566479255730343,0.0,0.0,0.0,0.0,0.0,0.0,31.079648302420424,12.43185932096817,9.323894490726127,20.566479255730343,0.0,0.0,0.0,0.0,0.0,0.0,0.0,22.233571878002014,0.0,0.0,0.0,0.0,0.0,0.0,0.0,0.0,0.0,0.0,9.341851649795744,0.0,0.0,0.0,0.0,0.0,0.0,0.0,0.0,0.0,0.0,10.028386922500935
3.2160804020100504,0.0,0.2620484328599704,0.4192774925759527,0.0,0.0,0.0,0.0,0.0,0.0,0.0,0.0,2.4006926597052125,0.0,4.801385319410425,0.17046049831375196,0.0,0.0,0.0,0.0,0.0,0.35502357543485646,1.4200943017394259,0.0,0.0,0.17046049831375196,0.0,0.0,0.0,0.0,0.0,0.0,0.0,0.0,14.931590936140825,0.0,6.631957108201717,6.631957108201717,0.0,0.0,0.0,0.0,0.0,0.0,0.0,14.805203135118374,21.43716024332009,21.43716024332009,0.0,0.0,0.0,0.0,0.0,0.0,0.0,0.0,33.363820535458366,0.0,10.00914616063751,6.672764107091673,20.924930226224145,0.0,0.0,0.0,0.0,0.0,0.0,31.358714155630906,12.543485662252364,9.407614246689272,20.924930226224145,0.0,0.0,0.0,0.0,0.0,0.0,0.0,22.465421548428004,0.0,0.0,0.0,0.0,0.0,0.0,0.0,0.0,0.0,0.0,9.120765565779132,0.0,0.0,0.0,0.0,0.0,0.0,0.0,0.0,0.0,0.0,9.522974396469328
3.3165829145728645,0.0,0.2801163606573072,0.44818617705169156,0.0,0.0,0.0,0.0,0.0,0.0,0.0,0.0,2.2375490774785685,0.0,4.475098154957137,0.14272724865028025,0.0,0.0,0.0,0.0,0.0,0.3189365768260949,1.2757463073043795,0.0,0.0,0.14272724865028025,0.0,0.0,0.0,0.0,0.0,0.0,0.0,0.0,15.301759462616213,0.0,6.8113051889504925,6.8113051889504925,0.0,0.0,0.0,0.0,0.0,0.0,0.0,14.837738552422069,21.649043741372562,21.649043741372562,0.0,0.0,0.0,0.0,0.0,0.0,0.0,0.0,33.58816305411269,0.0,10.076448916233806,6.717632610822538,21.217008119529957,0.0,0.0,0.0,0.0,0.0,0.0,31.584055497985986,12.633622199194395,9.475216649395795,21.217008119529957,0.0,0.0,0.0,0.0,0.0,0.0,0.0,22.640787342266616,0.0,0.0,0.0,0.0,0.0,0.0,0.0,0.0,0.0,0.0,8.961265629738946,0.0,0.0,0.0,0.0,0.0,0.0,0.0,0.0,0.0,0.0,9.146053492383217
3.4170854271356785,0.0,0.30044780740839516,0.4807164918534323,0.0,0.0,0.0,0.0,0.0,0.0,0.0,0.0,2.093390255639809,0.0,4.186780511279618,0.12032935293613928,0.0,0.0,0.0,0.0,0.0,0.2874030597304052,1.1496122389216208,0.0,0.0,0.12032935293613928,0.0,0.0,0.0,0.0,0.0,0.0,0.0,0.0,15.622405570418778,0.0,6.966316797981623,6.966316797981623,0.0,0.0,0.0,0.0,0.0,0.0,0.0,14.863943896861466,21.83026069484309,21.83026069484309,0.0,0.0,0.0,0.0,0.0,0.0,0.0,0.0,33.778386497239666,0.0,10.1335159491719,6.7556772994479335,21.46612252474193,0.0,0.0,0.0,0.0,0.0,0.0,31.774937690549724,12.70997507621989,9.532481307164916,21.46612252474193,0.0,0.0,0.0,0.0,0.0,0.0,0.0,22.785411054402726,0.0,0.0,0.0,0.0,0.0,0.0,0.0,0.0,0.0,0.0,8.837217113816296,0.0,0.0,0.0,0.0,0.0,0.0,0.0,0.0,0.0,0.0,8.843582679174789
3.5175879396984926,0.0,0.32321127174107817,0.5171380347857251,0.0,0.0,0.0,0.0,0.0,0.0,0.0,0.0,1.9662312087754263,0.0,3.9324624175508527,0.10219903288833095,0.0,0.0,0.0,0.0,0.0,0.25988559339361916,1.0395423735744767,0.0,0.0,0.10219903288833095,0.0,0.0,0.0,0.0,0.0,0.0,0.0,0.0,15.903145443693775,0.0,7.101599257484644,7.101599257484644,0.0,0.0,0.0,0.0,0.0,0.0,0.0,14.885104087591486,21.98670334507613,21.98670334507613,0.0,0.0,0.0,0.0,0.0,0.0,0.0,0.0,33.94212606977451,0.0,10.182637820932353,6.788425213954902,21.681678394293055,0.0,0.0,0.0,0.0,0.0,0.0,31.93918723553473,12.775674894213893,9.58175617066042,21.681678394293055,0.0,0.0,0.0,0.0,0.0,0.0,0.0,22.90869650776936,0.0,0.0,0.0,0.0,0.0,0.0,0.0,0.0,0.0,0.0,8.735617060220816,0.0,0.0,0.0,0.0,0.0,0.0,0.0,0.0,0.0,0.0,8.58978322176915
3.6180904522613067,0.0,0.3485989299967891,0.5577582879948626,0.0,0.0,0.0,0.0,0.0,0.0,0.0,0.0,1.8543496864551203,0.0,3.7086993729102407,0.08749329924617959,0.0,0.0,0.0,0.0,0.0,0.23591370032649212,0.9436548013059685,0.0,0.0,0.08749329924617959,0.0,0.0,0.0,0.0,0.0,0.0,0.0,0.0,16.149375033077174,0.0,7.219851321987186,7.219851321987186,0.0,0.0,0.0,0.0,0.0,0.0,0.0,14.902230596539031,22.122081918526217,22.122081918526217,0.0,0.0,0.0,0.0,0.0,0.0,0.0,0.0,34.08368002344369,0.0,10.225104007033107,6.816736004688739,21.868881823009037,0.0,0.0,0.0,0.0,0.0,0.0,32.08116290254899,12.832465161019597,9.624348870764697,21.868881823009037,0.0,0.0,0.0,0.0,0.0,0.0,0.0,23.01492356938356,0.0,0.0,0.0,0.0,0.0,0.0,0.0,0.0,0.0,0.0,8.649907839616326,0.0,0.0,0.0,0.0,0.0,0.0,0.0,0.0,0.0,0.0,8.371881505646302
3.7185929648241207,0.0,0.3768270757317611,0.6029233211708178,0.0,0.0,0.0,0.0,0.0,0.0,0.0,0.0,1.756262047419939,0.0,3.512524094839878,0.07554648688350896,0.0,0.0,0.0,0.0,0.0,0.215077490840537,0.860309963362148,0.0,0.0,0.07554648688350896,0.0,0.0,0.0,0.0,0.0,0.0,0.0,0.0,16.365005342851045,0.0,7.32307157842615,7.32307157842615,0.0,0.0,0.0,0.0,0.0,0.0,0.0,14.9161201498888,22.23919172831495,22.23919172831495,0.0,0.0,0.0,0.0,0.0,0.0,0.0,0.0,34.20611334421558,0.0,10.261834003264674,6.841222668843116,22.03144211222409,0.0,0.0,0.0,0.0,0.0,0.0,32.20395414486591,12.881581657946365,9.661186243459772,22.03144211222409,0.0,0.0,0.0,0.0,0.0,0.0,0.0,23.10670673756635,0.0,0.0,0.0,0.0,0.0,0.0,0.0,0.0,0.0,0.0,8.57651749546013,0.0,0.0,0.0,0.0,0.0,0.0,0.0,0.0,0.0,0.0,8.182841663139671
3.819095477386935,0.0,0.408136769968047,0.6530188319488752,0.0,0.0,0.0,0.0,0.0,0.0,0.0,0.0,1.670701281387007,0.0,3.341402562774014,0.06583290748871805,0.0,0.0,0.0,0.0,0.0,0.19702177828601392,0.7880871131440557,0.0,0.0,0.06583290748871805,0.0,0.0,0.0,0.0,0.0,0.0,0.0,0.0,16.553186672862168,0.0,7.412881606209652,7.412881606209652,0.0,0.0,0.0,0.0,0.0,0.0,0.0,14.92740089407794,22.340282500287593,22.340282500287593,0.0,0.0,0.0,0.0,0.0,0.0,0.0,0.0,34.31184258206017,0.0,10.293552774618052,6.862368516412035,22.17230767125144,0.0,0.0,0.0,0.0,0.0,0.0,32.30999270619782,12.923997082479127,9.692997811859344,22.17230767125144,0.0,0.0,0.0,0.0,0.0,0.0,0.0,23.185984332031964,0.0,0.0,0.0,0.0,0.0,0.0,0.0,0.0,0.0,0.0,8.513263210608754,0.0,0.0,0.0,0.0,0.0,0.0,0.0,0.0,0.0,0.0,8.018218508044683
3.919597989949749,0.0,0.44279468339117034,0.7084714934258726,0.0,0.0,0.0,0.0,0.0,0.0,0.0,0.0,1.5965983139220445,0.0,3.193196627844089,0.05793766766929809,0.0,0.0,0.0,0.0,0.0,0.18144096471884083,0.7257638588753633,0.0,0.0,0.05793766766929809,0.0,0.0,0.0,0.0,0.0,0.0,0.0,0.0,16.716525700700515,0.0,7.490625675032782,7.490625675032782,0.0,0.0,0.0,0.0,0.0,0.0,0.0,14.936567978992755,22.427193654025537,22.427193654025537,0.0,0.0,0.0,0.0,0.0,0.0,0.0,0.0,34.40284244756542,0.0,10.320852734269625,6.8805684895130845,22.29390946658317,0.0,0.0,0.0,0.0,0.0,0.0,32.40126088500114,12.960504354000458,9.720378265500342,22.29390946658317,0.0,0.0,0.0,0.0,0.0,0.0,0.0,23.25428951026983,0.0,0.0,0.0,0.0,0.0,0.0,0.0,0.0,0.0,0.0,8.458658319174312,0.0,0.0,0.0,0.0,0.0,0.0,0.0,0.0,0.0,0.0,7.874862739029694
4.020100502512563,0.0,0.481094003905474,0.7697504062487585,0.0,0.0,0.0,0.0,0.0,0.0,0.0,0.0,1.533066398443257,0.0,3.066132796886514,0.051533919978308675,0.0,0.0,0.0,0.0,0.0,0.16807465100871846,0.6722986040348738,0.0,0.0,0.051533919978308675,0.0,0.0,0.0,0.0,0.0,0.0,0.0,0.0,16.85717813521243,0.0,7.557415974416701,7.557415974416701,0.0,0.0,0.0,0.0,0.0,0.0,0.0,14.944011612932718,22.50142758734942,22.50142758734942,0.0,0.0,0.0,0.0,0.0,0.0,0.0,0.0,34.480717121297026,0.0,10.344215136389108,6.896143424259406,22.398241140203535,0.0,0.0,0.0,0.0,0.0,0.0,32.47937254525553,12.991749018102212,9.743811763576659,22.398241140203535,0.0,0.0,0.0,0.0,0.0,0.0,0.0,23.312879227523627,0.0,0.0,0.0,0.0,0.0,0.0,0.0,0.0,0.0,0.0,8.41160094274765,0.0,0.0,0.0,0.0,0.0,0.0,0.0,0.0,0.0,0.0,7.750359963303091
4.120603015075377,0.0,0.5233552852953555,0.8373684564725687,0.0,0.0,0.0,0.0,0.0,0.0,0.0,0.0,1.4793887091059135,0.0,2.958777418211827,0.04636523072680979,0.0,0.0,0.0,0.0,0.0,0.1567040171437809,0.6268160685751236,0.0,0.0,0.04636523072680979,0.0,0.0,0.0,0.0,0.0,0.0,0.0,0.0,16.976899804247772,0.0,7.614159194308522,7.614159194308522,0.0,0.0,0.0,0.0,0.0,0.0,0.0,14.950038546698991,22.56419774100751,22.56419774100751,0.0,0.0,0.0,0.0,0.0,0.0,0.0,0.0,34.54676990216751,0.0,10.364030970650253,6.909353980433503,22.486932749409494,0.0,0.0,0.0,0.0,0.0,0.0,32.54563713639496,13.018254854557984,9.763691140918487,22.486932749409494,0.0,0.0,0.0,0.0,0.0,0.0,0.0,23.362769317300206,0.0,0.0,0.0,0.0,0.0,0.0,0.0,0.0,0.0,0.0,8.371236559656326,0.0,0.0,0.0,0.0,0.0,0.0,0.0,0.0,0.0,0.0,7.642790961973586
4.2211055276381915,0.0,0.5699271905475547,0.9118835048760876,0.0,0.0,0.0,0.0,0.0,0.0,0.0,0.0,1.4350098749149447,0.0,2.8700197498298894,0.04223210500279498,0.0,0.0,0.0,0.0,0.0,0.14714917904414468,0.5885967161765787,0.0,0.0,0.04223210500279498,0.0,0.0,0.0,0.0,0.0,0.0,0.0,0.0,17.077081560345103,0.0,7.661575569786768,7.661575569786768,0.0,0.0,0.0,0.0,0.0,0.0,0.0,14.954888598720531,22.6164641685073,22.6164641685073,0.0,0.0,0.0,0.0,0.0,0.0,0.0,0.0,34.602040970271446,0.0,10.380612291081434,6.920408194054289,22.5612913905413,0.0,0.0,0.0,0.0,0.0,0.0,32.60109918071736,13.040439672286945,9.780329754215208,22.5612913905413,0.0,0.0,0.0,0.0,0.0,0.0,0.0,23.404772023900804,0.0,0.0,0.0,0.0,0.0,0.0,0.0,0.0,0.0,0.0,8.336889803817789,0.0,0.0,0.0,0.0,0.0,0.0,0.0,0.0,0.0,0.0,7.550613067553516
4.3216080402010055,0.0,0.6211868136876846,0.9938989019002954,0.0,0.0,0.0,0.0,0.0,0.0,0.0,0.0,1.399530748633821,0.0,2.799061497267642,0.03898179713455447,0.0,0.0,0.0,0.0,0.0,0.13926738363057511,0.5570695345223005,0.0,0.0,0.03898179713455447,0.0,0.0,0.0,0.0,0.0,0.0,0.0,0.0,17.158773166969514,0.0,7.7002126795724095,7.7002126795724095,0.0,0.0,0.0,0.0,0.0,0.0,0.0,14.95874754494929,22.6589602245217,22.6589602245217,0.0,0.0,0.0,0.0,0.0,0.0,0.0,0.0,34.64732692957534,0.0,10.394198078872602,6.929465385915069,22.622322130907072,0.0,0.0,0.0,0.0,0.0,0.0,32.646561994363275,13.05862479774531,9.793968598308982,22.622322130907072,0.0,0.0,0.0,0.0,0.0,0.0,0.0,23.439532131236827,0.0,0.0,0.0,0.0,0.0,0.0,0.0,0.0,0.0,0.0,8.308026255738076,0.0,0.0,0.0,0.0,0.0,0.0,0.0,0.0,0.0,0.0,7.47259242257243
4.42211055276382,0.0,0.677539446907325,1.0840631150517201,0.0,0.0,0.0,0.0,0.0,0.0,0.0,0.0,1.3727075607679409,0.0,2.7454151215358817,0.03650095182124094,0.0,0.0,0.0,0.0,0.0,0.13295239592335684,0.5318095836934273,0.0,0.0,0.03650095182124094,0.0,0.0,0.0,0.0,0.0,0.0,0.0,0.0,17.222695864749898,0.0,7.730453303526984,7.730453303526984,0.0,0.0,0.0,0.0,0.0,0.0,0.0,14.961756208656986,22.69220951218397,22.69220951218397,0.0,0.0,0.0,0.0,0.0,0.0,0.0,0.0,34.68321889404491,0.0,10.404965668213473,6.936643778808983,22.670768905411617,0.0,0.0,0.0,0.0,0.0,0.0,32.68261947466498,13.073047789865994,9.804785842399495,22.670768905411617,0.0,0.0,0.0,0.0,0.0,0.0,0.0,23.467526247037902,0.0,0.0,0.0,0.0,0.0,0.0,0.0,0.0,0.0,0.0,8.284233769589239,0.0,0.0,0.0,0.0,0.0,0.0,0.0,0.0,0.0,0.0,7.407772797030325
4.522613065326634,0.0,0.7394174628182656,1.183067940509225,0.0,0.0,0.0,0.0,0.0,0.0,0.0,0.0,1.354455881647438,0.0,2.708911763294876,0.034710714837189516,0.0,0.0,0.0,0.0,0.0,0.12813527301816038,0.5125410920726415,0.0,0.0,0.034710714837189516,0.0,0.0,0.0,0.0,0.0,0.0,0.0,0.0,17.269244959517284,0.0,7.7525184189064085,7.7525184189064085,0.0,0.0,0.0,0.0,0.0,0.0,0.0,14.964017317259536,22.716535736165945,22.716535736165945,0.0,0.0,0.0,0.0,0.0,0.0,0.0,0.0,34.71009941727308,0.0,10.413029825181923,6.942019883454616,22.707109842565337,0.0,0.0,0.0,0.0,0.0,0.0,32.70965831815712,13.083863327262847,9.812897495447135,22.707109842565337,0.0,0.0,0.0,0.0,0.0,0.0,0.0,23.48908903809206,0.0,0.0,0.0,0.0,0.0,0.0,0.0,0.0,0.0,0.0,8.265208213941365,0.0,0.0,0.0,0.0,0.0,0.0,0.0,0.0,0.0,0.0,7.355450404201342
4.623115577889448,0.0,0.8072777799169166,1.2916444478670668,0.0,0.0,0.0,0.0,0.0,0.0,0.0,0.0,1.3448600107222046,0.0,2.6897200214444092,0.03356416578499232,0.0,0.0,0.0,0.0,0.0,0.12478683847164135,0.4991473538865654,0.0,0.0,0.03356416578499232,0.0,0.0,0.0,0.0,0.0,0.0,0.0,0.0,17.298481099380393,0.0,7.76646425624635,7.76646425624635,0.0,0.0,0.0,0.0,0.0,0.0,0.0,14.965599603086028,22.732063859332378,22.732063859332378,0.0,0.0,0.0,0.0,0.0,0.0,0.0,0.0,34.728152710613536,0.0,10.41844581318406,6.945630542122707,22.731567010921918,0.0,0.0,0.0,0.0,0.0,0.0,32.72786663941205,13.09114665576482,9.818359991823614,22.731567010921918,0.0,0.0,0.0,0.0,0.0,0.0,0.0,23.504413389876365,0.0,0.0,0.0,0.0,0.0,0.0,0.0,0.0,0.0,0.0,8.25074741186975,0.0,0.0,0.0,0.0,0.0,0.0,0.0,0.0,0.0,0.0,7.31516603849702
4.723618090452262,0.0,0.8815971991301658,1.4105555186082652,0.0,0.0,0.0,0.0,0.0,0.0,0.0,0.0,1.3441885614970062,0.0,2.6883771229940123,0.03304614913203472,0.0,0.0,0.0,0.0,0.0,0.12292229705939334,0.49168918823757335,0.0,0.0,0.03304614913203472,0.0,0.0,0.0,0.0,0.0,0.0,0.0,0.0,17.310110041335342,0.0,7.7721734544463565,7.7721734544463565,0.0,0.0,0.0,0.0,0.0,0.0,0.0,14.9665396616716,22.738713116117957,22.738713116117957,0.0,0.0,0.0,0.0,0.0,0.0,0.0,0.0,34.73735988230779,0.0,10.421207964692337,6.947471976461559,22.744098392862966,0.0,0.0,0.0,0.0,0.0,0.0,32.73722941225427,13.09489176490171,9.821168823676281,22.744098392862966,0.0,0.0,0.0,0.0,0.0,0.0,0.0,23.513550541264607,0.0,0.0,0.0,0.0,0.0,0.0,0.0,0.0,0.0,0.0,8.240748743688554,0.0,0.0,0.0,0.0,0.0,0.0,0.0,0.0,0.0,0.0,7.286704870214158
4.824120603015076,0.0,0.9628647388815467,1.5405835822104748,0.0,0.0,0.0,0.0,0.0,0.0,0.0,0.0,1.3529189301687266,0.0,2.705837860337453,0.033176017213683184,0.0,0.0,0.0,0.0,0.0,0.122609036187947,0.490436144751788,0.0,0.0,0.033176017213683184,0.0,0.0,0.0,0.0,0.0,0.0,0.0,0.0,17.30344652815901,0.0,7.76933801393253,7.76933801393253,0.0,0.0,0.0,0.0,0.0,0.0,0.0,14.966841049631329,22.73617906356386,22.73617906356386,0.0,0.0,0.0,0.0,0.0,0.0,0.0,0.0,34.73748397062615,0.0,10.421245191187845,6.947496794125231,22.744377215884512,0.0,0.0,0.0,0.0,0.0,0.0,32.73751379794381,13.095005519177526,9.821254139383143,22.744377215884512,0.0,0.0,0.0,0.0,0.0,0.0,0.0,23.516403498492313,0.0,0.0,0.0,0.0,0.0,0.0,0.0,0.0,0.0,0.0,8.235211658155881,0.0,0.0,0.0,0.0,0.0,0.0,0.0,0.0,0.0,0.0,7.270107664570996
4.92462311557789,0.0,1.0515693653872362,1.682510984619578,0.0,0.0,0.0,0.0,0.0,0.0,0.0,0.0,1.3717719914272737,0.0,2.7435439828545474,0.03401406324027577,0.0,0.0,0.0,0.0,0.0,0.12397856004074517,0.4959142401629807,0.0,0.0,0.03401406324027577,0.0,0.0,0.0,0.0,0.0,0.0,0.0,0.0,17.277360648394016,0.0,7.757433173348323,7.757433173348323,0.0,0.0,0.0,0.0,0.0,0.0,0.0,14.966470344665368,22.723903518013692,22.723903518013692,0.0,0.0,0.0,0.0,0.0,0.0,0.0,0.0,34.72804394840526,0.0,10.418413184521578,6.945608789681052,22.731757582777604,0.0,0.0,0.0,0.0,0.0,0.0,32.728243514880525,13.091297405952211,9.818473054464157,22.731757582777604,0.0,0.0,0.0,0.0,0.0,0.0,0.0,23.512712598382798,0.0,0.0,0.0,0.0,0.0,0.0,0.0,0.0,0.0,0.0,8.234245032569639,0.0,0.0,0.0,0.0,0.0,0.0,0.0,0.0,0.0,0.0,7.265693888598365
5.025125628140704,0.0,1.1481810052113486,1.8370896083381578,0.0,0.0,0.0,0.0,0.0,0.0,0.0,0.0,1.4017609727002978,0.0,2.8035219454005955,0.03567327117098899,0.0,0.0,0.0,0.0,0.0,0.12724448699077914,0.5089779479631166,0.0,0.0,0.03567327117098899,0.0,0.0,0.0,0.0,0.0,0.0,0.0,0.0,17.230201135728127,0.0,7.735679087615858,7.735679087615858,0.0,0.0,0.0,0.0,0.0,0.0,0.0,14.965348782406922,22.70102787002278,22.70102787002278,0.0,0.0,0.0,0.0,0.0,0.0,0.0,0.0,34.708273288827485,0.0,10.412481986648245,6.941654657765497,22.70522016923772,0.0,0.0,0.0,0.0,0.0,0.0,32.70865706901426,13.083462827605704,9.812597120704277,22.70522016923772,0.0,0.0,0.0,0.0,0.0,0.0,0.0,23.502032119859507,0.0,0.0,0.0,0.0,0.0,0.0,0.0,0.0,0.0,0.0,8.23808048134413,0.0,0.0,0.0,0.0,0.0,0.0,0.0,0.0,0.0,0.0,7.274099855027323
5.125628140703518,0.0,1.2531216253300428,2.0049946005280685,0.0,0.0,0.0,0.0,0.0,0.0,0.0,0.0,1.444259688102245,0.0,2.88851937620449,0.03833912931490108,0.0,0.0,0.0,0.0,0.0,0.13272934788230029,0.5309173915292011,0.0,0.0,0.03833912931490108,0.0,0.0,0.0,0.0,0.0,0.0,0.0,0.0,17.15968718783745,0.0,7.702985797651537,7.702985797651537,0.0,0.0,0.0,0.0,0.0,0.0,0.0,14.963337643884534,22.666323441536072,22.666323441536072,0.0,0.0,0.0,0.0,0.0,0.0,0.0,0.0,34.67705849553541,0.0,10.403117548660623,6.935411699107083,22.663295004701787,0.0,0.0,0.0,0.0,0.0,0.0,32.67764912589058,13.071059650356233,9.803294737767175,22.663295004701787,0.0,0.0,0.0,0.0,0.0,0.0,0.0,23.483691347642914,0.0,0.0,0.0,0.0,0.0,0.0,0.0,0.0,0.0,0.0,8.247094025457166,0.0,0.0,0.0,0.0,0.0,0.0,0.0,0.0,0.0,0.0,7.296338198354294
5.226130653266332,0.0,1.3667215052229515,2.1867544083567227,0.0,0.0,0.0,0.0,0.0,0.0,0.0,0.0,1.501097880508254,0.0,3.002195761016508,0.04230224460406523,0.0,0.0,0.0,0.0,0.0,0.14090435125303818,0.5636174050121527,0.0,0.0,0.04230224460406523,0.0,0.0,0.0,0.0,0.0,0.0,0.0,0.0,17.06275944656066,0.0,7.657875878771957,7.657875878771957,0.0,0.0,0.0,0.0,0.0,0.0,0.0,14.960213797297122,22.61808967606908,22.61808967606908,0.0,0.0,0.0,0.0,0.0,0.0,0.0,0.0,34.63284553348042,0.0,10.389853660044126,6.926569106696085,22.60393827163466,0.0,0.0,0.0,0.0,0.0,0.0,32.633671769452036,13.053468707780816,9.79010153083561,22.60393827163466,0.0,0.0,0.0,0.0,0.0,0.0,0.0,23.456748694970155,0.0,0.0,0.0,0.0,0.0,0.0,0.0,0.0,0.0,0.0,8.26183722442369,0.0,0.0,0.0,0.0,0.0,0.0,0.0,0.0,0.0,0.0,7.333882802992223
5.326633165829146,0.0,1.4891533375582409,2.3826453400931853,0.0,0.0,0.0,0.0,0.0,0.0,0.0,0.0,1.574695960863349,0.0,3.149391921726698,0.048012019013691114,0.0,0.0,0.0,0.0,0.0,0.1524485367555266,0.6097941470221064,0.0,0.0,0.048012019013691114,0.0,0.0,0.0,0.0,0.0,0.0,0.0,0.0,16.93537075012455,0.0,7.598373933466435,7.598373933466435,0.0,0.0,0.0,0.0,0.0,0.0,0.0,14.955629543196455,22.554003476662892,22.554003476662892,0.0,0.0,0.0,0.0,0.0,0.0,0.0,0.0,34.573512702027536,0.0,10.37205381060826,6.914702540405507,22.524379251807435,0.0,0.0,0.0,0.0,0.0,0.0,32.57461780920877,13.029847123683508,9.77238534276263,22.524379251807435,0.0,0.0,0.0,0.0,0.0,0.0,0.0,23.41989015162337,0.0,0.0,0.0,0.0,0.0,0.0,0.0,0.0,0.0,0.0,8.2830868193849,0.0,0.0,0.0,0.0,0.0,0.0,0.0,0.0,0.0,0.0,7.388800855204261
5.42713567839196,0.0,1.620333257872358,2.592533212595773,0.0,0.0,0.0,0.0,0.0,0.0,0.0,0.0,1.6682581959828626,0.0,3.3365163919657252,0.05616587124192862,0.0,0.0,0.0,0.0,0.0,0.16833686589154812,0.6733474635661925,0.0,0.0,0.05616587124192862,0.0,0.0,0.0,0.0,0.0,0.0,0.0,0.0,16.77219325899616,0.0,7.52184870083494,7.52184870083494,0.0,0.0,0.0,0.0,0.0,0.0,0.0,14.949046088134436,22.470894788969375,22.470894788969375,0.0,0.0,0.0,0.0,0.0,0.0,0.0,0.0,34.4961562321055,0.0,10.348846869631648,6.8992312464211,22.420843058185493,0.0,0.0,0.0,0.0,0.0,0.0,32.497596119590945,12.999038447836378,9.749278835877282,22.420843058185493,0.0,0.0,0.0,0.0,0.0,0.0,0.0,23.371354147907233,0.0,0.0,0.0,0.0,0.0,0.0,0.0,0.0,0.0,0.0,8.311911472751847,0.0,0.0,0.0,0.0,0.0,0.0,0.0,0.0,0.0,0.0,7.463932811284637
5.527638190954774,0.0,1.7597721873966135,2.8156354998345816,0.0,0.0,0.0,0.0,0.0,0.0,0.0,0.0,1.7860557911233865,0.0,3.572111582246773,0.06786004194946571,0.0,0.0,0.0,0.0,0.0,0.18997178667857673,0.7598871467143069,0.0,0.0,0.06786004194946571,0.0,0.0,0.0,0.0,0.0,0.0,0.0,0.0,16.56620004939144,0.0,7.424783085424125,7.424783085424125,0.0,0.0,0.0,0.0,0.0,0.0,0.0,14.939622169009674,22.364405254433798,22.364405254433798,0.0,0.0,0.0,0.0,0.0,0.0,0.0,0.0,34.39680936257274,0.0,10.31904280877182,6.879361872514548,22.288213995668066,0.0,0.0,0.0,0.0,0.0,0.0,32.39866488884276,12.959465955537105,9.719599466652827,22.288213995668066,0.0,0.0,0.0,0.0,0.0,0.0,0.0,23.308701862709412,0.0,0.0,0.0,0.0,0.0,0.0,0.0,0.0,0.0,0.0,8.349782096452653,0.0,0.0,0.0,0.0,0.0,0.0,0.0,0.0,0.0,0.0,7.563183891722773
5.628140703517588,0.0,1.9063533935802852,3.0501654297284566,0.0,0.0,0.0,0.0,0.0,0.0,0.0,0.0,1.9338509658161134,0.0,3.8677019316322268,0.08484927581030262,0.0,0.0,0.0,0.0,0.0,0.2193790455162996,0.8775161820651984,0.0,0.0,0.08484927581030262,0.0,0.0,0.0,0.0,0.0,0.0,0.0,0.0,16.30805783854767,0.0,7.30243401847321,7.30243401847321,0.0,0.0,0.0,0.0,0.0,0.0,0.0,14.926024281510513,22.22845829998372,22.22845829998372,0.0,0.0,0.0,0.0,0.0,0.0,0.0,0.0,34.269962651613184,0.0,10.280988795483955,6.853992530322637,22.119442357434384,0.0,0.0,0.0,0.0,0.0,0.0,32.27234675202244,12.908938700808978,9.681704025606733,22.119442357434384,0.0,0.0,0.0,0.0,0.0,0.0,0.0,23.22859109129307,0.0,0.0,0.0,0.0,0.0,0.0,0.0,0.0,0.0,0.0,8.39872989553154,0.0,0.0,0.0,0.0,0.0,0.0,0.0,0.0,0.0,0.0,7.691945287121989
5.728643216080402,0.0,2.058002320222179,3.2928037123554867,0.0,0.0,0.0,0.0,0.0,0.0,0.0,0.0,2.119546497760964,0.0,4.239092995521928,0.11000271885519125,0.0,0.0,0.0,0.0,0.0,0.25949588501926085,1.0379835400770434,0.0,0.0,0.11000271885519125,0.0,0.0,0.0,0.0,0.0,0.0,0.0,0.0,15.985232627403335,0.0,7.148322944639709,7.148322944639709,0.0,0.0,0.0,0.0,0.0,0.0,0.0,14.906097211216904,22.05442015585661,22.05442015585661,0.0,0.0,0.0,0.0,0.0,0.0,0.0,0.0,34.10784222846217,0.0,10.23235266853865,6.821568445692434,21.90468237231217,0.0,0.0,0.0,0.0,0.0,0.0,32.11091781413431,12.844367125653726,9.633275344240293,21.90468237231217,0.0,0.0,0.0,0.0,0.0,0.0,0.0,23.1263415620215,0.0,0.0,0.0,0.0,0.0,0.0,0.0,0.0,0.0,0.0,8.461600235944925,0.0,0.0,0.0,0.0,0.0,0.0,0.0,0.0,0.0,0.0,7.8577660840266494
5.8291457286432165,0.0,2.2112053491509682,3.5379285586415494,0.0,0.0,0.0,0.0,0.0,0.0,0.0,0.0,2.354197635186249,0.0,4.708395270372498,0.14811851517638883,0.0,0.0,0.0,0.0,0.0,0.3145838585566981,1.2583354342267925,0.0,0.0,0.14811851517638883,0.0,0.0,0.0,0.0,0.0,0.0,0.0,0.0,15.580660410649774,0.0,6.953469081401085,6.953469081401085,0.0,0.0,0.0,0.0,0.0,0.0,0.0,14.876282301547404,21.829751382948487,21.829751382948487,0.0,0.0,0.0,0.0,0.0,0.0,0.0,0.0,33.89924720107038,0.0,10.169774160321113,6.779849440214076,21.62992644765193,0.0,0.0,0.0,0.0,0.0,0.0,31.903254841259358,12.761301936503743,9.570976452377806,21.62992644765193,0.0,0.0,0.0,0.0,0.0,0.0,0.0,22.995277901077085,0.0,0.0,0.0,0.0,0.0,0.0,0.0,0.0,0.0,0.0,8.542454912501645,0.0,0.0,0.0,0.0,0.0,0.0,0.0,0.0,0.0,0.0,8.071416267627269
5.9296482412060305,0.0,2.3603344768447285,3.776535162951566,0.0,0.0,0.0,0.0,0.0,0.0,0.0,0.0,2.653595314681836,0.0,5.307190629363672,0.20739790789393267,0.0,0.0,0.0,0.0,0.0,0.3907866183408594,1.5631464733634377,0.0,0.0,0.20739790789393267,0.0,0.0,0.0,0.0,0.0,0.0,0.0,0.0,15.070791658742735,0.0,6.705255329284265,6.705255329284265,0.0,0.0,0.0,0.0,0.0,0.0,0.0,14.83057532989532,21.535830659179585,21.535830659179585,0.0,0.0,0.0,0.0,0.0,0.0,0.0,0.0,33.62767922035593,0.0,10.088303766106778,6.725535844071186,21.27487813960695,0.0,0.0,0.0,0.0,0.0,0.0,31.632986029450066,12.653194411780028,9.48989580883502,21.27487813960695,0.0,0.0,0.0,0.0,0.0,0.0,0.0,22.82569382143866,0.0,0.0,0.0,0.0,0.0,0.0,0.0,0.0,0.0,0.0,8.64722296897031,0.0,0.0,0.0,0.0,0.0,0.0,0.0,0.0,0.0,0.0,8.348598518030379
6.030150753768845,0.0,2.4967698481422262,3.994831757027562,0.0,0.0,0.0,0.0,0.0,0.0,0.0,0.0,3.040694089240959,0.0,6.081388178481918,0.3021187866519349,0.0,0.0,0.0,0.0,0.0,0.4967924720229783,1.9871698880919133,0.0,0.0,0.3021187866519349,0.0,0.0,0.0,0.0,0.0,0.0,0.0,0.0,14.4228418340165,0.0,6.385852173673316,6.385852173673316,0.0,0.0,0.0,0.0,0.0,0.0,0.0,14.75865447129886,21.144506644972175,21.144506644972175,0.0,0.0,0.0,0.0,0.0,0.0,0.0,0.0,33.26840522818392,0.0,9.980521568455176,6.653681045636785,20.80977508220298,0.0,0.0,0.0,0.0,0.0,0.0,31.275582552682156,12.510233021072864,9.382674765804646,20.80977508220298,0.0,0.0,0.0,0.0,0.0,0.0,0.0,22.60318512183056,0.0,0.0,0.0,0.0,0.0,0.0,0.0,0.0,0.0,0.0,8.784765886131568,0.0,0.0,0.0,0.0,0.0,0.0,0.0,0.0,0.0,0.0,8.712721715297272
6.130653266331659,0.0,2.607941003193264,4.172705605109223,0.0,0.0,0.0,0.0,0.0,0.0,0.0,0.0,3.549070706737221,0.0,7.098141413474442,0.45739046644257364,0.0,0.0,0.0,0.0,0.0,0.6443806058502959,2.5775224234011835,0.0,0.0,0.45739046644257364,0.0,0.0,0.0,0.0,0.0,0.0,0.0,0.0,13.591451641876901,0.0,5.9704105043664395,5.9704105043664395,0.0,0.0,0.0,0.0,0.0,0.0,0.0,14.642562746255606,20.612973250622048,20.612973250622048,0.0,0.0,0.0,0.0,0.0,0.0,0.0,0.0,32.78404217924485,0.0,9.835212653773455,6.55680843584897,20.191035931431625,0.0,0.0,0.0,0.0,0.0,0.0,30.794000051973924,12.31760002078957,9.238200015592177,20.191035931431625,0.0,0.0,0.0,0.0,0.0,0.0,0.0,22.306193173728573,0.0,0.0,0.0,0.0,0.0,0.0,0.0,0.0,0.0,0.0,8.968580624099536,0.0,0.0,0.0,0.0,0.0,0.0,0.0,0.0,0.0,0.0,9.199235441497256
6.231155778894473,0.0,2.6767303066935577,4.282768490709692,0.0,0.0,0.0,0.0,0.0,0.0,0.0,0.0,4.226899205963673,0.0,8.453798411927346,0.7170645839143535,0.0,0.0,0.0,0.0,0.0,0.8482158539558465,3.392863415823386,0.0,0.0,0.7170645839143535,0.0,0.0,0.0,0.0,0.0,0.0,0.0,0.0,12.516358351523268,0.0,5.426273044253711,5.426273044253711,0.0,0.0,0.0,0.0,0.0,0.0,0.0,14.451149692416518,19.87742273667023,19.87742273667023,0.0,0.0,0.0,0.0,0.0,0.0,0.0,0.0,32.118937597919064,0.0,9.635681279375719,6.423787519583813,19.35688378501959,0.0,0.0,0.0,0.0,0.0,0.0,30.133132090697938,12.053252836279176,9.039939627209382,19.35688378501959,0.0,0.0,0.0,0.0,0.0,0.0,0.0,21.902730548296258,0.0,0.0,0.0,0.0,0.0,0.0,0.0,0.0,0.0,0.0,9.219370469597184,0.0,0.0,0.0,0.0,0.0,0.0,0.0,0.0,0.0,0.0,9.861791943610877
6.331658291457287,0.0,2.682286076759497,4.291657722815195,0.0,0.0,0.0,0.0,0.0,0.0,0.0,0.0,5.138412986386509,0.0,10.276825972773018,1.154655723246418,0.0,0.0,0.0,0.0,0.0,1.123552861852009,4.494211447408036,0.0,0.0,1.154655723246418,0.0,0.0,0.0,0.0,0.0,0.0,0.0,0.0,11.126689692700767,0.0,4.717301048241018,4.717301048241018,0.0,0.0,0.0,0.0,0.0,0.0,0.0,14.132088933679354,18.84938998192037,18.84938998192037,0.0,0.0,0.0,0.0,0.0,0.0,0.0,0.0,31.195150534099955,0.0,9.358545160229987,6.239030106819992,18.227860489394292,0.0,0.0,0.0,0.0,0.0,0.0,29.215855954067454,11.686342381626982,8.764756786220236,18.227860489394292,0.0,0.0,0.0,0.0,0.0,0.0,0.0,21.34755495975123,0.0,0.0,0.0,0.0,0.0,0.0,0.0,0.0,0.0,0.0,9.568282650582468,0.0,0.0,0.0,0.0,0.0,0.0,0.0,0.0,0.0,0.0,10.77854374717273
6.432160804020101,0.0,2.603944654718155,4.166311447549048,0.0,0.0,0.0,0.0,0.0,0.0,0.0,0.0,6.353725420653635,0.0,12.70745084130727,1.880633994508886,0.0,0.0,0.0,0.0,0.0,1.479945913617571,5.919783654470284,0.0,0.0,1.880633994508886,0.0,0.0,0.0,0.0,0.0,0.0,0.0,0.0,9.36550837829342,0.0,3.8225544720635773,3.8225544720635773,0.0,0.0,0.0,0.0,0.0,0.0,0.0,13.605079111075165,17.427633583138743,17.427633583138743,0.0,0.0,0.0,0.0,0.0,0.0,0.0,0.0,29.919760513306922,0.0,8.975928153992076,5.983952102661385,16.725301505227527,0.0,0.0,0.0,0.0,0.0,0.0,27.950259658309914,11.180103863323966,8.385077897492973,16.725301505227527,0.0,0.0,0.0,0.0,0.0,0.0,0.0,20.584354749117985,0.0,0.0,0.0,0.0,0.0,0.0,0.0,0.0,0.0,0.0,10.058852926669879,0.0,0.0,0.0,0.0,0.0,0.0,0.0,0.0,0.0,0.0,12.050043816092655
6.532663316582915,0.0,2.429506524329285,3.887210438926856,0.0,0.0,0.0,0.0,0.0,0.0,0.0,0.0,7.910342704494778,0.0,15.820685408989556,3.0222012504609954,0.0,0.0,0.0,0.0,0.0,1.9102846509695048,7.641138603878019,0.0,0.0,3.0222012504609954,0.0,0.0,0.0,0.0,0.0,0.0,0.0,0.0,7.253701047235542,0.0,2.779042466607403,2.779042466607403,0.0,0.0,0.0,0.0,0.0,0.0,0.0,12.77068744406243,15.549729910669832,15.549729910669832,0.0,0.0,0.0,0.0,0.0,0.0,0.0,0.0,28.22299977640195,0.0,8.466899932920585,5.64459995528039,14.826798307246817,0.0,0.0,0.0,0.0,0.0,0.0,26.267226065111483,10.506890426044594,7.880167819533445,14.826798307246817,0.0,0.0,0.0,0.0,0.0,0.0,0.0,19.562912152069586,0.0,0.0,0.0,0.0,0.0,0.0,0.0,0.0,0.0,0.0,10.741191155726284,0.0,0.0,0.0,0.0,0.0,0.0,0.0,0.0,0.0,0.0,13.765486831453291
6.633165829145729,0.0,2.1656279394931777,3.4650047031890843,0.0,0.0,0.0,0.0,0.0,0.0,0.0,0.0,9.740323048728085,0.0,19.48064609745617,4.635963553893951,0.0,0.0,0.0,0.0,0.0,2.379779156554426,9.519116626217704,0.0,0.0,4.635963553893951,0.0,0.0,0.0,0.0,0.0,0.0,0.0,0.0,4.98251915995759,0.0,1.7281888444752211,1.7281888444752211,0.0,0.0,0.0,0.0,0.0,0.0,0.0,11.561680540799172,13.289869385274393,13.289869385274393,0.0,0.0,0.0,0.0,0.0,0.0,0.0,0.0,26.137565628647803,0.0,7.84126968859434,5.227513125729561,12.649777235042441,0.0,0.0,0.0,0.0,0.0,0.0,24.198460971395487,9.679384388558196,7.259538291418646,12.649777235042441,0.0,0.0,0.0,0.0,0.0,0.0,0.0,18.279500003973773,0.0,0.0,0.0,0.0,0.0,0.0,0.0,0.0,0.0,0.0,11.646777978393368,0.0,0.0,0.0,0.0,0.0,0.0,0.0,0.0,0.0,0.0,15.909827749208198
6.733668341708543,0.0,1.8424584351476208,2.9479334962361934,0.0,0.0,0.0,0.0,0.0,0.0,0.0,0.0,11.615517783413218,0.0,23.231035566826435,6.566135399861287,0.0,0.0,0.0,0.0,0.0,2.8264497210953556,11.305798884381423,0.0,0.0,6.566135399861287,0.0,0.0,0.0,0.0,0.0,0.0,0.0,0.0,2.9267404606547616,0.0,0.881277807460558,0.881277807460558,0.0,0.0,0.0,0.0,0.0,0.0,0.0,10.03707958059938,10.918357388059938,10.918357388059938,0.0,0.0,0.0,0.0,0.0,0.0,0.0,0.0,23.863501990166082,0.0,7.159050597049824,4.7727003980332166,10.471405307584712,0.0,0.0,0.0,0.0,0.0,0.0,21.940210854005997,8.776084341602399,6.582063256201799,10.471405307584712,0.0,0.0,0.0,0.0,0.0,0.0,0.0,16.820026560478134,0.0,0.0,0.0,0.0,0.0,0.0,0.0,0.0,0.0,0.0,12.742512404007835,0.0,0.0,0.0,0.0,0.0,0.0,0.0,0.0,0.0,0.0,18.259542864865466
6.834170854271357,0.0,1.5048426528995338,2.4077482446392544,0.0,0.0,0.0,0.0,0.0,0.0,0.0,0.0,13.209864189389432,0.0,26.419728378778863,8.404849688382255,0.0,0.0,0.0,0.0,0.0,3.1812778571687694,12.725111428675078,0.0,0.0,8.404849688382255,0.0,0.0,0.0,0.0,0.0,0.0,0.0,0.0,1.4442772205910706,0.0,0.36511139532169606,0.36511139532169606,0.0,0.0,0.0,0.0,0.0,0.0,0.0,8.426623137541286,8.791734532862982,8.791734532862982,0.0,0.0,0.0,0.0,0.0,0.0,0.0,0.0,21.70829092065545,0.0,6.512487276196635,4.341658184131091,8.594096680998556,0.0,0.0,0.0,0.0,0.0,0.0,19.79450319790322,7.917801279161289,5.9383509593709665,8.594096680998556,0.0,0.0,0.0,0.0,0.0,0.0,0.0,15.349016608353686,0.0,0.0,0.0,0.0,0.0,0.0,0.0,0.0,0.0,0.0,13.904807104237511,0.0,0.0,0.0,0.0,0.0,0.0,0.0,0.0,0.0,0.0,20.44057223389138
6.934673366834171,0.0,1.1940501813444704,1.9104802901511526,0.0,0.0,0.0,0.0,0.0,0.0,0.0,0.0,14.26486719051794,0.0,28.52973438103588,9.692155593267728,0.0,0.0,0.0,0.0,0.0,3.3972119977780944,13.588847991112377,0.0,0.0,9.692155593267728,0.0,0.0,0.0,0.0,0.0,0.0,0.0,0.0,0.6112001321286836,0.0,0.1288422769214389,0.1288422769214389,0.0,0.0,0.0,0.0,0.0,0.0,0.0,7.026736969264491,7.155579246185931,7.155579246185931,0.0,0.0,0.0,0.0,0.0,0.0,0.0,0.0,19.926808104342285,0.0,5.978042431302685,3.9853616208684572,7.178549551544689,0.0,0.0,0.0,0.0,0.0,0.0,18.01229156710853,7.204916626843413,5.403687470132559,7.178549551544689,0.0,0.0,0.0,0.0,0.0,0.0,0.0,14.032644378095489,0.0,0.0,0.0,0.0,0.0,0.0,0.0,0.0,0.0,0.0,14.968222433232363,0.0,0.0,0.0,0.0,0.0,0.0,0.0,0.0,0.0,0.0,22.166560478421893
7.035175879396985,0.0,0.9341240053003802,1.4945984084806083,0.0,0.0,0.0,0.0,0.0,0.0,0.0,0.0,14.698472600345449,0.0,29.396945200690897,10.18441223510383,0.0,0.0,0.0,0.0,0.0,3.464445766584098,13.857783066336392,0.0,0.0,10.18441223510383,0.0,0.0,0.0,0.0,0.0,0.0,0.0,0.0,0.23618610327821868,0.0,0.04281338443692728,0.04281338443692728,0.0,0.0,0.0,0.0,0.0,0.0,0.0,6.042323382943304,6.085136767380232,6.085136767380232,0.0,0.0,0.0,0.0,0.0,0.0,0.0,0.0,18.63697321857528,0.0,5.591091965572584,3.7273946437150567,6.228727767633723,0.0,0.0,0.0,0.0,0.0,0.0,16.710674245712852,6.684269698285141,5.013202273713856,6.228727767633723,0.0,0.0,0.0,0.0,0.0,0.0,0.0,12.974585861392026,0.0,0.0,0.0,0.0,0.0,0.0,0.0,0.0,0.0,0.0,15.811249794863475,0.0,0.0,0.0,0.0,0.0,0.0,0.0,0.0,0.0,0.0,23.365885245664185
7.135678391959799,0.0,0.730724281528245,1.169158850445192,0.0,0.0,0.0,0.0,0.0,0.0,0.0,0.0,14.582189188282662,0.0,29.164378376565324,9.927242128814143,0.0,0.0,0.0,0.0,0.0,3.403892927404568,13.615571709618273,0.0,0.0,9.927242128814143,0.0,0.0,0.0,0.0,0.0,0.0,0.0,0.0,0.09078934448710732,0.0,0.01509187827672975,0.01509187827672975,0.0,0.0,0.0,0.0,0.0,0.0,0.0,5.540987348969825,5.5560792272465545,5.5560792272465545,0.0,0.0,0.0,0.0,0.0,0.0,0.0,0.0,17.85463139353996,0.0,5.356389418061988,3.5709262787079923,5.680269124802278,0.0,0.0,0.0,0.0,0.0,0.0,15.906990739829762,6.362796295931905,4.772097221948928,5.680269124802278,0.0,0.0,0.0,0.0,0.0,0.0,0.0,12.214469457230878,0.0,0.0,0.0,0.0,0.0,0.0,0.0,0.0,0.0,0.0,16.388127910857953,0.0,0.0,0.0,0.0,0.0,0.0,0.0,0.0,0.0,0.0,24.100262916327228
7.236180904522613,0.0,0.5779732996302124,0.9247572794083398,0.0,0.0,0.0,0.0,0.0,0.0,0.0,0.0,14.058479066814499,0.0,28.116958133628998,9.1390954801627,0.0,0.0,0.0,0.0,0.0,3.2503855633060033,13.001542253224013,0.0,0.0,9.1390954801627,0.0,0.0,0.0,0.0,0.0,0.0,0.0,0.0,0.03765931351257214,0.0,0.006225827607005665,0.006225827607005665,0.0,0.0,0.0,0.0,0.0,0.0,0.0,5.510657724307909,5.516883551914915,5.516883551914915,0.0,0.0,0.0,0.0,0.0,0.0,0.0,0.0,17.555317929415164,0.0,5.266595378824549,3.511063585883033,5.470085462128789,0.0,0.0,0.0,0.0,0.0,0.0,15.579568208683016,6.231827283473207,4.673870462604905,5.470085462128789,0.0,0.0,0.0,0.0,0.0,0.0,0.0,11.757669425788492,0.0,0.0,0.0,0.0,0.0,0.0,0.0,0.0,0.0,0.0,16.70238160129131,0.0,0.0,0.0,0.0,0.0,0.0,0.0,0.0,0.0,0.0,24.454206994175923
7.336683417085427,0.0,0.4657433711982751,0.7451893939172402,0.0,0.0,0.0,0.0,0.0,0.0,0.0,0.0,13.274273994981078,0.0,26.548547989962156,8.067585349034522,0.0,0.0,0.0,0.0,0.0,3.038804740690461,12.155218962761843,0.0,0.0,8.067585349034522,0.0,0.0,0.0,0.0,0.0,0.0,0.0,0.0,0.01791664080870992,0.0,0.0031791210066304666,0.0031791210066304666,0.0,0.0,0.0,0.0,0.0,0.0,0.0,5.9146522694979415,5.917831390504572,5.917831390504572,0.0,0.0,0.0,0.0,0.0,0.0,0.0,0.0,17.709469750781853,0.0,5.312840925234556,3.541893950156371,5.561682957787376,0.0,0.0,0.0,0.0,0.0,0.0,15.702567711102231,6.281027084440893,4.710770313330669,5.561682957787376,0.0,0.0,0.0,0.0,0.0,0.0,0.0,11.6006860649092,0.0,0.0,0.0,0.0,0.0,0.0,0.0,0.0,0.0,0.0,16.77334733373106,0.0,0.0,0.0,0.0,0.0,0.0,0.0,0.0,0.0,0.0,24.4861628376737
7.437185929648241,0.0,0.3840251572046418,0.614440251527427,0.0,0.0,0.0,0.0,0.0,0.0,0.0,0.0,12.349674223490197,0.0,24.699348446980395,6.909357167949328,0.0,0.0,0.0,0.0,0.0,2.7973843855763847,11.189537542305539,0.0,0.0,6.909357167949328,0.0,0.0,0.0,0.0,0.0,0.0,0.0,0.0,0.010151580427777633,0.0,0.0020390391068487944,0.0020390391068487944,0.0,0.0,0.0,0.0,0.0,0.0,0.0,6.695309238974584,6.697348278081433,6.697348278081433,0.0,0.0,0.0,0.0,0.0,0.0,0.0,0.0,18.282031725111736,0.0,5.484609517533521,3.656406345022347,5.940185422839035,0.0,0.0,0.0,0.0,0.0,0.0,16.24596629126222,6.498386516504889,4.873789887378666,5.940185422839035,0.0,0.0,0.0,0.0,0.0,0.0,0.0,11.74054588417511,0.0,0.0,0.0,0.0,0.0,0.0,0.0,0.0,0.0,0.0,16.622030432843182,0.0,0.0,0.0,0.0,0.0,0.0,0.0,0.0,0.0,0.0,24.22489742984084
7.5376884422110555,0.0,0.3246235758658085,0.5193977213852936,0.0,0.0,0.0,0.0,0.0,0.0,0.0,0.0,11.371197194068854,0.0,22.742394388137708,5.790973541050453,0.0,0.0,0.0,0.0,0.0,2.546334146799859,10.185336587199435,0.0,0.0,5.790973541050453,0.0,0.0,0.0,0.0,0.0,0.0,0.0,0.0,0.006976110837252216,0.0,0.0016213813622647166,0.0016213813622647166,0.0,0.0,0.0,0.0,0.0,0.0,0.0,7.747303142063006,7.748924523425271,7.748924523425271,0.0,0.0,0.0,0.0,0.0,0.0,0.0,0.0,19.202329333013243,0.0,5.760698799903973,3.8404658666026488,6.584616965004342,0.0,0.0,0.0,0.0,0.0,0.0,17.145359947774313,6.858143979109726,5.143607984332294,6.584616965004342,0.0,0.0,0.0,0.0,0.0,0.0,0.0,12.164843779857552,0.0,0.0,0.0,0.0,0.0,0.0,0.0,0.0,0.0,0.0,16.27708795884282,0.0,0.0,0.0,0.0,0.0,0.0,0.0,0.0,0.0,0.0,23.691472064768302
7.63819095477387,0.0,0.28139497622464693,0.4502319619594351,0.0,0.0,0.0,0.0,0.0,0.0,0.0,0.0,10.39609605317737,0.0,20.79219210635474,4.779973832101629,0.0,0.0,0.0,0.0,0.0,2.298927312546675,9.1957092501867,0.0,0.0,4.779973832101629,0.0,0.0,0.0,0.0,0.0,0.0,0.0,0.0,0.005839530460774692,0.0,0.0015617398783034323,0.0015617398783034323,0.0,0.0,0.0,0.0,0.0,0.0,0.0,8.914757152673806,8.916318892552109,8.916318892552109,0.0,0.0,0.0,0.0,0.0,0.0,0.0,0.0,20.33693179577252,0.0,6.1010795387317565,4.067386359154504,7.431952839927958,0.0,0.0,0.0,0.0,0.0,0.0,18.272060197086496,7.308824078834599,5.481618059125949,7.431952839927958,0.0,0.0,0.0,0.0,0.0,0.0,0.0,12.826638410306412,0.0,0.0,0.0,0.0,0.0,0.0,0.0,0.0,0.0,0.0,15.788974623828398,0.0,0.0,0.0,0.0,0.0,0.0,0.0,0.0,0.0,0.0,22.93357443663207
7.738693467336684,0.0,0.24992952860876666,0.3998872457740267,0.0,0.0,0.0,0.0,0.0,0.0,0.0,0.0,9.459595845544102,0.0,18.919191691088205,3.9034705101041993,0.0,0.0,0.0,0.0,0.0,2.063233236303066,8.252932945212264,0.0,0.0,3.9034705101041993,0.0,0.0,0.0,0.0,0.0,0.0,0.0,0.0,0.005926435518726651,0.0,0.0017851585913775524,0.0017851585913775524,0.0,0.0,0.0,0.0,0.0,0.0,0.0,10.040653642686896,10.042438801278275,10.042438801278275,0.0,0.0,0.0,0.0,0.0,0.0,0.0,0.0,21.513347181994273,0.0,6.454004154598282,4.302669436398855,8.369907668237794,0.0,0.0,0.0,0.0,0.0,0.0,19.452825256413465,7.7811301025653865,5.835847576924039,8.369907668237794,0.0,0.0,0.0,0.0,0.0,0.0,0.0,13.628695208563576,0.0,0.0,0.0,0.0,0.0,0.0,0.0,0.0,0.0,0.0,15.231266962086112,0.0,0.0,0.0,0.0,0.0,0.0,0.0,0.0,0.0,0.0,22.04394328286187
7.839195979899498,0.0,0.22712485332391918,0.36339976531827073,0.0,0.0,0.0,0.0,0.0,0.0,0.0,0.0,8.581576721205677,0.0,17.163153442411353,3.1643788019488692,0.0,0.0,0.0,0.0,0.0,1.843704778708945,7.37481911483578,0.0,0.0,3.1643788019488692,0.0,0.0,0.0,0.0,0.0,0.0,0.0,0.0,0.0072190743184428075,0.0,0.0023876850772113567,0.0023876850772113567,0.0,0.0,0.0,0.0,0.0,0.0,0.0,11.02489032013176,11.027278005208972,11.027278005208972,0.0,0.0,0.0,0.0,0.0,0.0,0.0,0.0,22.58871281883088,0.0,6.776613845649265,4.517742563766176,9.279038747497657,0.0,0.0,0.0,0.0,0.0,0.0,20.539104688962773,8.21564187558511,6.161731406688832,9.279038747497657,0.0,0.0,0.0,0.0,0.0,0.0,0.0,14.447745852230005,0.0,0.0,0.0,0.0,0.0,0.0,0.0,0.0,0.0,0.0,14.679261440184334,0.0,0.0,0.0,0.0,0.0,0.0,0.0,0.0,0.0,0.0,21.13649535409458
7.939698492462312,0.0,0.2108143526348243,0.33730296421571887,0.0,0.0,0.0,0.0,0.0,0.0,0.0,0.0,7.771732550842149,0.0,15.543465101684298,2.5528594311834056,0.0,0.0,0.0,0.0,0.0,1.6424004650718302,6.569601860287321,0.0,0.0,2.5528594311834056,0.0,0.0,0.0,0.0,0.0,0.0,0.0,0.0,0.01041813316503367,0.0,0.003699337046293089,0.003699337046293089,0.0,0.0,0.0,0.0,0.0,0.0,0.0,11.836212200694957,11.83991153774125,11.83991153774125,0.0,0.0,0.0,0.0,0.0,0.0,0.0,0.0,23.494479462605938,0.0,7.048343838781781,4.698895892521188,10.082232669318506,0.0,0.0,0.0,0.0,0.0,0.0,21.456599379793655,8.582639751917462,6.4369798139380965,10.082232669318506,0.0,0.0,0.0,0.0,0.0,0.0,0.0,15.186074449273297,0.0,0.0,0.0,0.0,0.0,0.0,0.0,0.0,0.0,0.0,14.18458434603225,0.0,0.0,0.0,0.0,0.0,0.0,0.0,0.0,0.0,0.0,20.3008525363574
8.040201005025127,0.0,0.19948614608896453,0.31917783374234326,0.0,0.0,0.0,0.0,0.0,0.0,0.0,0.0,7.033238766194903,0.0,14.066477532389806,2.053498077752183,0.0,0.0,0.0,0.0,0.0,1.4598523852355711,5.839409540942285,0.0,0.0,2.053498077752183,0.0,0.0,0.0,0.0,0.0,0.0,0.0,0.0,0.017557844112102962,0.0,0.0065768840923562085,0.0065768840923562085,0.0,0.0,0.0,0.0,0.0,0.0,0.0,12.486126904047852,12.492703788140208,12.492703788140208,0.0,0.0,0.0,0.0,0.0,0.0,0.0,0.0,24.22541172457759,0.0,7.267623517373277,4.845082344915518,10.75473876277057,0.0,0.0,0.0,0.0,0.0,0.0,22.19722596470772,8.878890385883087,6.659167789412316,10.75473876277057,0.0,0.0,0.0,0.0,0.0,0.0,0.0,15.800256759357355,0.0,0.0,0.0,0.0,0.0,0.0,0.0,0.0,0.0,0.0,13.76799676072312,0.0,0.0,0.0,0.0,0.0,0.0,0.0,0.0,0.0,0.0,19.580194674992736
8.14070351758794,0.0,0.19208343890929197,0.30733350225486716,0.0,0.0,0.0,0.0,0.0,0.0,0.0,0.0,6.365249436169118,0.0,12.730498872338236,1.6494353916772693,0.0,0.0,0.0,0.0,0.0,1.2956565239256128,5.182626095702451,0.0,0.0,1.6494353916772693,0.0,0.0,0.0,0.0,0.0,0.0,0.0,0.0,0.03404400440125288,0.0,0.013278243873698827,0.013278243873698827,0.0,0.0,0.0,0.0,0.0,0.0,0.0,13.001059567099736,13.014337810973435,13.014337810973435,0.0,0.0,0.0,0.0,0.0,0.0,0.0,0.0,24.806732436726495,0.0,7.442019731017949,4.961346487345299,11.304776442953159,0.0,0.0,0.0,0.0,0.0,0.0,22.785702372909824,9.11428094916393,6.835710711872947,11.304776442953159,0.0,0.0,0.0,0.0,0.0,0.0,0.0,16.29072551710155,0.0,0.0,0.0,0.0,0.0,0.0,0.0,0.0,0.0,0.0,13.428460049219618,0.0,0.0,0.0,0.0,0.0,0.0,0.0,0.0,0.0,0.0,18.980161649033434
8.241206030150755,0.0,0.1878667623819306,0.300586819811089,0.0,0.0,0.0,0.0,0.0,0.0,0.0,0.0,5.764554466465458,0.0,11.529108932930916,1.324537979304806,0.0,0.0,0.0,0.0,0.0,1.1488641377318338,4.595456550927335,0.0,0.0,1.324537979304806,0.0,0.0,0.0,0.0,0.0,0.0,0.0,0.0,0.07478129987937597,0.0,0.03007964674989896,0.03007964674989896,0.0,0.0,0.0,0.0,0.0,0.0,0.0,13.407829140180834,13.437908786930732,13.437908786930732,0.0,0.0,0.0,0.0,0.0,0.0,0.0,0.0,25.27247261017471,0.0,7.581741783052412,5.054494522034942,11.754942679318294,0.0,0.0,0.0,0.0,0.0,0.0,23.256415904840566,9.302566361936227,6.976924771452169,11.754942679318294,0.0,0.0,0.0,0.0,0.0,0.0,0.0,16.678407739752522,0.0,0.0,0.0,0.0,0.0,0.0,0.0,0.0,0.0,0.0,13.154607606382205,0.0,0.0,0.0,0.0,0.0,0.0,0.0,0.0,0.0,0.0,18.486323641852227
8.341708542713569,0.0,0.18632002253017219,0.2981120360482755,0.0,0.0,0.0,0.0,0.0,0.0,0.0,0.0,5.226660119865352,0.0,10.453320239730704,1.064395307273176,0.0,0.0,0.0,0.0,0.0,1.018236582122157,4.072946328488628,0.0,0.0,1.064395307273176,0.0,0.0,0.0,0.0,0.0,0.0,0.0,0.0,0.18289847198786213,0.0,0.07533098650063537,0.07533098650063537,0.0,0.0,0.0,0.0,0.0,0.0,0.0,13.72910804591716,13.804439032417795,13.804439032417795,0.0,0.0,0.0,0.0,0.0,0.0,0.0,0.0,25.661837560917565,0.0,7.698551268275269,5.132367512183514,12.13745322055732,0.0,0.0,0.0,0.0,0.0,0.0,23.648838848240555,9.459535539296223,7.094651654472166,12.13745322055732,0.0,0.0,0.0,0.0,0.0,0.0,0.0,16.990908239065874,0.0,0.0,0.0,0.0,0.0,0.0,0.0,0.0,0.0,0.0,12.930784210409564,0.0,0.0,0.0,0.0,0.0,0.0,0.0,0.0,0.0,0.0,18.073638046900832
8.442211055276383,0.0,0.1870865865767192,0.2993385385227507,0.0,0.0,0.0,0.0,0.0,0.0,0.0,0.0,4.74648237789483,0.0,9.49296475578966,0.8566532073209482,0.0,0.0,0.0,0.0,0.0,0.902408498671065,3.60963399468426,0.0,0.0,0.8566532073209482,0.0,0.0,0.0,0.0,0.0,0.0,0.0,0.0,0.486175179368282,0.0,0.20394610340276642,0.20394610340276642,0.0,0.0,0.0,0.0,0.0,0.0,0.0,13.983032732341899,14.186978835744664,14.186978835744664,0.0,0.0,0.0,0.0,0.0,0.0,0.0,0.0,26.03482130124002,0.0,7.810446390372006,5.206964260248004,12.508430176192926,0.0,0.0,0.0,0.0,0.0,0.0,24.022500541605712,9.609000216642286,7.206750162481713,12.508430176192926,0.0,0.0,0.0,0.0,0.0,0.0,0.0,17.263768029461993,0.0,0.0,0.0,0.0,0.0,0.0,0.0,0.0,0.0,0.0,12.735667340310068,0.0,0.0,0.0,0.0,0.0,0.0,0.0,0.0,0.0,0.0,17.701603878665722
8.542713567839197,0.0,0.18992569836452364,0.30388111738323786,0.0,0.0,0.0,0.0,0.0,0.0,0.0,0.0,4.318783439142872,0.0,8.637566878285744,0.6909969157191573,0.0,0.0,0.0,0.0,0.0,0.7999902350467196,3.1999609401868785,0.0,0.0,0.6909969157191573,0.0,0.0,0.0,0.0,0.0,0.0,0.0,0.0,1.341669376751247,0.0,0.5709034860767459,0.5709034860767459,0.0,0.0,0.0,0.0,0.0,0.0,0.0,14.183908891651244,14.75481237772799,14.75481237772799,0.0,0.0,0.0,0.0,0.0,0.0,0.0,0.0,26.521400684265668,0.0,7.9564202052797,5.304280136853134,12.998257685699278,0.0,0.0,0.0,0.0,0.0,0.0,24.505224743674162,9.802089897469665,7.3515674231022485,12.998257685699278,0.0,0.0,0.0,0.0,0.0,0.0,0.0,17.561392648174103,0.0,0.0,0.0,0.0,0.0,0.0,0.0,0.0,0.0,0.0,12.529949088801189,0.0,0.0,0.0,0.0,0.0,0.0,0.0,0.0,0.0,0.0,17.28480314763133
8.643216080402011,0.0,0.1946826174591481,0.311492187934637,0.0,0.0,0.0,0.0,0.0,0.0,0.0,0.0,3.938438987370701,0.0,7.876877974741402,0.5589670965666923,0.0,0.0,0.0,0.0,0.0,0.7096302600587681,2.8385210402350722,0.0,0.0,0.5589670965666923,0.0,0.0,0.0,0.0,0.0,0.0,0.0,0.0,3.4791421149115322,0.0,1.497039703713258,1.497039703713258,0.0,0.0,0.0,0.0,0.0,0.0,0.0,14.342996580459458,15.840036284172715,15.840036284172715,0.0,0.0,0.0,0.0,0.0,0.0,0.0,0.0,27.402750119135945,0.0,8.220825035740782,5.480550023827189,13.906532128646365,0.0,0.0,0.0,0.0,0.0,0.0,25.37433664173569,10.149734656694278,7.612300992520707,13.906532128646365,0.0,0.0,0.0,0.0,0.0,0.0,0.0,18.026110022383477,0.0,0.0,0.0,0.0,0.0,0.0,0.0,0.0,0.0,0.0,12.228157362436665,0.0,0.0,0.0,0.0,0.0,0.0,0.0,0.0,0.0,0.0,16.624811997690646
8.743718592964825,0.0,0.20126805789104912,0.32202889262567863,0.0,0.0,0.0,0.0,0.0,0.0,0.0,0.0,3.60059459432419,0.0,7.20118918864838,0.4537119311660499,0.0,0.0,0.0,0.0,0.0,0.6300513974570482,2.5202055898281928,0.0,0.0,0.4537119311660499,0.0,0.0,0.0,0.0,0.0,0.0,0.0,0.0,7.189948841085486,0.0,3.1209753528056683,3.1209753528056683,0.0,0.0,0.0,0.0,0.0,0.0,0.0,14.469158829853772,17.59013418265944,17.59013418265944,0.0,0.0,0.0,0.0,0.0,0.0,0.0,0.0,28.959874342461518,0.0,8.687962302738455,5.791974868492304,15.58949616273935,0.0,0.0,0.0,0.0,0.0,0.0,26.91568336655683,10.766273346622732,8.07470500996705,15.58949616273935,0.0,0.0,0.0,0.0,0.0,0.0,0.0,18.880164502673118,0.0,0.0,0.0,0.0,0.0,0.0,0.0,0.0,0.0,0.0,11.69980796129683,0.0,0.0,0.0,0.0,0.0,0.0,0.0,0.0,0.0,0.0,15.410562264156102
8.84422110552764,0.0,0.2096439777370701,0.3354303643793122,0.0,0.0,0.0,0.0,0.0,0.0,0.0,0.0,3.300749996508139,0.0,6.601499993016278,0.36973024142304833,0.0,0.0,0.0,0.0,0.0,0.5600700474349551,2.2402801897398206,0.0,0.0,0.36973024142304833,0.0,0.0,0.0,0.0,0.0,0.0,0.0,0.0,10.769313257619887,0.0,4.707063456591058,4.707063456591058,0.0,0.0,0.0,0.0,0.0,0.0,0.0,14.569370531466806,19.276433988057864,19.276433988057864,0.0,0.0,0.0,0.0,0.0,0.0,0.0,0.0,30.759003264953318,0.0,9.227700979485995,6.151800652990664,17.666356428622258,0.0,0.0,0.0,0.0,0.0,0.0,28.71737467636221,11.486949870544883,8.615212402908663,17.666356428622258,0.0,0.0,0.0,0.0,0.0,0.0,0.0,20.0983527320447,0.0,0.0,0.0,0.0,0.0,0.0,0.0,0.0,0.0,0.0,10.948112922313435,0.0,0.0,0.0,0.0,0.0,0.0,0.0,0.0,0.0,0.0,13.66122309102405
8.944723618090453,0.0,0.21981375119477825,0.35170200191164525,0.0,0.0,0.0,0.0,0.0,0.0,0.0,0.0,3.0347969522651654,0.0,6.069593904530331,0.30263266694461904,0.0,0.0,0.0,0.0,0.0,0.4986044728935402,1.9944178915741608,0.0,0.0,0.30263266694461904,0.0,0.0,0.0,0.0,0.0,0.0,0.0,0.0,12.835883861498628,0.0,5.641031194611128,5.641031194611128,0.0,0.0,0.0,0.0,0.0,0.0,0.0,14.649117675309872,20.290148869921,20.290148869921,0.0,0.0,0.0,0.0,0.0,0.0,0.0,0.0,32.007072812534865,0.0,9.60212184376046,6.401414562506973,19.193079081793634,0.0,0.0,0.0,0.0,0.0,0.0,29.982559158419956,11.993023663367984,8.994767747525987,19.193079081793634,0.0,0.0,0.0,0.0,0.0,0.0,0.0,21.18349628021239,0.0,0.0,0.0,0.0,0.0,0.0,0.0,0.0,0.0,0.0,10.221988928432461,0.0,0.0,0.0,0.0,0.0,0.0,0.0,0.0,0.0,0.0,11.997870048648082
9.045226130653267,0.0,0.231815402392772,0.37090464382843524,0.0,0.0,0.0,0.0,0.0,0.0,0.0,0.0,2.7990277506715904,0.0,5.598055501343181,0.24893219320419158,0.0,0.0,0.0,0.0,0.0,0.44467617933488424,1.778704717339537,0.0,0.0,0.24893219320419158,0.0,0.0,0.0,0.0,0.0,0.0,0.0,0.0,13.863859250484907,0.0,6.1192492854520255,6.1192492854520255,0.0,0.0,0.0,0.0,0.0,0.0,0.0,14.71271256411521,20.831961849567236,20.831961849567236,0.0,0.0,0.0,0.0,0.0,0.0,0.0,0.0,32.68161016882381,0.0,9.804483050647143,6.536322033764762,20.046350508320007,0.0,0.0,0.0,0.0,0.0,0.0,30.669159819186262,12.267663927674505,9.200747945755879,20.046350508320007,0.0,0.0,0.0,0.0,0.0,0.0,0.0,21.850453942940565,0.0,0.0,0.0,0.0,0.0,0.0,0.0,0.0,0.0,0.0,9.696276751067606,0.0,0.0,0.0,0.0,0.0,0.0,0.0,0.0,0.0,0.0,10.8191978787675
9.145728643216081,0.0,0.24571700788465925,0.3931472126154548,0.0,0.0,0.0,0.0,0.0,0.0,0.0,0.0,2.590125714298581,0.0,5.180251428597162,0.20586684864779264,0.0,0.0,0.0,0.0,0.0,0.39740705926226133,1.5896282370490453,0.0,0.0,0.20586684864779264,0.0,0.0,0.0,0.0,0.0,0.0,0.0,0.0,14.472015693859,0.0,6.40974696349584,6.40974696349584,0.0,0.0,0.0,0.0,0.0,0.0,0.0,14.763543423131509,21.17329038662735,21.17329038662735,0.0,0.0,0.0,0.0,0.0,0.0,0.0,0.0,33.07645992920787,0.0,9.922937978762361,6.615291985841575,20.553184202561074,0.0,0.0,0.0,0.0,0.0,0.0,31.069201853145973,12.42768074125839,9.320760555943792,20.553184202561074,0.0,0.0,0.0,0.0,0.0,0.0,0.0,22.22282985979694,0.0,0.0,0.0,0.0,0.0,0.0,0.0,0.0,0.0,0.0,9.354703170233533,0.0,0.0,0.0,0.0,0.0,0.0,0.0,0.0,0.0,0.0,10.05588619362988
9.246231155778895,0.0,0.26161365817838717,0.4185818530854195,0.0,0.0,0.0,0.0,0.0,0.0,0.0,0.0,2.4051452233914614,0.0,4.810290446782923,0.171253107619747,0.0,0.0,0.0,0.0,0.0,0.35601406924249124,1.424056276969965,0.0,0.0,0.171253107619747,0.0,0.0,0.0,0.0,0.0,0.0,0.0,0.0,14.92063717494808,0.0,6.626675124777978,6.626675124777978,0.0,0.0,0.0,0.0,0.0,0.0,0.0,14.804271978197288,21.430947102975267,21.430947102975267,0.0,0.0,0.0,0.0,0.0,0.0,0.0,0.0,33.35698302712941,0.0,10.007094908138823,6.671396605425882,20.91604044017895,0.0,0.0,0.0,0.0,0.0,0.0,31.351816834226018,12.540726733690407,9.405545050267804,20.91604044017895,0.0,0.0,0.0,0.0,0.0,0.0,0.0,22.45940177916115,0.0,0.0,0.0,0.0,0.0,0.0,0.0,0.0,0.0,0.0,9.12814448920919,0.0,0.0,0.0,0.0,0.0,0.0,0.0,0.0,0.0,0.0,9.539111454399897
9.34673366834171,0.0,0.27962555729320526,0.44740089166912844,0.0,0.0,0.0,0.0,0.0,0.0,0.0,0.0,2.241486239831467,0.0,4.482972479662934,0.1433666281410519,0.0,0.0,0.0,0.0,0.0,0.3198026059527167,1.2792104238108668,0.0,0.0,0.1433666281410519,0.0,0.0,0.0,0.0,0.0,0.0,0.0,0.0,15.292796874874336,0.0,6.8069720061681585,6.8069720061681585,0.0,0.0,0.0,0.0,0.0,0.0,0.0,14.836989514001926,21.643961520170084,21.643961520170084,0.0,0.0,0.0,0.0,0.0,0.0,0.0,0.0,33.582764460639225,0.0,10.074829338191767,6.7165528921278455,21.209954293595196,0.0,0.0,0.0,0.0,0.0,0.0,31.578630637234145,12.63145225489366,9.473589191170243,21.209954293595196,0.0,0.0,0.0,0.0,0.0,0.0,0.0,22.636501334113028,0.0,0.0,0.0,0.0,0.0,0.0,0.0,0.0,0.0,0.0,8.965951896247446,0.0,0.0,0.0,0.0,0.0,0.0,0.0,0.0,0.0,0.0,9.156744519171292
9.447236180904524,0.0,0.29989696563700524,0.47983514501920843,0.0,0.0,0.0,0.0,0.0,0.0,0.0,0.0,2.0968666042711983,0.0,4.193733208542397,0.12084634204004559,0.0,0.0,0.0,0.0,0.0,0.2881593464121381,1.1526373856485523,0.0,0.0,0.12084634204004559,0.0,0.0,0.0,0.0,0.0,0.0,0.0,0.0,15.61467836209917,0.0,6.962588112934533,6.962588112934533,0.0,0.0,0.0,0.0,0.0,0.0,0.0,14.863339804326936,21.825927917261467,21.825927917261467,0.0,0.0,0.0,0.0,0.0,0.0,0.0,0.0,33.77383620482609,0.0,10.132150861447826,6.754767240965219,21.460146369071527,0.0,0.0,0.0,0.0,0.0,0.0,31.770371359243157,12.708148543697263,9.531111407772947,21.460146369071527,0.0,0.0,0.0,0.0,0.0,0.0,0.0,22.78193969497212,0.0,0.0,0.0,0.0,0.0,0.0,0.0,0.0,0.0,0.0,8.840546011876075,0.0,0.0,0.0,0.0,0.0,0.0,0.0,0.0,0.0,0.0,8.85152532705343
9.547738693467338,0.0,0.3225957733861548,0.5161532374178477,0.0,0.0,0.0,0.0,0.0,0.0,0.0,0.0,1.9692942123333408,0.0,3.9385884246666816,0.10261796928403558,0.0,0.0,0.0,0.0,0.0,0.2605450436033311,1.0421801744133243,0.0,0.0,0.10261796928403558,0.0,0.0,0.0,0.0,0.0,0.0,0.0,0.0,15.896390030221609,0.0,7.098349704673606,7.098349704673606,0.0,0.0,0.0,0.0,0.0,0.0,0.0,14.884615712914476,21.982965417588083,21.982965417588083,0.0,0.0,0.0,0.0,0.0,0.0,0.0,0.0,33.93821409937243,0.0,10.181464229811729,6.7876428198744865,21.67651595110547,0.0,0.0,0.0,0.0,0.0,0.0,31.935263133816903,12.774105253526763,9.58057894014507,21.67651595110547,0.0,0.0,0.0,0.0,0.0,0.0,0.0,22.90574991785006,0.0,0.0,0.0,0.0,0.0,0.0,0.0,0.0,0.0,0.0,8.738197718429166,0.0,0.0,0.0,0.0,0.0,0.0,0.0,0.0,0.0,0.0,8.596163657310814
9.648241206030152,0.0,0.34791355358352033,0.5566616857336325,0.0,0.0,0.0,0.0,0.0,0.0,0.0,0.0,1.8570404770832032,0.0,3.7140809541664064,0.08783341193213912,0.0,0.0,0.0,0.0,0.0,0.2364876076101916,0.9459504304407664,0.0,0.0,0.08783341193213912,0.0,0.0,0.0,0.0,0.0,0.0,0.0,0.0,16.14345674108719,0.0,7.217013799602561,7.217013799602561,0.0,0.0,0.0,0.0,0.0,0.0,0.0,14.901834874134746,22.118848673737308,22.118848673737308,0.0,0.0,0.0,0.0,0.0,0.0,0.0,0.0,34.080299402593546,0.0,10.224089820778063,6.81605988051871,21.864401652425176,0.0,0.0,0.0,0.0,0.0,0.0,32.077772255077775,12.831108902031112,9.623331676523332,21.864401652425176,0.0,0.0,0.0,0.0,0.0,0.0,0.0,23.012386713081728,0.0,0.0,0.0,0.0,0.0,0.0,0.0,0.0,0.0,0.0,8.652021449406384,0.0,0.0,0.0,0.0,0.0,0.0,0.0,0.0,0.0,0.0,8.377237582029194
9.748743718592966,0.0,0.3760659686364149,0.6017055498182639,0.0,0.0,0.0,0.0,0.0,0.0,0.0,0.0,1.7586158604855597,0.0,3.5172317209711195,0.07582295308971936,0.0,0.0,0.0,0.0,0.0,0.2155756546764692,0.8623026187058768,0.0,0.0,0.07582295308971936,0.0,0.0,0.0,0.0,0.0,0.0,0.0,0.0,16.35983092919898,0.0,7.3205984753327105,7.3205984753327105,0.0,0.0,0.0,0.0,0.0,0.0,0.0,14.915798961114621,22.236397436447334,22.236397436447334,0.0,0.0,0.0,0.0,0.0,0.0,0.0,0.0,34.20319142067397,0.0,10.26095742620219,6.840638284134794,22.027555568711346,0.0,0.0,0.0,0.0,0.0,0.0,32.2010237258107,12.880409490324281,9.66030711774321,22.027555568711346,0.0,0.0,0.0,0.0,0.0,0.0,0.0,23.104516626897713,0.0,0.0,0.0,0.0,0.0,0.0,0.0,0.0,0.0,0.0,8.578299091159804,0.0,0.0,0.0,0.0,0.0,0.0,0.0,0.0,0.0,0.0,8.187433156537377
9.84924623115578,0.0,0.4072934356509993,0.6516694970415989,0.0,0.0,0.0,0.0,0.0,0.0,0.0,0.0,1.6727480577387035,0.0,3.345496115477407,0.06605771273910838,0.0,0.0,0.0,0.0,0.0,0.19745266608890338,0.7898106643556135,0.0,0.0,0.06605771273910838,0.0,0.0,0.0,0.0,0.0,0.0,0.0,0.0,16.54868146682701,0.0,7.4107344989330635,7.4107344989330635,0.0,0.0,0.0,0.0,0.0,0.0,0.0,14.92713989286377,22.337874391796834,22.337874391796834,0.0,0.0,0.0,0.0,0.0,0.0,0.0,0.0,34.30932395312484,0.0,10.29279718593745,6.861864790624968,22.16894642308826,0.0,0.0,0.0,0.0,0.0,0.0,32.30746611821412,12.92298644728565,9.692239835464237,22.16894642308826,0.0,0.0,0.0,0.0,0.0,0.0,0.0,23.184092855613155,0.0,0.0,0.0,0.0,0.0,0.0,0.0,0.0,0.0,0.0,8.514786217959527,0.0,0.0,0.0,0.0,0.0,0.0,0.0,0.0,0.0,0.0,8.022191139482421
9.949748743718594,0.0,0.44186196109729875,0.706979137755678,0.0,0.0,0.0,0.0,0.0,0.0,0.0,0.0,1.5983631535813818,0.0,3.1967263071627636,0.058120268131523545,0.0,0.0,0.0,0.0,0.0,0.18181183669460857,0.7272473467784343,0.0,0.0,0.058120268131523545,0.0,0.0,0.0,0.0,0.0,0.0,0.0,0.0,16.712628770050824,0.0,7.488773139951026,7.488773139951026,0.0,0.0,0.0,0.0,0.0,0.0,0.0,14.93635589985894,22.425129039809967,22.425129039809967,0.0,0.0,0.0,0.0,0.0,0.0,0.0,0.0,34.40067909860511,0.0,10.320203729581532,6.880135819721023,22.29101467386977,0.0,0.0,0.0,0.0,0.0,0.0,32.399091032440744,12.959636412976298,9.719727309732223,22.29101467386977,0.0,0.0,0.0,0.0,0.0,0.0,0.0,23.252663881605393,0.0,0.0,0.0,0.0,0.0,0.0,0.0,0.0,0.0,0.0,8.459966265055137,0.0,0.0,0.0,0.0,0.0,0.0,0.0,0.0,0.0,0.0,7.878306751658564
10.050251256281408,0.0,0.4800640382752982,0.7681024612404772,0.0,0.0,0.0,0.0,0.0,0.0,0.0,0.0,1.5345698606818943,0.0,3.0691397213637885,0.05168174952882615,0.0,0.0,0.0,0.0,0.0,0.16839164789102884,0.6735665915641154,0.0,0.0,0.05168174952882615,0.0,0.0,0.0,0.0,0.0,0.0,0.0,0.0,16.853839371432702,0.0,7.555832176106601,7.555832176106601,0.0,0.0,0.0,0.0,0.0,0.0,0.0,14.943839619344647,22.49967179545125,22.49967179545125,0.0,0.0,0.0,0.0,0.0,0.0,0.0,0.0,34.478872526770424,0.0,10.343661758031127,6.895774505354085,22.395766991717952,0.0,0.0,0.0,0.0,0.0,0.0,32.47752224834094,12.991008899336377,9.743256674502282,22.395766991717952,0.0,0.0,0.0,0.0,0.0,0.0,0.0,23.31148937575295,0.0,0.0,0.0,0.0,0.0,0.0,0.0,0.0,0.0,0.0,8.412723377019443,0.0,0.0,0.0,0.0,0.0,0.0,0.0,0.0,0.0,0.0,7.753339368502895
10.150753768844222,0.0,0.5222195005413268,0.835551200866123,0.0,0.0,0.0,0.0,0.0,0.0,0.0,0.0,1.4806470727838645,0.0,2.961294145567729,0.046484097807181254,0.0,0.0,0.0,0.0,0.0,0.15697224092633824,0.627888963705353,0.0,0.0,0.046484097807181254,0.0,0.0,0.0,0.0,0.0,0.0,0.0,0.0,16.974078771520762,0.0,7.6128231520584535,7.6128231520584535,0.0,0.0,0.0,0.0,0.0,0.0,0.0,14.949899499762163,22.562722651820614,22.562722651820614,0.0,0.0,0.0,0.0,0.0,0.0,0.0,0.0,34.54521468803282,0.0,10.363564406409846,6.909042937606564,22.484842528900966,0.0,0.0,0.0,0.0,0.0,0.0,32.54407699004717,13.017630796018867,9.76322309701415,22.484842528900966,0.0,0.0,0.0,0.0,0.0,0.0,0.0,23.361592129449615,0.0,0.0,0.0,0.0,0.0,0.0,0.0,0.0,0.0,0.0,8.372194962958918,0.0,0.0,0.0,0.0,0.0,0.0,0.0,0.0,0.0,0.0,7.645353613891589
10.251256281407036,0.0,0.5686762984276207,0.9098820774841931,0.0,0.0,0.0,0.0,0.0,0.0,0.0,0.0,1.4360354695121753,0.0,2.8720709390243506,0.042326509833548395,0.0,0.0,0.0,0.0,0.0,0.1473727868571617,0.5894911474286468,0.0,0.0,0.042326509833548395,0.0,0.0,0.0,0.0,0.0,0.0,0.0,0.0,17.074747111391044,0.0,7.660471209339896,7.660471209339896,0.0,0.0,0.0,0.0,0.0,0.0,0.0,14.954777288676759,22.615248498016655,22.615248498016655,0.0,0.0,0.0,0.0,0.0,0.0,0.0,0.0,34.60074972547637,0.0,10.380224917642911,6.920149945095274,22.55955301446224,0.0,0.0,0.0,0.0,0.0,0.0,32.59980375201487,13.03992150080595,9.779941125604461,22.55955301446224,0.0,0.0,0.0,0.0,0.0,0.0,0.0,23.40378926728403,0.0,0.0,0.0,0.0,0.0,0.0,0.0,0.0,0.0,0.0,8.337700390173373,0.0,0.0,0.0,0.0,0.0,0.0,0.0,0.0,0.0,0.0,7.552796103594988
10.35175879396985,0.0,0.6198107864283003,0.9916972582852805,0.0,0.0,0.0,0.0,0.0,0.0,0.0,0.0,1.40033184826775,0.0,2.8006636965355,0.03905513570130521,0.0,0.0,0.0,0.0,0.0,0.13944957314802742,0.5577982925921097,0.0,0.0,0.03905513570130521,0.0,0.0,0.0,0.0,0.0,0.0,0.0,0.0,17.15690244713965,0.0,7.699327966522271,7.699327966522271,0.0,0.0,0.0,0.0,0.0,0.0,0.0,14.958659719693712,22.657987686215982,22.657987686215982,0.0,0.0,0.0,0.0,0.0,0.0,0.0,0.0,34.64628481326555,0.0,10.393885443979665,6.929256962653111,22.620916622957974,0.0,0.0,0.0,0.0,0.0,0.0,32.6455155940656,13.05820623762624,9.79365467821968,22.620916622957974,0.0,0.0,0.0,0.0,0.0,0.0,0.0,23.438727192377165,0.0,0.0,0.0,0.0,0.0,0.0,0.0,0.0,0.0,0.0,8.308701765281048,0.0,0.0,0.0,0.0,0.0,0.0,0.0,0.0,0.0,0.0,7.474425281096074
10.452261306532664,0.0,0.6760275345826658,1.0816440553322655,0.0,0.0,0.0,0.0,0.0,0.0,0.0,0.0,1.3732883966981622,0.0,2.7465767933963243,0.03655567885875344,0.0,0.0,0.0,0.0,0.0,0.13309541880148895,0.5323816752059558,0.0,0.0,0.03655567885875344,0.0,0.0,0.0,0.0,0.0,0.0,0.0,0.0,17.221274528271174,0.0,7.729780481715093,7.729780481715093,0.0,0.0,0.0,0.0,0.0,0.0,0.0,14.961688751173359,22.69146923288845,22.69146923288845,0.0,0.0,0.0,0.0,0.0,0.0,0.0,0.0,34.682412104282015,0.0,10.404723631284604,6.936482420856404,22.66967908082724,0.0,0.0,0.0,0.0,0.0,0.0,32.681808596046814,13.072723438418727,9.804542578814043,22.66967908082724,0.0,0.0,0.0,0.0,0.0,0.0,0.0,23.466890089097664,0.0,0.0,0.0,0.0,0.0,0.0,0.0,0.0,0.0,0.0,8.284783306133098,0.0,0.0,0.0,0.0,0.0,0.0,0.0,0.0,0.0,0.0,7.409276547997133
10.552763819095478,0.0,0.737758268731277,1.1804132299700434,0.0,0.0,0.0,0.0,0.0,0.0,0.0,0.0,1.35481665117387,0.0,2.70963330234774,0.03474845572621163,0.0,0.0,0.0,0.0,0.0,0.12824043643139502,0.5129617457255801,0.0,0.0,0.03474845572621163,0.0,0.0,0.0,0.0,0.0,0.0,0.0,0.0,17.268266823642247,0.0,7.752053772313311,7.752053772313311,0.0,0.0,0.0,0.0,0.0,0.0,0.0,14.963968014245753,22.716021786559065,22.716021786559065,0.0,0.0,0.0,0.0,0.0,0.0,0.0,0.0,34.709521591891345,0.0,10.412856477567404,6.94190431837827,22.70632776645155,0.0,0.0,0.0,0.0,0.0,0.0,32.709076249204315,13.083630499681727,9.812722874761294,22.70632776645155,0.0,0.0,0.0,0.0,0.0,0.0,0.0,23.488613428100926,0.0,0.0,0.0,0.0,0.0,0.0,0.0,0.0,0.0,0.0,8.265638588757257,0.0,0.0,0.0,0.0,0.0,0.0,0.0,0.0,0.0,0.0,7.356640727410964
10.653266331658292,0.0,0.8054593120687679,1.2887348993100287,0.0,0.0,0.0,0.0,0.0,0.0,0.0,0.0,1.3449962594537366,0.0,2.689992518907473,0.03358572493229959,0.0,0.0,0.0,0.0,0.0,0.12485434326018222,0.49941737304072886,0.0,0.0,0.03358572493229959,0.0,0.0,0.0,0.0,0.0,0.0,0.0,0.0,17.297949115926286,0.0,7.766208562954707,7.766208562954707,0.0,0.0,0.0,0.0,0.0,0.0,0.0,14.965567133436124,22.73177569639083,22.73177569639083,0.0,0.0,0.0,0.0,0.0,0.0,0.0,0.0,34.72779994530938,0.0,10.418339983592814,6.945559989061876,22.73108842514323,0.0,0.0,0.0,0.0,0.0,0.0,32.72751003654275,13.091004014617102,9.818253010962826,22.73108842514323,0.0,0.0,0.0,0.0,0.0,0.0,0.0,23.50409723593945,0.0,0.0,0.0,0.0,0.0,0.0,0.0,0.0,0.0,0.0,8.251062350376511,0.0,0.0,0.0,0.0,0.0,0.0,0.0,0.0,0.0,0.0,7.316051177264876
10.753768844221106,0.0,0.879607045707592,1.4073712731321473,0.0,0.0,0.0,0.0,0.0,0.0,0.0,0.0,1.344090961574602,0.0,2.688181923149204,0.03305150667812873,0.0,0.0,0.0,0.0,0.0,0.12295115294655692,0.4918046117862277,0.0,0.0,0.03305150667812873,0.0,0.0,0.0,0.0,0.0,0.0,0.0,0.0,17.31003635531493,0.0,7.772131959860699,7.772131959860699,0.0,0.0,0.0,0.0,0.0,0.0,0.0,14.966523467129747,22.738655426990448,22.738655426990448,0.0,0.0,0.0,0.0,0.0,0.0,0.0,0.0,34.73723481793097,0.0,10.42117044537929,6.947446963586194,22.743927064132585,0.0,0.0,0.0,0.0,0.0,0.0,32.73710066926863,13.094840267707452,9.821130200780589,22.743927064132585,0.0,0.0,0.0,0.0,0.0,0.0,0.0,23.513395111638612,0.0,0.0,0.0,0.0,0.0,0.0,0.0,0.0,0.0,0.0,8.240949548161455,0.0,0.0,0.0,0.0,0.0,0.0,0.0,0.0,0.0,0.0,7.287287054515865
10.85427135678392,0.0,0.9606903036698788,1.5371044858718061,0.0,0.0,0.0,0.0,0.0,0.0,0.0,0.0,1.3525724497597063,0.0,2.7051448995194125,0.03316420932193563,0.0,0.0,0.0,0.0,0.0,0.12259679445573314,0.49038717782293256,0.0,0.0,0.03316420932193563,0.0,0.0,0.0,0.0,0.0,0.0,0.0,0.0,17.303853826243664,0.0,7.769521113537688,7.769521113537688,0.0,0.0,0.0,0.0,0.0,0.0,0.0,14.96684147465105,22.736362588188737,22.736362588188737,0.0,0.0,0.0,0.0,0.0,0.0,0.0,0.0,34.73759746596799,0.0,10.421279239790396,6.947519493193598,22.744527456447976,0.0,0.0,0.0,0.0,0.0,0.0,32.73762308796761,13.095049235187046,9.821286926390284,22.744527456447976,0.0,0.0,0.0,0.0,0.0,0.0,0.0,23.516410538866698,0.0,0.0,0.0,0.0,0.0,0.0,0.0,0.0,0.0,0.0,8.235297324221856,0.0,0.0,0.0,0.0,0.0,0.0,0.0,0.0,0.0,0.0,7.270383229188904
10.954773869346734,0.0,1.0491982446167945,1.6787171913868713,0.0,0.0,0.0,0.0,0.0,0.0,0.0,0.0,1.3711546862556099,0.0,2.7423093725112198,0.033982945328841635,0.0,0.0,0.0,0.0,0.0,0.12392090283279153,0.4956836113311661,0.0,0.0,0.033982945328841635,0.0,0.0,0.0,0.0,0.0,0.0,0.0,0.0,17.27828413862379,0.0,7.757857365979554,7.757857365979554,0.0,0.0,0.0,0.0,0.0,0.0,0.0,14.96648877040917,22.724346136388725,22.724346136388725,0.0,0.0,0.0,0.0,0.0,0.0,0.0,0.0,34.728410889288035,0.0,10.41852326678641,6.945682177857607,22.732249421008518,0.0,0.0,0.0,0.0,0.0,0.0,32.72860582863622,13.091442331454488,9.818581748590866,22.732249421008518,0.0,0.0,0.0,0.0,0.0,0.0,0.0,23.51289221606797,0.0,0.0,0.0,0.0,0.0,0.0,0.0,0.0,0.0,0.0,8.234211161579685,0.0,0.0,0.0,0.0,0.0,0.0,0.0,0.0,0.0,0.0,7.265650542247342
11.055276381909549,0.0,1.1456015940859066,1.8329625505374505,0.0,0.0,0.0,0.0,0.0,0.0,0.0,0.0,1.4008427249800603,0.0,2.8016854499601207,0.03561915004280234,0.0,0.0,0.0,0.0,0.0,0.12713472186290342,0.5085388874516137,0.0,0.0,0.03561915004280234,0.0,0.0,0.0,0.0,0.0,0.0,0.0,0.0,17.23169038452445,0.0,7.736367918280239,7.736367918280239,0.0,0.0,0.0,0.0,0.0,0.0,0.0,14.96538789026403,22.70175580854427,22.70175580854427,0.0,0.0,0.0,0.0,0.0,0.0,0.0,0.0,34.70891751456217,0.0,10.412675254368649,6.9417835029124335,22.70608542360573,0.0,0.0,0.0,0.0,0.0,0.0,32.70929641363688,13.083718565454753,9.812788924091063,22.70608542360573,0.0,0.0,0.0,0.0,0.0,0.0,0.0,23.502397913759758,0.0,0.0,0.0,0.0,0.0,0.0,0.0,0.0,0.0,0.0,8.237919515956717,0.0,0.0,0.0,0.0,0.0,0.0,0.0,0.0,0.0,0.0,7.273717040923774
11.155778894472363,0.0,1.250324039088595,2.000518462541752,0.0,0.0,0.0,0.0,0.0,0.0,0.0,0.0,1.4430000215886123,0.0,2.8860000431772246,0.038256106157609535,0.0,0.0,0.0,0.0,0.0,0.13255753841047427,0.5302301536418971,0.0,0.0,0.038256106157609535,0.0,0.0,0.0,0.0,0.0,0.0,0.0,0.0,17.161809814931377,0.0,7.703971736693504,7.703971736693504,0.0,0.0,0.0,0.0,0.0,0.0,0.0,14.963401917340866,22.66737365403437,22.66737365403437,0.0,0.0,0.0,0.0,0.0,0.0,0.0,0.0,34.67801270114532,0.0,10.403403810343596,6.935602540229064,22.66457641890192,0.0,0.0,0.0,0.0,0.0,0.0,32.67859755145855,13.071439020583421,9.803579265437564,22.66457641890192,0.0,0.0,0.0,0.0,0.0,0.0,0.0,23.48426529027278,0.0,0.0,0.0,0.0,0.0,0.0,0.0,0.0,0.0,0.0,8.24679410075577,0.0,0.0,0.0,0.0,0.0,0.0,0.0,0.0,0.0,0.0,7.295584201795305
11.256281407035177,0.0,1.3636988885709171,2.1819182217134676,0.0,0.0,0.0,0.0,0.0,0.0,0.0,0.0,1.4994432133028222,0.0,2.9988864266056443,0.0421811783635258,0.0,0.0,0.0,0.0,0.0,0.14065613818949954,0.5626245527579982,0.0,0.0,0.0421811783635258,0.0,0.0,0.0,0.0,0.0,0.0,0.0,0.0,17.06560508023011,0.0,7.659202423489278,7.659202423489278,0.0,0.0,0.0,0.0,0.0,0.0,0.0,14.960310299539646,22.619512723028926,22.619512723028926,0.0,0.0,0.0,0.0,0.0,0.0,0.0,0.0,34.634157894905464,0.0,10.39024736847164,6.926831578981093,22.60569891965992,0.0,0.0,0.0,0.0,0.0,0.0,32.63497699042528,13.053990796170112,9.790493097127584,22.60569891965992,0.0,0.0,0.0,0.0,0.0,0.0,0.0,23.457556021906804,0.0,0.0,0.0,0.0,0.0,0.0,0.0,0.0,0.0,0.0,8.261381934949721,0.0,0.0,0.0,0.0,0.0,0.0,0.0,0.0,0.0,0.0,7.33271378241657
11.35678391959799,0.0,1.485903958620568,2.377446333792909,0.0,0.0,0.0,0.0,0.0,0.0,0.0,0.0,1.5725754227082676,0.0,3.145150845416535,0.047838771136007596,0.0,0.0,0.0,0.0,0.0,0.15210326463585552,0.6084130585434221,0.0,0.0,0.047838771136007596,0.0,0.0,0.0,0.0,0.0,0.0,0.0,0.0,16.939057641131306,0.0,7.600099106167221,7.600099106167221,0.0,0.0,0.0,0.0,0.0,0.0,0.0,14.955769219244546,22.555868325411765,22.555868325411765,0.0,0.0,0.0,0.0,0.0,0.0,0.0,0.0,34.57524271119315,0.0,10.372572813357944,6.91504854223863,22.52669710156156,0.0,0.0,0.0,0.0,0.0,0.0,32.5763397956841,13.03053591827364,9.77290193870523,22.52669710156156,0.0,0.0,0.0,0.0,0.0,0.0,0.0,23.420975910906705,0.0,0.0,0.0,0.0,0.0,0.0,0.0,0.0,0.0,0.0,8.282452437410239,0.0,0.0,0.0,0.0,0.0,0.0,0.0,0.0,0.0,0.0,7.387153885216636
11.457286432160805,0.0,1.6168635606509627,2.5869816970415407,0.0,0.0,0.0,0.0,0.0,0.0,0.0,0.0,1.6655777585619076,0.0,3.331155517123815,0.055918400481581254,0.0,0.0,0.0,0.0,0.0,0.16786487509854325,0.671459500394173,0.0,0.0,0.055918400481581254,0.0,0.0,0.0,0.0,0.0,0.0,0.0,0.0,16.77687716440909,0.0,7.52404987440398,7.52404987440398,0.0,0.0,0.0,0.0,0.0,0.0,0.0,14.949245918792917,22.473295793196897,22.473295793196897,0.0,0.0,0.0,0.0,0.0,0.0,0.0,0.0,34.49839437135725,0.0,10.349518311407175,6.8996788742714505,22.423835398835532,0.0,0.0,0.0,0.0,0.0,0.0,32.49982471278898,12.999929885115591,9.749947413836693,22.423835398835532,0.0,0.0,0.0,0.0,0.0,0.0,0.0,23.372762814492454,0.0,0.0,0.0,0.0,0.0,0.0,0.0,0.0,0.0,0.0,8.311066823909629,0.0,0.0,0.0,0.0,0.0,0.0,0.0,0.0,0.0,0.0,7.461724830813479
11.557788944723619,0.0,1.7561014072441863,2.809762251590698,0.0,0.0,0.0,0.0,0.0,0.0,0.0,0.0,1.7826895156052383,0.0,3.5653790312104765,0.06750344164445483,0.0,0.0,0.0,0.0,0.0,0.18933033782255917,0.7573213512902367,0.0,0.0,0.06750344164445483,0.0,0.0,0.0,0.0,0.0,0.0,0.0,0.0,16.572086838900887,0.0,7.427563998064693,7.427563998064693,0.0,0.0,0.0,0.0,0.0,0.0,0.0,14.939908836404403,22.367472834469098,22.367472834469098,0.0,0.0,0.0,0.0,0.0,0.0,0.0,0.0,34.39967228407898,0.0,10.319901685223694,6.879934456815796,22.292030577382725,0.0,0.0,0.0,0.0,0.0,0.0,32.40151591167923,12.960606364671694,9.72045477350377,22.292030577382725,0.0,0.0,0.0,0.0,0.0,0.0,0.0,23.31050948585655,0.0,0.0,0.0,0.0,0.0,0.0,0.0,0.0,0.0,0.0,8.348682986872225,0.0,0.0,0.0,0.0,0.0,0.0,0.0,0.0,0.0,0.0,7.560297706744867
11.658291457286433,0.0,1.9025204355514294,3.044032696882287,0.0,0.0,0.0,0.0,0.0,0.0,0.0,0.0,1.9296277734564307,0.0,3.8592555469128613,0.08432715823788073,0.0,0.0,0.0,0.0,0.0,0.21850628239774544,0.8740251295909818,0.0,0.0,0.08432715823788073,0.0,0.0,0.0,0.0,0.0,0.0,0.0,0.0,16.31542220330256,0.0,7.3059353233563495,7.3059353233563495,0.0,0.0,0.0,0.0,0.0,0.0,0.0,14.92644042002886,22.23237574338521,22.23237574338521,0.0,0.0,0.0,0.0,0.0,0.0,0.0,0.0,34.27361642714796,0.0,10.282084928144387,6.854723285429592,22.12429455863163,0.0,0.0,0.0,0.0,0.0,0.0,32.27598494845015,12.91039397938006,9.682795484535045,22.12429455863163,0.0,0.0,0.0,0.0,0.0,0.0,0.0,23.23089766385142,0.0,0.0,0.0,0.0,0.0,0.0,0.0,0.0,0.0,0.0,8.397315437518289,0.0,0.0,0.0,0.0,0.0,0.0,0.0,0.0,0.0,0.0,7.688219321244005
11.758793969849247,0.0,2.0540759096327994,3.2865214554124793,0.0,0.0,0.0,0.0,0.0,0.0,0.0,0.0,2.1142297152174465,0.0,4.228459430434893,0.1092219635991497,0.0,0.0,0.0,0.0,0.0,0.2583020255864588,1.0332081023458353,0.0,0.0,0.1092219635991497,0.0,0.0,0.0,0.0,0.0,0.0,0.0,0.0,15.994445650642685,0.0,7.152738037074837,7.152738037074837,0.0,0.0,0.0,0.0,0.0,0.0,0.0,14.906712395265014,22.05945043233985,22.05945043233985,0.0,0.0,0.0,0.0,0.0,0.0,0.0,0.0,34.11252245270508,0.0,10.233756735811523,6.822504490541016,21.91086712073252,0.0,0.0,0.0,0.0,0.0,0.0,32.115577426311106,12.846230970524443,9.634673227893332,21.91086712073252,0.0,0.0,0.0,0.0,0.0,0.0,0.0,23.129288789983235,0.0,0.0,0.0,0.0,0.0,0.0,0.0,0.0,0.0,0.0,8.459784395680918,0.0,0.0,0.0,0.0,0.0,0.0,0.0,0.0,0.0,0.0,7.852972132045587
11.859296482412061,0.0,2.2072986688324705,3.531677870131953,0.0,0.0,0.0,0.0,0.0,0.0,0.0,0.0,2.3474528930871044,0.0,4.694905786174209,0.14692181853586891,0.0,0.0,0.0,0.0,0.0,0.31293880053681067,1.2517552021472427,0.0,0.0,0.14692181853586891,0.0,0.0,0.0,0.0,0.0,0.0,0.0,0.0,15.592230852581379,0.0,6.959067950852846,6.959067950852846,0.0,0.0,0.0,0.0,0.0,0.0,0.0,14.877212496933444,21.83628044778629,21.83628044778629,0.0,0.0,0.0,0.0,0.0,0.0,0.0,0.0,33.90529189905801,0.0,10.171587569717401,6.7810583798116015,21.63786592141915,0.0,0.0,0.0,0.0,0.0,0.0,31.909275380726502,12.763710152290601,9.57278261421795,21.63786592141915,0.0,0.0,0.0,0.0,0.0,0.0,0.0,22.999074012331622,0.0,0.0,0.0,0.0,0.0,0.0,0.0,0.0,0.0,0.0,8.540113101857944,0.0,0.0,0.0,0.0,0.0,0.0,0.0,0.0,0.0,0.0,8.065224118936625
11.959798994974875,0.0,2.3566250565660893,3.7706000905057433,0.0,0.0,0.0,0.0,0.0,0.0,0.0,0.0,2.644940853620937,0.0,5.289881707241874,0.20551400326702135,0.0,0.0,0.0,0.0,0.0,0.38850396784047486,1.5540158713618994,0.0,0.0,0.20551400326702135,0.0,0.0,0.0,0.0,0.0,0.0,0.0,0.0,15.085425050351915,0.0,6.712418867365259,6.712418867365259,0.0,0.0,0.0,0.0,0.0,0.0,0.0,14.832017979740144,21.544436847105402,21.544436847105402,0.0,0.0,0.0,0.0,0.0,0.0,0.0,0.0,33.63560912367712,0.0,10.090682737103135,6.727121824735424,21.28520317407369,0.0,0.0,0.0,0.0,0.0,0.0,31.640876631382888,12.656350652553156,9.492262989414867,21.28520317407369,0.0,0.0,0.0,0.0,0.0,0.0,0.0,22.83062925972282,0.0,0.0,0.0,0.0,0.0,0.0,0.0,0.0,0.0,0.0,8.644173290813557,0.0,0.0,0.0,0.0,0.0,0.0,0.0,0.0,0.0,0.0,8.340526834851014
12.06030150753769,0.0,2.493524127177111,3.9896386034833777,0.0,0.0,0.0,0.0,0.0,0.0,0.0,0.0,3.0294255498882974,0.0,6.058851099776595,0.29907240550469766,0.0,0.0,0.0,0.0,0.0,0.4936124037042686,1.9744496148170745,0.0,0.0,0.29907240550469766,0.0,0.0,0.0,0.0,0.0,0.0,0.0,0.0,14.441521162578619,0.0,6.395117797183771,6.395117797183771,0.0,0.0,0.0,0.0,0.0,0.0,0.0,14.76095148424075,21.15606928142452,21.15606928142452,0.0,0.0,0.0,0.0,0.0,0.0,0.0,0.0,33.27898567329137,0.0,9.983695701987411,6.655797134658275,20.823397143130173,0.0,0.0,0.0,0.0,0.0,0.0,31.28610551348978,12.514442205395913,9.385831654046934,20.823397143130173,0.0,0.0,0.0,0.0,0.0,0.0,0.0,22.60970920703402,0.0,0.0,0.0,0.0,0.0,0.0,0.0,0.0,0.0,0.0,8.780731799916381,0.0,0.0,0.0,0.0,0.0,0.0,0.0,0.0,0.0,0.0,8.702041302819982
12.160804020100503,0.0,2.6055372732030957,4.168859637124953,0.0,0.0,0.0,0.0,0.0,0.0,0.0,0.0,3.5341609277177293,0.0,7.0683218554354585,0.45234523775727953,0.0,0.0,0.0,0.0,0.0,0.6399612906837727,2.559845162735091,0.0,0.0,0.45234523775727953,0.0,0.0,0.0,0.0,0.0,0.0,0.0,0.0,13.615522663211362,0.0,5.982514939670825,5.982514939670825,0.0,0.0,0.0,0.0,0.0,0.0,0.0,14.646309920552074,20.6288248602229,20.6288248602229,0.0,0.0,0.0,0.0,0.0,0.0,0.0,0.0,32.79843477021846,0.0,9.839530431065539,6.559686954043693,20.20928431819186,0.0,0.0,0.0,0.0,0.0,0.0,30.80830603621096,12.323322414484386,9.242491810863289,20.20928431819186,0.0,0.0,0.0,0.0,0.0,0.0,0.0,22.31497448788298,0.0,0.0,0.0,0.0,0.0,0.0,0.0,0.0,0.0,0.0,8.963138933533802,0.0,0.0,0.0,0.0,0.0,0.0,0.0,0.0,0.0,0.0,9.184839517622686
12.261306532663317,0.0,2.675662484794772,4.281059975671635,0.0,0.0,0.0,0.0,0.0,0.0,0.0,0.0,4.206905610435627,0.0,8.413811220871255,0.7085753001449762,0.0,0.0,0.0,0.0,0.0,0.8421573547874334,3.3686294191497335,0.0,0.0,0.7085753001449762,0.0,0.0,0.0,0.0,0.0,0.0,0.0,0.0,12.547543813504875,0.0,5.442135433715557,5.442135433715557,0.0,0.0,0.0,0.0,0.0,0.0,0.0,14.457372466947694,19.899507900663252,19.899507900663252,0.0,0.0,0.0,0.0,0.0,0.0,0.0,0.0,32.13884186902151,0.0,9.641652560706452,6.4277683738043025,19.381587869881265,0.0,0.0,0.0,0.0,0.0,0.0,30.15290337602845,12.061161350411382,9.045871012808535,19.381587869881265,0.0,0.0,0.0,0.0,0.0,0.0,0.0,21.914747085309195,0.0,0.0,0.0,0.0,0.0,0.0,0.0,0.0,0.0,0.0,9.211874035693347,0.0,0.0,0.0,0.0,0.0,0.0,0.0,0.0,0.0,0.0,9.842020317954809
12.361809045226131,0.0,2.683112049534898,4.292979279255837,0.0,0.0,0.0,0.0,0.0,0.0,0.0,0.0,5.111528346895344,0.0,10.223056693790689,1.1403797103316282,0.0,0.0,0.0,0.0,0.0,1.115497785534414,4.461991142137656,0.0,0.0,1.1403797103316282,0.0,0.0,0.0,0.0,0.0,0.0,0.0,0.0,11.166805351597604,0.0,4.7377840344713045,4.7377840344713045,0.0,0.0,0.0,0.0,0.0,0.0,0.0,14.142463265895717,18.88024730036702,18.88024730036702,0.0,0.0,0.0,0.0,0.0,0.0,0.0,0.0,31.2228274270366,0.0,9.36684822811098,6.24456548540732,18.261188448810323,0.0,0.0,0.0,0.0,0.0,0.0,29.243329246020686,11.697331698408275,8.772998773806206,18.261188448810323,0.0,0.0,0.0,0.0,0.0,0.0,0.0,21.364135628801375,0.0,0.0,0.0,0.0,0.0,0.0,0.0,0.0,0.0,0.0,9.557778207151975,0.0,0.0,0.0,0.0,0.0,0.0,0.0,0.0,0.0,0.0,10.751064474294852
12.462311557788945,0.0,2.607132629135014,4.171412206616022,0.0,0.0,0.0,0.0,0.0,0.0,0.0,0.0,6.318313194545162,0.0,12.636626389090324,1.8573353670173676,0.0,0.0,0.0,0.0,0.0,1.469803181504895,5.87921272601958,0.0,0.0,1.8573353670173676,0.0,0.0,0.0,0.0,0.0,0.0,0.0,0.0,9.41541383645361,0.0,3.8477045096002067,3.8477045096002067,0.0,0.0,0.0,0.0,0.0,0.0,0.0,13.62200527926901,17.469709788869217,17.469709788869217,0.0,0.0,0.0,0.0,0.0,0.0,0.0,0.0,29.957559064759018,0.0,8.987267719427704,5.991511812951804,16.768898887082663,0.0,0.0,0.0,0.0,0.0,0.0,27.987759034094644,11.195103613637858,8.396327710228393,16.768898887082663,0.0,0.0,0.0,0.0,0.0,0.0,0.0,20.606988421859835,0.0,0.0,0.0,0.0,0.0,0.0,0.0,0.0,0.0,0.0,10.04408732551327,0.0,0.0,0.0,0.0,0.0,0.0,0.0,0.0,0.0,0.0,12.012166406275032
12.56281407035176,0.0,2.4351748236996493,3.8962797179194393,0.0,0.0,0.0,0.0,0.0,0.0,0.0,0.0,7.866403831149362,0.0,15.732807662298724,2.9869485470686956,0.0,0.0,0.0,0.0,0.0,1.8985476789540003,7.594190715816001,0.0,0.0,2.9869485470686956,0.0,0.0,0.0,0.0,0.0,0.0,0.0,0.0,7.311105956361089,0.0,2.8067304408058127,2.8067304408058127,0.0,0.0,0.0,0.0,0.0,0.0,0.0,12.796652369508214,15.603382810314027,15.603382810314027,0.0,0.0,0.0,0.0,0.0,0.0,0.0,0.0,28.2718293392903,0.0,8.48154880178709,5.65436586785806,14.879835485359411,0.0,0.0,0.0,0.0,0.0,0.0,26.315657375379686,10.526262950151875,7.894697212613906,14.879835485359411,0.0,0.0,0.0,0.0,0.0,0.0,0.0,19.59252023292187,0.0,0.0,0.0,0.0,0.0,0.0,0.0,0.0,0.0,0.0,10.720950045346209,0.0,0.0,0.0,0.0,0.0,0.0,0.0,0.0,0.0,0.0,13.715702321822171
12.663316582914574,0.0,2.1733074080889776,3.4772918529423644,0.0,0.0,0.0,0.0,0.0,0.0,0.0,0.0,9.691539021418228,0.0,19.383078042836456,4.589374167404439,0.0,0.0,0.0,0.0,0.0,2.367722070386322,9.470888281545289,0.0,0.0,4.589374167404439,0.0,0.0,0.0,0.0,0.0,0.0,0.0,0.0,5.039891486838656,0.0,1.7534665670429324,1.7534665670429324,0.0,0.0,0.0,0.0,0.0,0.0,0.0,11.597250798104117,13.35071736514705,13.35071736514705,0.0,0.0,0.0,0.0,0.0,0.0,0.0,0.0,26.19459146173031,0.0,7.858377438519093,5.238918292346063,12.707021477097149,0.0,0.0,0.0,0.0,0.0,0.0,24.25504802329483,9.702019209317932,7.276514406988449,12.707021477097149,0.0,0.0,0.0,0.0,0.0,0.0,0.0,18.31518202444738,0.0,0.0,0.0,0.0,0.0,0.0,0.0,0.0,0.0,0.0,11.620849372005758,0.0,0.0,0.0,0.0,0.0,0.0,0.0,0.0,0.0,0.0,15.85085161619692
12.763819095477388,0.0,1.85112492012349,2.9617998721975844,0.0,0.0,0.0,0.0,0.0,0.0,0.0,0.0,11.569546995137848,0.0,23.139093990275697,6.515675273202925,0.0,0.0,0.0,0.0,0.0,2.815873117565089,11.263492470260356,0.0,0.0,6.515675273202925,0.0,0.0,0.0,0.0,0.0,0.0,0.0,0.0,2.973377765493052,0.0,0.8990168412323392,0.8990168412323392,0.0,0.0,0.0,0.0,0.0,0.0,0.0,10.078513530590264,10.977530371822603,10.977530371822603,0.0,0.0,0.0,0.0,0.0,0.0,0.0,0.0,23.921660229590586,0.0,7.176498068877176,4.784332045918117,10.524583040664405,0.0,0.0,0.0,0.0,0.0,0.0,21.998019660118988,8.799207864047595,6.599405898035696,10.524583040664405,0.0,0.0,0.0,0.0,0.0,0.0,0.0,16.858374779743837,0.0,0.0,0.0,0.0,0.0,0.0,0.0,0.0,0.0,0.0,12.712895751293498,0.0,0.0,0.0,0.0,0.0,0.0,0.0,0.0,0.0,0.0,18.199775619846772
12.864321608040202,0.0,1.5133101916123488,2.4212963065797584,0.0,0.0,0.0,0.0,0.0,0.0,0.0,0.0,13.174957255530517,0.0,26.349914511061034,8.362908040365134,0.0,0.0,0.0,0.0,0.0,3.173789439375447,12.695157757501788,0.0,0.0,8.362908040365134,0.0,0.0,0.0,0.0,0.0,0.0,0.0,0.0,1.4737671996553923,0.0,0.37432790414697265,0.37432790414697265,0.0,0.0,0.0,0.0,0.0,0.0,0.0,8.46646390815096,8.840791812297933,8.840791812297933,0.0,0.0,0.0,0.0,0.0,0.0,0.0,0.0,21.759688802815383,0.0,6.5279066408446145,4.351937760563077,8.636757775100572,0.0,0.0,0.0,0.0,0.0,0.0,19.845775032368802,7.938310012947522,5.95373250971064,8.636757775100572,0.0,0.0,0.0,0.0,0.0,0.0,0.0,15.385406364897927,0.0,0.0,0.0,0.0,0.0,0.0,0.0,0.0,0.0,0.0,13.875565497317616,0.0,0.0,0.0,0.0,0.0,0.0,0.0,0.0,0.0,0.0,20.38957045846576
12.964824120603016,0.0,1.201443278333581,1.9223092453337298,0.0,0.0,0.0,0.0,0.0,0.0,0.0,0.0,14.245614875651462,0.0,28.491229751302924,9.668693716480675,0.0,0.0,0.0,0.0,0.0,3.393568407147648,13.574273628590593,0.0,0.0,9.668693716480675,0.0,0.0,0.0,0.0,0.0,0.0,0.0,0.0,0.6257488774343137,0.0,0.13249611235316816,0.13249611235316816,0.0,0.0,0.0,0.0,0.0,0.0,0.0,7.058002399536949,7.190498511890118,7.190498511890118,0.0,0.0,0.0,0.0,0.0,0.0,0.0,0.0,19.966574852707755,0.0,5.989972455812326,3.993314970541551,7.208819035537147,0.0,0.0,0.0,0.0,0.0,0.0,18.052217490271065,7.220886996108426,5.41566524708132,7.208819035537147,0.0,0.0,0.0,0.0,0.0,0.0,0.0,14.063455931207201,0.0,0.0,0.0,0.0,0.0,0.0,0.0,0.0,0.0,0.0,14.943357084283935,0.0,0.0,0.0,0.0,0.0,0.0,0.0,0.0,0.0,0.0,22.128975922350413
13.06532663316583,0.0,0.9400750569418531,1.504120091106965,0.0,0.0,0.0,0.0,0.0,0.0,0.0,0.0,14.694748952039458,0.0,29.389497904078915,10.1818477669322,0.0,0.0,0.0,0.0,0.0,3.464451077103661,13.857804308414645,0.0,0.0,10.1818477669322,0.0,0.0,0.0,0.0,0.0,0.0,0.0,0.0,0.24212201144688372,0.0,0.0440293053130925,0.0440293053130925,0.0,0.0,0.0,0.0,0.0,0.0,0.0,6.061586477272372,6.105615782585464,6.105615782585464,0.0,0.0,0.0,0.0,0.0,0.0,0.0,0.0,18.66364432318362,0.0,5.599093296955086,3.7327288646367247,6.247758184940052,0.0,0.0,0.0,0.0,0.0,0.0,16.737776601269683,6.695110640507874,5.021332980380905,6.247758184940052,0.0,0.0,0.0,0.0,0.0,0.0,0.0,12.998063050286728,0.0,0.0,0.0,0.0,0.0,0.0,0.0,0.0,0.0,0.0,15.792901123442727,0.0,0.0,0.0,0.0,0.0,0.0,0.0,0.0,0.0,0.0,23.341321979963567
13.165829145728644,0.0,0.7352675349885699,1.176428055981712,0.0,0.0,0.0,0.0,0.0,0.0,0.0,0.0,14.590917031537469,0.0,29.181834063074938,9.941561506645387,0.0,0.0,0.0,0.0,0.0,3.40676377130966,13.62705508523864,0.0,0.0,9.941561506645387,0.0,0.0,0.0,0.0,0.0,0.0,0.0,0.0,0.09298307100359413,0.0,0.015475628632659647,0.015475628632659647,0.0,0.0,0.0,0.0,0.0,0.0,0.0,5.547830182285354,5.563305810918014,5.563305810918014,0.0,0.0,0.0,0.0,0.0,0.0,0.0,0.0,17.86852799118621,0.0,5.360558397355862,3.573705598237242,5.689887139297477,0.0,0.0,0.0,0.0,0.0,0.0,15.921532937979164,6.3686131751916655,4.776459881393749,5.689887139297477,0.0,0.0,0.0,0.0,0.0,0.0,0.0,12.230159462729324,0.0,0.0,0.0,0.0,0.0,0.0,0.0,0.0,0.0,0.0,16.37668685492404,0.0,0.0,0.0,0.0,0.0,0.0,0.0,0.0,0.0,0.0,24.086507197184854
13.266331658291458,0.0,0.5813382922150804,0.9301412675441286,0.0,0.0,0.0,0.0,0.0,0.0,0.0,0.0,14.075743466049921,0.0,28.151486932099843,9.1638277620881,0.0,0.0,0.0,0.0,0.0,3.255184276479197,13.020737105916789,0.0,0.0,9.1638277620881,0.0,0.0,0.0,0.0,0.0,0.0,0.0,0.0,0.038460843018394454,0.0,0.0063527654428055125,0.0063527654428055125,0.0,0.0,0.0,0.0,0.0,0.0,0.0,5.505829604209152,5.512182369651958,5.512182369651958,0.0,0.0,0.0,0.0,0.0,0.0,0.0,0.0,17.55720772737706,0.0,5.267162318213118,3.5114415454754124,5.471610679381446,0.0,0.0,0.0,0.0,0.0,0.0,15.582234841504809,6.232893936601924,4.674670452451442,5.471610679381446,0.0,0.0,0.0,0.0,0.0,0.0,0.0,11.765623779439597,0.0,0.0,0.0,0.0,0.0,0.0,0.0,0.0,0.0,0.0,16.697450697131522,0.0,0.0,0.0,0.0,0.0,0.0,0.0,0.0,0.0,0.0,24.449330714323324
13.366834170854272,0.0,0.46820029907887545,0.7491204785262008,0.0,0.0,0.0,0.0,0.0,0.0,0.0,0.0,13.296574121589186,0.0,26.593148243178373,8.096829982505083,0.0,0.0,0.0,0.0,0.0,3.044705315995096,12.178821263980383,0.0,0.0,8.096829982505083,0.0,0.0,0.0,0.0,0.0,0.0,0.0,0.0,0.018223468267812626,0.0,0.0032251537027360145,0.0032251537027360145,0.0,0.0,0.0,0.0,0.0,0.0,0.0,5.899268012248567,5.902493165951303,5.902493165951303,0.0,0.0,0.0,0.0,0.0,0.0,0.0,0.0,17.700102055830495,0.0,5.310030616749148,3.540020411166099,5.5557076284020015,0.0,0.0,0.0,0.0,0.0,0.0,15.693998856271921,6.277599542508769,4.708199656881576,5.5557076284020015,0.0,0.0,0.0,0.0,0.0,0.0,0.0,11.60098903709242,0.0,0.0,0.0,0.0,0.0,0.0,0.0,0.0,0.0,0.0,16.774397277079732,0.0,0.0,0.0,0.0,0.0,0.0,0.0,0.0,0.0,0.0,24.489084010445467
13.467336683417086,0.0,0.38581115945846073,0.6172978551335372,0.0,0.0,0.0,0.0,0.0,0.0,0.0,0.0,12.374354283789968,0.0,24.748708567579936,6.938955220748089,0.0,0.0,0.0,0.0,0.0,2.803764568886601,11.215058275546404,0.0,0.0,6.938955220748089,0.0,0.0,0.0,0.0,0.0,0.0,0.0,0.0,0.010276200074716508,0.0,0.002056677398712379,0.002056677398712379,0.0,0.0,0.0,0.0,0.0,0.0,0.0,6.671329167586677,6.67338584498539,6.67338584498539,0.0,0.0,0.0,0.0,0.0,0.0,0.0,0.0,18.262584893902293,0.0,5.478775468170688,3.652516978780459,5.927009205126495,0.0,0.0,0.0,0.0,0.0,0.0,16.227191384899374,6.49087655395975,4.868157415469812,5.927009205126495,0.0,0.0,0.0,0.0,0.0,0.0,0.0,11.73330693488127,0.0,0.0,0.0,0.0,0.0,0.0,0.0,0.0,0.0,0.0,16.628485185654654,0.0,0.0,0.0,0.0,0.0,0.0,0.0,0.0,0.0,0.0,24.235110701773827
13.5678391959799,0.0,0.3259224346356445,0.5214758954170312,0.0,0.0,0.0,0.0,0.0,0.0,0.0,0.0,11.396433597385563,0.0,22.792867194771127,5.818493503422854,0.0,0.0,0.0,0.0,0.0,2.552769449188764,10.211077796755056,0.0,0.0,5.818493503422854,0.0,0.0,0.0,0.0,0.0,0.0,0.0,0.0,0.007026181141467967,0.0,0.0016268761760688786,0.0016268761760688786,0.0,0.0,0.0,0.0,0.0,0.0,0.0,7.718162224555545,7.719789100731614,7.719789100731614,0.0,0.0,0.0,0.0,0.0,0.0,0.0,0.0,19.17535723701625,0.0,5.7526071711048745,3.83507144740325,6.565171591736734,0.0,0.0,0.0,0.0,0.0,0.0,17.118772575103,6.847509030041201,5.135631772530901,6.565171591736734,0.0,0.0,0.0,0.0,0.0,0.0,0.0,12.150693657557238,0.0,0.0,0.0,0.0,0.0,0.0,0.0,0.0,0.0,0.0,16.287992975347684,0.0,0.0,0.0,0.0,0.0,0.0,0.0,0.0,0.0,0.0,23.708250215628006
13.668341708542714,0.0,0.2823407425727198,0.45174518811635167,0.0,0.0,0.0,0.0,0.0,0.0,0.0,0.0,10.420727266473572,0.0,20.841454532947143,4.804267588507545,0.0,0.0,0.0,0.0,0.0,2.3051498545424143,9.220599418169657,0.0,0.0,4.804267588507545,0.0,0.0,0.0,0.0,0.0,0.0,0.0,0.0,0.00585193517367988,0.0,0.001559791006058101,0.001559791006058101,0.0,0.0,0.0,0.0,0.0,0.0,0.0,8.88475897154807,8.886318762554128,8.886318762554128,0.0,0.0,0.0,0.0,0.0,0.0,0.0,0.0,20.3065839308029,0.0,6.09197517924087,4.061316786160581,7.408550503173741,0.0,0.0,0.0,0.0,0.0,0.0,18.24174496414379,7.2966979856575165,5.472523489243137,7.408550503173741,0.0,0.0,0.0,0.0,0.0,0.0,0.0,12.807408884716011,0.0,0.0,0.0,0.0,0.0,0.0,0.0,0.0,0.0,0.0,15.802701443909223,0.0,0.0,0.0,0.0,0.0,0.0,0.0,0.0,0.0,0.0,22.955130063396478
13.768844221105528,0.0,0.2506171670591789,0.40098746729468626,0.0,0.0,0.0,0.0,0.0,0.0,0.0,0.0,9.482935904227345,0.0,18.96587180845469,3.924204537382356,0.0,0.0,0.0,0.0,0.0,2.069087346479378,8.276349385917513,0.0,0.0,3.924204537382356,0.0,0.0,0.0,0.0,0.0,0.0,0.0,0.0,0.0059104125568997,0.0,0.0017754797885854256,0.0017754797885854256,0.0,0.0,0.0,0.0,0.0,0.0,0.0,10.013287405872456,10.015062885661042,10.015062885661042,0.0,0.0,0.0,0.0,0.0,0.0,0.0,0.0,21.483982428204627,0.0,6.445194728461388,4.296796485640925,8.345770167110157,0.0,0.0,0.0,0.0,0.0,0.0,19.42323820781396,7.769295283125584,5.826971462344187,8.345770167110157,0.0,0.0,0.0,0.0,0.0,0.0,0.0,13.607403951722018,0.0,0.0,0.0,0.0,0.0,0.0,0.0,0.0,0.0,0.0,15.245782114336839,0.0,0.0,0.0,0.0,0.0,0.0,0.0,0.0,0.0,0.0,22.06744509413485
13.869346733668342,0.0,0.22762082065491324,0.3641933130478612,0.0,0.0,0.0,0.0,0.0,0.0,0.0,0.0,8.603261778501198,0.0,17.206523557002395,3.1816765207745963,0.0,0.0,0.0,0.0,0.0,1.8491106063547484,7.396442425418994,0.0,0.0,3.1816765207745963,0.0,0.0,0.0,0.0,0.0,0.0,0.0,0.0,0.007167046148235105,0.0,0.002365512387147998,0.002365512387147998,0.0,0.0,0.0,0.0,0.0,0.0,0.0,11.00180064060984,11.004166152996989,11.004166152996989,0.0,0.0,0.0,0.0,0.0,0.0,0.0,0.0,22.563128429106293,0.0,6.768938528731888,4.512625685821258,9.256844396162332,0.0,0.0,0.0,0.0,0.0,0.0,20.51321124472496,8.205284497889984,6.153963373417488,9.256844396162332,0.0,0.0,0.0,0.0,0.0,0.0,0.0,14.427447041886836,0.0,0.0,0.0,0.0,0.0,0.0,0.0,0.0,0.0,0.0,14.692850003420437,0.0,0.0,0.0,0.0,0.0,0.0,0.0,0.0,0.0,0.0,21.15915097955864
13.969849246231156,0.0,0.21116500885496897,0.33786401416795037,0.0,0.0,0.0,0.0,0.0,0.0,0.0,0.0,7.79160835365301,0.0,15.58321670730602,2.567065894462355,0.0,0.0,0.0,0.0,0.0,1.6473273411251568,6.589309364500627,0.0,0.0,2.567065894462355,0.0,0.0,0.0,0.0,0.0,0.0,0.0,0.0,0.010300005727491093,0.0,0.0036516175102141173,0.0036516175102141173,0.0,0.0,0.0,0.0,0.0,0.0,0.0,11.817525824177672,11.821177441687885,11.821177441687885,0.0,0.0,0.0,0.0,0.0,0.0,0.0,0.0,23.473508729290504,0.0,7.042052618787151,4.694701745858101,10.06325633285682,0.0,0.0,0.0,0.0,0.0,0.0,21.435347499412767,8.574138999765108,6.43060424982383,10.06325633285682,0.0,0.0,0.0,0.0,0.0,0.0,0.0,15.168622851897927,0.0,0.0,0.0,0.0,0.0,0.0,0.0,0.0,0.0,0.0,14.196323454905617,0.0,0.0,0.0,0.0,0.0,0.0,0.0,0.0,0.0,0.0,20.320930601106753
14.07035175879397,0.0,0.19972386624688737,0.31955818599501984,0.0,0.0,0.0,0.0,0.0,0.0,0.0,0.0,7.051282742901777,0.0,14.102565485803554,2.065039221454884,0.0,0.0,0.0,0.0,0.0,1.4643003952250178,5.857201580900071,0.0,0.0,2.065039221454884,0.0,0.0,0.0,0.0,0.0,0.0,0.0,0.0,0.017293058738589055,0.0,0.006469992303443592,0.006469992303443592,0.0,0.0,0.0,0.0,0.0,0.0,0.0,12.471270315732628,12.477740308036072,12.477740308036072,0.0,0.0,0.0,0.0,0.0,0.0,0.0,0.0,24.208676950376326,0.0,7.2626030851128975,4.841735390075265,10.739102294490756,0.0,0.0,0.0,0.0,0.0,0.0,22.18027510653327,8.872110042613308,6.654082531959981,10.739102294490756,0.0,0.0,0.0,0.0,0.0,0.0,0.0,15.786118153705436,0.0,0.0,0.0,0.0,0.0,0.0,0.0,0.0,0.0,0.0,13.777680862462118,0.0,0.0,0.0,0.0,0.0,0.0,0.0,0.0,0.0,0.0,19.597133497674115
14.170854271356784,0.0,0.19223087318434245,0.30756939709494796,0.0,0.0,0.0,0.0,0.0,0.0,0.0,0.0,6.381518462042427,0.0,12.763036924084854,1.658740646978171,0.0,0.0,0.0,0.0,0.0,1.2996441652910968,5.198576661164387,0.0,0.0,1.658740646978171,0.0,0.0,0.0,0.0,0.0,0.0,0.0,0.0,0.03341660794437751,0.0,0.013021765658745648,0.013021765658745648,0.0,0.0,0.0,0.0,0.0,0.0,0.0,12.989315253481733,13.002337019140478,13.002337019140478,0.0,0.0,0.0,0.0,0.0,0.0,0.0,0.0,24.793423757478454,0.0,7.438027127243536,4.958684751495691,11.292035619544519,0.0,0.0,0.0,0.0,0.0,0.0,22.77223938492661,9.108895753970645,6.831671815477983,11.292035619544519,0.0,0.0,0.0,0.0,0.0,0.0,0.0,16.279543308874963,0.0,0.0,0.0,0.0,0.0,0.0,0.0,0.0,0.0,0.0,13.436285165833901,0.0,0.0,0.0,0.0,0.0,0.0,0.0,0.0,0.0,0.0,18.99413254411315
14.271356783919598,0.0,0.1879397527029462,0.30070360432471394,0.0,0.0,0.0,0.0,0.0,0.0,0.0,0.0,5.7791505323247705,0.0,11.558301064649541,1.3320019822344698,0.0,0.0,0.0,0.0,0.0,1.1524202171098727,4.609680868439491,0.0,0.0,1.3320019822344698,0.0,0.0,0.0,0.0,0.0,0.0,0.0,0.0,0.07318353302288538,0.0,0.02941660678122462,0.02941660678122462,0.0,0.0,0.0,0.0,0.0,0.0,0.0,13.398554550072392,13.427971156853616,13.427971156853616,0.0,0.0,0.0,0.0,0.0,0.0,0.0,0.0,25.261673400736818,0.0,7.578502020221045,5.052334680147364,11.744411295552181,0.0,0.0,0.0,0.0,0.0,0.0,23.24551329052023,9.298205316208092,6.9736539871560685,11.744411295552181,0.0,0.0,0.0,0.0,0.0,0.0,0.0,16.66953386133541,0.0,0.0,0.0,0.0,0.0,0.0,0.0,0.0,0.0,0.0,13.160929906985913,0.0,0.0,0.0,0.0,0.0,0.0,0.0,0.0,0.0,0.0,18.497843556174598
14.371859296482413,0.0,0.1863295866281149,0.29812733860498386,0.0,0.0,0.0,0.0,0.0,0.0,0.0,0.0,5.23970813464434,0.0,10.47941626928868,1.0703623225948478,0.0,0.0,0.0,0.0,0.0,1.0213949852642903,4.085579941057161,0.0,0.0,1.0703623225948478,0.0,0.0,0.0,0.0,0.0,0.0,0.0,0.0,0.17854354663578847,0.0,0.07349806151953718,0.07349806151953718,0.0,0.0,0.0,0.0,0.0,0.0,0.0,13.721780653221833,13.79527871474137,13.79527871474137,0.0,0.0,0.0,0.0,0.0,0.0,0.0,0.0,25.652400742075166,0.0,7.695720222622549,5.1304801484150335,12.12812100577144,0.0,0.0,0.0,0.0,0.0,0.0,23.63934886195437,9.455739544781748,7.0918046585863115,12.12812100577144,0.0,0.0,0.0,0.0,0.0,0.0,0.0,16.983575014861202,0.0,0.0,0.0,0.0,0.0,0.0,0.0,0.0,0.0,0.0,12.936052132638553,0.0,0.0,0.0,0.0,0.0,0.0,0.0,0.0,0.0,0.0,18.083483541927883
14.472361809045227,0.0,0.18704026872664525,0.2992644299626324,0.0,0.0,0.0,0.0,0.0,0.0,0.0,0.0,4.758116052541246,0.0,9.516232105082493,0.8614139671700681,0.0,0.0,0.0,0.0,0.0,0.9052048727457986,3.6208194909831946,0.0,0.0,0.8614139671700681,0.0,0.0,0.0,0.0,0.0,0.0,0.0,0.0,0.473789452858995,0.0,0.19866805164858148,0.19866805164858148,0.0,0.0,0.0,0.0,0.0,0.0,0.0,13.97723893667365,14.175906988322232,14.175906988322232,0.0,0.0,0.0,0.0,0.0,0.0,0.0,0.0,26.02464611200797,0.0,7.807393833602391,5.204929222401595,12.498258359518063,0.0,0.0,0.0,0.0,0.0,0.0,24.01235026544947,9.60494010617979,7.20370507963484,12.498258359518063,0.0,0.0,0.0,0.0,0.0,0.0,0.0,17.25684852185545,0.0,0.0,0.0,0.0,0.0,0.0,0.0,0.0,0.0,0.0,12.740567498749668,0.0,0.0,0.0,0.0,0.0,0.0,0.0,0.0,0.0,0.0,17.71117279687719
14.57286432160804,0.0,0.18982849255137793,0.30372558808220473,0.0,0.0,0.0,0.0,0.0,0.0,0.0,0.0,4.329136511301064,0.0,8.658273022602128,0.6947917198139961,0.0,0.0,0.0,0.0,0.0,0.8024599339848326,3.2098397359393305,0.0,0.0,0.6947917198139961,0.0,0.0,0.0,0.0,0.0,0.0,0.0,0.0,1.3074480955968706,0.0,0.5561618678943974,0.5561618678943974,0.0,0.0,0.0,0.0,0.0,0.0,0.0,14.17932305859532,14.735484926489718,14.735484926489718,0.0,0.0,0.0,0.0,0.0,0.0,0.0,0.0,26.50557478020253,0.0,7.951672434060758,5.301114956040506,12.982211668905391,0.0,0.0,0.0,0.0,0.0,0.0,24.48958714640293,9.795834858561172,7.346876143920879,12.982211668905391,0.0,0.0,0.0,0.0,0.0,0.0,0.0,17.55252372785507,0.0,0.0,0.0,0.0,0.0,0.0,0.0,0.0,0.0,0.0,12.53591854669194,0.0,0.0,0.0,0.0,0.0,0.0,0.0,0.0,0.0,0.0,17.29733600116342
14.673366834170855,0.0,0.19453760156443645,0.31126016250309835,0.0,0.0,0.0,0.0,0.0,0.0,0.0,0.0,3.947639954388402,0.0,7.895279908776804,0.5619916444280891,0.0,0.0,0.0,0.0,0.0,0.7118071188373574,2.8472284753494295,0.0,0.0,0.5619916444280891,0.0,0.0,0.0,0.0,0.0,0.0,0.0,0.0,3.402251791979776,0.0,1.4635836432667926,1.4635836432667926,0.0,0.0,0.0,0.0,0.0,0.0,0.0,14.339362406166211,15.802946049433004,15.802946049433004,0.0,0.0,0.0,0.0,0.0,0.0,0.0,0.0,27.372119380806094,0.0,8.211635814241827,5.474423876161219,13.874451927630954,0.0,0.0,0.0,0.0,0.0,0.0,25.344131622778196,10.13765264911128,7.603239486833458,13.874451927630954,0.0,0.0,0.0,0.0,0.0,0.0,0.0,18.010244027650902,0.0,0.0,0.0,0.0,0.0,0.0,0.0,0.0,0.0,0.0,12.238194452922944,0.0,0.0,0.0,0.0,0.0,0.0,0.0,0.0,0.0,0.0,16.64738409216297
14.773869346733669,0.0,0.20107683136859483,0.32172293018975173,0.0,0.0,0.0,0.0,0.0,0.0,0.0,0.0,3.6087637372765515,0.0,7.217527474553103,0.45612395253644444,0.0,0.0,0.0,0.0,0.0,0.6319670470872532,2.5278681883490126,0.0,0.0,0.45612395253644444,0.0,0.0,0.0,0.0,0.0,0.0,0.0,0.0,7.085984060573374,0.0,3.07523373189729,3.07523373189729,0.0,0.0,0.0,0.0,0.0,0.0,0.0,14.466274576258138,17.54150830815543,17.54150830815543,0.0,0.0,0.0,0.0,0.0,0.0,0.0,0.0,28.91294304646271,0.0,8.673882913938813,5.782588609292542,15.537245503766746,0.0,0.0,0.0,0.0,0.0,0.0,26.86901412768427,10.747605651073709,8.06070423830528,15.537245503766746,0.0,0.0,0.0,0.0,0.0,0.0,0.0,18.852377406329875,0.0,0.0,0.0,0.0,0.0,0.0,0.0,0.0,0.0,0.0,11.716801881756332,0.0,0.0,0.0,0.0,0.0,0.0,0.0,0.0,0.0,0.0,15.450070753582931
14.874371859296483,0.0,0.2094069644131614,0.33505114306105827,0.0,0.0,0.0,0.0,0.0,0.0,0.0,0.0,3.307997887576785,0.0,6.61599577515357,0.3716559309274292,0.0,0.0,0.0,0.0,0.0,0.5617535795944525,2.24701431837781,0.0,0.0,0.3716559309274292,0.0,0.0,0.0,0.0,0.0,0.0,0.0,0.0,10.695790491355174,0.0,4.674192262629363,4.674192262629363,0.0,0.0,0.0,0.0,0.0,0.0,0.0,14.567077475969818,19.24126973859918,19.24126973859918,0.0,0.0,0.0,0.0,0.0,0.0,0.0,0.0,30.717780464662805,0.0,9.215334139398841,6.143556092932561,17.617137890407342,0.0,0.0,0.0,0.0,0.0,0.0,28.675798875953596,11.47031955038144,8.602739662786078,17.617137890407342,0.0,0.0,0.0,0.0,0.0,0.0,0.0,20.06638355562035,0.0,0.0,0.0,0.0,0.0,0.0,0.0,0.0,0.0,0.0,10.968298379017522,0.0,0.0,0.0,0.0,0.0,0.0,0.0,0.0,0.0,0.0,13.7079934371595
14.974874371859297,0.0,0.2195304084240901,0.35124865347854417,0.0,0.0,0.0,0.0,0.0,0.0,0.0,0.0,3.0412239093662303,0.0,6.082447818732461,0.3041724662506624,0.0,0.0,0.0,0.0,0.0,0.5000823275686561,2.0003293102746245,0.0,0.0,0.3041724662506624,0.0,0.0,0.0,0.0,0.0,0.0,0.0,0.0,12.799344777986784,0.0,5.624271833666849,5.624271833666849,0.0,0.0,0.0,0.0,0.0,0.0,0.0,14.647291016906502,20.27156285057335,20.27156285057335,0.0,0.0,0.0,0.0,0.0,0.0,0.0,0.0,31.983531223928328,0.0,9.595059367178498,6.3967062447856655,19.163635114620572,0.0,0.0,0.0,0.0,0.0,0.0,29.958598036672367,11.983439214668948,8.98757941100171,19.163635114620572,0.0,0.0,0.0,0.0,0.0,0.0,0.0,21.16087595402624,0.0,0.0,0.0,0.0,0.0,0.0,0.0,0.0,0.0,0.0,10.238342959459414,0.0,0.0,0.0,0.0,0.0,0.0,0.0,0.0,0.0,0.0,12.034862351419475
15.075376884422111,0.0,0.23148436433637837,0.3703749829382054,0.0,0.0,0.0,0.0,0.0,0.0,0.0,0.0,2.8047238831500727,0.0,5.609447766300145,0.25016576012680297,0.0,0.0,0.0,0.0,0.0,0.4459721715027327,1.7838886860109309,0.0,0.0,0.25016576012680297,0.0,0.0,0.0,0.0,0.0,0.0,0.0,0.0,13.84450840134449,0.0,6.11010248251063,6.11010248251063,0.0,0.0,0.0,0.0,0.0,0.0,0.0,14.711254227746737,20.82135671025737,20.82135671025737,0.0,0.0,0.0,0.0,0.0,0.0,0.0,0.0,32.668860946162404,0.0,9.80065828384872,6.533772189232481,20.03006530261129,0.0,0.0,0.0,0.0,0.0,0.0,30.656203985226814,12.262481594090726,9.196861195568044,20.03006530261129,0.0,0.0,0.0,0.0,0.0,0.0,0.0,21.837874901635985,0.0,0.0,0.0,0.0,0.0,0.0,0.0,0.0,0.0,0.0,9.707165656854949,0.0,0.0,0.0,0.0,0.0,0.0,0.0,0.0,0.0,0.0,10.843466681837183
15.175879396984925,0.0,0.2453361817803574,0.3925378908485719,0.0,0.0,0.0,0.0,0.0,0.0,0.0,0.0,2.5951713231513716,0.0,5.190342646302743,0.20685720769401802,0.0,0.0,0.0,0.0,0.0,0.3985424889845556,1.5941699559382223,0.0,0.0,0.20685720769401802,0.0,0.0,0.0,0.0,0.0,0.0,0.0,0.0,14.45899953011354,0.0,6.403475785608833,6.403475785608833,0.0,0.0,0.0,0.0,0.0,0.0,0.0,14.762376360071135,21.16585214567997,21.16585214567997,0.0,0.0,0.0,0.0,0.0,0.0,0.0,0.0,33.0681721521204,0.0,9.920451645636119,6.61363443042408,20.542499359688904,0.0,0.0,0.0,0.0,0.0,0.0,31.060832853399305,12.424333141359723,9.318249856019792,20.542499359688904,0.0,0.0,0.0,0.0,0.0,0.0,0.0,22.215469674135786,0.0,0.0,0.0,0.0,0.0,0.0,0.0,0.0,0.0,0.0,9.361749309479757,0.0,0.0,0.0,0.0,0.0,0.0,0.0,0.0,0.0,0.0,10.071748275568257
15.27638190954774,0.0,0.2611802865400594,0.4178884584640951,0.0,0.0,0.0,0.0,0.0,0.0,0.0,0.0,2.409611399100457,0.0,4.819222798200914,0.17205005065258822,0.0,0.0,0.0,0.0,0.0,0.35700787835917647,1.4280315134367059,0.0,0.0,0.17205005065258822,0.0,0.0,0.0,0.0,0.0,0.0,0.0,0.0,14.910267840803224,0.0,6.621650988531899,6.621650988531899,0.0,0.0,0.0,0.0,0.0,0.0,0.0,14.803335659317007,21.424986647848904,21.424986647848904,0.0,0.0,0.0,0.0,0.0,0.0,0.0,0.0,33.35060890614986,0.0,10.005182671844958,6.670121781229972,20.907768324551007,0.0,0.0,0.0,0.0,0.0,0.0,31.345407190894814,12.538162876357926,9.403622157268444,20.907768324551007,0.0,0.0,0.0,0.0,0.0,0.0,0.0,22.45426664854026,0.0,0.0,0.0,0.0,0.0,0.0,0.0,0.0,0.0,0.0,9.132989080938529,0.0,0.0,0.0,0.0,0.0,0.0,0.0,0.0,0.0,0.0,9.550342216102008
15.376884422110553,0.0,0.2791362550594737,0.44661800809515795,0.0,0.0,0.0,0.0,0.0,0.0,0.0,0.0,2.245435554317972,0.0,4.490871108635944,0.1440094631423002,0.0,0.0,0.0,0.0,0.0,0.32067155716264056,1.2826862286505623,0.0,0.0,0.1440094631423002,0.0,0.0,0.0,0.0,0.0,0.0,0.0,0.0,15.283944234212116,0.0,6.802686281751856,6.802686281751856,0.0,0.0,0.0,0.0,0.0,0.0,0.0,14.836236374387541,21.638922656139396,21.638922656139396,0.0,0.0,0.0,0.0,0.0,0.0,0.0,0.0,33.577457638923754,0.0,10.073237291677126,6.715491527784751,21.203025099096777,0.0,0.0,0.0,0.0,0.0,0.0,31.57330332615437,12.62932133046175,9.47199099784631,21.203025099096777,0.0,0.0,0.0,0.0,0.0,0.0,0.0,22.632421363219223,0.0,0.0,0.0,0.0,0.0,0.0,0.0,0.0,0.0,0.0,8.969569803509328,0.0,0.0,0.0,0.0,0.0,0.0,0.0,0.0,0.0,0.0,9.165420947686208
15.477386934673367,0.0,0.29934773833710604,0.4789563813393697,0.0,0.0,0.0,0.0,0.0,0.0,0.0,0.0,2.100353827314799,0.0,4.200707654629598,0.12136609297175074,0.0,0.0,0.0,0.0,0.0,0.28891820843088956,1.1556728337235582,0.0,0.0,0.12136609297175074,0.0,0.0,0.0,0.0,0.0,0.0,0.0,0.0,15.606955848313696,0.0,6.958860272493519,6.958860272493519,0.0,0.0,0.0,0.0,0.0,0.0,0.0,14.862732446839106,21.821592719332624,21.821592719332624,0.0,0.0,0.0,0.0,0.0,0.0,0.0,0.0,33.769293643075855,0.0,10.130788092922757,6.753858728615171,21.45418202231579,0.0,0.0,0.0,0.0,0.0,0.0,31.7658140100227,12.70632560400908,9.52974420300681,21.45418202231579,0.0,0.0,0.0,0.0,0.0,0.0,0.0,22.77850633139254,0.0,0.0,0.0,0.0,0.0,0.0,0.0,0.0,0.0,0.0,8.843433513405257,0.0,0.0,0.0,0.0,0.0,0.0,0.0,0.0,0.0,0.0,8.858650389589906
15.577889447236181,0.0,0.32198202241811097,0.5151712358689776,0.0,0.0,0.0,0.0,0.0,0.0,0.0,0.0,1.9723670226546388,0.0,3.9447340453092776,0.10303912611423366,0.0,0.0,0.0,0.0,0.0,0.2612067757438768,1.0448271029755072,0.0,0.0,0.10303912611423366,0.0,0.0,0.0,0.0,0.0,0.0,0.0,0.0,15.889618801100777,0.0,7.095092035108184,7.095092035108184,0.0,0.0,0.0,0.0,0.0,0.0,0.0,14.884124710440213,21.9792167455484,21.9792167455484,0.0,0.0,0.0,0.0,0.0,0.0,0.0,0.0,33.934293193807456,0.0,10.180287958142236,6.786858638761491,21.671342487766996,0.0,0.0,0.0,0.0,0.0,0.0,31.931330297637846,12.772532119055139,9.579399089291353,21.671342487766996,0.0,0.0,0.0,0.0,0.0,0.0,0.0,22.90280352602068,0.0,0.0,0.0,0.0,0.0,0.0,0.0,0.0,0.0,0.0,8.740599464989302,0.0,0.0,0.0,0.0,0.0,0.0,0.0,0.0,0.0,0.0,8.602216235256929
15.678391959798995,0.0,0.34723006904738535,0.5555681104758166,0.0,0.0,0.0,0.0,0.0,0.0,0.0,0.0,1.8597401083956853,0.0,3.7194802167913705,0.08817531063700638,0.0,0.0,0.0,0.0,0.0,0.23706352903543948,0.9482541161417579,0.0,0.0,0.08817531063700638,0.0,0.0,0.0,0.0,0.0,0.0,0.0,0.0,16.13752019346934,0.0,7.214167243998946,7.214167243998946,0.0,0.0,0.0,0.0,0.0,0.0,0.0,14.901437059948515,22.11560430394746,22.11560430394746,0.0,0.0,0.0,0.0,0.0,0.0,0.0,0.0,34.07690824078856,0.0,10.223072472236568,6.815381648157713,21.859907917001802,0.0,0.0,0.0,0.0,0.0,0.0,32.074370953108435,12.829748381243375,9.62231128593253,21.859907917001802,0.0,0.0,0.0,0.0,0.0,0.0,0.0,23.009842789317847,0.0,0.0,0.0,0.0,0.0,0.0,0.0,0.0,0.0,0.0,8.654063590808548,0.0,0.0,0.0,0.0,0.0,0.0,0.0,0.0,0.0,0.0,8.382463483588918
15.77889447236181,0.0,0.37530691711953984,0.6004910673912638,0.0,0.0,0.0,0.0,0.0,0.0,0.0,0.0,1.760977714633379,0.0,3.521955429266758,0.07610086573146801,0.0,0.0,0.0,0.0,0.0,0.21607560703092593,0.8643024281237037,0.0,0.0,0.07610086573146801,0.0,0.0,0.0,0.0,0.0,0.0,0.0,0.0,16.354638956166085,0.0,7.3181167758981935,7.3181167758981935,0.0,0.0,0.0,0.0,0.0,0.0,0.0,14.915476062606876,22.233592838505068,22.233592838505068,0.0,0.0,0.0,0.0,0.0,0.0,0.0,0.0,34.20025834989783,0.0,10.260077504969349,6.840051669979566,22.023654648553713,0.0,0.0,0.0,0.0,0.0,0.0,32.19808228235139,12.879232912940559,9.659424684705417,22.023654648553713,0.0,0.0,0.0,0.0,0.0,0.0,0.0,23.10231904799388,0.0,0.0,0.0,0.0,0.0,0.0,0.0,0.0,0.0,0.0,8.58005409274087,0.0,0.0,0.0,0.0,0.0,0.0,0.0,0.0,0.0,0.0,8.19197686929208
15.879396984924623,0.0,0.40645233587541896,0.6503237374006704,0.0,0.0,0.0,0.0,0.0,0.0,0.0,0.0,1.6748021826222836,0.0,3.3496043652445673,0.06628369392310451,0.0,0.0,0.0,0.0,0.0,0.1978851431257461,0.7915405725029844,0.0,0.0,0.06628369392310451,0.0,0.0,0.0,0.0,0.0,0.0,0.0,0.0,16.5441604006423,0.0,7.40857969826071,7.40857969826071,0.0,0.0,0.0,0.0,0.0,0.0,0.0,14.926877558507158,22.335457256767867,22.335457256767867,0.0,0.0,0.0,0.0,0.0,0.0,0.0,0.0,34.30679471011224,0.0,10.292038413033673,6.861358942022449,22.165571677187312,0.0,0.0,0.0,0.0,0.0,0.0,32.304929481875796,12.92197179275032,9.691478844562738,22.165571677187312,0.0,0.0,0.0,0.0,0.0,0.0,0.0,23.18219593369658,0.0,0.0,0.0,0.0,0.0,0.0,0.0,0.0,0.0,0.0,8.516300566701668,0.0,0.0,0.0,0.0,0.0,0.0,0.0,0.0,0.0,0.0,8.026149280878302
15.979899497487438,0.0,0.4409316634900351,0.7054906615840562,0.0,0.0,0.0,0.0,0.0,0.0,0.0,0.0,1.600134721810799,0.0,3.200269443621598,0.05830382634299935,0.0,0.0,0.0,0.0,0.0,0.18218411721301683,0.7287364688520673,0.0,0.0,0.05830382634299935,0.0,0.0,0.0,0.0,0.0,0.0,0.0,0.0,16.708717373243974,0.0,7.486913616873171,7.486913616873171,0.0,0.0,0.0,0.0,0.0,0.0,0.0,14.93614271247041,22.42305632934358,22.42305632934358,0.0,0.0,0.0,0.0,0.0,0.0,0.0,0.0,34.398507615677616,0.0,10.319552284703285,6.879701523135523,22.28810914717529,0.0,0.0,0.0,0.0,0.0,0.0,32.3969129652258,12.958765186090321,9.71907388956774,22.28810914717529,0.0,0.0,0.0,0.0,0.0,0.0,0.0,23.251031932080878,0.0,0.0,0.0,0.0,0.0,0.0,0.0,0.0,0.0,0.0,8.461273049452773,0.0,0.0,0.0,0.0,0.0,0.0,0.0,0.0,0.0,0.0,7.881750452125475
16.080402010050253,0.0,0.47903670496155437,0.766458727938487,0.0,0.0,0.0,0.0,0.0,0.0,0.0,0.0,1.5360795662485418,0.0,3.0721591324970836,0.051830368207569234,0.0,0.0,0.0,0.0,0.0,0.16870990717671894,0.6748396287068757,0.0,0.0,0.051830368207569234,0.0,0.0,0.0,0.0,0.0,0.0,0.0,0.0,16.850487254037294,0.0,7.55424192645869,7.55424192645869,0.0,0.0,0.0,0.0,0.0,0.0,0.0,14.94366663818328,22.49790856464197,22.49790856464197,0.0,0.0,0.0,0.0,0.0,0.0,0.0,0.0,34.47702080948049,0.0,10.343106242844147,6.895404161896099,22.39328338057076,0.0,0.0,0.0,0.0,0.0,0.0,32.47566473958947,12.990265895835789,9.742699421876841,22.39328338057076,0.0,0.0,0.0,0.0,0.0,0.0,0.0,23.310093839442395,0.0,0.0,0.0,0.0,0.0,0.0,0.0,0.0,0.0,0.0,8.413847586597345,0.0,0.0,0.0,0.0,0.0,0.0,0.0,0.0,0.0,0.0,7.756324067084674
16.180904522613066,0.0,0.5210866017570163,0.833738562811226,0.0,0.0,0.0,0.0,0.0,0.0,0.0,0.0,1.4819114759651515,0.0,2.963822951930303,0.046603640482556045,0.0,0.0,0.0,0.0,0.0,0.15724164782583805,0.6289665913033522,0.0,0.0,0.046603640482556045,0.0,0.0,0.0,0.0,0.0,0.0,0.0,0.0,16.971245320497573,0.0,7.6114812760263,7.6114812760263,0.0,0.0,0.0,0.0,0.0,0.0,0.0,14.949759887553816,22.561241163580114,22.561241163580114,0.0,0.0,0.0,0.0,0.0,0.0,0.0,0.0,34.54365270944163,0.0,10.363095812832489,6.9087305418883265,22.482742865547113,0.0,0.0,0.0,0.0,0.0,0.0,32.54250940781665,13.017003763126661,9.762752822344995,22.482742865547113,0.0,0.0,0.0,0.0,0.0,0.0,0.0,23.36040813747889,0.0,0.0,0.0,0.0,0.0,0.0,0.0,0.0,0.0,0.0,8.373156383776594,0.0,0.0,0.0,0.0,0.0,0.0,0.0,0.0,0.0,0.0,7.647924334096411
16.28140703517588,0.0,0.5674285372604663,0.907885659616746,0.0,0.0,0.0,0.0,0.0,0.0,0.0,0.0,1.4370667952256007,0.0,2.8741335904512013,0.042421484875146714,0.0,0.0,0.0,0.0,0.0,0.14759747082071817,0.5903898832828727,0.0,0.0,0.042421484875146714,0.0,0.0,0.0,0.0,0.0,0.0,0.0,0.0,17.072400707056033,0.0,7.6593611568944295,7.6593611568944295,0.0,0.0,0.0,0.0,0.0,0.0,0.0,14.954665307125028,22.614026464019457,22.614026464019457,0.0,0.0,0.0,0.0,0.0,0.0,0.0,0.0,34.59945405127773,0.0,10.37983621538332,6.919890810255547,22.557808329625963,0.0,0.0,0.0,0.0,0.0,0.0,32.59850328302062,13.039401313208248,9.779550984906185,22.557808329625963,0.0,0.0,0.0,0.0,0.0,0.0,0.0,23.402800462886162,0.0,0.0,0.0,0.0,0.0,0.0,0.0,0.0,0.0,0.0,8.338514229751864,0.0,0.0,0.0,0.0,0.0,0.0,0.0,0.0,0.0,0.0,7.554987586626608
16.381909547738694,0.0,0.6184381621873267,0.9895010594997228,0.0,0.0,0.0,0.0,0.0,0.0,0.0,0.0,1.4011385255503783,0.0,2.8022770511007566,0.03912897056736944,0.0,0.0,0.0,0.0,0.0,0.13963276954360837,0.5585310781744335,0.0,0.0,0.03912897056736944,0.0,0.0,0.0,0.0,0.0,0.0,0.0,0.0,17.155020275595415,0.0,7.698437839672879,7.698437839672879,0.0,0.0,0.0,0.0,0.0,0.0,0.0,14.958571341406127,22.657009181079005,22.657009181079005,0.0,0.0,0.0,0.0,0.0,0.0,0.0,0.0,34.64523702163011,0.0,10.393571106489032,6.929047404326022,22.619503336056546,0.0,0.0,0.0,0.0,0.0,0.0,32.644463251809306,13.057785300723722,9.793338975542792,22.619503336056546,0.0,0.0,0.0,0.0,0.0,0.0,0.0,23.43791662205856,0.0,0.0,0.0,0.0,0.0,0.0,0.0,0.0,0.0,0.0,8.30938037231471,0.0,0.0,0.0,0.0,0.0,0.0,0.0,0.0,0.0,0.0,7.476266176206344
16.48241206030151,0.0,0.6745193532146481,1.0792309651434369,0.0,0.0,0.0,0.0,0.0,0.0,0.0,0.0,1.3738749298678985,0.0,2.747749859735797,0.036610866063732525,0.0,0.0,0.0,0.0,0.0,0.13323944293551068,0.5329577717420427,0.0,0.0,0.036610866063732525,0.0,0.0,0.0,0.0,0.0,0.0,0.0,0.0,17.219841702573348,0.0,7.729102255106882,7.729102255106882,0.0,0.0,0.0,0.0,0.0,0.0,0.0,14.96162080272751,22.69072305783439,22.69072305783439,0.0,0.0,0.0,0.0,0.0,0.0,0.0,0.0,34.681599584268554,0.0,10.404479875280567,6.936319916853711,22.668581485966065,0.0,0.0,0.0,0.0,0.0,0.0,32.68099187709965,13.07239675083986,9.804297563129895,22.668581485966065,0.0,0.0,0.0,0.0,0.0,0.0,0.0,23.466249062643048,0.0,0.0,0.0,0.0,0.0,0.0,0.0,0.0,0.0,0.0,8.285336022623154,0.0,0.0,0.0,0.0,0.0,0.0,0.0,0.0,0.0,0.0,7.410788566209261
16.582914572864322,0.0,0.7361031280580893,1.177765004892943,0.0,0.0,0.0,0.0,0.0,0.0,0.0,0.0,1.3551831847055824,0.0,2.710366369411165,0.03478662579781649,0.0,0.0,0.0,0.0,0.0,0.1283465814452752,0.5133863257811008,0.0,0.0,0.03478662579781649,0.0,0.0,0.0,0.0,0.0,0.0,0.0,0.0,17.26727724946751,0.0,7.751583781616683,7.751583781616683,0.0,0.0,0.0,0.0,0.0,0.0,0.0,14.963918301703156,22.71550208331984,22.71550208331984,0.0,0.0,0.0,0.0,0.0,0.0,0.0,0.0,34.70893621299304,0.0,10.412680863897911,6.941787242598608,22.705535810085387,0.0,0.0,0.0,0.0,0.0,0.0,32.70848704603302,13.08339481841321,9.812546113809907,22.705535810085387,0.0,0.0,0.0,0.0,0.0,0.0,0.0,23.488135464371435,0.0,0.0,0.0,0.0,0.0,0.0,0.0,0.0,0.0,0.0,8.26607178573537,0.0,0.0,0.0,0.0,0.0,0.0,0.0,0.0,0.0,0.0,7.35783853971628
16.683417085427138,0.0,0.8036452197859505,1.285832351657521,0.0,0.0,0.0,0.0,0.0,0.0,0.0,0.0,1.3451385007044203,0.0,2.6902770014088406,0.033607707435571614,0.0,0.0,0.0,0.0,0.0,0.12492285150552147,0.4996914060220859,0.0,0.0,0.033607707435571614,0.0,0.0,0.0,0.0,0.0,0.0,0.0,0.0,17.29740532217592,0.0,7.7659473384978,7.7659473384978,0.0,0.0,0.0,0.0,0.0,0.0,0.0,14.965534220984319,22.73148155948212,22.73148155948212,0.0,0.0,0.0,0.0,0.0,0.0,0.0,0.0,34.727442778531014,0.0,10.418232833559303,6.945488555706203,22.73060310171891,0.0,0.0,0.0,0.0,0.0,0.0,32.72714787362818,13.090859149451271,9.818144362088452,22.73060310171891,0.0,0.0,0.0,0.0,0.0,0.0,0.0,23.503775371250672,0.0,0.0,0.0,0.0,0.0,0.0,0.0,0.0,0.0,0.0,8.251380377884697,0.0,0.0,0.0,0.0,0.0,0.0,0.0,0.0,0.0,0.0,7.316944494708384
16.78391959798995,0.0,0.877621596453094,1.4041945543249506,0.0,0.0,0.0,0.0,0.0,0.0,0.0,0.0,1.3439997206506826,0.0,2.6879994413013653,0.03305730432577899,0.0,0.0,0.0,0.0,0.0,0.12298106844015806,0.49192427376063225,0.0,0.0,0.03305730432577899,0.0,0.0,0.0,0.0,0.0,0.0,0.0,0.0,17.309950295275222,0.0,7.772084686202546,7.772084686202546,0.0,0.0,0.0,0.0,0.0,0.0,0.0,14.966506842645199,22.738591528847746,22.738591528847746,0.0,0.0,0.0,0.0,0.0,0.0,0.0,0.0,34.73710573204719,0.0,10.421131719614158,6.947421146409439,22.74374957894604,0.0,0.0,0.0,0.0,0.0,0.0,32.73696685380942,13.09478674152377,9.821090056142825,22.74374957894604,0.0,0.0,0.0,0.0,0.0,0.0,0.0,23.513232861688962,0.0,0.0,0.0,0.0,0.0,0.0,0.0,0.0,0.0,0.0,8.241153596832604,0.0,0.0,0.0,0.0,0.0,0.0,0.0,0.0,0.0,0.0,7.287877806548765
16.884422110552766,0.0,0.9585209019614072,1.5336334431382515,0.0,0.0,0.0,0.0,0.0,0.0,0.0,0.0,1.3522327453468548,0.0,2.7044654906937096,0.03315287475007251,0.0,0.0,0.0,0.0,0.0,0.12258568232485978,0.4903427292994391,0.0,0.0,0.03315287475007251,0.0,0.0,0.0,0.0,0.0,0.0,0.0,0.0,17.304248117106233,0.0,7.769698140476994,7.769698140476994,0.0,0.0,0.0,0.0,0.0,0.0,0.0,14.966841452063642,22.736539592540637,22.736539592540637,0.0,0.0,0.0,0.0,0.0,0.0,0.0,0.0,34.73770460392624,0.0,10.42131138117787,6.947540920785248,22.74466911783125,0.0,0.0,0.0,0.0,0.0,0.0,32.73772602013048,13.095090408052194,9.821317806039144,22.74466911783125,0.0,0.0,0.0,0.0,0.0,0.0,0.0,23.51641312658305,0.0,0.0,0.0,0.0,0.0,0.0,0.0,0.0,0.0,0.0,8.23538604920461,0.0,0.0,0.0,0.0,0.0,0.0,0.0,0.0,0.0,0.0,7.270666945413028
16.984924623115578,0.0,1.046832478643615,1.674931965829784,0.0,0.0,0.0,0.0,0.0,0.0,0.0,0.0,1.3705448367028357,0.0,2.7410896734056713,0.03395237495420044,0.0,0.0,0.0,0.0,0.0,0.1238645173983537,0.4954580695934148,0.0,0.0,0.03395237495420044,0.0,0.0,0.0,0.0,0.0,0.0,0.0,0.0,17.279193513894114,0.0,7.758274960351751,7.758274960351751,0.0,0.0,0.0,0.0,0.0,0.0,0.0,14.9665066912476,22.72478165159935,22.72478165159935,0.0,0.0,0.0,0.0,0.0,0.0,0.0,0.0,34.7287707934869,0.0,10.41863123804607,6.9457541586973806,22.732731967583288,0.0,0.0,0.0,0.0,0.0,0.0,32.72896138876102,13.09158455550441,9.818688416628307,22.732731967583288,0.0,0.0,0.0,0.0,0.0,0.0,0.0,23.513067146913787,0.0,0.0,0.0,0.0,0.0,0.0,0.0,0.0,0.0,0.0,8.234180512353232,0.0,0.0,0.0,0.0,0.0,0.0,0.0,0.0,0.0,0.0,7.265615780456116
17.085427135678394,0.0,1.143027835899846,1.8288445374397537,0.0,0.0,0.0,0.0,0.0,0.0,0.0,0.0,1.3999328293503261,0.0,2.7998656587006523,0.03556569528618321,0.0,0.0,0.0,0.0,0.0,0.12702643491362495,0.5081057396544998,0.0,0.0,0.03556569528618321,0.0,0.0,0.0,0.0,0.0,0.0,0.0,0.0,17.233164063804907,0.0,7.737049457788864,7.737049457788864,0.0,0.0,0.0,0.0,0.0,0.0,0.0,14.965426409108304,22.702475866897167,22.702475866897167,0.0,0.0,0.0,0.0,0.0,0.0,0.0,0.0,34.70955351125202,0.0,10.412866053375605,6.941910702250404,22.706939784036813,0.0,0.0,0.0,0.0,0.0,0.0,32.709927796500985,13.083971118600395,9.812978338950295,22.706939784036813,0.0,0.0,0.0,0.0,0.0,0.0,0.0,23.502759210661637,0.0,0.0,0.0,0.0,0.0,0.0,0.0,0.0,0.0,0.0,8.23776194590282,0.0,0.0,0.0,0.0,0.0,0.0,0.0,0.0,0.0,0.0,7.273343313249135
17.185929648241206,0.0,1.2475323331851815,1.9960517330962906,0.0,0.0,0.0,0.0,0.0,0.0,0.0,0.0,1.4417499335263073,0.0,2.8834998670526146,0.038173940432485176,0.0,0.0,0.0,0.0,0.0,0.1323875227762881,0.5295500911051524,0.0,0.0,0.038173940432485176,0.0,0.0,0.0,0.0,0.0,0.0,0.0,0.0,17.163914772155803,0.0,7.704949373310615,7.704949373310615,0.0,0.0,0.0,0.0,0.0,0.0,0.0,14.96346545565853,22.668414828969148,22.668414828969148,0.0,0.0,0.0,0.0,0.0,0.0,0.0,0.0,34.67896165598503,0.0,10.403688496795509,6.935792331197006,22.665849304044155,0.0,0.0,0.0,0.0,0.0,0.0,32.67953857570645,13.071815430282582,9.803861572711936,22.665849304044155,0.0,0.0,0.0,0.0,0.0,0.0,0.0,23.484830155935303,0.0,0.0,0.0,0.0,0.0,0.0,0.0,0.0,0.0,0.0,8.246498343825497,0.0,0.0,0.0,0.0,0.0,0.0,0.0,0.0,0.0,0.0,7.2948412758551795
17.286432160804022,0.0,1.3606822921637574,2.1770916674620118,0.0,0.0,0.0,0.0,0.0,0.0,0.0,0.0,1.4977997129586231,0.0,2.9955994259172463,0.04206125866768222,0.0,0.0,0.0,0.0,0.0,0.14041015732536785,0.5616406293014714,0.0,0.0,0.04206125866768222,0.0,0.0,0.0,0.0,0.0,0.0,0.0,0.0,17.0684303785834,0.0,7.660519364832794,7.660519364832794,0.0,0.0,0.0,0.0,0.0,0.0,0.0,14.96040583877165,22.620925203604443,22.620925203604443,0.0,0.0,0.0,0.0,0.0,0.0,0.0,0.0,34.635459039342365,0.0,10.39063771180271,6.927091807868473,22.607445566445687,0.0,0.0,0.0,0.0,0.0,0.0,32.63627246973387,13.054508987893549,9.79088174092016,22.607445566445687,0.0,0.0,0.0,0.0,0.0,0.0,0.0,23.45835758823557,0.0,0.0,0.0,0.0,0.0,0.0,0.0,0.0,0.0,0.0,8.260930936810528,0.0,0.0,0.0,0.0,0.0,0.0,0.0,0.0,0.0,0.0,7.331556195652519
17.386934673366834,0.0,1.4826605808470914,2.372256929355346,0.0,0.0,0.0,0.0,0.0,0.0,0.0,0.0,1.5704681420760116,0.0,3.140936284152023,0.047667116501982285,0.0,0.0,0.0,0.0,0.0,0.1517608515094449,0.6070434060377796,0.0,0.0,0.047667116501982285,0.0,0.0,0.0,0.0,0.0,0.0,0.0,0.0,16.94272076328711,0.0,7.601812977506415,7.601812977506415,0.0,0.0,0.0,0.0,0.0,0.0,0.0,14.95590758161789,22.557720559124306,22.557720559124306,0.0,0.0,0.0,0.0,0.0,0.0,0.0,0.0,34.57696310975593,0.0,10.373088932926779,6.915392621951186,22.529002044773783,0.0,0.0,0.0,0.0,0.0,0.0,32.57805200135867,13.031220800543469,9.773415600407601,22.529002044773783,0.0,0.0,0.0,0.0,0.0,0.0,0.0,23.422049832132092,0.0,0.0,0.0,0.0,0.0,0.0,0.0,0.0,0.0,0.0,8.281823454280627,0.0,0.0,0.0,0.0,0.0,0.0,0.0,0.0,0.0,0.0,7.385521187855876
17.48743718592965,0.0,1.6133995722868006,2.5814393156588813,0.0,0.0,0.0,0.0,0.0,0.0,0.0,0.0,1.6629133901578548,0.0,3.3258267803157096,0.05567322938597337,0.0,0.0,0.0,0.0,0.0,0.16739665972828716,0.6695866389131486,0.0,0.0,0.05567322938597337,0.0,0.0,0.0,0.0,0.0,0.0,0.0,0.0,16.781532645716954,0.0,7.526237422968283,7.526237422968283,0.0,0.0,0.0,0.0,0.0,0.0,0.0,14.949443895378566,22.47568131834685,22.47568131834685,0.0,0.0,0.0,0.0,0.0,0.0,0.0,0.0,34.5006179068136,0.0,10.35018537204408,6.90012358136272,22.426808445680823,0.0,0.0,0.0,0.0,0.0,0.0,32.50203881312471,13.000815525249886,9.750611643937413,22.426808445680823,0.0,0.0,0.0,0.0,0.0,0.0,0.0,23.374162089434517,0.0,0.0,0.0,0.0,0.0,0.0,0.0,0.0,0.0,0.0,8.310228175528326,0.0,0.0,0.0,0.0,0.0,0.0,0.0,0.0,0.0,0.0,7.459532844890324
17.587939698492463,0.0,1.7524356042989913,2.803896966878386,0.0,0.0,0.0,0.0,0.0,0.0,0.0,0.0,1.7793431528804162,0.0,3.5586863057608324,0.06715027997368916,0.0,0.0,0.0,0.0,0.0,0.1886940129142198,0.7547760516568792,0.0,0.0,0.06715027997368916,0.0,0.0,0.0,0.0,0.0,0.0,0.0,0.0,16.577938932503965,0.0,7.430328108962546,7.430328108962546,0.0,0.0,0.0,0.0,0.0,0.0,0.0,14.94019278515192,22.370520894114467,22.370520894114467,0.0,0.0,0.0,0.0,0.0,0.0,0.0,0.0,34.40251696808364,0.0,10.320755090425092,6.880503393616728,22.295823143599016,0.0,0.0,0.0,0.0,0.0,0.0,32.40434873454694,12.961739493818778,9.721304620364082,22.295823143599016,0.0,0.0,0.0,0.0,0.0,0.0,0.0,23.312305470063365,0.0,0.0,0.0,0.0,0.0,0.0,0.0,0.0,0.0,0.0,8.34759124198316,0.0,0.0,0.0,0.0,0.0,0.0,0.0,0.0,0.0,0.0,7.557431139489878
17.68844221105528,0.0,1.8986911414191143,3.037905826270583,0.0,0.0,0.0,0.0,0.0,0.0,0.0,0.0,1.925429649526611,0.0,3.850859299053222,0.08381031311346451,0.0,0.0,0.0,0.0,0.0,0.21764054878367078,0.8705621951346831,0.0,0.0,0.08381031311346451,0.0,0.0,0.0,0.0,0.0,0.0,0.0,0.0,16.322743666230025,0.0,7.30941559618779,7.30941559618779,0.0,0.0,0.0,0.0,0.0,0.0,0.0,14.926852465598197,22.236268061785985,22.236268061785985,0.0,0.0,0.0,0.0,0.0,0.0,0.0,0.0,34.27724587533136,0.0,10.283173762599407,6.855449175066273,22.129115617370484,0.0,0.0,0.0,0.0,0.0,0.0,32.27959985153936,12.911839940615744,9.683879955461807,22.129115617370484,0.0,0.0,0.0,0.0,0.0,0.0,0.0,23.233190354435955,0.0,0.0,0.0,0.0,0.0,0.0,0.0,0.0,0.0,0.0,8.395910123422802,0.0,0.0,0.0,0.0,0.0,0.0,0.0,0.0,0.0,0.0,7.684517688120894
17.78894472361809,0.0,2.050150910898662,3.2802414574378598,0.0,0.0,0.0,0.0,0.0,0.0,0.0,0.0,2.108945207263747,0.0,4.217890414527494,0.10844954136923979,0.0,0.0,0.0,0.0,0.0,0.2571179682518821,1.0284718730075284,0.0,0.0,0.10844954136923979,0.0,0.0,0.0,0.0,0.0,0.0,0.0,0.0,16.003604610816147,0.0,7.157126232742738,7.157126232742738,0.0,0.0,0.0,0.0,0.0,0.0,0.0,14.90732120834316,22.064447441085896,22.064447441085896,0.0,0.0,0.0,0.0,0.0,0.0,0.0,0.0,34.11716995612204,0.0,10.235150986836612,6.823433991224409,21.91701090812268,0.0,0.0,0.0,0.0,0.0,0.0,32.12020653575613,12.848082614302454,9.63606196072684,21.91701090812268,0.0,0.0,0.0,0.0,0.0,0.0,0.0,23.13221851493155,0.0,0.0,0.0,0.0,0.0,0.0,0.0,0.0,0.0,0.0,8.457980268606695,0.0,0.0,0.0,0.0,0.0,0.0,0.0,0.0,0.0,0.0,7.848209307003493
17.889447236180906,0.0,2.203389727452186,3.525423563923498,0.0,0.0,0.0,0.0,0.0,0.0,0.0,0.0,2.340750810715866,0.0,4.681501621431732,0.14573869411385101,0.0,0.0,0.0,0.0,0.0,0.31130758012912985,1.2452303205165194,0.0,0.0,0.14573869411385101,0.0,0.0,0.0,0.0,0.0,0.0,0.0,0.0,15.603731676380505,0.0,6.964631592339546,6.964631592339546,0.0,0.0,0.0,0.0,0.0,0.0,0.0,14.878132438199522,21.84276403053907,21.84276403053907,0.0,0.0,0.0,0.0,0.0,0.0,0.0,0.0,33.91130596321382,0.0,10.173391788964146,6.782261192642764,21.645760714566592,0.0,0.0,0.0,0.0,0.0,0.0,31.91525672595358,12.766102690381432,9.574577017786073,21.645760714566592,0.0,0.0,0.0,0.0,0.0,0.0,0.0,23.002837132128747,0.0,0.0,0.0,0.0,0.0,0.0,0.0,0.0,0.0,0.0,8.537787995686863,0.0,0.0,0.0,0.0,0.0,0.0,0.0,0.0,0.0,0.0,8.059076417816115
17.98994974874372,0.0,2.3529077658462945,3.7646524253540714,0.0,0.0,0.0,0.0,0.0,0.0,0.0,0.0,2.636343967089877,0.0,5.272687934179754,0.20365275019878185,0.0,0.0,0.0,0.0,0.0,0.3862408561648795,1.544963424659518,0.0,0.0,0.20365275019878185,0.0,0.0,0.0,0.0,0.0,0.0,0.0,0.0,15.099967215797923,0.0,6.719535505856137,6.719535505856137,0.0,0.0,0.0,0.0,0.0,0.0,0.0,14.833443918178421,21.552979424034557,21.552979424034557,0.0,0.0,0.0,0.0,0.0,0.0,0.0,0.0,33.64348200313807,0.0,10.09304460094142,6.728696400627614,21.29545644756574,0.0,0.0,0.0,0.0,0.0,0.0,31.64871050740144,12.659484202960577,9.494613152220431,21.29545644756574,0.0,0.0,0.0,0.0,0.0,0.0,0.0,22.835528963978856,0.0,0.0,0.0,0.0,0.0,0.0,0.0,0.0,0.0,0.0,8.64114522083734,0.0,0.0,0.0,0.0,0.0,0.0,0.0,0.0,0.0,0.0,8.332512465519473
18.090452261306535,0.0,2.490262255055122,3.9844196080881953,0.0,0.0,0.0,0.0,0.0,0.0,0.0,0.0,3.018236678341272,0.0,6.036473356682544,0.296064665562346,0.0,0.0,0.0,0.0,0.0,0.49045965759890947,1.9618386303956379,0.0,0.0,0.296064665562346,0.0,0.0,0.0,0.0,0.0,0.0,0.0,0.0,14.460079152938055,0.0,6.404319979871182,6.404319979871182,0.0,0.0,0.0,0.0,0.0,0.0,0.0,14.763220201253018,21.1675401811242,21.1675401811242,0.0,0.0,0.0,0.0,0.0,0.0,0.0,0.0,33.28948373315678,0.0,9.986845119947033,6.657896746631356,20.836917619998285,0.0,0.0,0.0,0.0,0.0,0.0,31.29654666173815,12.51861866469526,9.388963998521445,20.836917619998285,0.0,0.0,0.0,0.0,0.0,0.0,0.0,22.61618433575803,0.0,0.0,0.0,0.0,0.0,0.0,0.0,0.0,0.0,0.0,8.776728097618443,0.0,0.0,0.0,0.0,0.0,0.0,0.0,0.0,0.0,0.0,8.691441294056004
18.190954773869347,0.0,2.6031060867207936,4.16496973875327,0.0,0.0,0.0,0.0,0.0,0.0,0.0,0.0,3.5193625214799575,0.0,7.038725042959915,0.4473665809616647,0.0,0.0,0.0,0.0,0.0,0.6355789979452567,2.542315991781027,0.0,0.0,0.4473665809616647,0.0,0.0,0.0,0.0,0.0,0.0,0.0,0.0,13.639432006138804,0.0,5.994533985429532,5.994533985429532,0.0,0.0,0.0,0.0,0.0,0.0,0.0,14.650008843798203,20.644542829227735,20.644542829227735,0.0,0.0,0.0,0.0,0.0,0.0,0.0,0.0,32.81270792033206,0.0,9.843812376099617,6.5625415840664125,20.227389560212913,0.0,0.0,0.0,0.0,0.0,0.0,30.822493543239716,12.328997417295888,9.246748062971914,20.227389560212913,0.0,0.0,0.0,0.0,0.0,0.0,0.0,22.323685701700274,0.0,0.0,0.0,0.0,0.0,0.0,0.0,0.0,0.0,0.0,8.957741302717768,0.0,0.0,0.0,0.0,0.0,0.0,0.0,0.0,0.0,0.0,9.170559509577831
18.291457286432163,0.0,2.674553343196703,4.279285349114725,0.0,0.0,0.0,0.0,0.0,0.0,0.0,0.0,4.187065778504971,0.0,8.374131557009942,0.7001997800470079,0.0,0.0,0.0,0.0,0.0,0.8361461427733055,3.344584571093222,0.0,0.0,0.7001997800470079,0.0,0.0,0.0,0.0,0.0,0.0,0.0,0.0,12.57851970877955,0.0,5.45788768797481,5.45788768797481,0.0,0.0,0.0,0.0,0.0,0.0,0.0,14.463513498506282,19.92140118648109,19.92140118648109,0.0,0.0,0.0,0.0,0.0,0.0,0.0,0.0,32.158575376901915,0.0,9.647572613070574,6.431715075380383,19.406095802399896,0.0,0.0,0.0,0.0,0.0,0.0,30.172505428114267,12.069002171245707,9.05175162843428,19.406095802399896,0.0,0.0,0.0,0.0,0.0,0.0,0.0,21.92666380538487,0.0,0.0,0.0,0.0,0.0,0.0,0.0,0.0,0.0,0.0,9.204442060931221,0.0,0.0,0.0,0.0,0.0,0.0,0.0,0.0,0.0,0.0,9.822416145116051
18.391959798994975,0.0,2.6838825520372516,4.294212083259603,0.0,0.0,0.0,0.0,0.0,0.0,0.0,0.0,5.084845608734427,0.0,10.169691217468854,1.1262903305889196,0.0,0.0,0.0,0.0,0.0,1.1074970778407205,4.429988311362882,0.0,0.0,1.1262903305889196,0.0,0.0,0.0,0.0,0.0,0.0,0.0,0.0,11.206669900060318,0.0,4.758140224835312,4.758140224835312,0.0,0.0,0.0,0.0,0.0,0.0,0.0,14.152703307547537,18.91084353238285,18.91084353238285,0.0,0.0,0.0,0.0,0.0,0.0,0.0,0.0,31.25027195163113,0.0,9.375081585489339,6.250054390326227,18.29426680887081,0.0,0.0,0.0,0.0,0.0,0.0,29.270572168438242,11.708228867375297,8.781171650531473,18.29426680887081,0.0,0.0,0.0,0.0,0.0,0.0,0.0,21.38057790930315,0.0,0.0,0.0,0.0,0.0,0.0,0.0,0.0,0.0,0.0,9.547367047098756,0.0,0.0,0.0,0.0,0.0,0.0,0.0,0.0,0.0,0.0,10.723820640363074
18.49246231155779,0.0,2.6102561445751533,4.176409831320245,0.0,0.0,0.0,0.0,0.0,0.0,0.0,0.0,6.283133055582193,0.0,12.566266111164387,1.8343120480566055,0.0,0.0,0.0,0.0,0.0,1.4597112872111846,5.838845148844738,0.0,0.0,1.8343120480566055,0.0,0.0,0.0,0.0,0.0,0.0,0.0,0.0,9.465073695783412,0.0,3.872747255753441,3.872747255753441,0.0,0.0,0.0,0.0,0.0,0.0,0.0,13.63872900950473,17.51147626525817,17.51147626525817,0.0,0.0,0.0,0.0,0.0,0.0,0.0,0.0,29.995073509859655,0.0,8.998522052957895,5.999014701971931,16.81222455698734,0.0,0.0,0.0,0.0,0.0,0.0,28.02497642064622,11.209990568258489,8.407492926193866,16.81222455698734,0.0,0.0,0.0,0.0,0.0,0.0,0.0,20.629447178805645,0.0,0.0,0.0,0.0,0.0,0.0,0.0,0.0,0.0,0.0,10.029449442462491,0.0,0.0,0.0,0.0,0.0,0.0,0.0,0.0,0.0,0.0,11.974589418604825
18.592964824120603,0.0,2.4407822250538036,3.9052515600860858,0.0,0.0,0.0,0.0,0.0,0.0,0.0,0.0,7.822658846516056,0.0,15.645317693032112,2.952020021808586,0.0,0.0,0.0,0.0,0.0,1.8868392957742972,7.547357183097189,0.0,0.0,2.952020021808586,0.0,0.0,0.0,0.0,0.0,0.0,0.0,0.0,7.368384853669465,0.0,2.8344033052598667,2.8344033052598667,0.0,0.0,0.0,0.0,0.0,0.0,0.0,12.822363659286564,15.656766964546431,15.656766964546431,0.0,0.0,0.0,0.0,0.0,0.0,0.0,0.0,28.320385603456483,0.0,8.496115681036944,5.664077120691297,14.932669938428788,0.0,0.0,0.0,0.0,0.0,0.0,26.363818182981,10.5455272731924,7.9091454548943,14.932669938428788,0.0,0.0,0.0,0.0,0.0,0.0,0.0,19.62195050093936,0.0,0.0,0.0,0.0,0.0,0.0,0.0,0.0,0.0,0.0,10.700860192527893,0.0,0.0,0.0,0.0,0.0,0.0,0.0,0.0,0.0,0.0,13.66621671994338
18.69346733668342,0.0,2.1809457992174046,3.4895132787478476,0.0,0.0,0.0,0.0,0.0,0.0,0.0,0.0,9.642798429509003,0.0,19.285596859018007,4.543015811937136,0.0,0.0,0.0,0.0,0.0,2.355652171487141,9.422608685948564,0.0,0.0,4.543015811937136,0.0,0.0,0.0,0.0,0.0,0.0,0.0,0.0,5.097393857729291,0.0,1.7788782193406116,1.7788782193406116,0.0,0.0,0.0,0.0,0.0,0.0,0.0,11.632599383070097,13.41147760241071,13.41147760241071,0.0,0.0,0.0,0.0,0.0,0.0,0.0,0.0,26.251479963332752,0.0,7.875443988999825,5.250295992666551,12.76425567240404,0.0,0.0,0.0,0.0,0.0,0.0,24.31149727602549,9.724598910410197,7.293449182807647,12.76425567240404,0.0,0.0,0.0,0.0,0.0,0.0,0.0,18.35073929114986,0.0,0.0,0.0,0.0,0.0,0.0,0.0,0.0,0.0,0.0,11.5950538872031,0.0,0.0,0.0,0.0,0.0,0.0,0.0,0.0,0.0,0.0,15.792029742639317
18.79396984924623,0.0,1.8597807754766429,2.9756492407626287,0.0,0.0,0.0,0.0,0.0,0.0,0.0,0.0,11.523394973688365,0.0,23.04678994737673,6.465169249854724,0.0,0.0,0.0,0.0,0.0,2.805236332095183,11.220945328380733,0.0,0.0,6.465169249854724,0.0,0.0,0.0,0.0,0.0,0.0,0.0,0.0,3.0204025592335997,0.0,0.9169833485896326,0.9169833485896326,0.0,0.0,0.0,0.0,0.0,0.0,0.0,10.11988005579306,11.036863404382691,11.036863404382691,0.0,0.0,0.0,0.0,0.0,0.0,0.0,0.0,23.979892069562812,0.0,7.193967620868843,4.795978413912563,10.577961052644898,0.0,0.0,0.0,0.0,0.0,0.0,22.05589796225832,8.822359184903329,6.616769388677496,10.577961052644898,0.0,0.0,0.0,0.0,0.0,0.0,0.0,16.896710612051244,0.0,0.0,0.0,0.0,0.0,0.0,0.0,0.0,0.0,0.0,12.683329593506276,0.0,0.0,0.0,0.0,0.0,0.0,0.0,0.0,0.0,0.0,18.13990092615036
18.894472361809047,0.0,1.5217953110141946,2.4348724976227114,0.0,0.0,0.0,0.0,0.0,0.0,0.0,0.0,13.139689214424523,0.0,26.279378428849046,8.320598377652924,0.0,0.0,0.0,0.0,0.0,3.166208211575779,12.664832846303115,0.0,0.0,8.320598377652924,0.0,0.0,0.0,0.0,0.0,0.0,0.0,0.0,1.5037005212192762,0.0,0.38373428341203175,0.38373428341203175,0.0,0.0,0.0,0.0,0.0,0.0,0.0,8.506443005040229,8.89017728845226,8.89017728845226,0.0,0.0,0.0,0.0,0.0,0.0,0.0,0.0,21.811335541729004,0.0,6.543400662518701,4.362267108345801,8.67972885633703,0.0,0.0,0.0,0.0,0.0,0.0,19.89728881968541,7.958915527874165,5.969186645905623,8.67972885633703,0.0,0.0,0.0,0.0,0.0,0.0,0.0,15.421897618155832,0.0,0.0,0.0,0.0,0.0,0.0,0.0,0.0,0.0,0.0,13.846259994049152,0.0,0.0,0.0,0.0,0.0,0.0,0.0,0.0,0.0,0.0,20.338261372846542
18.99497487437186,0.0,1.2088701901741907,1.9341923042787053,0.0,0.0,0.0,0.0,0.0,0.0,0.0,0.0,14.225945495188032,0.0,28.451890990376064,9.644693652284374,0.0,0.0,0.0,0.0,0.0,3.3898251808804973,13.55930072352199,0.0,0.0,9.644693652284374,0.0,0.0,0.0,0.0,0.0,0.0,0.0,0.0,0.6406029664212771,0.0,0.13624752333539558,0.13624752333539558,0.0,0.0,0.0,0.0,0.0,0.0,0.0,7.089545864190066,7.225793387525462,7.225793387525462,0.0,0.0,0.0,0.0,0.0,0.0,0.0,0.0,20.00666774145877,0.0,6.002000322437631,4.001333548291754,7.239397573557475,0.0,0.0,0.0,0.0,0.0,0.0,18.09246214089828,7.236984856359313,5.427738642269484,7.239397573557475,0.0,0.0,0.0,0.0,0.0,0.0,0.0,14.094438418679527,0.0,0.0,0.0,0.0,0.0,0.0,0.0,0.0,0.0,0.0,14.91834484264379,0.0,0.0,0.0,0.0,0.0,0.0,0.0,0.0,0.0,0.0,22.091039199006996
19.095477386934675,0.0,0.9460635688945238,1.5137017102312382,0.0,0.0,0.0,0.0,0.0,0.0,0.0,0.0,14.690657483646364,0.0,29.381314967292727,10.178777344295213,0.0,0.0,0.0,0.0,0.0,3.4643709294925107,13.857483717970043,0.0,0.0,10.178777344295213,0.0,0.0,0.0,0.0,0.0,0.0,0.0,0.0,0.2482058148696736,0.0,0.045281457567706455,0.045281457567706455,0.0,0.0,0.0,0.0,0.0,0.0,0.0,6.081170659583805,6.126452117151511,6.126452117151511,0.0,0.0,0.0,0.0,0.0,0.0,0.0,0.0,18.690650284739313,0.0,5.607195085421794,3.738130056947863,6.267052556762353,0.0,0.0,0.0,0.0,0.0,0.0,16.765207366485598,6.70608294659424,5.029562209945679,6.267052556762353,0.0,0.0,0.0,0.0,0.0,0.0,0.0,13.021736548312724,0.0,0.0,0.0,0.0,0.0,0.0,0.0,0.0,0.0,0.0,15.774375891927685,0.0,0.0,0.0,0.0,0.0,0.0,0.0,0.0,0.0,0.0,23.316452173167544
19.195979899497488,0.0,0.7398441884059727,1.1837507014495563,0.0,0.0,0.0,0.0,0.0,0.0,0.0,0.0,14.599373183677104,0.0,29.198746367354207,9.955524495613915,0.0,0.0,0.0,0.0,0.0,3.409572579028507,13.638290316114029,0.0,0.0,9.955524495613915,0.0,0.0,0.0,0.0,0.0,0.0,0.0,0.0,0.09523453278681664,0.0,0.015870790383874393,0.015870790383874393,0.0,0.0,0.0,0.0,0.0,0.0,0.0,5.554984422650309,5.570855213034183,5.570855213034183,0.0,0.0,0.0,0.0,0.0,0.0,0.0,0.0,17.882742606020486,0.0,5.364822781806145,3.5765485212040975,5.699726676495243,0.0,0.0,0.0,0.0,0.0,0.0,15.936388511727353,6.374555404690941,4.780916553518206,5.699726676495243,0.0,0.0,0.0,0.0,0.0,0.0,0.0,12.246048667016103,0.0,0.0,0.0,0.0,0.0,0.0,0.0,0.0,0.0,0.0,16.365072639903936,0.0,0.0,0.0,0.0,0.0,0.0,0.0,0.0,0.0,0.0,24.072502766753477
19.296482412060303,0.0,0.5847298948813957,0.9355678318102332,0.0,0.0,0.0,0.0,0.0,0.0,0.0,0.0,14.09283422742118,0.0,28.18566845484236,9.188370676194369,0.0,0.0,0.0,0.0,0.0,3.2599442127531963,13.039776851012785,0.0,0.0,9.188370676194369,0.0,0.0,0.0,0.0,0.0,0.0,0.0,0.0,0.03928297954307049,0.0,0.006483211546838219,0.006483211546838219,0.0,0.0,0.0,0.0,0.0,0.0,0.0,5.501289720763944,5.5077729323107825,5.5077729323107825,0.0,0.0,0.0,0.0,0.0,0.0,0.0,0.0,17.55939687596597,0.0,5.2678190627897905,3.5118793751931943,5.473333752411088,0.0,0.0,0.0,0.0,0.0,0.0,15.585198600706471,6.2340794402825885,4.675559580211941,5.473333752411088,0.0,0.0,0.0,0.0,0.0,0.0,0.0,11.773775060135145,0.0,0.0,0.0,0.0,0.0,0.0,0.0,0.0,0.0,0.0,16.69235957858622,0.0,0.0,0.0,0.0,0.0,0.0,0.0,0.0,0.0,0.0,24.444242934810266
19.396984924623116,0.0,0.470677206876494,0.7530835310023904,0.0,0.0,0.0,0.0,0.0,0.0,0.0,0.0,13.318780196460482,0.0,26.637560392920964,8.126016412996703,0.0,0.0,0.0,0.0,0.0,3.050585824352077,12.202343297408309,0.0,0.0,8.126016412996703,0.0,0.0,0.0,0.0,0.0,0.0,0.0,0.0,0.0185376971295619,0.0,0.0032723505881529264,0.0032723505881529264,0.0,0.0,0.0,0.0,0.0,0.0,0.0,5.884137181445509,5.887409532033662,5.887409532033662,0.0,0.0,0.0,0.0,0.0,0.0,0.0,0.0,17.691013460635247,0.0,5.307304038190574,3.5382026921270495,5.54992219252642,0.0,0.0,0.0,0.0,0.0,0.0,15.685710162607988,6.2742840650431955,4.705713048782396,5.54992219252642,0.0,0.0,0.0,0.0,0.0,0.0,0.0,11.601488092164573,0.0,0.0,0.0,0.0,0.0,0.0,0.0,0.0,0.0,0.0,16.775299938112255,0.0,0.0,0.0,0.0,0.0,0.0,0.0,0.0,0.0,0.0,24.49181215850835
19.49748743718593,0.0,0.38761175334320175,0.6201788053491228,0.0,0.0,0.0,0.0,0.0,0.0,0.0,0.0,12.398997370160092,0.0,24.797994740320185,6.9685787906900005,0.0,0.0,0.0,0.0,0.0,2.8101380227166,11.2405520908664,0.0,0.0,6.9685787906900005,0.0,0.0,0.0,0.0,0.0,0.0,0.0,0.0,0.010403683326030554,0.0,0.0020747655649655354,0.0020747655649655354,0.0,0.0,0.0,0.0,0.0,0.0,0.0,6.647535300548684,6.64961006611365,6.64961006611365,0.0,0.0,0.0,0.0,0.0,0.0,0.0,0.0,18.243374212940882,0.0,5.473012263882264,3.6486748425881768,5.914012257370522,0.0,0.0,0.0,0.0,0.0,0.0,16.20865797176773,6.483463188707093,4.862597391530319,5.914012257370522,0.0,0.0,0.0,0.0,0.0,0.0,0.0,11.726258291246914,0.0,0.0,0.0,0.0,0.0,0.0,0.0,0.0,0.0,0.0,16.63480994306477,0.0,0.0,0.0,0.0,0.0,0.0,0.0,0.0,0.0,0.0,24.245141920561792
19.597989949748744,0.0,0.32723186315109776,0.5235709810417565,0.0,0.0,0.0,0.0,0.0,0.0,0.0,0.0,11.421670728672769,0.0,22.843341457345538,5.8460834056210285,0.0,0.0,0.0,0.0,0.0,2.5592067677739645,10.236827071095858,0.0,0.0,5.8460834056210285,0.0,0.0,0.0,0.0,0.0,0.0,0.0,0.0,0.007077540022888118,0.0,0.0016325979840661488,0.0016325979840661488,0.0,0.0,0.0,0.0,0.0,0.0,0.0,7.689102799308216,7.690735397292283,7.690735397292283,0.0,0.0,0.0,0.0,0.0,0.0,0.0,0.0,19.14853387572376,0.0,5.744560162717128,3.829706775144752,6.5458660886454405,0.0,0.0,0.0,0.0,0.0,0.0,17.092342764017552,6.836937105607021,5.1277028292052655,6.5458660886454405,0.0,0.0,0.0,0.0,0.0,0.0,0.0,12.136705420060443,0.0,0.0,0.0,0.0,0.0,0.0,0.0,0.0,0.0,0.0,16.298800234071926,0.0,0.0,0.0,0.0,0.0,0.0,0.0,0.0,0.0,0.0,23.724875156033676
19.69849246231156,0.0,0.28329419911707887,0.4532707185873262,0.0,0.0,0.0,0.0,0.0,0.0,0.0,0.0,10.445382414430215,0.0,20.89076482886043,4.828649045045027,0.0,0.0,0.0,0.0,0.0,2.311379733868951,9.245518935475804,0.0,0.0,4.828649045045027,0.0,0.0,0.0,0.0,0.0,0.0,0.0,0.0,0.005865120148715273,0.0,0.001558022484032893,0.001558022484032893,0.0,0.0,0.0,0.0,0.0,0.0,0.0,8.854734683052035,8.856292705536069,8.856292705536069,0.0,0.0,0.0,0.0,0.0,0.0,0.0,0.0,20.27626720468589,0.0,6.082880161405767,4.055253440937178,7.385212360279818,0.0,0.0,0.0,0.0,0.0,0.0,18.21146931466034,7.284587725864137,5.463440794398102,7.385212360279818,0.0,0.0,0.0,0.0,0.0,0.0,0.0,12.78827703284091,0.0,0.0,0.0,0.0,0.0,0.0,0.0,0.0,0.0,0.0,15.816379803857865,0.0,0.0,0.0,0.0,0.0,0.0,0.0,0.0,0.0,0.0,22.976593968797328
19.798994974874372,0.0,0.25131047314249894,0.4020967570279983,0.0,0.0,0.0,0.0,0.0,0.0,0.0,0.0,9.506313036215225,0.0,19.01262607243045,3.9450281586688796,0.0,0.0,0.0,0.0,0.0,2.0749517418792705,8.299806967517082,0.0,0.0,3.9450281586688796,0.0,0.0,0.0,0.0,0.0,0.0,0.0,0.0,0.005895151900707383,0.0,0.001766039017741646,0.001766039017741646,0.0,0.0,0.0,0.0,0.0,0.0,0.0,9.985827040519696,9.987593079537438,9.987593079537438,0.0,0.0,0.0,0.0,0.0,0.0,0.0,0.0,21.45455046171736,0.0,6.436365138515208,4.290910092343473,8.321614415598749,0.0,0.0,0.0,0.0,0.0,0.0,19.393588391533775,7.75743535661351,5.818076517460132,8.321614415598749,0.0,0.0,0.0,0.0,0.0,0.0,0.0,13.586126050795185,0.0,0.0,0.0,0.0,0.0,0.0,0.0,0.0,0.0,0.0,15.260300187361764,0.0,0.0,0.0,0.0,0.0,0.0,0.0,0.0,0.0,0.0,22.090932921378926
19.899497487437188,0.0,0.22812104443778697,0.36499367110045916,0.0,0.0,0.0,0.0,0.0,0.0,0.0,0.0,8.624990374287842,0.0,17.249980748575684,3.1990573989236064,0.0,0.0,0.0,0.0,0.0,1.854528098060486,7.418112392241944,0.0,0.0,3.1990573989236064,0.0,0.0,0.0,0.0,0.0,0.0,0.0,0.0,0.00711620105898996,0.0,0.00234377704620717,0.00234377704620717,0.0,0.0,0.0,0.0,0.0,0.0,0.0,10.978596710887174,10.980940487933381,10.980940487933381,0.0,0.0,0.0,0.0,0.0,0.0,0.0,0.0,22.537431319469675,0.0,6.761229395840902,4.507486263893935,9.234579742925192,0.0,0.0,0.0,0.0,0.0,0.0,20.48720551163168,8.194882204652671,6.146161653489504,9.234579742925192,0.0,0.0,0.0,0.0,0.0,0.0,0.0,14.407094250856547,0.0,0.0,0.0,0.0,0.0,0.0,0.0,0.0,0.0,0.0,14.706476664282105,0.0,0.0,0.0,0.0,0.0,0.0,0.0,0.0,0.0,0.0,21.1818548870413
20.0,0.0,0.21151893753330153,0.33843030005328245,0.0,0.0,0.0,0.0,0.0,0.0,0.0,0.0,7.811529888740038,0.0,15.623059777480076,2.581345453922842,0.0,0.0,0.0,0.0,0.0,1.6522662594197668,6.609065037679067,0.0,0.0,2.581345453922842,0.0,0.0,0.0,0.0,0.0,0.0,0.0,0.0,0.010184283240795495,0.0,0.003604849342050822,0.003604849342050822,0.0,0.0,0.0,0.0,0.0,0.0,0.0,11.798733587229018,11.802338436571068,11.802338436571068,0.0,0.0,0.0,0.0,0.0,0.0,0.0,0.0,23.452422776391778,0.0,7.0357268329175335,4.690484555278355,10.044193765081236,0.0,0.0,0.0,0.0,0.0,0.0,21.41397897532394,8.565591590129577,6.424193692597181,10.044193765081236,0.0,0.0,0.0,0.0,0.0,0.0,0.0,15.151088670987106,0.0,0.0,0.0,0.0,0.0,0.0,0.0,0.0,0.0,0.0,14.208114141200813,0.0,0.0,0.0,0.0,0.0,0.0,0.0,0.0,0.0,0.0,20.341084672782564
