time,1->1,2->1,3->1,4->1,5->1,6->1,7->1,8->1,9->1,10->1,1->2,2->2,3->2,4->2,5->2,6->2,7->2,8->2,9->2,10->2,1->3,2->3,3->3,4->3,5->3,6->3,7->3,8->3,9->3,10->3,1->4,2->4,3->4,4->4,5->4,6->4,7->4,8->4,9->4,10->4,1->5,2->5,3->5,4->5,5->5,6->5,7->5,8->5,9->5,10->5,1->6,2->6,3->6,4->6,5->6,6->6,7->6,8->6,9->6,10->6,1->7,2->7,3->7,4->7,5->7,6->7,7->7,8->7,9->7,10->7,1->8,2->8,3->8,4->8,5->8,6->8,7->8,8->8,9->8,10->8,1->9,2->9,3->9,4->9,5->9,6->9,7->9,8->9,9->9,10->9,1->10,2->10,3->10,4->10,5->10,6->10,7->10,8->10,9->10,10->10
0.0,0.500000000069889,0.0,-2.4999999999053557,0.0,0.0,0.0,0.0,0.0,0.0,0.0,1.0000000010279564,0.4999990004250776,4.000000000559112,0.0,0.0,0.0,0.0,0.0,0.0,0.0,0.8000000004670937,0.0,2.500000000349445,0.0,0.0,0.0,0.0,0.0,0.0,0.0,0.0,-39.99999997006398,0.0,-24.000001019430783,0.0,0.0,0.0,0.0,0.0,0.0,0.0,-1.5000000175291461,-3.0000000084129397,0.0,-15.200000988535578,0.0,0.0,0.0,0.0,0.0,0.0,0.0,0.0,12.15000003185196,43.19999993640522,-18.000001006157618,0.0,0.0,0.0,0.0,0.0,0.0,0.0,12.15000003185196,43.19999993640522,0.0,-20.000001029529813,0.0,0.0,0.0,0.0,0.0,0.0,0.0,0.0,6.0000000701165845,8.00000009348878,-21.100001021068238,0.0,0.0,0.0,0.0,0.0,0.0,0.0,-1.6000000186977559,-2.3999999996249244,0.0,-4.500001001161991,0.0,0.0,0.0,0.0,0.0,0.0,-4.320000002167035,-4.320000002167035,0.0,0.0,-0.5800010001166811
0.10050251256281408,0.351162659173454,0.0,-2.610317798357187,0.0,0.0,0.0,0.0,0.0,0.0,0.0,1.2935025628380004,0.031655916998829525,5.174010246022931,0.0,0.0,0.0,0.0,0.0,0.0,0.0,1.0381397461678432,0.0,2.6765084775171033,0.0,0.0,0.0,0.0,0.0,0.0,0.0,0.0,-32.19642486484986,0.0,-17.37043609750799,0.0,0.0,0.0,0.0,0.0,0.0,0.0,-1.918553256485822,-3.8247699045701467,0.0,-14.904804127802151,0.0,0.0,0.0,0.0,0.0,0.0,0.0,0.0,15.086519989271352,50.44118051866775,-34.10363800959715,0.0,0.0,0.0,0.0,0.0,0.0,0.0,14.227092625773707,47.56771898950518,0.0,-32.228296722891514,0.0,0.0,0.0,0.0,0.0,0.0,0.0,0.0,6.703439980881853,8.937919893980961,-21.654754014832633,0.0,0.0,0.0,0.0,0.0,0.0,0.0,-1.717972227754938,-2.576958341632407,0.0,-8.605504047604073,0.0,0.0,0.0,0.0,0.0,0.0,-5.639941354829148,-5.980637852509574,0.0,0.0,-9.403889516867991
0.20100502512562815,0.14567758221950555,0.0,-2.6777570948377516,0.0,0.0,0.0,0.0,0.0,0.0,0.0,1.6913729954382006,-0.670446219430687,6.765491983529159,0.0,0.0,0.0,0.0,0.0,0.0,0.0,1.3669158693829786,0.0,2.784411351264282,0.0,0.0,0.0,0.0,0.0,0.0,0.0,0.0,-28.73648083578928,0.0,-15.50197380595364,0.0,0.0,0.0,0.0,0.0,0.0,0.0,-2.492078753135729,-4.933775146653829,0.0,-14.748229302696814,0.0,0.0,0.0,0.0,0.0,0.0,0.0,0.0,14.51522643769465,47.47298741136774,-33.47520719820807,0.0,0.0,0.0,0.0,0.0,0.0,0.0,13.648668597099345,44.63885330174833,0.0,-31.514283875822002,0.0,0.0,0.0,0.0,0.0,0.0,0.0,0.0,6.784923971103751,9.046565321746414,-22.803492340628395,0.0,0.0,0.0,0.0,0.0,0.0,0.0,-1.742859832898347,-2.6142897651126873,0.0,-8.421260808244568,0.0,0.0,0.0,0.0,0.0,0.0,-5.4795675517027576,-5.827466964980488,0.0,0.0,-8.262354579180453
0.30150753768844224,-0.13166335999237333,0.0,-2.681404650872743,0.0,0.0,0.0,0.0,0.0,0.0,0.0,2.2273249342674717,-1.7012426543061565,8.909299745951671,0.0,0.0,0.0,0.0,0.0,0.0,0.0,1.8106613772772562,0.0,2.790247441097904,0.0,0.0,0.0,0.0,0.0,0.0,0.0,0.0,-25.219240299634293,0.0,-14.128541028668451,0.0,0.0,0.0,0.0,0.0,0.0,0.0,-3.2303675467915127,-6.357966917391877,0.0,-14.553538571604463,0.0,0.0,0.0,0.0,0.0,0.0,0.0,0.0,13.728002727475541,44.18975312958651,-32.450808392425756,0.0,0.0,0.0,0.0,0.0,0.0,0.0,12.881587371893488,41.46518449310577,0.0,-30.497255341543905,0.0,0.0,0.0,0.0,0.0,0.0,0.0,0.0,6.598614342046005,8.798152507871748,-22.33854989963646,0.0,0.0,0.0,0.0,0.0,0.0,0.0,-1.8140298063684668,-2.72104472642809,0.0,-8.57792660191592,0.0,0.0,0.0,0.0,0.0,0.0,-5.760811584210046,-6.139339461697091,0.0,0.0,-8.439746977728646
0.4020100502512563,-0.4901404757617911,0.0,-2.600692143861494,0.0,0.0,0.0,0.0,0.0,0.0,0.0,2.9321446461949563,-3.167325527186904,11.728578584779825,0.0,0.0,0.0,0.0,0.0,0.0,0.0,2.384224758955611,0.0,2.661107429524634,0.0,0.0,0.0,0.0,0.0,0.0,0.0,0.0,-20.963681180319327,0.0,-12.692260739299854,0.0,0.0,0.0,0.0,0.0,0.0,0.0,-4.095620947275336,-8.058940237809509,0.0,-14.232521670543008,0.0,0.0,0.0,0.0,0.0,0.0,0.0,0.0,12.618434539035661,40.23161519128848,-31.150361614606936,0.0,0.0,0.0,0.0,0.0,0.0,0.0,11.807510748695904,37.64613046541854,0.0,-29.216435684986664,0.0,0.0,0.0,0.0,0.0,0.0,0.0,0.0,6.334397937735048,8.445863866057834,-21.591160834333323,0.0,0.0,0.0,0.0,0.0,0.0,0.0,-1.9230986447738019,-2.8846479498412236,0.0,-8.944430444302043,0.0,0.0,0.0,0.0,0.0,0.0,-6.273627775499335,-6.704491937625789,0.0,0.0,-9.436836659659775
0.5025125628140704,-0.9220505896578857,0.0,-2.423777533344662,0.0,0.0,0.0,0.0,0.0,0.0,0.0,3.8108192015329223,-5.131297903915311,15.243276791920835,0.0,0.0,0.0,0.0,0.0,0.0,0.0,3.075280941899905,0.0,2.37804405323061,0.0,0.0,0.0,0.0,0.0,0.0,0.0,0.0,-15.990767085583002,0.0,-11.234044880126248,0.0,0.0,0.0,0.0,0.0,0.0,0.0,-4.952605703323343,-9.81945272116036,0.0,-13.697137397628012,0.0,0.0,0.0,0.0,0.0,0.0,0.0,0.0,11.095916708114828,35.5939486205159,-29.442065763163328,0.0,0.0,0.0,0.0,0.0,0.0,0.0,10.341255489265677,33.17311459483108,0.0,-27.537058599591546,0.0,0.0,0.0,0.0,0.0,0.0,0.0,0.0,5.9882454923609885,7.984327275778469,-20.607036500308595,0.0,0.0,0.0,0.0,0.0,0.0,0.0,-2.0762082222347544,-3.1143123155885633,0.0,-9.530333745289,0.0,0.0,0.0,0.0,0.0,0.0,-6.909430002366435,-7.413651069043681,0.0,0.0,-11.186275965968662
0.6030150753768845,-1.3918230070686377,0.0,-2.1579079536593326,0.0,0.0,0.0,0.0,0.0,0.0,0.0,4.808353644136787,-7.508215638551974,19.233414612074284,0.0,0.0,0.0,0.0,0.0,0.0,0.0,3.8269168118887364,0.0,1.952652725734083,0.0,0.0,0.0,0.0,0.0,0.0,0.0,0.0,-10.79857192110012,0.0,-10.031987557113098,0.0,0.0,0.0,0.0,0.0,0.0,0.0,-5.56396962991812,-11.18541533884354,0.0,-12.862757236220546,0.0,0.0,0.0,0.0,0.0,0.0,0.0,0.0,9.21990114832738,30.702759971745763,-27.33041429792138,0.0,0.0,0.0,0.0,0.0,0.0,0.0,8.544600376581002,28.453972582553888,0.0,-25.45979667090137,0.0,0.0,0.0,0.0,0.0,0.0,0.0,0.0,5.562139286041656,7.416185649589124,-19.35907321204411,0.0,0.0,0.0,0.0,0.0,0.0,0.0,-2.2779113759696656,-3.416867084382602,0.0,-10.409936159305744,0.0,0.0,0.0,0.0,0.0,0.0,-7.525994377033385,-8.120792205801308,0.0,0.0,-13.674592086232451
0.7035175879396985,-1.8369656800132361,0.0,-1.8337820009151073,0.0,0.0,0.0,0.0,0.0,0.0,0.0,5.795324398150115,-9.999653922676544,23.18129765299659,0.0,0.0,0.0,0.0,0.0,0.0,0.0,4.5391450882448225,0.0,1.4340512013433226,0.0,0.0,0.0,0.0,0.0,0.0,0.0,0.0,-6.24228377787972,0.0,-9.42358242994601,0.0,0.0,0.0,0.0,0.0,0.0,0.0,-5.708803232806758,-11.661884755653773,0.0,-11.699375228602094,0.0,0.0,0.0,0.0,0.0,0.0,0.0,0.0,7.242521220973686,26.240954852596587,-24.984982594844496,0.0,0.0,0.0,0.0,0.0,0.0,0.0,6.663076231205878,24.14152161023253,0.0,-23.145612647823555,0.0,0.0,0.0,0.0,0.0,0.0,0.0,0.0,5.089185741269375,6.78558100908333,-17.899791407316457,0.0,0.0,0.0,0.0,0.0,0.0,0.0,-2.517835172355376,-3.7767527132359646,0.0,-11.599581601018372,0.0,0.0,0.0,0.0,0.0,0.0,-7.9435929762894375,-8.634396316153925,0.0,0.0,-16.578515285914364
0.8040201005025126,-2.188673520642226,0.0,-1.4963931178613166,0.0,0.0,0.0,0.0,0.0,0.0,0.0,6.610719623267869,-12.191792260196621,26.44287847353155,0.0,0.0,0.0,0.0,0.0,0.0,0.0,5.101877633251206,0.0,0.8942289877467147,0.0,0.0,0.0,0.0,0.0,0.0,0.0,0.0,-3.042488822657674,0.0,-9.485368293482566,0.0,0.0,0.0,0.0,0.0,0.0,0.0,-5.371109374152638,-11.135319395449983,0.0,-10.276109376761156,0.0,0.0,0.0,0.0,0.0,0.0,0.0,0.0,5.495216797157809,22.74158392623349,-22.691500433325018,0.0,0.0,0.0,0.0,0.0,0.0,0.0,5.012358649025828,20.743308052573184,0.0,-20.869380062293885,0.0,0.0,0.0,0.0,0.0,0.0,0.0,0.0,4.624018115961803,6.165357477883049,-16.366900744912982,0.0,0.0,0.0,0.0,0.0,0.0,0.0,-2.766559896727472,-4.149839796241395,0.0,-12.966789986634808,0.0,0.0,0.0,0.0,0.0,0.0,-8.07180693840337,-8.849392479248763,0.0,0.0,-19.317823323206085
0.9045226130653267,-2.4007565135875097,0.0,-1.1866910032409805,0.0,0.0,0.0,0.0,0.0,0.0,0.0,7.138758352454033,-13.765317315339587,28.555033384947137,0.0,0.0,0.0,0.0,0.0,0.0,0.0,5.441210420897846,0.0,0.3987056045318127,0.0,0.0,0.0,0.0,0.0,0.0,0.0,0.0,-1.277723056247737,0.0,-9.832757439376394,0.0,0.0,0.0,0.0,0.0,0.0,0.0,-4.770062860259827,-10.013162057731506,0.0,-8.737348284881818,0.0,0.0,0.0,0.0,0.0,0.0,0.0,0.0,4.193019675469145,20.31102953736763,-20.710492522724167,0.0,0.0,0.0,0.0,0.0,0.0,0.0,3.790547754789486,18.36145150058144,0.0,-18.884661736606745,0.0,0.0,0.0,0.0,0.0,0.0,0.0,0.0,4.216160778724998,5.621547696676998,-14.922555282126382,0.0,0.0,0.0,0.0,0.0,0.0,0.0,-2.988817598748028,-4.483226422991038,0.0,-14.278838536441185,0.0,0.0,0.0,0.0,0.0,0.0,-7.979313689787659,-8.826539428241631,0.0,0.0,-21.470673246426486
1.0050251256281408,-2.464355864262302,0.0,-0.9282102615415511,0.0,0.0,0.0,0.0,0.0,0.0,0.0,7.350177403386837,-14.615076854296305,29.400709587790175,0.0,0.0,0.0,0.0,0.0,0.0,0.0,5.5429693830710836,0.0,-0.014863581546120663,0.0,0.0,0.0,0.0,0.0,0.0,0.0,0.0,-0.4921431830950951,0.0,-9.892853766846343,0.0,0.0,0.0,0.0,0.0,0.0,0.0,-4.179521614133819,-8.867514341481808,0.0,-7.249807257636576,0.0,0.0,0.0,0.0,0.0,0.0,0.0,0.0,3.3713023039894097,18.76707627168628,-19.182393936389985,0.0,0.0,0.0,0.0,0.0,0.0,0.0,3.0228218292904785,16.8271850888857,0.0,-17.331042807100516,0.0,0.0,0.0,0.0,0.0,0.0,0.0,0.0,3.893199949089876,5.190933256571384,-13.684252385459672,0.0,0.0,0.0,0.0,0.0,0.0,0.0,-3.1615413931262992,-4.742312089689449,0.0,-15.3524869865862,0.0,0.0,0.0,0.0,0.0,0.0,-7.8063837527508895,-8.706328422647402,0.0,0.0,-22.95768464755099
1.105527638190955,-2.4009609402853016,0.0,-0.7262141523689536,0.0,0.0,0.0,0.0,0.0,0.0,0.0,7.286429227981728,-14.81565995886669,29.145716887057915,0.0,0.0,0.0,0.0,0.0,0.0,0.0,5.4415375045913095,0.0,-0.33805735633052336,0.0,0.0,0.0,0.0,0.0,0.0,0.0,0.0,-0.1892071523901251,0.0,-9.334925035853203,0.0,0.0,0.0,0.0,0.0,0.0,0.0,-3.7677218100995447,-8.072200419650954,0.0,-5.990749138096163,0.0,0.0,0.0,0.0,0.0,0.0,0.0,0.0,2.9662669236429906,17.900806880355447,-18.14537069488864,0.0,0.0,0.0,0.0,0.0,0.0,0.0,2.642605935854192,15.947579957931168,0.0,-16.24997245031068,0.0,0.0,0.0,0.0,0.0,0.0,0.0,0.0,3.663655830266066,4.88487445426955,-12.708350512369293,0.0,0.0,0.0,0.0,0.0,0.0,0.0,-3.277971428516935,-4.91695717208529,0.0,-16.12047885757306,0.0,0.0,0.0,0.0,0.0,0.0,-7.666271708117733,-8.605220921609202,0.0,0.0,-23.885346707608335
1.206030150753769,-2.245548814006071,0.0,-0.5746346292134774,0.0,0.0,0.0,0.0,0.0,0.0,0.0,7.020483890229912,-14.52510663835227,28.081935537827007,0.0,0.0,0.0,0.0,0.0,0.0,0.0,5.192878102189269,0.0,-0.5805845932904674,0.0,0.0,0.0,0.0,0.0,0.0,0.0,0.0,-0.07867916890225146,0.0,-8.160615703189933,0.0,0.0,0.0,0.0,0.0,0.0,0.0,-3.582140472691009,-7.74856917784561,0.0,-5.151217311816225,0.0,0.0,0.0,0.0,0.0,0.0,0.0,0.0,2.9069226503697365,17.579235767395396,-17.591971303798637,0.0,0.0,0.0,0.0,0.0,0.0,0.0,2.5797489281442765,15.600695473128035,0.0,-15.639555347224388,0.0,0.0,0.0,0.0,0.0,0.0,0.0,0.0,3.5270612457338757,4.702748299667547,-12.013266463828387,0.0,0.0,0.0,0.0,0.0,0.0,0.0,-3.3405451371759654,-5.010817587081107,0.0,-16.591846291547085,0.0,0.0,0.0,0.0,0.0,0.0,-7.621087304121588,-8.587622953859508,0.0,0.0,-24.380642636323557
1.306532663316583,-2.0328846312978044,0.0,-0.4633061763126278,0.0,0.0,0.0,0.0,0.0,0.0,0.0,6.625931925796635,-13.908883959246054,26.503727674764832,0.0,0.0,0.0,0.0,0.0,0.0,0.0,4.85261540994486,0.0,-0.7587101178430089,0.0,0.0,0.0,0.0,0.0,0.0,0.0,0.0,-0.037579852493752064,0.0,-6.541308523316802,0.0,0.0,0.0,0.0,0.0,0.0,0.0,-3.598202348520374,-7.860979469143103,0.0,-4.902236351966849,0.0,0.0,0.0,0.0,0.0,0.0,0.0,0.0,3.153771515940207,17.731848704460873,-17.508394844600872,0.0,0.0,0.0,0.0,0.0,0.0,0.0,2.7965138094110387,15.723193518279999,0.0,-15.493347652384415,0.0,0.0,0.0,0.0,0.0,0.0,0.0,0.0,3.481330909656938,4.641774539338589,-11.606581882876027,0.0,0.0,0.0,0.0,0.0,0.0,0.0,-3.353978748843467,-5.0309681232652,0.0,-16.798460521938452,0.0,0.0,0.0,0.0,0.0,0.0,-7.693925154983461,-8.67683253469309,0.0,0.0,-24.530933272703948
1.407035175879397,-1.7909978253793923,0.0,-0.382253548147915,0.0,0.0,0.0,0.0,0.0,0.0,0.0,6.16247699802841,-13.103664192826159,24.649908056062486,0.0,0.0,0.0,0.0,0.0,0.0,0.0,4.465596521008308,0.0,-0.888394322551278,0.0,0.0,0.0,0.0,0.0,0.0,0.0,0.0,-0.0213931656972699,0.0,-4.6713022187755415,0.0,0.0,0.0,0.0,0.0,0.0,0.0,-3.751376503657866,-8.282977240980927,0.0,-5.320771823136283,0.0,0.0,0.0,0.0,0.0,0.0,0.0,0.0,3.690228072450452,18.30923224233061,-17.884068528317698,0.0,0.0,0.0,0.0,0.0,0.0,0.0,3.2796131268497675,16.271947757218186,0.0,-15.810806653249188,0.0,0.0,0.0,0.0,0.0,0.0,0.0,0.0,3.52506430578714,4.7000857548162855,-11.502730942414274,0.0,0.0,0.0,0.0,0.0,0.0,0.0,-3.3228377889216176,-4.9842566833824264,0.0,-16.769068615918314,0.0,0.0,0.0,0.0,0.0,0.0,-7.877340387096865,-8.863601138386912,0.0,0.0,-24.38080678146548
1.5075376884422111,-1.5399010740990704,0.0,-0.3233351313358668,0.0,0.0,0.0,0.0,0.0,0.0,0.0,5.672980581294951,-12.208983861228262,22.691922302087164,0.0,0.0,0.0,0.0,0.0,0.0,0.0,4.06384171824925,0.0,-0.9826637903387336,0.0,0.0,0.0,0.0,0.0,0.0,0.0,0.0,-0.014774922063587326,0.0,-2.7066982209791868,0.0,0.0,0.0,0.0,0.0,0.0,0.0,-3.950609837488628,-8.823860548901052,0.0,-6.3177126268243455,0.0,0.0,0.0,0.0,0.0,0.0,0.0,0.0,4.486704959560939,19.234688528158017,-18.68203675847724,0.0,0.0,0.0,0.0,0.0,0.0,0.0,4.006713879789459,17.176947050501212,0.0,-16.56746568556855,0.0,0.0,0.0,0.0,0.0,0.0,0.0,0.0,3.654144874687404,4.8721931591444445,-11.722582400786052,0.0,0.0,0.0,0.0,0.0,0.0,0.0,-3.2530703952815543,-4.879605535634823,0.0,-16.528732244225353,0.0,0.0,0.0,0.0,0.0,0.0,-8.131014051393493,-9.105082657612229,0.0,0.0,-23.952210837840937
1.6080402010050252,-1.2927122210459885,0.0,-0.2804567782455081,0.0,0.0,0.0,0.0,0.0,0.0,0.0,5.185744450741936,-11.291673114754985,20.742977786980532,0.0,0.0,0.0,0.0,0.0,0.0,0.0,3.6683395538972263,0.0,-1.0512691543951291,0.0,0.0,0.0,0.0,0.0,0.0,0.0,0.0,-0.012429533254205982,0.0,-0.7554083179600255,0.0,0.0,0.0,0.0,0.0,0.0,0.0,-4.101667059330794,-9.277307889021813,0.0,-7.645790182309042,0.0,0.0,0.0,0.0,0.0,0.0,0.0,0.0,5.465723896591612,20.371665486962343,-19.789058670838244,0.0,0.0,0.0,0.0,0.0,0.0,0.0,4.91161755178382,18.30641862810012,0.0,-17.659334911712676,0.0,0.0,0.0,0.0,0.0,0.0,0.0,0.0,3.8540216502624958,5.13869554907842,-12.261915801836665,0.0,0.0,0.0,0.0,0.0,0.0,0.0,-3.154954333339788,-4.732431528431391,0.0,-16.114019961044335,0.0,0.0,0.0,0.0,0.0,0.0,-8.386939203575139,-9.333115441378936,0.0,0.0,-23.278606656518264
1.7085427135678393,-1.0573894556609176,0.0,-0.2492474607818096,0.0,0.0,0.0,0.0,0.0,0.0,0.0,4.718146481508256,-10.393781616713227,18.872585910045814,0.0,0.0,0.0,0.0,0.0,0.0,0.0,3.291823128748206,0.0,-1.1012040630475894,0.0,0.0,0.0,0.0,0.0,0.0,0.0,0.0,-0.01267500972582103,0.0,1.1147380824345563,0.0,0.0,0.0,0.0,0.0,0.0,0.0,-4.142779006954811,-9.500504681625443,0.0,-9.01892215487976,0.0,0.0,0.0,0.0,0.0,0.0,0.0,0.0,6.5068685124458625,21.54706280954599,-21.015973143079236,0.0,0.0,0.0,0.0,0.0,0.0,0.0,5.884579104886711,19.48639277493669,0.0,-18.895416490138928,0.0,0.0,0.0,0.0,0.0,0.0,0.0,0.0,4.095130547554504,5.460174079985336,-13.044905763592851,0.0,0.0,0.0,0.0,0.0,0.0,0.0,-3.04330154499155,-4.564952345020856,0.0,-15.586416613366794,0.0,0.0,0.0,0.0,0.0,0.0,-8.580210936415256,-9.487561204224448,0.0,0.0,-22.434478154309545
1.8090452261306533,-0.8383106134823848,0.0,-0.22663306353809531,0.0,0.0,0.0,0.0,0.0,0.0,0.0,4.279967589226885,-9.539995845742055,17.119870372894752,0.0,0.0,0.0,0.0,0.0,0.0,0.0,2.941296981973096,0.0,-1.137387098282261,0.0,0.0,0.0,0.0,0.0,0.0,0.0,0.0,-0.015508844954797985,0.0,2.8646197841319943,0.0,0.0,0.0,0.0,0.0,0.0,0.0,-4.0618988812468615,-9.456941338470415,0.0,-10.242989587183615,0.0,0.0,0.0,0.0,0.0,0.0,0.0,0.0,7.495261117540508,22.619672412460545,-22.17834187412393,0.0,0.0,0.0,0.0,0.0,0.0,0.0,6.816049131330715,20.569903576017623,0.0,-20.079757645063978,0.0,0.0,0.0,0.0,0.0,0.0,0.0,0.0,4.340473192421257,5.78729760647434,-13.926117637730329,0.0,0.0,0.0,0.0,0.0,0.0,0.0,-2.933111616698625,-4.399667477450464,0.0,-15.023535521407894,0.0,0.0,0.0,0.0,0.0,0.0,-8.684099242373122,-9.54946042064364,0.0,0.0,-21.52868451865686
1.9095477386934674,-0.6374855996416073,0.0,-0.2104669031277595,0.0,0.0,0.0,0.0,0.0,0.0,0.0,3.8759511786778944,-8.743396427313144,15.50380472981061,0.0,0.0,0.0,0.0,0.0,0.0,0.0,2.6199769589396738,0.0,-1.1632529552940696,0.0,0.0,0.0,0.0,0.0,0.0,0.0,0.0,-0.02247346172351561,0.0,4.473720810201088,0.0,0.0,0.0,0.0,0.0,0.0,0.0,-3.882415806621964,-9.189732177894427,0.0,-11.248344627290408,0.0,0.0,0.0,0.0,0.0,0.0,0.0,0.0,8.36317980201784,23.523502935773877,-23.172347265898452,0.0,0.0,0.0,0.0,0.0,0.0,0.0,7.63851906881996,21.485216146643893,0.0,-21.097147449467002,0.0,0.0,0.0,0.0,0.0,0.0,0.0,0.0,4.561088951859915,6.081451918049652,-14.761397431506396,0.0,0.0,0.0,0.0,0.0,0.0,0.0,-2.834555119513027,-4.251832703694447,0.0,-14.492060253168404,0.0,0.0,0.0,0.0,0.0,0.0,-8.711745116407599,-9.538222042415612,0.0,0.0,-20.66263525790646
2.0100502512562817,-0.4554161306125071,0.0,-0.19925095492978606,0.0,0.0,0.0,0.0,0.0,0.0,0.0,3.5076199482730885,-8.00956530255803,14.030479781546035,0.0,0.0,0.0,0.0,0.0,0.0,0.0,2.3286658090704293,0.0,-1.1811984723664182,0.0,0.0,0.0,0.0,0.0,0.0,0.0,0.0,-0.03801498292543837,0.0,5.9315042377910965,0.0,0.0,0.0,0.0,0.0,0.0,0.0,-3.6388025561606696,-8.769681827835996,0.0,-12.043821337570648,0.0,0.0,0.0,0.0,0.0,0.0,0.0,0.0,9.09156140238565,24.256240351405722,-23.976805260339518,0.0,0.0,0.0,0.0,0.0,0.0,0.0,8.331015680873577,22.227108170014276,0.0,-21.92085370289476,0.0,0.0,0.0,0.0,0.0,0.0,0.0,0.0,4.744358149011418,6.325810884000305,-15.470553940133414,0.0,0.0,0.0,0.0,0.0,0.0,0.0,-2.751644067267023,-4.127466051606632,0.0,-14.02925695526136,0.0,0.0,0.0,0.0,0.0,0.0,-8.691650245751248,-9.485118708241203,0.0,0.0,-19.896762402993318
2.1105527638190957,-0.29168003219670613,0.0,-0.1919380600429177,0.0,0.0,0.0,0.0,0.0,0.0,0.0,3.174511737036312,-7.339389746618963,12.698046936598928,0.0,0.0,0.0,0.0,0.0,0.0,0.0,2.066688051804988,0.0,-1.1928991039411585,0.0,0.0,0.0,0.0,0.0,0.0,0.0,0.0,-0.07394805379146163,0.0,7.228004011594624,0.0,0.0,0.0,0.0,0.0,0.0,0.0,-3.3616580861206558,-8.26181621693678,0.0,-12.665653041921132,0.0,0.0,0.0,0.0,0.0,0.0,0.0,0.0,9.689542275204133,24.8481964497671,-24.61416149657225,0.0,0.0,0.0,0.0,0.0,0.0,0.0,8.900623382324113,22.825065628673258,0.0,-22.572383069352497,0.0,0.0,0.0,0.0,0.0,0.0,0.0,0.0,4.89065840003633,6.52087780839139,-16.03828021856657,0.0,0.0,0.0,0.0,0.0,0.0,0.0,-2.6840885394285863,-4.026132832901652,0.0,-13.644952234326269,0.0,0.0,0.0,0.0,0.0,0.0,-8.648309536951615,-9.414864179824178,0.0,0.0,-19.249667817078375
2.21105527638191,-0.14531841534271006,0.0,-0.18779549768727088,0.0,0.0,0.0,0.0,0.0,0.0,0.0,2.874999290192193,-6.730929011489195,11.499997171426912,0.0,0.0,0.0,0.0,0.0,0.0,0.0,1.8325094646165496,0.0,-1.199527203787909,0.0,0.0,0.0,0.0,0.0,0.0,0.0,0.0,-0.16286411652632893,0.0,8.33713771386524,0.0,0.0,0.0,0.0,0.0,0.0,0.0,-3.0733586156017623,-7.7148011956573725,0.0,-13.15121460931934,0.0,0.0,0.0,0.0,0.0,0.0,0.0,0.0,10.177400637800815,25.346516761004523,-25.119668863204936,0.0,0.0,0.0,0.0,0.0,0.0,0.0,9.365943767214446,23.32560730788913,0.0,-23.087699912771598,0.0,0.0,0.0,0.0,0.0,0.0,0.0,0.0,5.006387015171754,6.675182706583627,-16.48298532552772,0.0,0.0,0.0,0.0,0.0,0.0,0.0,-2.6295691721855974,-3.944353781815124,0.0,-13.33327104457993,0.0,0.0,0.0,0.0,0.0,0.0,-8.59726949720141,-9.342129148492972,0.0,0.0,-18.714583248424788
2.311557788944724,-0.015087661366791627,0.0,-0.1863119569889965,0.0,0.0,0.0,0.0,0.0,0.0,0.0,2.6068245153609837,-6.180636466623923,10.427298070325719,0.0,0.0,0.0,0.0,0.0,0.0,0.0,1.6241402582828357,0.0,-1.2019008690522526,0.0,0.0,0.0,0.0,0.0,0.0,0.0,0.0,-0.39900006543192035,0.0,9.173700866060841,0.0,0.0,0.0,0.0,0.0,0.0,0.0,-2.7887284059779915,-7.161672706423872,0.0,-13.531247228470988,0.0,0.0,0.0,0.0,0.0,0.0,0.0,0.0,10.580437084239946,25.82861879973919,-25.53130496485423,0.0,0.0,0.0,0.0,0.0,0.0,0.0,9.750886183823582,23.80354612929736,0.0,-23.505255535738456,0.0,0.0,0.0,0.0,0.0,0.0,0.0,0.0,5.099970367350437,6.79996042940445,-16.832545052025694,0.0,0.0,0.0,0.0,0.0,0.0,0.0,-2.584891162893399,-3.877336767210693,0.0,-13.082482435144982,0.0,0.0,0.0,0.0,0.0,0.0,-8.547367130518069,-9.274529374714291,0.0,0.0,-18.27324629788407
2.412060301507538,0.10037928364903248,0.0,-0.18713425058158872,0.0,0.0,0.0,0.0,0.0,0.0,0.0,2.3674411391283456,-5.684148439044634,9.469764553848847,0.0,0.0,0.0,0.0,0.0,0.0,0.0,1.439393146007717,0.0,-1.2005851992569205,0.0,0.0,0.0,0.0,0.0,0.0,0.0,0.0,-1.060243947748063,0.0,9.469990498445213,0.0,0.0,0.0,0.0,0.0,0.0,0.0,-2.5169214676878937,-6.62352847946579,0.0,-13.829505223217353,0.0,0.0,0.0,0.0,0.0,0.0,0.0,0.0,10.934195779910283,26.469021762842715,-25.898050635575487,0.0,0.0,0.0,0.0,0.0,0.0,0.0,10.089599137508287,24.42445923911407,0.0,-23.872939566516038,0.0,0.0,0.0,0.0,0.0,0.0,0.0,0.0,5.182497194056168,6.909996279169661,-17.116744316592047,0.0,0.0,0.0,0.0,0.0,0.0,0.0,-2.545612075355308,-3.8184181359035563,0.0,-12.87968396357364,0.0,0.0,0.0,0.0,0.0,0.0,-8.504125882602409,-9.21600310599402,0.0,0.0,-17.89998220358413
2.512562814070352,0.2024717385973318,0.0,-0.1900241535096603,0.0,0.0,0.0,0.0,0.0,0.0,0.0,2.1542303287880316,-5.236785115769749,8.61692131337577,0.0,0.0,0.0,0.0,0.0,0.0,0.0,1.2760452181570514,0.0,-1.1959613543943703,0.0,0.0,0.0,0.0,0.0,0.0,0.0,0.0,-2.910632945329894,0.0,8.472444740448282,0.0,0.0,0.0,0.0,0.0,0.0,0.0,-2.26314079032619,-6.113045493583158,0.0,-14.064160320126362,0.0,0.0,0.0,0.0,0.0,0.0,0.0,0.0,11.306441852987348,27.722221428660987,-26.31710297951173,0.0,0.0,0.0,0.0,0.0,0.0,0.0,10.44794736770882,25.61728209204972,0.0,-24.283336497177288,0.0,0.0,0.0,0.0,0.0,0.0,0.0,0.0,5.274503993568658,7.032671949680491,-17.376353417031254,0.0,0.0,0.0,0.0,0.0,0.0,0.0,-2.50338167973041,-3.7550725635604465,0.0,-12.710010722560838,0.0,0.0,0.0,0.0,0.0,0.0,-8.47118259805768,-9.167248829378138,0.0,0.0,-17.55185114848956
2.613065326633166,0.29253969240083944,0.0,-0.19482882818167013,0.0,0.0,0.0,0.0,0.0,0.0,0.0,1.964632600159888,-4.833861340536316,7.8585303979750165,0.0,0.0,0.0,0.0,0.0,0.0,0.0,1.131936491871599,0.0,-1.1882738748525412,0.0,0.0,0.0,0.0,0.0,0.0,0.0,0.0,-7.432148716901565,0.0,4.709319881612828,0.0,0.0,0.0,0.0,0.0,0.0,0.0,-2.029931343239255,-5.637163342564477,0.0,-14.249179829617376,0.0,0.0,0.0,0.0,0.0,0.0,0.0,0.0,11.831664965100686,30.55468818757845,-27.034074467024993,0.0,0.0,0.0,0.0,0.0,0.0,0.0,10.958076549272278,28.298689416672573,0.0,-24.97463256290189,0.0,0.0,0.0,0.0,0.0,0.0,0.0,0.0,5.420945846879022,7.227927817154978,-17.70850213933528,0.0,0.0,0.0,0.0,0.0,0.0,0.0,-2.440230620237571,-3.6603458868356142,0.0,-12.53840936499273,0.0,0.0,0.0,0.0,0.0,0.0,-8.433795031237423,-9.1061452849317,0.0,0.0,-17.12335815717836
2.71356783919598,0.3718581048917091,0.0,-0.20146045795477185,0.0,0.0,0.0,0.0,0.0,0.0,0.0,1.7962248732850128,-4.4708724544761935,7.184899491363694,0.0,0.0,0.0,0.0,0.0,0.0,0.0,1.0050270320416388,0.0,-1.1776632671267606,0.0,0.0,0.0,0.0,0.0,0.0,0.0,0.0,-14.961493874920961,0.0,-2.1463943795652085,0.0,0.0,0.0,0.0,0.0,0.0,0.0,-1.818097206784941,-5.199002741207437,0.0,-14.395367301967,0.0,0.0,0.0,0.0,0.0,0.0,0.0,0.0,12.629066219460583,35.61655503148131,-28.457036044926554,0.0,0.0,0.0,0.0,0.0,0.0,0.0,11.741315393720697,33.11291575514019,0.0,-26.36753349349874,0.0,0.0,0.0,0.0,0.0,0.0,0.0,0.0,5.687335832504914,7.583114486564568,-18.371556263829802,0.0,0.0,0.0,0.0,0.0,0.0,0.0,-2.330517758331041,-3.4957765953080866,0.0,-12.235980004327018,0.0,0.0,0.0,0.0,0.0,0.0,-8.275470202434576,-8.901171444364309,0.0,0.0,-16.33355042152118
2.814070351758794,0.441608031198637,0.0,-0.2098821702267717,0.0,0.0,0.0,0.0,0.0,0.0,0.0,1.6467618841886633,-4.143598490102818,6.587047534534207,0.0,0.0,0.0,0.0,0.0,0.0,0.0,0.8934271502614166,0.0,-1.1641885273583341,0.0,0.0,0.0,0.0,0.0,0.0,0.0,0.0,-21.901059312767757,0.0,-8.488107837933967,0.0,0.0,0.0,0.0,0.0,0.0,0.0,-1.6273385206044821,-4.799207683370277,0.0,-14.511117201632118,0.0,0.0,0.0,0.0,0.0,0.0,0.0,0.0,13.490658362869112,40.99868216833613,-30.362358568680747,0.0,0.0,0.0,0.0,0.0,0.0,0.0,12.598684017817163,38.28793466453817,0.0,-28.28149279210379,0.0,0.0,0.0,0.0,0.0,0.0,0.0,0.0,6.054464131821646,8.072618891574734,-19.576909563667755,0.0,0.0,0.0,0.0,0.0,0.0,0.0,-2.1789756026180385,-3.2684634421187297,0.0,-11.607883933173468,0.0,0.0,0.0,0.0,0.0,0.0,-7.803643740089683,-8.356133914588781,0.0,0.0,-14.86515642667996
2.9145728643216082,0.5028685557961765,0.0,-0.2200983013345148,0.0,0.0,0.0,0.0,0.0,0.0,0.0,1.5141946407837281,-3.8481554862634937,6.056778562690823,0.0,0.0,0.0,0.0,0.0,0.0,0.0,0.7954103107277177,0.0,-1.1478427177635808,0.0,0.0,0.0,0.0,0.0,0.0,0.0,0.0,-25.82051499544491,0.0,-11.877294568307661,0.0,0.0,0.0,0.0,0.0,0.0,0.0,-1.4566879958932688,-4.436873136559605,0.0,-14.602970328292386,0.0,0.0,0.0,0.0,0.0,0.0,0.0,0.0,14.08942602054708,44.471270461698964,-31.786263614108634,0.0,0.0,0.0,0.0,0.0,0.0,0.0,13.200114100442306,41.66428402996303,0.0,-29.73959654184455,0.0,0.0,0.0,0.0,0.0,0.0,0.0,0.0,6.370661489896179,8.494215345322687,-20.84134529489745,0.0,0.0,0.0,0.0,0.0,0.0,0.0,-2.0364936910155507,-3.054740553842805,0.0,-10.785842067484452,0.0,0.0,0.0,0.0,0.0,0.0,-7.153726414799166,-7.635683887841083,0.0,0.0,-13.0742758539526
3.0150753768844223,0.5566155500402736,0.0,-0.23214769567792004,0.0,0.0,0.0,0.0,0.0,0.0,0.0,1.396674390363728,-3.5810130651903194,5.586697561454912,0.0,0.0,0.0,0.0,0.0,0.0,0.0,0.7094151199815713,0.0,-1.1285636869473592,0.0,0.0,0.0,0.0,0.0,0.0,0.0,0.0,-27.787403529266896,0.0,-13.374102100449647,0.0,0.0,0.0,0.0,0.0,0.0,0.0,-1.304806182100826,-4.1101788459396715,0.0,-14.676031812488333,0.0,0.0,0.0,0.0,0.0,0.0,0.0,0.0,14.435481375585368,46.33257085639997,-32.556834935526524,0.0,0.0,0.0,0.0,0.0,0.0,0.0,13.547365364630082,43.482046141463115,0.0,-30.532974820474124,0.0,0.0,0.0,0.0,0.0,0.0,0.0,0.0,6.5622781955099185,8.74970431219424,-21.661887077861763,0.0,0.0,0.0,0.0,0.0,0.0,0.0,-1.9345941009163425,-2.901891169138082,0.0,-10.093368667085656,0.0,0.0,0.0,0.0,0.0,0.0,-6.609998191464683,-7.043325650712973,0.0,0.0,-11.61044592556948
3.1155778894472363,0.6037246098045124,0.0,-0.24609915488804646,0.0,0.0,0.0,0.0,0.0,0.0,0.0,1.2925476904346311,-3.338991047652229,5.170190762626703,0.0,0.0,0.0,0.0,0.0,0.0,0.0,0.6340406243365848,0.0,-1.1062413522999748,0.0,0.0,0.0,0.0,0.0,0.0,0.0,0.0,-28.975249013463156,0.0,-14.14544076183688,0.0,0.0,0.0,0.0,0.0,0.0,0.0,-1.1701777791195411,-3.816816819546265,0.0,-14.734290874118816,0.0,0.0,0.0,0.0,0.0,0.0,0.0,0.0,14.65547375012477,47.46717505899056,-32.9915943182435,0.0,0.0,0.0,0.0,0.0,0.0,0.0,13.76645418016409,44.58775644300417,0.0,-30.977429049006133,0.0,0.0,0.0,0.0,0.0,0.0,0.0,0.0,6.670071483583229,8.893428697032135,-22.10926615919817,0.0,0.0,0.0,0.0,0.0,0.0,0.0,-1.8683703184585454,-2.8025554943411635,0.0,-9.62494498191191,0.0,0.0,0.0,0.0,0.0,0.0,-6.233574713299106,-6.636130818193919,0.0,0.0,-10.623254093289347
3.2160804020100504,0.6449764246019285,0.0,-0.26204843278643253,0.0,0.0,0.0,0.0,0.0,0.0,0.0,1.2003463301102357,-3.119243585203435,4.8013853195527645,0.0,0.0,0.0,0.0,0.0,0.0,0.0,0.5680377207495368,0.0,-1.080722507373899,0.0,0.0,0.0,0.0,0.0,0.0,0.0,0.0,-29.86318187625514,0.0,-14.664568180666748,0.0,0.0,0.0,0.0,0.0,0.0,0.0,-1.0512392291106565,-3.5542742466976307,0.0,-14.780867757524518,0.0,0.0,0.0,0.0,0.0,0.0,0.0,0.0,14.818744184630361,48.30906802144597,-33.290481743275535,0.0,0.0,0.0,0.0,0.0,0.0,0.0,13.928163968390805,45.40577880129959,0.0,-31.2802690998204,0.0,0.0,0.0,0.0,0.0,0.0,0.0,0.0,6.739626463581061,8.98616864453139,-22.378212297002875,0.0,0.0,0.0,0.0,0.0,0.0,0.0,-1.8241531021256918,-2.736229669508816,0.0,-9.321910478421458,0.0,0.0,0.0,0.0,0.0,0.0,-5.972564649958656,-6.354456203006009,0.0,0.0,-9.970880012311056
3.3165829145728645,0.6810634232135016,0.0,-0.28011636060698564,0.0,0.0,0.0,0.0,0.0,0.0,0.0,1.1187745390106585,-2.919236487430865,4.4750981551544555,0.0,0.0,0.0,0.0,0.0,0.0,0.0,0.5102985229932244,0.0,-1.0518138229276275,0.0,0.0,0.0,0.0,0.0,0.0,0.0,0.0,-30.603518902161397,0.0,-15.078618068820049,0.0,0.0,0.0,0.0,0.0,0.0,0.0,-0.9464595290831213,-3.320016823793459,0.0,-14.818205342437274,0.0,0.0,0.0,0.0,0.0,0.0,0.0,0.0,14.951171526611517,49.006903005022195,-33.52728328209764,0.0,0.0,0.0,0.0,0.0,0.0,0.0,14.059078804251612,46.08280417217614,0.0,-31.519068286911534,0.0,0.0,0.0,0.0,0.0,0.0,0.0,0.0,6.792236282082698,9.05631504277693,-22.57150459228363,0.0,0.0,0.0,0.0,0.0,0.0,0.0,-1.7922531150293963,-2.6883796884202837,0.0,-9.115381512936338,0.0,0.0,0.0,0.0,0.0,0.0,-5.777389166183866,-6.143982679063242,0.0,0.0,-9.50911609720606
3.4170854271356785,0.712596940288801,0.0,-0.30044780746640853,0.0,0.0,0.0,0.0,0.0,0.0,0.0,1.0466951279042291,-2.7367214654461236,4.186780511394872,0.0,0.0,0.0,0.0,0.0,0.0,0.0,0.45984489560613184,0.0,-1.019283508152391,0.0,0.0,0.0,0.0,0.0,0.0,0.0,0.0,-31.244811145025864,0.0,-15.431592640613445,0.0,0.0,0.0,0.0,0.0,0.0,0.0,-0.8543885959555464,-3.1116035395795105,0.0,-14.848218135549152,0.0,0.0,0.0,0.0,0.0,0.0,0.0,0.0,15.06240127069347,49.609376094439384,-33.7265132144271,0.0,0.0,0.0,0.0,0.0,0.0,0.0,14.169026749888403,46.66696648114588,0.0,-31.71961571868387,0.0,0.0,0.0,0.0,0.0,0.0,0.0,0.0,6.835623234335841,9.114164366330613,-22.72733210673117,0.0,0.0,0.0,0.0,0.0,0.0,0.0,-1.7674434433789799,-2.651165133871203,0.0,-8.962593827543941,0.0,0.0,0.0,0.0,0.0,0.0,-5.620085742563674,-5.9744391047722445,0.0,0.0,-9.153288876184718
3.5175879396984926,0.7401144066498944,0.0,-0.323211271691104,0.0,0.0,0.0,0.0,0.0,0.0,0.0,0.983115604480389,-2.5697097720822626,3.9324624176995115,0.0,0.0,0.0,0.0,0.0,0.0,0.0,0.41581694942838254,0.0,-0.9828619652596515,0.0,0.0,0.0,0.0,0.0,0.0,0.0,0.0,-31.80629092014442,0.0,-15.738754293170842,0.0,0.0,0.0,0.0,0.0,0.0,0.0,-0.7736848338935065,-2.9267556271861395,0.0,-14.872408196947573,0.0,0.0,0.0,0.0,0.0,0.0,0.0,0.0,15.156962410278751,50.1357231552646,-33.89754970894998,0.0,0.0,0.0,0.0,0.0,0.0,0.0,14.262543817755713,47.17719348956706,0.0,-31.891672158890216,0.0,0.0,0.0,0.0,0.0,0.0,0.0,0.0,6.872608951269399,9.163478628781974,-22.85908132382275,0.0,0.0,0.0,0.0,0.0,0.0,0.0,-1.7471234013965997,-2.620685117693533,0.0,-8.841416498484023,0.0,0.0,0.0,0.0,0.0,0.0,-5.4870138725959805,-5.831110073017953,0.0,0.0,-8.861245831326414
3.6180904522613067,0.7640862996760589,0.0,-0.34859892994454356,0.0,0.0,0.0,0.0,0.0,0.0,0.0,0.9271748433459237,-2.416446641451131,3.7086993724955164,0.0,0.0,0.0,0.0,0.0,0.0,0.0,0.3774619205532126,0.0,-0.9422417119875348,0.0,0.0,0.0,0.0,0.0,0.0,0.0,0.0,-32.298750099357676,0.0,-16.007450455379768,0.0,0.0,0.0,0.0,0.0,0.0,0.0,-0.7031280641056625,-2.7633946644289864,0.0,-14.891955481183272,0.0,0.0,0.0,0.0,0.0,0.0,0.0,0.0,15.237685499824849,50.59658377204457,-34.04527904238286,0.0,0.0,0.0,0.0,0.0,0.0,0.0,14.342426359004179,47.62388466228451,0.0,-32.040244805520146,0.0,0.0,0.0,0.0,0.0,0.0,0.0,0.0,6.904477151459254,9.205969453529583,-22.972278994393136,0.0,0.0,0.0,0.0,0.0,0.0,0.0,-1.729981557452298,-2.594972336122936,0.0,-8.740901548121016,0.0,0.0,0.0,0.0,0.0,0.0,-5.371593869263336,-5.706890584100677,0.0,0.0,-8.612645827632548
3.7185929648241207,0.784922509211583,0.0,-0.37682707565434015,0.0,0.0,0.0,0.0,0.0,0.0,0.0,0.8781310238958895,-2.2753880555281825,3.512524094584357,0.0,0.0,0.0,0.0,0.0,0.0,0.0,0.3441239853629874,0.0,-0.8970766788296558,0.0,0.0,0.0,0.0,0.0,0.0,0.0,0.0,-32.730010661286,0.0,-16.242535797239555,0.0,0.0,0.0,0.0,0.0,0.0,0.0,-0.6416243471946137,-2.619661577260568,0.0,-14.907787775506055,0.0,0.0,0.0,0.0,0.0,0.0,0.0,0.0,15.30667499793914,50.99960997356767,-34.173035873719115,0.0,0.0,0.0,0.0,0.0,0.0,0.0,14.41074157648714,48.01449040603423,0.0,-32.16871748024097,0.0,0.0,0.0,0.0,0.0,0.0,0.0,0.0,6.93201202017768,9.242682720955742,-23.069998837610406,0.0,0.0,0.0,0.0,0.0,0.0,0.0,-1.715303488691866,-2.5729552483033657,0.0,-8.655444896810138,0.0,0.0,0.0,0.0,0.0,0.0,-5.270397128942506,-5.598064155121207,0.0,0.0,-8.39712643219137
3.819095477386935,0.8029782218033077,0.0,-0.4081367699360072,0.0,0.0,0.0,0.0,0.0,0.0,0.0,0.8353506408820266,-2.14517967944694,3.341402562972995,0.0,0.0,0.0,0.0,0.0,0.0,0.0,0.3152348452828413,0.0,-0.8469811680344996,0.0,0.0,0.0,0.0,0.0,0.0,0.0,0.0,-33.1063733209902,0.0,-16.44777692533239,0.0,0.0,0.0,0.0,0.0,0.0,0.0,-0.5882046355681902,-2.493922784035929,0.0,-14.920635684478878,0.0,0.0,0.0,0.0,0.0,0.0,0.0,0.0,15.36559881964994,51.35095243447019,-34.283403577251015,0.0,0.0,0.0,0.0,0.0,0.0,0.0,14.469126354943462,48.35499273014854,0.0,-32.279703830573325,0.0,0.0,0.0,0.0,0.0,0.0,0.0,0.0,6.955795298524414,9.27439375886241,-23.15441983069544,0.0,0.0,0.0,0.0,0.0,0.0,0.0,-1.702652661972337,-2.5539789627604392,0.0,-8.581893742976021,0.0,0.0,0.0,0.0,0.0,0.0,-5.181371604878748,-5.502397001144743,0.0,0.0,-8.208745681193008
3.919597989949749,0.8185590353315675,0.0,-0.44279468336405614,0.0,0.0,0.0,0.0,0.0,0.0,0.0,0.7982991571120479,-2.0246390853850826,3.19319662789308,0.0,0.0,0.0,0.0,0.0,0.0,0.0,0.2903055435488078,0.0,-0.7915285065163147,0.0,0.0,0.0,0.0,0.0,0.0,0.0,0.0,-33.43305143577169,0.0,-16.626249046414188,0.0,0.0,0.0,0.0,0.0,0.0,0.0,-0.5420210467538267,-2.3847699079787565,0.0,-14.931074614477069,0.0,0.0,0.0,0.0,0.0,0.0,0.0,0.0,15.415811880803432,51.65572254639539,-34.37849215426336,0.0,0.0,0.0,0.0,0.0,0.0,0.0,14.518909106531197,48.65035628898173,0.0,-32.375329034328715,0.0,0.0,0.0,0.0,0.0,0.0,0.0,0.0,6.976286769377893,9.301715747533912,-23.22722295611257,0.0,0.0,0.0,0.0,0.0,0.0,0.0,-1.6917316535414173,-2.537597495355648,0.0,-8.518264386969676,0.0,0.0,0.0,0.0,0.0,0.0,-5.1031096113263175,-5.41835322720452,0.0,0.0,-8.043635945753635
4.020100502512563,0.8319253489430523,0.0,-0.4810940038568745,0.0,0.0,0.0,0.0,0.0,0.0,0.0,0.7665331993589319,-1.9127411887698287,3.0661327969916385,0.0,0.0,0.0,0.0,0.0,0.0,0.0,0.2689194416038987,0.0,-0.7302495937389075,0.0,0.0,0.0,0.0,0.0,0.0,0.0,0.0,-33.71435630517006,0.0,-16.780490084578048,0.0,0.0,0.0,0.0,0.0,0.0,0.0,-0.5023419234612136,-2.2910162125605593,0.0,-14.939558134668962,0.0,0.0,0.0,0.0,0.0,0.0,0.0,0.0,15.458407158885912,51.91814467198075,-34.46000756823775,0.0,0.0,0.0,0.0,0.0,0.0,0.0,14.561163658499687,48.904689444961846,0.0,-32.45731842127508,0.0,0.0,0.0,0.0,0.0,0.0,0.0,0.0,6.993863684301438,9.325151634320683,-23.289795324510365,0.0,0.0,0.0,0.0,0.0,0.0,0.0,-1.6823201783311426,-2.5234802675244694,0.0,-8.463158067018028,0.0,0.0,0.0,0.0,0.0,0.0,-5.034536582737559,-5.344759417935663,0.0,0.0,-7.89896206776497
4.120603015075377,0.8432959828219566,0.0,-0.5233552852201839,0.0,0.0,0.0,0.0,0.0,0.0,0.0,0.7396943546567059,-1.8086070642242547,2.9587774182937565,0.0,0.0,0.0,0.0,0.0,0.0,0.0,0.2507264274254073,0.0,-0.6626315435243058,0.0,0.0,0.0,0.0,0.0,0.0,0.0,0.0,-33.9537995830419,0.0,-16.91257804403712,0.0,0.0,0.0,0.0,0.0,0.0,0.0,-0.4685462238473992,-2.2116918097017657,0.0,-14.946443312936765,0.0,0.0,0.0,0.0,0.0,0.0,0.0,0.0,15.494266428772718,52.14168155798227,-34.52934297609733,0.0,0.0,0.0,0.0,0.0,0.0,0.0,14.596756058748994,49.1213578713845,0.0,-32.52707744971772,0.0,0.0,0.0,0.0,0.0,0.0,0.0,0.0,7.008830877119898,9.345107753133686,-23.34325383335223,0.0,0.0,0.0,0.0,0.0,0.0,0.0,-1.6742473314956818,-2.5113709675173013,0.0,-8.415519234361568,0.0,0.0,0.0,0.0,0.0,0.0,-4.9747899972807375,-5.280674786334316,0.0,0.0,-7.772515674409064
4.2211055276381915,0.8528508209648678,0.0,-0.569927190441355,0.0,0.0,0.0,0.0,0.0,0.0,0.0,0.7175049375196529,-1.7114968429710053,2.8700197499120783,0.0,0.0,0.0,0.0,0.0,0.0,0.0,0.23543868643560728,0.0,-0.5881164951149209,0.0,0.0,0.0,0.0,0.0,0.0,0.0,0.0,-34.15416309515695,0.0,-17.02418388804805,0.0,0.0,0.0,0.0,0.0,0.0,0.0,-0.4401199240333664,-2.1460413023519087,0.0,-14.952010291252593,0.0,0.0,0.0,0.0,0.0,0.0,0.0,0.0,15.524090088980813,52.32909715280343,-34.5876186846894,0.0,0.0,0.0,0.0,0.0,0.0,0.0,14.626374239545825,49.30304798445029,0.0,-32.5857351105574,0.0,0.0,0.0,0.0,0.0,0.0,0.0,0.0,7.021431606080153,9.361908835769928,-23.388493108511543,0.0,0.0,0.0,0.0,0.0,0.0,0.0,-1.6673779506537478,-2.5010669407743435,0.0,-8.374518549680854,0.0,0.0,0.0,0.0,0.0,0.0,-4.923165692227727,-5.225332440184083,0.0,0.0,-7.6625185266854245
4.3216080402010055,0.8607326162923812,0.0,-0.621186813543062,0.0,0.0,0.0,0.0,0.0,0.0,0.0,0.6997653744234,-1.6208061489053627,2.7990614970274663,0.0,0.0,0.0,0.0,0.0,0.0,0.0,0.22282781378391014,0.0,-0.5061010980855762,0.0,0.0,0.0,0.0,0.0,0.0,0.0,0.0,-34.31754630822681,0.0,-17.116608848843917,0.0,0.0,0.0,0.0,0.0,0.0,0.0,-0.4166531418561825,-2.0935227156709812,0.0,-14.956477875839592,0.0,0.0,0.0,0.0,0.0,0.0,0.0,0.0,15.548418560329402,52.482495510652875,-34.63569454720261,0.0,0.0,0.0,0.0,0.0,0.0,0.0,14.6505504299288,49.45181043236602,0.0,-32.63416468179958,0.0,0.0,0.0,0.0,0.0,0.0,0.0,0.0,7.031859638240157,9.375812878797962,-23.42624240991853,0.0,0.0,0.0,0.0,0.0,0.0,0.0,-1.6616052410656224,-2.4924078615429224,0.0,-8.339487489461561,0.0,0.0,0.0,0.0,0.0,0.0,-4.8790890212480065,-5.178107058578796,0.0,0.0,-7.567507977146448
4.42211055276382,0.8670476039362995,0.0,-0.6775394469915597,0.0,0.0,0.0,0.0,0.0,0.0,0.0,0.6863537801715669,-1.5360670908293184,2.7454151216022016,0.0,0.0,0.0,0.0,0.0,0.0,0.0,0.21272383342318957,0.0,-0.41593688493435366,0.0,0.0,0.0,0.0,0.0,0.0,0.0,0.0,-34.445391703719075,0.0,-17.19080786877214,0.0,0.0,0.0,0.0,0.0,0.0,0.0,-0.39784026654304805,-2.0538115939224,0.0,-14.96001435793981,0.0,0.0,0.0,0.0,0.0,0.0,0.0,0.0,15.56765579480146,52.60337478391053,-34.6742291884028,0.0,0.0,0.0,0.0,0.0,0.0,0.0,14.66968138130742,49.56910390579994,0.0,-32.67303035464631,0.0,0.0,0.0,0.0,0.0,0.0,0.0,0.0,7.040257873014433,9.387010441758159,-23.457040060098635,0.0,0.0,0.0,0.0,0.0,0.0,0.0,-1.6568467438582424,-2.485270115759608,0.0,-8.309898154174045,0.0,0.0,0.0,0.0,0.0,0.0,-4.8421083603811255,-5.138508066382386,0.0,0.0,-7.486315500515595
4.522613065326634,0.8718647268590729,0.0,-0.7394174628139183,0.0,0.0,0.0,0.0,0.0,0.0,0.0,0.6772279409206217,-1.4569542083064935,2.708911763071864,0.0,0.0,0.0,0.0,0.0,0.0,0.0,0.20501643678561,0.0,-0.3169320594714753,0.0,0.0,0.0,0.0,0.0,0.0,0.0,0.0,-34.53848995454978,0.0,-17.247402700037995,0.0,0.0,0.0,0.0,0.0,0.0,0.0,-0.38348368368648633,-2.0268101388470905,0.0,-14.96274633815825,0.0,0.0,0.0,0.0,0.0,0.0,0.0,0.0,15.582076013820334,52.69261565082895,-34.703664010760086,0.0,0.0,0.0,0.0,0.0,0.0,0.0,14.684036947654189,49.65579133348053,0.0,-32.70278181757846,0.0,0.0,0.0,0.0,0.0,0.0,0.0,0.0,7.0467267103413445,9.395635558129278,-23.481285947868358,0.0,0.0,0.0,0.0,0.0,0.0,0.0,-1.6530416327431574,-2.479562449114736,0.0,-8.285334800572919,0.0,0.0,0.0,0.0,0.0,0.0,-4.811885356836854,-5.1061682826425425,0.0,0.0,-7.418011651993961
4.623115577889448,0.8752131614997438,0.0,-0.8072777799572606,0.0,0.0,0.0,0.0,0.0,0.0,0.0,0.672430005455027,-1.3832958875234502,2.6897200215217354,0.0,0.0,0.0,0.0,0.0,0.0,0.0,0.19965894150486552,0.0,-0.20835555213094548,0.0,0.0,0.0,0.0,0.0,0.0,0.0,0.0,-34.59696223431785,0.0,-17.286683237971445,0.0,0.0,0.0,0.0,0.0,0.0,0.0,-0.3735019725639027,-2.0126636432193923,0.0,-14.964764360757972,0.0,0.0,0.0,0.0,0.0,0.0,0.0,0.0,15.591828853606104,52.75048155245488,-34.72424247422112,0.0,0.0,0.0,0.0,0.0,0.0,0.0,14.693764440576462,49.71213815488374,0.0,-32.723670336853864,0.0,0.0,0.0,0.0,0.0,0.0,0.0,0.0,7.0513239323610755,9.401765298816533,-23.499235334956126,0.0,0.0,0.0,0.0,0.0,0.0,0.0,-1.6501494723430987,-2.475224223169592,0.0,-8.265486351494156,0.0,0.0,0.0,0.0,0.0,0.0,-4.788195545002427,-5.080844026561504,0.0,0.0,-7.361900088931339
4.723618090452262,0.8770777029099008,0.0,-0.8815971992426341,0.0,0.0,0.0,0.0,0.0,0.0,0.0,0.6720942808471908,-1.315091735516749,2.688377123076513,0.0,0.0,0.0,0.0,0.0,0.0,0.0,0.19667567530134988,0.0,-0.0894444813909212,0.0,0.0,0.0,0.0,0.0,0.0,0.0,0.0,-34.620220056760104,0.0,-17.308598223457484,0.0,0.0,0.0,0.0,0.0,0.0,0.0,-0.3679442793832338,-2.011785120348622,0.0,-14.96612646127455,0.0,0.0,0.0,0.0,0.0,0.0,0.0,0.0,15.596942222584342,52.77658562787696,-34.7360075607997,0.0,0.0,0.0,0.0,0.0,0.0,0.0,14.698891262904246,49.73778079707392,0.0,-32.73574662573942,0.0,0.0,0.0,0.0,0.0,0.0,0.0,0.0,7.054065244815888,9.40542015934187,-23.511002377102354,0.0,0.0,0.0,0.0,0.0,0.0,0.0,-1.648149767996543,-2.472224622712682,0.0,-8.250139281337777,0.0,0.0,0.0,0.0,0.0,0.0,-4.770930561059927,-5.062417781476203,0.0,0.0,-7.317509134324718
4.824120603015076,0.8773909638826183,0.0,-0.9628647388293388,0.0,0.0,0.0,0.0,0.0,0.0,0.0,0.6764594651931244,-1.252537976587087,2.7058378604394306,0.0,0.0,0.0,0.0,0.0,0.0,0.0,0.19617445790563737,0.0,0.04058358221009639,0.0,0.0,0.0,0.0,0.0,0.0,0.0,0.0,-34.606893030419975,0.0,-17.312731934449044,0.0,0.0,0.0,0.0,0.0,0.0,0.0,-0.3670139847352771,-2.02489223490043,0.0,-14.96685910527514,0.0,0.0,0.0,0.0,0.0,0.0,0.0,0.0,15.597311898749023,52.76982974360828,-34.73878978998285,0.0,0.0,0.0,0.0,0.0,0.0,0.0,14.699314836039147,49.73166826956199,0.0,-32.738849449660826,0.0,0.0,0.0,0.0,0.0,0.0,0.0,0.0,7.054921131992125,9.406561342228775,-23.51655731079334,0.0,0.0,0.0,0.0,0.0,0.0,0.0,-1.6470423508802012,-2.4705634970589863,0.0,-8.239175243653085,0.0,0.0,0.0,0.0,0.0,0.0,-4.760104982140523,-5.05090494774818,0.0,0.0,-7.28459354604194
4.92462311557789,0.8760214400549415,0.0,-1.0515693655843705,0.0,0.0,0.0,0.0,0.0,0.0,0.0,0.6858859958047692,-1.196061377189972,2.743543982941521,0.0,0.0,0.0,0.0,0.0,0.0,0.0,0.1983656960705127,0.0,0.18251098461707915,0.0,0.0,0.0,0.0,0.0,0.0,0.0,0.0,-34.554721332347164,0.0,-17.298266297427478,0.0,0.0,0.0,0.0,0.0,0.0,0.0,-0.3711042905708492,-2.0530584864467127,0.0,-14.966955741369665,0.0,0.0,0.0,0.0,0.0,0.0,0.0,0.0,15.592687103771485,52.72831198599448,-34.732185291097565,0.0,0.0,0.0,0.0,0.0,0.0,0.0,14.694788492614075,49.69197336221476,0.0,-32.73258442909599,0.0,0.0,0.0,0.0,0.0,0.0,0.0,0.0,7.053813778412632,9.405084982191948,-23.5157156304594,0.0,0.0,0.0,0.0,0.0,0.0,0.0,-1.646848996506023,-2.470273509384488,0.0,-8.23257290312289,0.0,0.0,0.0,0.0,0.0,0.0,-4.755867987552009,-5.046466727595678,0.0,0.0,-7.263146360989709
5.025125628140704,0.8727555131926579,0.0,-1.1481810049396302,0.0,0.0,0.0,0.0,0.0,0.0,0.0,0.7008804864261364,-1.1463639921216462,2.803521945482501,0.0,0.0,0.0,0.0,0.0,0.0,0.0,0.20359117919310776,0.0,0.33708960832379287,0.0,0.0,0.0,0.0,0.0,0.0,0.0,0.0,-34.46040224563962,0.0,-17.26392523460074,0.0,0.0,0.0,0.0,0.0,0.0,0.0,-0.3808516361933356,-2.0977842017828876,0.0,-14.966371824784442,0.0,0.0,0.0,0.0,0.0,0.0,0.0,0.0,15.58264270867804,52.649189108466835,-34.71551962003217,0.0,0.0,0.0,0.0,0.0,0.0,0.0,14.684894069694199,49.615959203191956,0.0,-32.716287185402535,0.0,0.0,0.0,0.0,0.0,0.0,0.0,0.0,7.050609634851046,9.400812874316156,-23.508120449627913,0.0,0.0,0.0,0.0,0.0,0.0,0.0,-1.647616086244974,-2.471424144015466,0.0,-8.230413734988673,0.0,0.0,0.0,0.0,0.0,0.0,-4.758520708053604,-5.049428905889997,0.0,0.0,-7.253420880315442
5.125628140703518,0.8672706521828388,0.0,-1.2531216251332467,0.0,0.0,0.0,0.0,0.0,0.0,0.0,0.7221298441439927,-1.104481359259779,2.888519376242904,0.0,0.0,0.0,0.0,0.0,0.0,0.0,0.21236695660342697,0.0,0.5049946004975769,0.0,0.0,0.0,0.0,0.0,0.0,0.0,0.0,-34.31937441089605,0.0,-17.20789476955531,0.0,0.0,0.0,0.0,0.0,0.0,0.0,-0.3972148084167848,-2.1610945514123627,0.0,-14.965015405883632,0.0,0.0,0.0,0.0,0.0,0.0,0.0,0.0,15.566536111344398,52.52848263193055,-34.6877944619739,0.0,0.0,0.0,0.0,0.0,0.0,0.0,14.669000982847624,49.49979609097932,0.0,-32.68897572766827,0.0,0.0,0.0,0.0,0.0,0.0,0.0,0.0,7.045107319775257,9.393476481989183,-23.493206520397436,0.0,0.0,0.0,0.0,0.0,0.0,0.0,-1.6494187950744088,-2.4741281925977354,0.0,-8.232895481630198,0.0,0.0,0.0,0.0,0.0,0.0,-4.76854360309531,-5.060310913351795,0.0,0.0,-7.255972402475663
5.226130653266332,0.8590956492859902,0.0,-1.3667215053025927,0.0,0.0,0.0,0.0,0.0,0.0,0.0,0.7505489403314414,-1.071857850698521,3.002195761103721,0.0,0.0,0.0,0.0,0.0,0.0,0.0,0.22544696201554082,0.0,0.6867544083410948,0.0,0.0,0.0,0.0,0.0,0.0,0.0,0.0,-34.125518867611504,0.0,-17.127715671749755,0.0,0.0,0.0,0.0,0.0,0.0,0.0,-0.4215918547045838,-2.245674543800702,0.0,-14.962730828002591,0.0,0.0,0.0,0.0,0.0,0.0,0.0,0.0,15.543443342314056,52.36080299486634,-34.647602303428116,0.0,0.0,0.0,0.0,0.0,0.0,0.0,14.646201326851127,49.338286594702296,0.0,-32.64925478030367,0.0,0.0,0.0,0.0,0.0,0.0,0.0,0.0,7.0370246074147325,9.38269942096781,-23.47017604620305,0.0,0.0,0.0,0.0,0.0,0.0,0.0,-1.6523674348511985,-2.4785511669456195,0.0,-8.240346080212735,0.0,0.0,0.0,0.0,0.0,0.0,-4.786630483089027,-5.079864584700555,0.0,0.0,-7.271704878630825
5.326633165829146,0.847551463678542,0.0,-1.4891533370864352,0.0,0.0,0.0,0.0,0.0,0.0,0.0,0.7873479804798578,-1.050445437078551,3.149391921475342,0.0,0.0,0.0,0.0,0.0,0.0,0.0,0.24391765890419137,0.0,0.8826453400390122,0.0,0.0,0.0,0.0,0.0,0.0,0.0,0.0,-33.87074153504699,0.0,-17.020134439604817,0.0,0.0,0.0,0.0,0.0,0.0,0.0,-0.45599275917684867,-2.355056922608012,0.0,-14.959272094217102,0.0,0.0,0.0,0.0,0.0,0.0,0.0,0.0,15.512059645561571,52.13897045597271,-34.59302284014587,0.0,0.0,0.0,0.0,0.0,0.0,0.0,14.615217688307425,49.124514775455985,0.0,-32.59523305942924,0.0,0.0,0.0,0.0,0.0,0.0,0.0,0.0,7.025967044382853,9.367956086914209,-23.43788039305128,0.0,0.0,0.0,0.0,0.0,0.0,0.0,-1.6566173538234974,-2.4849260307213683,0.0,-8.253262515772741,0.0,0.0,0.0,0.0,0.0,0.0,-4.813747257914613,-5.109135987280133,0.0,0.0,-7.301981963192539
5.42713567839196,0.8316631343596725,0.0,-1.6203332582342966,0.0,0.0,0.0,0.0,0.0,0.0,0.0,0.8341290982372129,-1.0428366703507663,3.3365163918386287,0.0,0.0,0.0,0.0,0.0,0.0,0.0,0.2693389854480088,0.0,1.0925332125655274,0.0,0.0,0.0,0.0,0.0,0.0,0.0,0.0,-33.544386552453176,0.0,-16.88090392737429,0.0,0.0,0.0,0.0,0.0,0.0,0.0,-0.5032951089917193,-2.493886855983729,0.0,-14.954259036317753,0.0,0.0,0.0,0.0,0.0,0.0,0.0,0.0,15.470538883177731,51.85344221247945,-34.52141858806268,0.0,0.0,0.0,0.0,0.0,0.0,0.0,14.574241866127657,48.84927500603542,0.0,-32.524298368086235,0.0,0.0,0.0,0.0,0.0,0.0,0.0,0.0,7.0114062432624635,9.348541602283156,-23.394824002376247,0.0,0.0,0.0,0.0,0.0,0.0,0.0,-1.6623822844397118,-2.4935734414532895,0.0,-8.272334021619532,0.0,0.0,0.0,0.0,0.0,0.0,-4.851197473509927,-5.149539809123915,0.0,0.0,-7.348709681775922
5.527638190954774,0.8100282133938208,0.0,-1.7597721870821204,0.0,0.0,0.0,0.0,0.0,0.0,0.0,0.8930278965202376,-1.0524532481070992,3.5721115827502814,0.0,0.0,0.0,0.0,0.0,0.0,0.0,0.3039548587269181,0.0,1.3156354998211661,0.0,0.0,0.0,0.0,0.0,0.0,0.0,0.0,-33.132400073743185,0.0,-16.704512697973684,0.0,0.0,0.0,0.0,0.0,0.0,0.0,-0.5676213513106099,-2.6682998574834027,0.0,-14.947105368784408,0.0,0.0,0.0,0.0,0.0,0.0,0.0,0.0,15.416260063183529,51.491542123027756,-34.42921438390201,0.0,0.0,0.0,0.0,0.0,0.0,0.0,14.520714359367304,48.50034781633816,0.0,-32.43292544130583,0.0,0.0,0.0,0.0,0.0,0.0,0.0,0.0,6.99261064052159,9.323480688494534,-23.33889598504779,0.0,0.0,0.0,0.0,0.0,0.0,0.0,-1.6699564091560148,-2.5049346285554996,0.0,-8.298526525896133,0.0,0.0,0.0,0.0,0.0,0.0,-4.900741210844828,-5.202987882313437,0.0,0.0,-7.414582780196355
5.628140703517588,0.780620954543565,0.0,-1.9063533933660892,0.0,0.0,0.0,0.0,0.0,0.0,0.0,0.9669254839028696,-1.0838333559526347,3.8677019320587647,0.0,0.0,0.0,0.0,0.0,0.0,0.0,0.35100647288732745,0.0,1.5501654296867784,0.0,0.0,0.0,0.0,0.0,0.0,0.0,0.0,-32.61611571048206,0.0,-16.483818625623314,0.0,0.0,0.0,0.0,0.0,0.0,0.0,-0.6548914002479922,-2.8864706442810473,0.0,-14.93689882767213,0.0,0.0,0.0,0.0,0.0,0.0,0.0,0.0,15.345428826307739,51.03625855529259,-34.311467916658955,0.0,0.0,0.0,0.0,0.0,0.0,0.0,14.450934924692405,48.06132559198595,0.0,-32.31623612243162,0.0,0.0,0.0,0.0,0.0,0.0,0.0,0.0,6.968577408894561,9.291436462555147,-23.267255710224255,0.0,0.0,0.0,0.0,0.0,0.0,0.0,-1.6797459987394348,-2.5196189682441528,0.0,-8.33315734072304,0.0,0.0,0.0,0.0,0.0,0.0,-4.96474250977208,-5.27205356015692,0.0,0.0,-7.503333932845635
5.728643216080402,0.7405041149155522,0.0,-2.0580023205596376,0.0,0.0,0.0,0.0,0.0,0.0,0.0,1.0597732478245803,-1.1431081357038408,4.239092994851035,0.0,0.0,0.0,0.0,0.0,0.0,0.0,0.41519341609230764,0.0,1.792803712485913,0.0,0.0,0.0,0.0,0.0,0.0,0.0,0.0,-31.9704652307351,0.0,-16.20955923797851,0.0,0.0,0.0,0.0,0.0,0.0,0.0,-0.7736141702519017,-3.1594166081394537,0.0,-14.922198130123965,0.0,0.0,0.0,0.0,0.0,0.0,0.0,0.0,15.252444483637717,50.46449598289371,-34.1612652148271,0.0,0.0,0.0,0.0,0.0,0.0,0.0,14.359453992751625,47.50993253055391,0.0,-32.167416391226666,0.0,0.0,0.0,0.0,0.0,0.0,0.0,0.0,6.937902385484307,9.250536568750078,-23.17596435363889,0.0,0.0,0.0,0.0,0.0,0.0,0.0,-1.6923200368834657,-2.5384800703687205,0.0,-8.378045255552635,0.0,0.0,0.0,0.0,0.0,0.0,-5.046401565955705,-5.360228890971541,0.0,0.0,-7.62021554145953
5.8291457286432165,0.685416141621431,0.0,-2.2112053490452865,0.0,0.0,0.0,0.0,0.0,0.0,0.0,1.1770988179726771,-1.238855487084578,4.708395270114352,0.0,0.0,0.0,0.0,0.0,0.0,0.0,0.503334173673764,0.0,2.037928558573654,0.0,0.0,0.0,0.0,0.0,0.0,0.0,0.0,-31.161320797501446,0.0,-15.869717079119994,0.0,0.0,0.0,0.0,0.0,0.0,0.0,-0.9359676652609394,-3.502170863867171,0.0,-14.900684107088669,0.0,0.0,0.0,0.0,0.0,0.0,0.0,0.0,15.128843323886088,49.74442702598836,-33.96874393368776,0.0,0.0,0.0,0.0,0.0,0.0,0.0,14.238054938608968,46.81546828866345,0.0,-31.97675933241939,0.0,0.0,0.0,0.0,0.0,0.0,0.0,0.0,6.898583369441269,9.198111186270452,-23.059480728893078,0.0,0.0,0.0,0.0,0.0,0.0,0.0,-1.7084909721409858,-2.562736488465056,0.0,-8.435736711276398,0.0,0.0,0.0,0.0,0.0,0.0,-5.150088965955035,-5.4722986968513965,0.0,0.0,-7.772759976987231
5.9296482412060305,0.6092133815194245,0.0,-2.360334476758652,0.0,0.0,0.0,0.0,0.0,0.0,0.0,1.326797658851575,-1.3837106793701537,5.30719063007723,0.0,0.0,0.0,0.0,0.0,0.0,0.0,0.6252585893484763,0.0,2.2765351630482655,0.0,0.0,0.0,0.0,0.0,0.0,0.0,0.0,-30.14158334835315,0.0,-15.448774935755694,0.0,0.0,0.0,0.0,0.0,0.0,0.0,-1.1591180836267867,-3.9354345241493505,0.0,-14.868549556568134,0.0,0.0,0.0,0.0,0.0,0.0,0.0,0.0,14.961534970936441,48.83155180701593,-33.719528696796175,0.0,0.0,0.0,0.0,0.0,0.0,0.0,14.074061537527882,45.93501032879033,0.0,-31.73014243262884,0.0,0.0,0.0,0.0,0.0,0.0,0.0,0.0,6.847708226453975,9.13027755400364,-22.90989048869818,0.0,0.0,0.0,0.0,0.0,0.0,0.0,-1.729444583320472,-2.5941668901907633,0.0,-8.50987858447283,0.0,0.0,0.0,0.0,0.0,0.0,-5.281821972680234,-5.6148798428523605,0.0,0.0,-7.972076169870945
6.030150753768845,0.5032075280908543,0.0,-2.4967698477595945,0.0,0.0,0.0,0.0,0.0,0.0,0.0,1.5203470429270283,-1.597449442947152,6.08138817881354,0.0,0.0,0.0,0.0,0.0,0.0,0.0,0.7948679559000027,0.0,2.4948317571826806,0.0,0.0,0.0,0.0,0.0,0.0,0.0,0.0,-28.84568367189644,0.0,-14.927072834680644,0.0,0.0,0.0,0.0,0.0,0.0,0.0,-1.4663976930506806,-4.487655352325426,0.0,-14.819428718171324,0.0,0.0,0.0,0.0,0.0,0.0,0.0,0.0,14.729906961719053,47.66315353510464,-33.392304727541955,0.0,0.0,0.0,0.0,0.0,0.0,0.0,13.847565520919147,44.80806587725539,0.0,-31.406659492638767,0.0,0.0,0.0,0.0,0.0,0.0,0.0,0.0,6.780955615681705,9.041274073862127,-22.715616677437822,0.0,0.0,0.0,0.0,0.0,0.0,0.0,-1.7569531665095894,-2.6354297653075065,0.0,-8.605888577095655,0.0,0.0,0.0,0.0,0.0,0.0,-5.449908963228722,-5.797167141885495,0.0,0.0,-8.235219506325109
6.130653266331659,0.35561939415451604,0.0,-2.6079410029300476,0.0,0.0,0.0,0.0,0.0,0.0,0.0,1.7745353551035237,-1.9126789867485172,7.098141415085024,0.0,0.0,0.0,0.0,0.0,0.0,0.0,1.0310089697540548,0.0,2.6727056048336806,0.0,0.0,0.0,0.0,0.0,0.0,0.0,0.0,-27.182903288291982,0.0,-14.281045686459493,0.0,0.0,0.0,0.0,0.0,0.0,0.0,-1.8870766802514538,-5.196749053970606,0.0,-14.742516948107465,0.0,0.0,0.0,0.0,0.0,0.0,0.0,0.0,14.401271813291316,46.15152381060028,-32.9551120241689,0.0,0.0,0.0,0.0,0.0,0.0,0.0,13.527092312948241,43.350054848012576,0.0,-30.975027884849737,0.0,0.0,0.0,0.0,0.0,0.0,0.0,0.0,6.69185795088012,8.922477373385362,-22.459574696043205,0.0,0.0,0.0,0.0,0.0,0.0,0.0,-1.7937161138625868,-2.6905741870031363,0.0,-8.732170693193098,0.0,0.0,0.0,0.0,0.0,0.0,-5.665625102402316,-6.031762481484293,0.0,0.0,-8.589507808132169
6.231155778894473,0.1517841460296765,0.0,-2.676730306516717,0.0,0.0,0.0,0.0,0.0,0.0,0.0,2.1134496046570916,-2.38420568976494,8.453798412411118,0.0,0.0,0.0,0.0,0.0,0.0,0.0,1.3571453676419765,0.0,2.782768490305898,0.0,0.0,0.0,0.0,0.0,0.0,0.0,0.0,-25.032716706618885,0.0,-13.486516104777024,0.0,0.0,0.0,0.0,0.0,0.0,0.0,-2.4515388532542204,-6.108355313116931,0.0,-14.619364957724201,0.0,0.0,0.0,0.0,0.0,0.0,0.0,0.0,13.924667176645755,44.179301585955955,-32.36045337740023,0.0,0.0,0.0,0.0,0.0,0.0,0.0,13.063752002828721,41.44784447834837,0.0,-30.388842475304045,0.0,0.0,0.0,0.0,0.0,0.0,0.0,0.0,6.57081916344282,8.761092166409412,-22.116528003657265,0.0,0.0,0.0,0.0,0.0,0.0,0.0,-1.8438741151705074,-2.765811140115204,0.0,-8.90246907925274,0.0,0.0,0.0,0.0,0.0,0.0,-5.943333583502408,-6.335005592106313,0.0,0.0,-9.080468664990349
6.331658291457287,-0.12355286183041159,0.0,-2.682286077138052,0.0,0.0,0.0,0.0,0.0,0.0,0.0,2.5692064902216316,-3.100329449168271,10.276825973321024,0.0,0.0,0.0,0.0,0.0,0.0,0.0,1.797684579862846,0.0,2.7916577236553053,0.0,0.0,0.0,0.0,0.0,0.0,0.0,0.0,-22.25337938988048,0.0,-12.530206349836703,0.0,0.0,0.0,0.0,0.0,0.0,0.0,-3.175629811558167,-7.261650951662091,0.0,-14.418834579643658,0.0,0.0,0.0,0.0,0.0,0.0,0.0,0.0,13.225579237996499,41.60811328901559,-31.54091211854393,0.0,0.0,0.0,0.0,0.0,0.0,0.0,12.386432228339572,38.96812881443168,0.0,-29.582322955690188,0.0,0.0,0.0,0.0,0.0,0.0,0.0,0.0,6.404266486903509,8.539022007703068,-21.650223399838353,0.0,0.0,0.0,0.0,0.0,0.0,0.0,-1.9136565185817744,-2.8704847947480516,0.0,-9.140353188108463,0.0,0.0,0.0,0.0,0.0,0.0,-6.298087649625472,-6.724765917454079,0.0,0.0,-9.784948977298313
6.432160804020101,-0.47994591367839234,0.0,-2.6039446550107925,0.0,0.0,0.0,0.0,0.0,0.0,0.0,3.1768627124506565,-4.183723532946715,12.707450842697199,0.0,0.0,0.0,0.0,0.0,0.0,0.0,2.367913463530158,0.0,2.6663114480740546,0.0,0.0,0.0,0.0,0.0,0.0,0.0,0.0,-18.731016758977148,0.0,-11.43846858653319,0.0,0.0,0.0,0.0,0.0,0.0,0.0,-4.0269562555650396,-8.64429370039943,0.0,-14.090793206023022,0.0,0.0,0.0,0.0,0.0,0.0,0.0,0.0,12.211821287522184,38.32617351484657,-30.411888474191073,0.0,0.0,0.0,0.0,0.0,0.0,0.0,11.407964835896678,35.803311359217105,0.0,-28.472886762997973,0.0,0.0,0.0,0.0,0.0,0.0,0.0,0.0,6.175306424438531,8.233741850105503,-21.012678502074777,0.0,0.0,0.0,0.0,0.0,0.0,0.0,-2.011770608767449,-3.017655894943516,0.0,-9.486736845865096,0.0,0.0,0.0,0.0,0.0,0.0,-6.736037082788471,-7.210688508507701,0.0,0.0,-10.825390129198809
6.532663316582915,-0.9102846512121232,0.0,-2.4295065248480796,0.0,0.0,0.0,0.0,0.0,0.0,0.0,3.9551713584273784,-5.750041282226448,15.820685426604086,0.0,0.0,0.0,0.0,0.0,0.0,0.0,3.0564554425183132,0.0,2.3872104399913496,0.0,0.0,0.0,0.0,0.0,0.0,0.0,0.0,-14.507402099184219,0.0,-10.328088507094435,0.0,0.0,0.0,0.0,0.0,0.0,0.0,-4.879129640755764,-10.102051431815084,0.0,-13.563577129005466,0.0,0.0,0.0,0.0,0.0,0.0,0.0,0.0,10.812813311389391,34.36463589423511,-28.896270674039215,0.0,0.0,0.0,0.0,0.0,0.0,0.0,10.063516064917621,31.98326424680431,0.0,-26.984723248801856,0.0,0.0,0.0,0.0,0.0,0.0,0.0,0.0,5.86887364484312,7.825164882291347,-20.152034966969268,0.0,0.0,0.0,0.0,0.0,0.0,0.0,-2.1482382175364023,-3.222357346288618,0.0,-10.007151078461618,0.0,0.0,0.0,0.0,0.0,0.0,-7.231623118997277,-7.7700666558655485,0.0,0.0,-12.357772963156322
6.633165829145729,-1.3797791567071727,0.0,-2.1656279400872336,0.0,0.0,0.0,0.0,0.0,0.0,0.0,4.870161532721795,-7.7959025226448375,19.48064610246547,0.0,0.0,0.0,0.0,0.0,0.0,0.0,3.807646653086749,0.0,1.9650047029529105,0.0,0.0,0.0,0.0,0.0,0.0,0.0,0.0,-9.965038309189822,0.0,-9.445685417830418,0.0,0.0,0.0,0.0,0.0,0.0,0.0,-5.502849271366017,-11.261450351796043,0.0,-12.759325624500661,0.0,0.0,0.0,0.0,0.0,0.0,0.0,0.0,9.06582543791501,30.04449321508673,-26.985262902456952,0.0,0.0,0.0,0.0,0.0,0.0,0.0,8.393246186955139,27.81553977726503,0.0,-25.10705358460541,0.0,0.0,0.0,0.0,0.0,0.0,0.0,0.0,5.483850065601814,7.311800022336001,-19.03834695049511,0.0,0.0,0.0,0.0,0.0,0.0,0.0,-2.3293555813097555,-3.4940333932809153,0.0,-10.780608366900424,0.0,0.0,0.0,0.0,0.0,0.0,-7.699866873878136,-8.316883363335137,0.0,0.0,-14.469433722297254
6.733668341708543,-1.8264497212427955,0.0,-1.8424584355969387,0.0,0.0,0.0,0.0,0.0,0.0,0.0,5.807758878262348,-10.08277923730816,23.231035552129242,0.0,0.0,0.0,0.0,0.0,0.0,0.0,4.522319553501575,0.0,1.4479334957684387,0.0,0.0,0.0,0.0,0.0,0.0,0.0,0.0,-5.853480917750176,0.0,-9.084517490265398,0.0,0.0,0.0,0.0,0.0,0.0,0.0,-5.673860126620411,-11.65858760998617,0.0,-11.640295554116165,0.0,0.0,0.0,0.0,0.0,0.0,0.0,0.0,7.18559603640756,25.95877022670834,-24.8086476162257,0.0,0.0,0.0,0.0,0.0,0.0,0.0,6.606469252545821,23.86660987596656,0.0,-22.962065344245275,0.0,0.0,0.0,0.0,0.0,0.0,0.0,0.0,5.0460079670244795,6.72801064283135,-17.70491920005668,0.0,0.0,0.0,0.0,0.0,0.0,0.0,-2.5485025112459425,-3.822753720683636,0.0,-11.83978945462627,0.0,0.0,0.0,0.0,0.0,0.0,-8.012364489218271,-8.714732793180247,0.0,0.0,-16.990492053281514
6.834170854271357,-2.1812778570051705,0.0,-1.5048426531549808,0.0,0.0,0.0,0.0,0.0,0.0,0.0,6.6049321016947715,-12.18977528694154,26.419728383686447,0.0,0.0,0.0,0.0,0.0,0.0,0.0,5.090044571609553,0.0,0.9077482445718488,0.0,0.0,0.0,0.0,0.0,0.0,0.0,0.0,-2.8885544391954454,0.0,-9.308283820175234,0.0,0.0,0.0,0.0,0.0,0.0,0.0,-5.36148591478991,-11.131454735746615,0.0,-10.258096954984808,0.0,0.0,0.0,0.0,0.0,0.0,0.0,0.0,5.48782755416255,22.648874651309825,-22.624848330821123,0.0,0.0,0.0,0.0,0.0,0.0,0.0,5.004024522747841,20.65216572688655,0.0,-20.797272885175744,0.0,0.0,0.0,0.0,0.0,0.0,0.0,0.0,4.60470501018051,6.1396066612928735,-16.267745648335108,0.0,0.0,0.0,0.0,0.0,0.0,0.0,-2.780961402493176,-4.171442130385117,0.0,-13.089624340878458,0.0,0.0,0.0,0.0,0.0,0.0,-8.09221948117056,-8.874597799746198,0.0,0.0,-19.47524216916463
6.934673366834171,-2.397211997795523,0.0,-1.194050181396733,0.0,0.0,0.0,0.0,0.0,0.0,0.0,7.132433602841104,-13.74683719834735,28.52973438560724,0.0,0.0,0.0,0.0,0.0,0.0,0.0,5.435539198295203,0.0,0.41048029020274157,0.0,0.0,0.0,0.0,0.0,0.0,0.0,0.0,-1.222400262790302,0.0,-9.752135645690885,0.0,0.0,0.0,0.0,0.0,0.0,0.0,-4.774263038243021,-10.02354697732244,0.0,-8.745630534434667,0.0,0.0,0.0,0.0,0.0,0.0,0.0,0.0,4.200613192395508,20.29218613586181,-20.698037983990503,0.0,0.0,0.0,0.0,0.0,0.0,0.0,3.797029068053348,18.342565015316836,0.0,-18.869004907884346,0.0,0.0,0.0,0.0,0.0,0.0,0.0,0.0,4.209793312170973,5.613057741271632,-14.882330686916134,0.0,0.0,0.0,0.0,0.0,0.0,0.0,-2.99364452160944,-4.490466729123455,0.0,-14.325494946731965,0.0,0.0,0.0,0.0,0.0,0.0,-7.985411009769905,-8.834175945438005,0.0,0.0,-21.51167153030542
7.035175879396985,-2.4644457665701225,0.0,-0.9341240057025857,0.0,0.0,0.0,0.0,0.0,0.0,0.0,7.349236307740981,-14.605039118320562,29.39694520476266,0.0,0.0,0.0,0.0,0.0,0.0,0.0,5.543113226695596,0.0,-0.0054015915212923815,0.0,0.0,0.0,0.0,0.0,0.0,0.0,0.0,-0.4723722062394131,0.0,-9.869318407407235,0.0,0.0,0.0,0.0,0.0,0.0,0.0,-4.186660325977698,-8.881292473006397,0.0,-7.269060001924288,0.0,0.0,0.0,0.0,0.0,0.0,0.0,0.0,3.3783185724445275,18.769027038345598,-19.18881068796452,0.0,0.0,0.0,0.0,0.0,0.0,0.0,3.0291389307990357,16.829079113378498,0.0,-17.33621274269126,0.0,0.0,0.0,0.0,0.0,0.0,0.0,0.0,3.892375756819888,5.189834334728971,-13.67381104877552,0.0,0.0,0.0,0.0,0.0,0.0,0.0,-3.162249939236972,-4.743374937277167,0.0,-15.363097495502132,0.0,0.0,0.0,0.0,0.0,0.0,-7.809193945718107,-8.709387547156666,0.0,0.0,-22.960499283186664
7.135678391959799,-2.4038929269387665,0.0,-0.7307242815279835,0.0,0.0,0.0,0.0,0.0,0.0,0.0,7.291094601846737,-14.818083374112945,29.164378380741596,0.0,0.0,0.0,0.0,0.0,0.0,0.0,5.446228684036214,0.0,-0.33084114958725763,0.0,0.0,0.0,0.0,0.0,0.0,0.0,0.0,-0.18157868886259365,0.0,-9.34595806545424,0.0,0.0,0.0,0.0,0.0,0.0,0.0,-3.772185529715699,-8.079972586561013,0.0,-6.009217827340763,0.0,0.0,0.0,0.0,0.0,0.0,0.0,0.0,2.9679685660255473,17.903261666063486,-18.153184577762715,0.0,0.0,0.0,0.0,0.0,0.0,0.0,2.644213030755793,15.950316294421896,0.0,-16.257903239669247,0.0,0.0,0.0,0.0,0.0,0.0,0.0,0.0,3.6643408583003634,4.885787775243955,-12.709754190431966,0.0,0.0,0.0,0.0,0.0,0.0,0.0,-3.277625562070341,-4.9164383728594885,0.0,-16.119280338955377,0.0,0.0,0.0,0.0,0.0,0.0,-7.6672531843513525,-8.606026121960042,0.0,0.0,-23.880795981590097
7.236180904522613,-2.250385563229429,0.0,-0.577973299886736,0.0,0.0,0.0,0.0,0.0,0.0,0.0,7.0292395406568176,-14.537443569828667,28.116958136870096,0.0,0.0,0.0,0.0,0.0,0.0,0.0,5.200616900680188,0.0,-0.5752427205685251,0.0,0.0,0.0,0.0,0.0,0.0,0.0,0.0,-0.07531862700194125,0.0,-8.192277760665778,0.0,0.0,0.0,0.0,0.0,0.0,0.0,-3.5823524593414646,-7.747146630210366,0.0,-5.160411929550079,0.0,0.0,0.0,0.0,0.0,0.0,0.0,0.0,2.902240410662671,17.57515154476863,-17.59375332499591,0.0,0.0,0.0,0.0,0.0,0.0,0.0,2.575610001387396,15.597169665038102,0.0,-15.64225385375373,0.0,0.0,0.0,0.0,0.0,0.0,0.0,0.0,3.5273008269776085,4.70306776234608,-12.016917180446285,0.0,0.0,0.0,0.0,0.0,0.0,0.0,-3.34047624073186,-5.010714420272677,0.0,-16.58969826823231,0.0,0.0,0.0,0.0,0.0,0.0,-7.619719719409446,-8.586027560708587,0.0,0.0,-24.378500475652487
7.336683417085427,-2.0388047408115284,0.0,-0.4657433712029757,0.0,0.0,0.0,0.0,0.0,0.0,0.0,6.637136980458536,-13.92758664664484,26.548547992888416,0.0,0.0,0.0,0.0,0.0,0.0,0.0,4.862087584989183,0.0,-0.7548106060184523,0.0,0.0,0.0,0.0,0.0,0.0,0.0,0.0,-0.03583328159195709,0.0,-6.584382271579425,0.0,0.0,0.0,0.0,0.0,0.0,0.0,-3.594694656605668,-7.851271473846566,0.0,-4.896890889227734,0.0,0.0,0.0,0.0,0.0,0.0,0.0,0.0,3.142360708086045,17.71898855862375,-17.50110912901448,0.0,0.0,0.0,0.0,0.0,0.0,0.0,2.786256871889492,15.71100784092394,0.0,-15.487305019767916,0.0,0.0,0.0,0.0,0.0,0.0,0.0,0.0,3.480205818931492,4.640274397754718,-11.607505111463357,0.0,0.0,0.0,0.0,0.0,0.0,0.0,-3.354669446342662,-5.032004199323481,0.0,-16.799359948194148,0.0,0.0,0.0,0.0,0.0,0.0,-7.68991263222496,-8.672739226556203,0.0,0.0,-24.534009658294664
7.437185929648241,-1.7973843855489946,0.0,-0.38402515722957276,0.0,0.0,0.0,0.0,0.0,0.0,0.0,6.174837118066989,-13.125786736623013,24.699348450951675,0.0,0.0,0.0,0.0,0.0,0.0,0.0,4.475815017279672,0.0,-0.8855597490864398,0.0,0.0,0.0,0.0,0.0,0.0,0.0,0.0,-0.020303160840062784,0.0,-4.719652607836078,0.0,0.0,0.0,0.0,0.0,0.0,0.0,-3.7458707051740703,-8.268488805640573,0.0,-5.299976646000459,0.0,0.0,0.0,0.0,0.0,0.0,0.0,0.0,3.672115654218544,18.287599458766124,-17.86671619008473,0.0,0.0,0.0,0.0,0.0,0.0,0.0,3.2631530251236995,16.25091394785727,0.0,-15.794585320527688,0.0,0.0,0.0,0.0,0.0,0.0,0.0,0.0,3.5221637646465354,4.696218346200709,-11.498096725404139,0.0,0.0,0.0,0.0,0.0,0.0,0.0,-3.32440612549334,-4.986609129176145,0.0,-16.77425811541511,0.0,0.0,0.0,0.0,0.0,0.0,-7.871137369441783,-8.857606859979938,0.0,0.0,-24.389981307493258
7.5376884422110555,-1.5463341467292224,0.0,-0.32462357579809975,0.0,0.0,0.0,0.0,0.0,0.0,0.0,5.685598582161333,-12.232435215864257,22.74239439081782,0.0,0.0,0.0,0.0,0.0,0.0,0.0,4.074134634990401,0.0,-0.9806022784886181,0.0,0.0,0.0,0.0,0.0,0.0,0.0,0.0,-0.013952221666196918,0.0,-2.7563476098155237,0.0,0.0,0.0,0.0,0.0,0.0,0.0,-3.945444509767526,-8.809611188098643,0.0,-6.285580827380954,0.0,0.0,0.0,0.0,0.0,0.0,0.0,0.0,4.462987980957678,19.20634807817123,-18.655735161132725,0.0,0.0,0.0,0.0,0.0,0.0,0.0,3.9849090196497627,17.14894820104007,0.0,-16.541796389546448,0.0,0.0,0.0,0.0,0.0,0.0,0.0,0.0,3.649453133469649,4.865937504483497,-11.71084577222814,0.0,0.0,0.0,0.0,0.0,0.0,0.0,-3.255417571956798,-4.8831263868009955,0.0,-16.538250785735897,0.0,0.0,0.0,0.0,0.0,0.0,-8.12397633875861,-9.098628976467182,0.0,0.0,-23.967562118976105
7.63819095477387,-1.2989273124874856,0.0,-0.28139497620927045,0.0,0.0,0.0,0.0,0.0,0.0,0.0,5.198048032895031,-11.315088871199919,20.79219211026384,0.0,0.0,0.0,0.0,0.0,0.0,0.0,3.6782837007365288,0.0,-1.049768037830745,0.0,0.0,0.0,0.0,0.0,0.0,0.0,0.0,-0.011679060912817008,0.0,-0.8038721672765092,0.0,0.0,0.0,0.0,0.0,0.0,0.0,-4.098875761471277,-9.267867183027079,0.0,-7.609489131255032,0.0,0.0,0.0,0.0,0.0,0.0,0.0,0.0,5.438964256754275,20.340494529591524,-19.757545718590563,0.0,0.0,0.0,0.0,0.0,0.0,0.0,4.8867293891419195,18.27526119413392,0.0,-17.627802519015745,0.0,0.0,0.0,0.0,0.0,0.0,0.0,0.0,3.8479915227540573,5.130655355678471,-12.243374193587897,0.0,0.0,0.0,0.0,0.0,0.0,0.0,-3.157794961516913,-4.7366923867642186,0.0,-16.12695465436076,0.0,0.0,0.0,0.0,0.0,0.0,-8.380873023128288,-9.327970778016947,0.0,0.0,-23.299102737794897
7.738693467336684,-1.0632332362314756,0.0,-0.2499295286284564,0.0,0.0,0.0,0.0,0.0,0.0,0.0,4.729797911551259,-10.41633020903987,18.91919169416667,0.0,0.0,0.0,0.0,0.0,0.0,0.0,3.3011731783716414,0.0,-1.1001127546705902,0.0,0.0,0.0,0.0,0.0,0.0,0.0,0.0,-0.011852871028422696,0.0,1.0689544378749902,0.0,0.0,0.0,0.0,0.0,0.0,0.0,-4.143242046339424,-9.498052547129987,0.0,-8.984778789411507,0.0,0.0,0.0,0.0,0.0,0.0,0.0,0.0,6.480242069173414,21.517172104523752,-20.984256584810623,0.0,0.0,0.0,0.0,0.0,0.0,0.0,5.859572457467266,19.45628383381859,0.0,-18.863212730479972,0.0,0.0,0.0,0.0,0.0,0.0,0.0,0.0,4.088608562824447,5.451478099161022,-13.022257149941652,0.0,0.0,0.0,0.0,0.0,0.0,0.0,-3.0462533739950004,-4.569380087637853,0.0,-15.601051925884235,0.0,0.0,0.0,0.0,0.0,0.0,-8.576339554977608,-9.484780106205903,0.0,0.0,-22.45779525722469
7.839195979899498,-0.8437047787079877,0.0,-0.2271248533691761,0.0,0.0,0.0,0.0,0.0,0.0,0.0,4.290788364613718,-9.56121046691294,17.163153444244017,0.0,0.0,0.0,0.0,0.0,0.0,0.0,2.949927646156425,0.0,-1.136600234374896,0.0,0.0,0.0,0.0,0.0,0.0,0.0,0.0,-0.014438148624590363,0.0,2.8224074089533424,0.0,0.0,0.0,0.0,0.0,0.0,0.0,-4.065328596425388,-9.461094201412834,0.0,-10.214160434784958,0.0,0.0,0.0,0.0,0.0,0.0,0.0,0.0,7.471142488668647,22.593604876774975,-22.15014865569742,0.0,0.0,0.0,0.0,0.0,0.0,0.0,6.7932413401194935,20.5435528624065,0.0,-20.05093239354494,0.0,0.0,0.0,0.0,0.0,0.0,0.0,0.0,4.334323755017522,5.7790983056804635,-13.90323697236795,0.0,0.0,0.0,0.0,0.0,0.0,0.0,-2.9358522706246504,-4.403778457451324,0.0,-15.037997839861816,0.0,0.0,0.0,0.0,0.0,0.0,-8.682493795930668,-9.548924449376273,0.0,0.0,-21.55203047848886
7.939698492462312,-0.6424004651006676,0.0,-0.21081435269687532,0.0,0.0,0.0,0.0,0.0,0.0,0.0,3.88586627231291,-8.763049890170294,15.543465103462495,0.0,0.0,0.0,0.0,0.0,0.0,0.0,2.6278407441182594,0.0,-1.1626970359834843,0.0,0.0,0.0,0.0,0.0,0.0,0.0,0.0,-0.020836266330370723,0.0,4.435697631983982,0.0,0.0,0.0,0.0,0.0,0.0,0.0,-3.8879600836594363,-9.198787569886235,0.0,-11.22528482433438,0.0,0.0,0.0,0.0,0.0,0.0,0.0,0.0,8.342569282504542,23.501822518312565,-23.14904841149712,0.0,0.0,0.0,0.0,0.0,0.0,0.0,7.618945856435744,21.46330550978348,0.0,-21.07328824330068,0.0,0.0,0.0,0.0,0.0,0.0,0.0,0.0,4.555822361140827,6.074429796498748,-14.741166297405073,0.0,0.0,0.0,0.0,0.0,0.0,0.0,-2.8369169022823826,-4.255375302797404,0.0,-14.50504538791364,0.0,0.0,0.0,0.0,0.0,0.0,-8.71174518302098,-9.539159245619544,0.0,0.0,-20.683938762644516
8.040201005025127,-0.4598523852261671,0.0,-0.1994861461296349,0.0,0.0,0.0,0.0,0.0,0.0,0.0,3.516619386800812,-8.027582846459325,14.066477534768751,0.0,0.0,0.0,0.0,0.0,0.0,0.0,2.335763816585512,0.0,-1.1808221662690244,0.0,0.0,0.0,0.0,0.0,0.0,0.0,0.0,-0.03511568823222344,0.0,5.898405779386495,0.0,0.0,0.0,0.0,0.0,0.0,0.0,-3.645580440192475,-8.781791186684984,0.0,-12.02575287617691,0.0,0.0,0.0,0.0,0.0,0.0,0.0,0.0,9.074447005374964,24.23817205965406,-23.958120685563244,0.0,0.0,0.0,0.0,0.0,0.0,0.0,8.314721458013707,22.208917986432652,0.0,-21.901749163610873,0.0,0.0,0.0,0.0,0.0,0.0,0.0,0.0,4.740077082843186,6.320102777124248,-15.454000604542273,0.0,0.0,0.0,0.0,0.0,0.0,0.0,-2.753599384508476,-4.130399027690856,0.0,-14.040244645574518,0.0,0.0,0.0,0.0,0.0,0.0,-8.692520096609258,-9.48676555179162,0.0,0.0,-19.91512913335214
8.14070351758794,-0.29565652391594366,0.0,-0.19208343893239999,0.0,0.0,0.0,0.0,0.0,0.0,0.0,3.1826247157695775,-7.355790338614554,12.73049887462463,0.0,0.0,0.0,0.0,0.0,0.0,0.0,2.073050438422541,0.0,-1.1926664980066448,0.0,0.0,0.0,0.0,0.0,0.0,0.0,0.0,-0.06808800881441535,0.0,7.20141211885128,0.0,0.0,0.0,0.0,0.0,0.0,0.0,-3.3689815301940484,-8.275498722731811,0.0,-12.651555516995927,0.0,0.0,0.0,0.0,0.0,0.0,0.0,0.0,9.675414167631402,24.832067984092987,-24.599128087388067,0.0,0.0,0.0,0.0,0.0,0.0,0.0,8.887148201353057,22.808973807464383,0.0,-22.557067957507115,0.0,0.0,0.0,0.0,0.0,0.0,0.0,0.0,4.887217712301606,6.516290224745092,-16.025151370335777,0.0,0.0,0.0,0.0,0.0,0.0,0.0,-2.685691993242756,-4.0285380378257685,0.0,-13.653978287120339,0.0,0.0,0.0,0.0,0.0,0.0,-8.64952629342497,-9.41671585330539,0.0,0.0,-19.265100760890164
8.241206030150755,-0.1488641377320188,0.0,-0.1878667624105601,0.0,0.0,0.0,0.0,0.0,0.0,0.0,2.8822772311087874,-6.745786620854233,11.529108934205112,0.0,0.0,0.0,0.0,0.0,0.0,0.0,1.8381826198954343,0.0,-1.1994131803305663,0.0,0.0,0.0,0.0,0.0,0.0,0.0,0.0,-0.14956259974940878,0.0,8.32132746741987,0.0,0.0,0.0,0.0,0.0,0.0,0.0,-3.0807548228040105,-7.72901613910193,0.0,-13.14019724985016,0.0,0.0,0.0,0.0,0.0,0.0,0.0,0.0,10.165469854328535,25.329169802468243,-25.1070374597262,0.0,0.0,0.0,0.0,0.0,0.0,0.0,9.35454153871973,23.308590201942536,0.0,-23.07492404618472,0.0,0.0,0.0,0.0,0.0,0.0,0.0,0.0,5.003522320912168,6.671363055321677,-16.472508351572657,0.0,0.0,0.0,0.0,0.0,0.0,0.0,-2.6309215050979162,-3.946382304498286,0.0,-13.34063549629505,0.0,0.0,0.0,0.0,0.0,0.0,-8.598512655666468,-9.343902171998764,0.0,0.0,-18.727590981981734
8.341708542713569,-0.01823658212114776,0.0,-0.18632002255630775,0.0,0.0,0.0,0.0,0.0,0.0,0.0,2.6133300634612056,-6.194054889441247,10.453320241410324,0.0,0.0,0.0,0.0,0.0,0.0,0.0,1.6291785311928209,0.0,-1.2018879638198143,0.0,0.0,0.0,0.0,0.0,0.0,0.0,0.0,-0.36579694384641925,0.0,9.180881816117648,0.0,0.0,0.0,0.0,0.0,0.0,0.0,-2.7958960031604363,-7.175738148124111,0.0,-13.522612388960908,0.0,0.0,0.0,0.0,0.0,0.0,0.0,0.0,10.569424122586213,25.80264279572475,-25.519237115467774,0.0,0.0,0.0,0.0,0.0,0.0,0.0,9.740323824836139,23.778598858381628,0.0,-23.493239688310297,0.0,0.0,0.0,0.0,0.0,0.0,0.0,0.0,5.097272471221714,6.796363254402138,-16.823730687676175,0.0,0.0,0.0,0.0,0.0,0.0,0.0,-2.586156826467345,-3.8792352627936566,0.0,-13.08858857784756,0.0,0.0,0.0,0.0,0.0,0.0,-8.548411117637045,-9.276055299434205,0.0,0.0,-18.284730332940313
8.442211055276383,0.09759150132460093,0.0,-0.18708658656302335,0.0,0.0,0.0,0.0,0.0,0.0,0.0,2.3732411893462313,-5.6962451759901,9.49296475472039,0.0,0.0,0.0,0.0,0.0,0.0,0.0,1.4438535975713762,0.0,-1.2006614613646605,0.0,0.0,0.0,0.0,0.0,0.0,0.0,0.0,-0.9723503593406235,0.0,9.534683884204753,0.0,0.0,0.0,0.0,0.0,0.0,0.0,-2.523681528643351,-6.637021861433112,0.0,-13.822719661771288,0.0,0.0,0.0,0.0,0.0,0.0,0.0,0.0,10.921372810113184,26.414545806652256,-25.882664793197563,0.0,0.0,0.0,0.0,0.0,0.0,0.0,10.077222394766494,24.3728748361427,0.0,-23.858023271650097,0.0,0.0,0.0,0.0,0.0,0.0,0.0,0.0,5.179130346810723,6.905507170085201,-17.108090469619697,0.0,0.0,0.0,0.0,0.0,0.0,0.0,-2.547133452601713,-3.820700224199669,0.0,-12.885050093780492,0.0,0.0,0.0,0.0,0.0,0.0,-8.504735800052288,-9.21716191326638,0.0,0.0,-17.91163895203951
8.542713567839197,0.20000976494460865,0.0,-0.18992569834896944,0.0,0.0,0.0,0.0,0.0,0.0,0.0,2.1593917205464663,-5.247681239772817,8.637566877744973,0.0,0.0,0.0,0.0,0.0,0.0,0.0,1.2799843760458174,0.0,-1.1961188826070668,0.0,0.0,0.0,0.0,0.0,0.0,0.0,0.0,-2.6833387547497978,0.0,8.679093365770996,0.0,0.0,0.0,0.0,0.0,0.0,0.0,-2.269397718857036,-6.125723067462729,0.0,-14.058815688500204,0.0,0.0,0.0,0.0,0.0,0.0,0.0,0.0,11.285313953557363,27.588889179419596,-26.287990017692664,0.0,0.0,0.0,0.0,0.0,0.0,0.0,10.427396276213585,25.491561996382472,0.0,-24.255638134462743,0.0,0.0,0.0,0.0,0.0,0.0,0.0,0.0,5.268417793580227,7.024557079127192,-17.364276211129237,0.0,0.0,0.0,0.0,0.0,0.0,0.0,-2.505989802337183,-3.758984725710235,0.0,-12.715746728009236,0.0,0.0,0.0,0.0,0.0,0.0,-8.471359698170033,-9.168343750864949,0.0,0.0,-17.567864998291327
8.643216080402011,0.2903697399331273,0.0,-0.19468261744370885,0.0,0.0,0.0,0.0,0.0,0.0,0.0,1.9692194941356433,-4.843675317722784,7.876877974322127,0.0,0.0,0.0,0.0,0.0,0.0,0.0,1.1354084161752098,0.0,-1.1885078119444614,0.0,0.0,0.0,0.0,0.0,0.0,0.0,0.0,-6.958284235025758,0.0,5.164836792914684,0.0,0.0,0.0,0.0,0.0,0.0,0.0,-2.0356448946490246,-5.648901706845066,0.0,-14.244961246800969,0.0,0.0,0.0,0.0,0.0,0.0,0.0,0.0,11.791126551585762,30.262891971943873,-26.96546498270891,0.0,0.0,0.0,0.0,0.0,0.0,0.0,10.918320723973807,28.022764331225858,0.0,-24.908638025067376,0.0,0.0,0.0,0.0,0.0,0.0,0.0,0.0,5.407833070236734,7.210444029404073,-17.681661370616553,0.0,0.0,0.0,0.0,0.0,0.0,0.0,-2.445631500869183,-3.6684472299874926,0.0,-12.549166731545824,0.0,0.0,0.0,0.0,0.0,0.0,-8.43687156582007,-9.111311435106018,0.0,0.0,-17.156157142039774
8.743718592964825,0.3699486025299237,0.0,-0.20126805788667212,0.0,0.0,0.0,0.0,0.0,0.0,0.0,1.8002972974606735,-4.479716541272438,7.201189188066337,0.0,0.0,0.0,0.0,0.0,0.0,0.0,1.008082236131358,0.0,-1.177971107324538,0.0,0.0,0.0,0.0,0.0,0.0,0.0,0.0,-14.37989767794079,0.0,-1.5810878650768245,0.0,0.0,0.0,0.0,0.0,0.0,0.0,-1.823262749001131,-5.209757508950474,0.0,-14.392030580179238,0.0,0.0,0.0,0.0,0.0,0.0,0.0,0.0,12.570750612894699,35.20647477373018,-28.32961553167479,0.0,0.0,0.0,0.0,0.0,0.0,0.0,11.683418897234787,32.721354941145364,0.0,-26.241233577195544,0.0,0.0,0.0,0.0,0.0,0.0,0.0,0.0,5.664049350428968,7.552065822480358,-18.30609437369901,0.0,0.0,0.0,0.0,0.0,0.0,0.0,-2.339961619135522,-3.5099423874029867,0.0,-12.266296791629827,0.0,0.0,0.0,0.0,0.0,0.0,-8.295716289907773,-8.925758955058427,0.0,0.0,-16.410621679341375
8.84422110552764,0.4399299525503775,0.0,-0.20964397773326482,0.0,0.0,0.0,0.0,0.0,0.0,0.0,1.6503749984408955,-4.151576825872638,6.6014999924313145,0.0,0.0,0.0,0.0,0.0,0.0,0.0,0.8961120758765873,0.0,-1.1645696356143986,0.0,0.0,0.0,0.0,0.0,0.0,0.0,0.0,-21.538626516104387,0.0,-8.14012750183224,0.0,0.0,0.0,0.0,0.0,0.0,0.0,-1.6319735979264394,-4.808984955473328,0.0,-14.508472293450758,0.0,0.0,0.0,0.0,0.0,0.0,0.0,0.0,13.444179479904506,40.696603551992894,-30.241573572453717,0.0,0.0,0.0,0.0,0.0,0.0,0.0,12.551822177186978,37.995366824361554,0.0,-28.158316393245286,0.0,0.0,0.0,0.0,0.0,0.0,0.0,0.0,6.029505817295444,8.039341114596255,-19.482055634512108,0.0,0.0,0.0,0.0,0.0,0.0,0.0,-2.1896225712580986,-3.284433875982984,0.0,-11.663239891213095,0.0,0.0,0.0,0.0,0.0,0.0,-7.846289271640217,-8.404112136872754,0.0,0.0,-14.988803599180756
8.944723618090453,0.5013955270971593,0.0,-0.21981375122881452,0.0,0.0,0.0,0.0,0.0,0.0,0.0,1.517398474870646,-3.8553632624171996,6.069593903923476,0.0,0.0,0.0,0.0,0.0,0.0,0.0,0.7977671565573274,0.0,-1.1482979982435637,0.0,0.0,0.0,0.0,0.0,0.0,0.0,0.0,-25.671767726720418,0.0,-11.741362618167273,0.0,0.0,0.0,0.0,0.0,0.0,0.0,-1.4608231204693567,-4.4457097598815665,0.0,-14.600869006731187,0.0,0.0,0.0,0.0,0.0,0.0,0.0,0.0,14.06626131661426,44.33224488842313,-31.723997675925375,0.0,0.0,0.0,0.0,0.0,0.0,0.0,13.176541152404297,41.52813867719374,0.0,-29.674970477344687,0.0,0.0,0.0,0.0,0.0,0.0,0.0,0.0,6.355048883577297,8.473398461106285,-20.77184807447452,0.0,0.0,0.0,0.0,0.0,0.0,0.0,-2.0443978101525317,-3.0665966788134824,0.0,-10.840161158931494,0.0,0.0,0.0,0.0,0.0,0.0,-7.194536934207463,-7.6803339830178174,0.0,0.0,-13.18882016931866
9.045226130653267,0.5553238206501554,0.0,-0.23181540237393605,0.0,0.0,0.0,0.0,0.0,0.0,0.0,1.3995138758993164,-3.5875363817439165,5.59805550093273,0.0,0.0,0.0,0.0,0.0,0.0,0.0,0.7114818867393069,0.0,-1.1290953563225514,0.0,0.0,0.0,0.0,0.0,0.0,0.0,0.0,-27.7277185052327,0.0,-13.325774992800632,0.0,0.0,0.0,0.0,0.0,0.0,0.0,-1.3084785650541164,-4.118129070640464,0.0,-14.674358310484692,0.0,0.0,0.0,0.0,0.0,0.0,0.0,0.0,14.425054004618687,46.27440741522548,-32.53125940538837,0.0,0.0,0.0,0.0,0.0,0.0,0.0,13.536795903767995,43.4249472167636,0.0,-30.506358820403534,0.0,0.0,0.0,0.0,0.0,0.0,0.0,0.0,6.555136104147152,8.740181601574193,-21.628761929903817,0.0,0.0,0.0,0.0,0.0,0.0,0.0,-1.9392553385344513,-2.908883025121156,0.0,-10.129624474330967,0.0,0.0,0.0,0.0,0.0,0.0,-6.636314141772459,-7.071776177980382,0.0,0.0,-11.684747256879291
9.145728643216081,0.6025929407127428,0.0,-0.2457170079073201,0.0,0.0,0.0,0.0,0.0,0.0,0.0,1.2950628567320877,-3.344907184121837,5.1802514287047075,0.0,0.0,0.0,0.0,0.0,0.0,0.0,0.6358512946169625,0.0,-1.106852787424728,0.0,0.0,0.0,0.0,0.0,0.0,0.0,0.0,-28.944031365440992,0.0,-14.124283805649895,0.0,0.0,0.0,0.0,0.0,0.0,0.0,-1.1734272726271477,-3.823943344860581,0.0,-14.732954683904786,0.0,0.0,0.0,0.0,0.0,0.0,0.0,0.0,14.649772663410943,47.43695121289804,-32.979630388396686,0.0,0.0,0.0,0.0,0.0,0.0,0.0,13.760745294355559,44.558221033774714,0.0,-30.965114351744205,0.0,0.0,0.0,0.0,0.0,0.0,0.0,0.0,6.66684895689329,8.889131969169739,-22.09504202221879,0.0,0.0,0.0,0.0,0.0,0.0,0.0,-1.8709406561789876,-2.806410950739746,0.0,-9.64545987525156,0.0,0.0,0.0,0.0,0.0,0.0,-6.2485671827872125,-6.65226234364269,0.0,0.0,-10.66495758195174
9.246231155778895,0.6439859307483253,0.0,-0.2616136581812256,0.0,0.0,0.0,0.0,0.0,0.0,0.0,1.2025726114917035,-3.124621511974013,4.810290447077037,0.0,0.0,0.0,0.0,0.0,0.0,0.0,0.5696225108264841,0.0,-1.0814181469198658,0.0,0.0,0.0,0.0,0.0,0.0,0.0,0.0,-29.84127438043771,0.0,-14.651565785506193,0.0,0.0,0.0,0.0,0.0,0.0,0.0,-1.0541058023672,-3.560642399536018,0.0,-14.779798052977355,0.0,0.0,0.0,0.0,0.0,0.0,0.0,0.0,14.814775555205273,48.28820616831209,-33.28301986726956,0.0,0.0,0.0,0.0,0.0,0.0,0.0,13.924224668393492,45.38548926369401,0.0,-31.27268759772761,0.0,0.0,0.0,0.0,0.0,0.0,0.0,0.0,6.737820452906718,8.983760736880342,-22.370982939445838,0.0,0.0,0.0,0.0,0.0,0.0,0.0,-1.825628886731323,-2.738443362515497,0.0,-9.333231627106642,0.0,0.0,0.0,0.0,0.0,0.0,-5.981369458396557,-6.363919597518475,0.0,0.0,-9.994264341450787
9.34673366834171,0.6801973940206985,0.0,-0.27962555732008454,0.0,0.0,0.0,0.0,0.0,0.0,0.0,1.120743120086587,-2.924137498805379,4.482972480346348,0.0,0.0,0.0,0.0,0.0,0.0,0.0,0.5116841695906871,0.0,-1.052599108319896,0.0,0.0,0.0,0.0,0.0,0.0,0.0,0.0,-30.58559378121828,0.0,-15.06856721800176,0.0,0.0,0.0,0.0,0.0,0.0,0.0,-0.9489815710472804,-3.3256907722711837,0.0,-14.817346645046303,0.0,0.0,0.0,0.0,0.0,0.0,0.0,0.0,14.948013684179529,48.98999631786083,-33.52156831670783,0.0,0.0,0.0,0.0,0.0,0.0,0.0,14.055954311142926,46.06639803883539,0.0,-31.513300786656373,0.0,0.0,0.0,0.0,0.0,0.0,0.0,0.0,6.79095031874688,9.054600478730634,-22.56672209832722,0.0,0.0,0.0,0.0,0.0,0.0,0.0,-1.7931904001677879,-2.6897855684993033,0.0,-9.122046868981215,0.0,0.0,0.0,0.0,0.0,0.0,-5.783149044980007,-6.15017589167266,0.0,0.0,-9.523444324699426
9.447236180904524,0.71184065364438,0.0,-0.2998969655942929,0.0,0.0,0.0,0.0,0.0,0.0,0.0,1.048433302175411,-2.7411998577697716,4.193733208701644,0.0,0.0,0.0,0.0,0.0,0.0,0.0,0.4610549542150011,0.0,-1.0201648550367537,0.0,0.0,0.0,0.0,0.0,0.0,0.0,0.0,-31.22935670063498,0.0,-15.42309092128491,0.0,0.0,0.0,0.0,0.0,0.0,0.0,-0.8566020533173901,-3.116644067324703,0.0,-14.847526939587574,0.0,0.0,0.0,0.0,0.0,0.0,0.0,0.0,15.05976002946774,49.59486393940615,-33.72174540716699,0.0,0.0,0.0,0.0,0.0,0.0,0.0,14.166414671112904,46.65289531557981,0.0,-31.71481583374991,0.0,0.0,0.0,0.0,0.0,0.0,0.0,0.0,6.834581907533277,9.112775903652448,-22.72358100796623,0.0,0.0,0.0,0.0,0.0,0.0,0.0,-1.7681091917243208,-2.652163803240626,0.0,-8.966971665858026,0.0,0.0,0.0,0.0,0.0,0.0,-5.624324941777559,-5.978999356504033,0.0,0.0,-9.163198016359786
9.547738693467338,0.7394549564332387,0.0,-0.3225957733721252,0.0,0.0,0.0,0.0,0.0,0.0,0.0,0.9846471065166895,-2.5738134765695975,3.938588424956535,0.0,0.0,0.0,0.0,0.0,0.0,0.0,0.4168720697528272,0.0,-0.9838467626144265,0.0,0.0,0.0,0.0,0.0,0.0,0.0,0.0,-31.792780036621338,0.0,-15.731369473748202,0.0,0.0,0.0,0.0,0.0,0.0,0.0,-0.7756225691435414,-2.9312187705687887,0.0,-14.871850383985086,0.0,0.0,0.0,0.0,0.0,0.0,0.0,0.0,15.154718265630862,50.123066853480225,-33.8934636956445,0.0,0.0,0.0,0.0,0.0,0.0,0.0,14.260323601966718,47.16492507550463,0.0,-31.887561882770754,0.0,0.0,0.0,0.0,0.0,0.0,0.0,0.0,6.871724892887343,9.162299911436023,-22.855931375964644,0.0,0.0,0.0,0.0,0.0,0.0,0.0,-1.7476395641757847,-2.6214593151774324,0.0,-8.844618190284592,0.0,0.0,0.0,0.0,0.0,0.0,-5.4904149684453785,-5.834768868950846,0.0,0.0,-8.86884425899126
9.648241206030152,0.7635123924210063,0.0,-0.34791355352226105,0.0,0.0,0.0,0.0,0.0,0.0,0.0,0.9285202386966063,-2.420217970033889,3.714080954342336,0.0,0.0,0.0,0.0,0.0,0.0,0.0,0.3783801721946034,0.0,-0.9433383142409824,0.0,0.0,0.0,0.0,0.0,0.0,0.0,0.0,-32.28691351520041,0.0,-16.000995452625233,0.0,0.0,0.0,0.0,0.0,0.0,0.0,-0.7048198414350004,-2.7673310542264407,0.0,-14.891504149072698,0.0,0.0,0.0,0.0,0.0,0.0,0.0,0.0,15.235769979193847,50.58551457426397,-34.041751045599256,0.0,0.0,0.0,0.0,0.0,0.0,0.0,14.340530103629234,47.613156115566824,0.0,-32.03669675544418,0.0,0.0,0.0,0.0,0.0,0.0,0.0,0.0,6.903716094575074,9.204954629304929,-22.96957572700542,0.0,0.0,0.0,0.0,0.0,0.0,0.0,-1.730404310062994,-2.5956064344523355,0.0,-8.743435449320991,0.0,0.0,0.0,0.0,0.0,0.0,-5.374462386686929,-5.7099753107969775,0.0,0.0,-8.618877810118164
9.748743718592966,0.7844243453680733,0.0,-0.3760659685880796,0.0,0.0,0.0,0.0,0.0,0.0,0.0,0.879307930357065,-2.278864133398173,3.517231721095193,0.0,0.0,0.0,0.0,0.0,0.0,0.0,0.34492104750150077,0.0,-0.8982944501578771,0.0,0.0,0.0,0.0,0.0,0.0,0.0,0.0,-32.71966189188902,0.0,-16.236894595955675,0.0,0.0,0.0,0.0,0.0,0.0,0.0,-0.6430966264930893,-2.6231160711043255,0.0,-14.907421864163162,0.0,0.0,0.0,0.0,0.0,0.0,0.0,0.0,15.305037695645396,50.98994409236113,-34.169986318444145,0.0,0.0,0.0,0.0,0.0,0.0,0.0,14.409119777569757,48.005122659233734,0.0,-32.16565093411283,0.0,0.0,0.0,0.0,0.0,0.0,0.0,0.0,6.931354904926579,9.241806594562085,-23.06766736093202,0.0,0.0,0.0,0.0,0.0,0.0,0.0,-1.7156598077772145,-2.5734897116658217,0.0,-8.657544577683751,0.0,0.0,0.0,0.0,0.0,0.0,-5.272874584516529,-5.600726894039454,0.0,0.0,-8.402422875475324
9.84924623115578,0.8025473339223765,0.0,-0.40729343575574006,0.0,0.0,0.0,0.0,0.0,0.0,0.0,0.836374029034026,-2.148393015266592,3.3454961155809926,0.0,0.0,0.0,0.0,0.0,0.0,0.0,0.31592426574800214,0.0,-0.8483305029005628,0.0,0.0,0.0,0.0,0.0,0.0,0.0,0.0,-33.09736296763788,0.0,-16.44286006596829,0.0,0.0,0.0,0.0,0.0,0.0,0.0,-0.589480718155011,-2.4969344497027812,0.0,-14.920338487309227,0.0,0.0,0.0,0.0,0.0,0.0,0.0,0.0,15.364202517686998,51.34254632410684,-34.280774427908334,0.0,0.0,0.0,0.0,0.0,0.0,0.0,14.467742149304463,48.34684524979149,0.0,-32.277058763185984,0.0,0.0,0.0,0.0,0.0,0.0,0.0,0.0,6.9552278555429226,9.273637168183413,-23.152403101800445,0.0,0.0,0.0,0.0,0.0,0.0,0.0,-1.7029572332294407,-2.554435849844161,0.0,-8.583678055562594,0.0,0.0,0.0,0.0,0.0,0.0,-5.183533326791334,-5.504719057691787,0.0,0.0,-8.213329695916372
9.949748743718594,0.81818816333179,0.0,-0.4418619611312735,0.0,0.0,0.0,0.0,0.0,0.0,0.0,0.7991815769159416,-2.0276179990563747,3.1967263068866103,0.0,0.0,0.0,0.0,0.0,0.0,0.0,0.29089893871514505,0.0,-0.7930208622553003,0.0,0.0,0.0,0.0,0.0,0.0,0.0,0.0,-33.425257574437595,0.0,-16.621984864517714,0.0,0.0,0.0,0.0,0.0,0.0,0.0,-0.5431212599382729,-2.387372110848607,0.0,-14.93083305667553,0.0,0.0,0.0,0.0,0.0,0.0,0.0,0.0,15.414623479870215,51.648452410790746,-34.37623007063184,0.0,0.0,0.0,0.0,0.0,0.0,0.0,14.51773053451344,48.64331039933223,0.0,-32.37305394332424,0.0,0.0,0.0,0.0,0.0,0.0,0.0,0.0,6.9757991634222805,9.301065496125638,-23.225488644529335,0.0,0.0,0.0,0.0,0.0,0.0,0.0,-1.6919932427361672,-2.537989879147773,0.0,-8.519796653172484,0.0,0.0,0.0,0.0,0.0,0.0,-5.1049995559715455,-5.420382021226189,0.0,0.0,-8.047629178387083
10.050251256281408,0.8316083521808793,0.0,-0.480064038299588,0.0,0.0,0.0,0.0,0.0,0.0,0.0,0.7672849301476603,-1.915510091321515,3.0691397211457527,0.0,0.0,0.0,0.0,0.0,0.0,0.0,0.2694266366121134,0.0,-0.7318975387415882,0.0,0.0,0.0,0.0,0.0,0.0,0.0,0.0,-33.70767871757607,0.0,-16.77681948142329,0.0,0.0,0.0,0.0,0.0,0.0,0.0,-0.5032835540819125,-2.2932365840444557,0.0,-14.939361977037159,0.0,0.0,0.0,0.0,0.0,0.0,0.0,0.0,15.457402328999947,51.91191389919414,-34.45807417101765,0.0,0.0,0.0,0.0,0.0,0.0,0.0,14.560166596178092,48.89865053747666,0.0,-32.45537361928896,0.0,0.0,0.0,0.0,0.0,0.0,0.0,0.0,6.993446811653925,9.324595693582793,-23.288309118019157,0.0,0.0,0.0,0.0,0.0,0.0,0.0,-1.6825446950696765,-2.523816997723749,0.0,-8.46447892755009,0.0,0.0,0.0,0.0,0.0,0.0,-5.0361850265634445,-5.346527999661177,0.0,0.0,-7.902446729879387
10.150753768844222,0.8430277590454338,0.0,-0.5222195004206398,0.0,0.0,0.0,0.0,0.0,0.0,0.0,0.7403235364744631,-1.8111866811887367,2.961294145675808,0.0,0.0,0.0,0.0,0.0,0.0,0.0,0.2511555854678438,0.0,-0.664448799092554,0.0,0.0,0.0,0.0,0.0,0.0,0.0,0.0,-33.94815757795655,0.0,-16.90945270604871,0.0,0.0,0.0,0.0,0.0,0.0,0.0,-0.4693438679648221,-2.213552491525661,0.0,-14.94628408614529,0.0,0.0,0.0,0.0,0.0,0.0,0.0,0.0,15.493424583623572,52.13641060597407,-34.527707637121985,0.0,0.0,0.0,0.0,0.0,0.0,0.0,14.59592036257007,49.11624883707777,0.0,-32.525432246077735,0.0,0.0,0.0,0.0,0.0,0.0,0.0,0.0,7.008477554748538,9.344636794972327,-23.341990080472108,0.0,0.0,0.0,0.0,0.0,0.0,0.0,-1.6744389824130401,-2.511658488468793,0.0,-8.416656954224333,0.0,0.0,0.0,0.0,0.0,0.0,-4.976219525554271,-5.282207612089529,0.0,0.0,-7.775550757815886
10.251256281407036,0.8526272130549017,0.0,-0.5686762983847515,0.0,0.0,0.0,0.0,0.0,0.0,0.0,0.7180177345467165,-1.7139044929948,2.8720709387974885,0.0,0.0,0.0,0.0,0.0,0.0,0.0,0.23579645894167278,0.0,-0.5901179224998554,0.0,0.0,0.0,0.0,0.0,0.0,0.0,0.0,-34.14949419722202,0.0,-17.021566179331593,0.0,0.0,0.0,0.0,0.0,0.0,0.0,-0.4407854225924046,-2.1475590607292205,0.0,-14.951882075994739,0.0,0.0,0.0,0.0,0.0,0.0,0.0,0.0,15.523395225369718,52.324721258822926,-34.58625186569808,0.0,0.0,0.0,0.0,0.0,0.0,0.0,14.625684180979981,49.29880589155111,0.0,-32.58435992381514,0.0,0.0,0.0,0.0,0.0,0.0,0.0,0.0,7.021136779084003,9.361515733163905,-23.387433140176217,0.0,0.0,0.0,0.0,0.0,0.0,0.0,-1.6675400679178054,-2.5013101166981855,0.0,-8.375492844825416,0.0,0.0,0.0,0.0,0.0,0.0,-4.924393414151851,-5.226648168599191,0.0,0.0,-7.665146222746166
10.35175879396985,0.8605504269176834,0.0,-0.6198107862509517,0.0,0.0,0.0,0.0,0.0,0.0,0.0,0.7001659239058711,-1.6230556173502109,2.800663696289618,0.0,0.0,0.0,0.0,0.0,0.0,0.0,0.2231193170498802,0.0,-0.5083027417029928,0.0,0.0,0.0,0.0,0.0,0.0,0.0,0.0,-34.31380486862423,0.0,-17.11446960839247,0.0,0.0,0.0,0.0,0.0,0.0,0.0,-0.41719573879578364,-2.09470876459672,0.0,-14.956375563895952,0.0,0.0,0.0,0.0,0.0,0.0,0.0,0.0,15.547859566145128,52.47897264798463,-34.634582852910434,0.0,0.0,0.0,0.0,0.0,0.0,0.0,14.649994787507836,49.4483933609069,0.0,-32.63304441952775,0.0,0.0,0.0,0.0,0.0,0.0,0.0,0.0,7.031618073360946,9.375490819973908,-23.42536372723636,0.0,0.0,0.0,0.0,0.0,0.0,0.0,-1.6617403429397548,-2.492610529203354,0.0,-8.3403161652007,0.0,0.0,0.0,0.0,0.0,0.0,-4.880129345963269,-5.1792213363599515,0.0,0.0,-7.569768186277415
10.452261306532664,0.8669045810094644,0.0,-0.6760275346184841,0.0,0.0,0.0,0.0,0.0,0.0,0.0,0.6866441984443306,-1.5381685835036407,2.7465767931666996,0.0,0.0,0.0,0.0,0.0,0.0,0.0,0.21295267002563456,0.0,-0.4183559446507834,0.0,0.0,0.0,0.0,0.0,0.0,0.0,0.0,-34.442549030844205,0.0,-17.189126867656057,0.0,0.0,0.0,0.0,0.0,0.0,0.0,-0.3982664470436603,-2.05467135847362,0.0,-14.959934170007129,0.0,0.0,0.0,0.0,0.0,0.0,0.0,0.0,15.567223677959152,52.60067229473364,-34.67335588813736,0.0,0.0,0.0,0.0,0.0,0.0,0.0,14.669251466259414,49.56648052018009,0.0,-32.67214887675563,0.0,0.0,0.0,0.0,0.0,0.0,0.0,0.0,7.0400670256209885,9.386755978585404,-23.4563341326155,0.0,0.0,0.0,0.0,0.0,0.0,0.0,-1.6569566511637213,-2.485434991456037,0.0,-8.310592605725864,0.0,0.0,0.0,0.0,0.0,0.0,-4.8429711524411445,-5.13943163193975,0.0,0.0,-7.488233177865844
10.552763819095478,0.8717595636476005,0.0,-0.7377582684764405,0.0,0.0,0.0,0.0,0.0,0.0,0.0,0.6774083253779928,-1.4589142877663441,2.709633302427905,0.0,0.0,0.0,0.0,0.0,0.0,0.0,0.20518469823205265,0.0,-0.31958677003396385,0.0,0.0,0.0,0.0,0.0,0.0,0.0,0.0,-34.536533621398746,0.0,-17.246167967333026,0.0,0.0,0.0,0.0,0.0,0.0,0.0,-0.383797169919986,-2.0273433015451094,0.0,-14.962685473018933,0.0,0.0,0.0,0.0,0.0,0.0,0.0,0.0,15.581765071326359,52.69071990188223,-34.703022309623414,0.0,0.0,0.0,0.0,0.0,0.0,0.0,14.683727070863295,49.653947846367565,0.0,-32.70213162928637,0.0,0.0,0.0,0.0,0.0,0.0,0.0,0.0,7.046584027337044,9.395445397575308,-23.480740903081276,0.0,0.0,0.0,0.0,0.0,0.0,0.0,-1.653127707723634,-2.479691576240395,0.0,-8.2859053644746,0.0,0.0,0.0,0.0,0.0,0.0,-4.8125784626318335,-5.106909586827246,0.0,0.0,-7.419610222270112
10.653266331658292,0.8751456566091775,0.0,-0.8054593121364917,0.0,0.0,0.0,0.0,0.0,0.0,0.0,0.672498129523913,-1.3851168336811992,2.6899925186923968,0.0,0.0,0.0,0.0,0.0,0.0,0.0,0.199766949170177,0.0,-0.21126510069136017,0.0,0.0,0.0,0.0,0.0,0.0,0.0,0.0,-34.59589820595244,0.0,-17.285891768525907,0.0,0.0,0.0,0.0,0.0,0.0,0.0,-0.37370320203275464,-2.0128631772232954,0.0,-14.964720980604335,0.0,0.0,0.0,0.0,0.0,0.0,0.0,0.0,15.591636667755537,52.74939150440306,-34.72382510655292,0.0,0.0,0.0,0.0,0.0,0.0,0.0,14.693572478935435,49.711074199931815,0.0,-32.72324529407511,0.0,0.0,0.0,0.0,0.0,0.0,0.0,0.0,7.051229169677264,9.401638920741862,-23.498851497827378,0.0,0.0,0.0,0.0,0.0,0.0,0.0,-1.6502124600414891,-2.4753187047171776,0.0,-8.265938694587694,0.0,0.0,0.0,0.0,0.0,0.0,-4.788722753445995,-5.0814072174443226,0.0,0.0,-7.363191780684897
10.753768844221106,0.8770488468812232,0.0,-0.8796070458672034,0.0,0.0,0.0,0.0,0.0,0.0,0.0,0.6720454808761822,-1.3167712655526298,2.688181923220234,0.0,0.0,0.0,0.0,0.0,0.0,0.0,0.19672184466829057,0.0,-0.09262872686585655,0.0,0.0,0.0,0.0,0.0,0.0,0.0,0.0,-34.62007268472192,0.0,-17.30825565157343,0.0,0.0,0.0,0.0,0.0,0.0,0.0,-0.36803025879345724,-2.0116368806373175,0.0,-14.966099429736952,0.0,0.0,0.0,0.0,0.0,0.0,0.0,0.0,15.596869285199045,52.77631860840793,-34.73581512117296,0.0,0.0,0.0,0.0,0.0,0.0,0.0,14.698817640233786,49.73751262276477,0.0,-32.735546828900624,0.0,0.0,0.0,0.0,0.0,0.0,0.0,0.0,7.0540184488529505,9.405357987497808,-23.51078053435679,0.0,0.0,0.0,0.0,0.0,0.0,0.0,-1.648189899616792,-2.472284849425188,0.0,-8.250477254515,0.0,0.0,0.0,0.0,0.0,0.0,-4.7712929989729425,-5.0628040260680685,0.0,0.0,-7.318502174169517
10.85427135678392,0.8774032054237324,0.0,-0.960690303752898,0.0,0.0,0.0,0.0,0.0,0.0,0.0,0.6762862249931612,-1.2540684179163097,2.705144899611822,0.0,0.0,0.0,0.0,0.0,0.0,0.0,0.1961548711341965,0.0,0.03710448587095072,0.0,0.0,0.0,0.0,0.0,0.0,0.0,0.0,-34.60770768806687,0.0,-17.312853569817488,0.0,0.0,0.0,0.0,0.0,0.0,0.0,-0.36697735902773754,-2.0243737502575967,0.0,-14.966848147422837,0.0,0.0,0.0,0.0,0.0,0.0,0.0,0.0,15.597363352395922,52.7704266945761,-34.73883325604693,0.0,0.0,0.0,0.0,0.0,0.0,0.0,14.699364373052527,49.732234389865404,0.0,-32.738884505091605,0.0,0.0,0.0,0.0,0.0,0.0,0.0,0.0,7.054923160557374,9.406564158378432,-23.516493626929815,0.0,0.0,0.0,0.0,0.0,0.0,0.0,-1.6470594840917174,-2.470589182249072,0.0,-8.239402061863133,0.0,0.0,0.0,0.0,0.0,0.0,-4.760301319184368,-5.051112927118018,0.0,0.0,-7.285294915837515
10.954773869346734,0.876079097489324,0.0,-1.0491982445071102,0.0,0.0,0.0,0.0,0.0,0.0,0.0,0.6855773432290491,-1.1974285164528808,2.7423093723055736,0.0,0.0,0.0,0.0,0.0,0.0,0.0,0.198273444537711,0.0,0.17871719138612407,0.0,0.0,0.0,0.0,0.0,0.0,0.0,0.0,-34.556568312749114,0.0,-17.29887866752655,0.0,0.0,0.0,0.0,0.0,0.0,0.0,-0.3709321788622835,-2.0521371300449496,0.0,-14.966961474945606,0.0,0.0,0.0,0.0,0.0,0.0,0.0,0.0,15.592871105363226,52.729831237996464,-34.73247655449985,0.0,0.0,0.0,0.0,0.0,0.0,0.0,14.694969308309824,49.693430186043,0.0,-32.732866438234254,0.0,0.0,0.0,0.0,0.0,0.0,0.0,0.0,7.053867747255915,9.40515691280619,-23.515819858058176,0.0,0.0,0.0,0.0,0.0,0.0,0.0,-1.6468422515611425,-2.4702633334618835,0.0,-8.232687243446557,0.0,0.0,0.0,0.0,0.0,0.0,-4.755892246804603,-5.046489950113337,0.0,0.0,-7.263551506517946
11.055276381909549,0.8728652782785673,0.0,-1.1456015938104969,0.0,0.0,0.0,0.0,0.0,0.0,0.0,0.700421362631598,-1.1475459683052414,2.801685450082303,0.0,0.0,0.0,0.0,0.0,0.0,0.0,0.20341555505287712,0.0,0.3329625505310574,0.0,0.0,0.0,0.0,0.0,0.0,0.0,0.0,-34.463380743310346,0.0,-17.265067236760245,0.0,0.0,0.0,0.0,0.0,0.0,0.0,-0.3805240814079569,-2.096415483824471,0.0,-14.966395919370143,0.0,0.0,0.0,0.0,0.0,0.0,0.0,0.0,15.582972633182424,52.65171734222807,-34.71608013291827,0.0,0.0,0.0,0.0,0.0,0.0,0.0,14.685219458382415,49.618390677602655,0.0,-32.716837936125344,0.0,0.0,0.0,0.0,0.0,0.0,0.0,0.0,7.050719289525276,9.4009591083688,-23.508403031863303,0.0,0.0,0.0,0.0,0.0,0.0,0.0,-1.647583893177318,-2.471375854400104,0.0,-8.230412452757408,0.0,0.0,0.0,0.0,0.0,0.0,-4.758363310514158,-5.049256870587326,0.0,0.0,-7.253520506456113
11.155778894472363,0.8674424618604348,0.0,-1.2503240394146076,0.0,0.0,0.0,0.0,0.0,0.0,0.0,0.7215000109028757,-1.1054468503912673,2.886000043222925,0.0,0.0,0.0,0.0,0.0,0.0,0.0,0.21209206146899362,0.0,0.5005184625372916,0.0,0.0,0.0,0.0,0.0,0.0,0.0,0.0,-34.32361960420405,0.0,-17.209620690739058,0.0,0.0,0.0,0.0,0.0,0.0,0.0,-0.39670234449132313,-2.1592189424247956,0.0,-14.965060929638536,0.0,0.0,0.0,0.0,0.0,0.0,0.0,0.0,15.567031229402062,52.53213630929121,-34.688652660652686,0.0,0.0,0.0,0.0,0.0,0.0,0.0,14.669489656171653,49.50331369230066,0.0,-32.68982236631635,0.0,0.0,0.0,0.0,0.0,0.0,0.0,0.0,7.0452795859765605,9.393706059040996,-23.49368877377356,0.0,0.0,0.0,0.0,0.0,0.0,0.0,-1.6493588394228542,-2.4740382298382713,0.0,-8.232771001009942,0.0,0.0,0.0,0.0,0.0,0.0,-4.768189208581575,-5.059927223161065,0.0,0.0,-7.255745823497861
11.256281407035177,0.8593438618476057,0.0,-1.3636988889231816,0.0,0.0,0.0,0.0,0.0,0.0,0.0,0.7497216067964274,-1.0725639851827395,2.9988864267416204,0.0,0.0,0.0,0.0,0.0,0.0,0.0,0.2250498211120444,0.0,0.6819182216954989,0.0,0.0,0.0,0.0,0.0,0.0,0.0,0.0,-34.131210195464945,0.0,-17.130097604622918,0.0,0.0,0.0,0.0,0.0,0.0,0.0,-0.4208518869092126,-2.243213582497905,0.0,-14.962802766249617,0.0,0.0,0.0,0.0,0.0,0.0,0.0,0.0,15.544132743516847,52.365743908877604,-34.64880397929804,0.0,0.0,0.0,0.0,0.0,0.0,0.0,14.64688172758688,49.34304603954054,0.0,-32.65044217537483,0.0,0.0,0.0,0.0,0.0,0.0,0.0,0.0,7.037266722131896,9.383022351705517,-23.470874903286365,0.0,0.0,0.0,0.0,0.0,0.0,0.0,-1.6522763769677429,-2.4784145654377365,0.0,-8.240089539868212,0.0,0.0,0.0,0.0,0.0,0.0,-4.786058891370626,-5.079247319572655,0.0,0.0,-7.271127485553031
11.35678391959799,0.8478967354896838,0.0,-1.4859039585424227,0.0,0.0,0.0,0.0,0.0,0.0,0.0,0.7862877114961364,-1.0508348281534907,3.1451508452073895,0.0,0.0,0.0,0.0,0.0,0.0,0.0,0.2433652234179462,0.0,0.8774463337579697,0.0,0.0,0.0,0.0,0.0,0.0,0.0,0.0,-33.87811531707641,0.0,-17.02326714525526,0.0,0.0,0.0,0.0,0.0,0.0,0.0,-0.45496426073765583,-2.351907507629203,0.0,-14.959378198432795,0.0,0.0,0.0,0.0,0.0,0.0,0.0,0.0,15.512980547582877,52.145403789616296,-34.594618009697875,0.0,0.0,0.0,0.0,0.0,0.0,0.0,14.61612662523315,49.130714911416185,0.0,-32.596812183705026,0.0,0.0,0.0,0.0,0.0,0.0,0.0,0.0,7.026292772216447,9.36839039067383,-23.438844114265223,0.0,0.0,0.0,0.0,0.0,0.0,0.0,-1.656490477425221,-2.4847357161239536,0.0,-8.252856349588722,0.0,0.0,0.0,0.0,0.0,0.0,-4.812928683151085,-5.10825275112925,0.0,0.0,-7.301005872983879
11.457286432160805,0.8321351248063991,0.0,-1.6168635608160287,0.0,0.0,0.0,0.0,0.0,0.0,0.0,0.832788879412405,-1.0428334558110208,3.331155516983486,0.0,0.0,0.0,0.0,0.0,0.0,0.0,0.26858380020033934,0.0,1.0869816970404678,0.0,0.0,0.0,0.0,0.0,0.0,0.0,0.0,-33.55375430369456,0.0,-16.884910863268487,0.0,0.0,0.0,0.0,0.0,0.0,0.0,-0.5018906671372392,-2.489913173253644,0.0,-14.95441122686958,0.0,0.0,0.0,0.0,0.0,0.0,0.0,0.0,15.4717495107759,51.86165411541488,-34.52349386234843,0.0,0.0,0.0,0.0,0.0,0.0,0.0,14.57543622718216,48.85719172675884,0.0,-32.5263545501997,0.0,0.0,0.0,0.0,0.0,0.0,0.0,0.0,7.011828843217494,9.349105152045567,-23.396078456472402,0.0,0.0,0.0,0.0,0.0,0.0,0.0,-1.6622133546806417,-2.493320032048718,0.0,-8.27176092976778,0.0,0.0,0.0,0.0,0.0,0.0,-4.850094952435491,-5.148350516903655,0.0,0.0,-7.347286061554215
11.557788944723619,0.8106696620657772,0.0,-1.7561014069578107,0.0,0.0,0.0,0.0,0.0,0.0,0.0,0.8913447580027878,-1.0519572726241933,3.565379030900928,0.0,0.0,0.0,0.0,0.0,0.0,0.0,0.3029285405298232,0.0,1.3097622516000662,0.0,0.0,0.0,0.0,0.0,0.0,0.0,0.0,-33.14417371225176,0.0,-16.709553726457216,0.0,0.0,0.0,0.0,0.0,0.0,0.0,-0.5657155981581008,-2.663321885282288,0.0,-14.947322103275873,0.0,0.0,0.0,0.0,0.0,0.0,0.0,0.0,15.417839190234872,51.50190280001077,-34.43187264662306,0.0,0.0,0.0,0.0,0.0,0.0,0.0,14.522270959771433,48.51033781005931,0.0,-32.43555990706248,0.0,0.0,0.0,0.0,0.0,0.0,0.0,0.0,6.993152761869403,9.324203737670622,-23.3405119458574,0.0,0.0,0.0,0.0,0.0,0.0,0.0,-1.6697365872730963,-2.504604895703366,0.0,-8.297756197872541,0.0,0.0,0.0,0.0,0.0,0.0,-4.89930213598555,-5.201435240076435,0.0,0.0,-7.41262699177625
11.658291457286433,0.7814937177386128,0.0,-1.902520435415056,0.0,0.0,0.0,0.0,0.0,0.0,0.0,0.9648138867834888,-1.0827109817590497,3.8592555464678213,0.0,0.0,0.0,0.0,0.0,0.0,0.0,0.3496100519084777,0.0,1.544032696809694,0.0,0.0,0.0,0.0,0.0,0.0,0.0,0.0,-32.630844382097735,0.0,-16.490100970489863,0.0,0.0,0.0,0.0,0.0,0.0,0.0,-0.6523041931882911,-2.880247385594892,0.0,-14.937208987125805,0.0,0.0,0.0,0.0,0.0,0.0,0.0,0.0,15.34749279663572,51.04927194810038,-34.314858024409034,0.0,0.0,0.0,0.0,0.0,0.0,0.0,14.452966979883186,48.07387444882849,0.0,-32.319595071994556,0.0,0.0,0.0,0.0,0.0,0.0,0.0,0.0,6.969269297996128,9.292359091528368,-23.269317444118975,0.0,0.0,0.0,0.0,0.0,0.0,0.0,-1.6794630773864228,-2.519194616024123,0.0,-8.332150638779012,0.0,0.0,0.0,0.0,0.0,0.0,-4.9628969882586915,-5.270061581130747,0.0,0.0,-7.50073420219266
11.758793969849247,0.7416979745933361,0.0,-2.054075909807551,0.0,0.0,0.0,0.0,0.0,0.0,0.0,1.0571148587601442,-1.1411764186952666,4.228459431043774,0.0,0.0,0.0,0.0,0.0,0.0,0.0,0.41328324096312485,0.0,1.786521455438006,0.0,0.0,0.0,0.0,0.0,0.0,0.0,0.0,-31.988891334044922,0.0,-16.217351719305384,0.0,0.0,0.0,0.0,0.0,0.0,0.0,-0.7700867839799397,-3.151621430996787,0.0,-14.922647742943163,0.0,0.0,0.0,0.0,0.0,0.0,0.0,0.0,15.255166871286363,50.48084913839013,-34.16559538682584,0.0,0.0,0.0,0.0,0.0,0.0,0.0,14.36213031391631,47.52570324573213,0.0,-32.171705339090195,0.0,0.0,0.0,0.0,0.0,0.0,0.0,0.0,6.938786635934946,9.251715542113459,-23.17859089728813,0.0,0.0,0.0,0.0,0.0,0.0,0.0,-1.6919568989193223,-2.53793530335944,0.0,-8.376747503535675,0.0,0.0,0.0,0.0,0.0,0.0,-5.044054686154098,-5.357693756202764,0.0,0.0,-7.616812385924376
11.859296482412061,0.6870611994891362,0.0,-2.2072986687327045,0.0,0.0,0.0,0.0,0.0,0.0,0.0,1.1737264467015507,-1.235852915559832,4.694905786806203,0.0,0.0,0.0,0.0,0.0,0.0,0.0,0.5007020809078,0.0,2.031677870384385,0.0,0.0,0.0,0.0,0.0,0.0,0.0,0.0,-31.18446170979894,0.0,-15.879368479687628,0.0,0.0,0.0,0.0,0.0,0.0,0.0,-0.9311313899917906,-3.492355560075211,0.0,-14.901347801243858,0.0,0.0,0.0,0.0,0.0,0.0,0.0,0.0,15.132486822277968,49.76506590770313,-33.97430426455017,0.0,0.0,0.0,0.0,0.0,0.0,0.0,14.241631973721525,46.8353788876108,0.0,-31.982271346819857,0.0,0.0,0.0,0.0,0.0,0.0,0.0,0.0,6.89972220246915,9.199629630751716,-23.0628513264719,0.0,0.0,0.0,0.0,0.0,0.0,0.0,-1.708022610014126,-2.5620339453302776,0.0,-8.43406819139858,0.0,0.0,0.0,0.0,0.0,0.0,-5.14710912247196,-5.469075560871062,0.0,0.0,-7.768315153366956
11.959798994974875,0.6114960320324769,0.0,-2.3566250564321933,0.0,0.0,0.0,0.0,0.0,0.0,0.0,1.322470427833622,-1.3792417794533662,5.289881707781774,0.0,0.0,0.0,0.0,0.0,0.0,0.0,0.6216063486164103,0.0,2.2706000906147494,0.0,0.0,0.0,0.0,0.0,0.0,0.0,0.0,-30.170850077837486,0.0,-15.460732796235277,0.0,0.0,0.0,0.0,0.0,0.0,0.0,-1.1524595641132507,-3.922981028803285,0.0,-14.869550951646104,0.0,0.0,0.0,0.0,0.0,0.0,0.0,0.0,14.96651884291822,48.857832859461325,-33.726782314946746,0.0,0.0,0.0,0.0,0.0,0.0,0.0,14.078941593442806,45.96035874682158,0.0,-31.737317448321534,0.0,0.0,0.0,0.0,0.0,0.0,0.0,0.0,6.849188776802961,9.13225172949339,-22.91422615341432,0.0,0.0,0.0,0.0,0.0,0.0,0.0,-1.7288346476629357,-2.593251986704459,0.0,-8.507732389473333,0.0,0.0,0.0,0.0,0.0,0.0,-5.278031575350894,-5.6107740133981565,0.0,0.0,-7.966257837832558
12.06030150753769,0.5063875962996178,0.0,-2.493524127622493,0.0,0.0,0.0,0.0,0.0,0.0,0.0,1.514712773875715,-1.5908783579376973,6.058851098167395,0.0,0.0,0.0,0.0,0.0,0.0,0.0,0.7897798459666205,0.0,2.489638603719868,0.0,0.0,0.0,0.0,0.0,0.0,0.0,0.0,-28.883042329397313,0.0,-14.94189441331173,0.0,0.0,0.0,0.0,0.0,0.0,0.0,-1.457237750357443,-4.471720350895936,0.0,-14.820976362850402,0.0,0.0,0.0,0.0,0.0,0.0,0.0,0.0,14.736884758725921,47.696960749021855,-33.40190298040113,0.0,0.0,0.0,0.0,0.0,0.0,0.0,13.85438053969068,44.84067397036995,0.0,-31.41614277790694,0.0,0.0,0.0,0.0,0.0,0.0,0.0,0.0,6.7829127612384355,9.04388370814857,-22.72128153002484,0.0,0.0,0.0,0.0,0.0,0.0,0.0,-1.7561463494519813,-2.634219539610072,0.0,-8.603093382131277,0.0,0.0,0.0,0.0,0.0,0.0,-5.4450596653765615,-5.791902176532915,0.0,0.0,-8.227480742029059
12.160804020100503,0.3600387092905777,0.0,-2.605537273048242,0.0,0.0,0.0,0.0,0.0,0.0,0.0,1.7670804650649075,-1.9029404203507738,7.068321855818738,0.0,0.0,0.0,0.0,0.0,0.0,0.0,1.0239380658916275,0.0,2.6688596368451556,0.0,0.0,0.0,0.0,0.0,0.0,0.0,0.0,-27.231045329756398,0.0,-14.299368171322158,0.0,0.0,0.0,0.0,0.0,0.0,0.0,-1.8746142862458015,-5.176241626436706,0.0,-14.744966067681275,0.0,0.0,0.0,0.0,0.0,0.0,0.0,0.0,14.411281179960156,46.19546967621346,-32.968045596604156,0.0,0.0,0.0,0.0,0.0,0.0,0.0,13.536839915673227,43.39244165851852,0.0,-30.987788243841408,0.0,0.0,0.0,0.0,0.0,0.0,0.0,0.0,6.694492345360459,8.925989820163238,-22.46709715336692,0.0,0.0,0.0,0.0,0.0,0.0,0.0,-1.7926278079727354,-2.68894167998468,0.0,-8.728457625561958,0.0,0.0,0.0,0.0,0.0,0.0,-5.659386919099063,-6.0249672193535275,0.0,0.0,-8.578964346916962
12.261306532663317,0.15784264517648694,0.0,-2.6756624845747368,0.0,0.0,0.0,0.0,0.0,0.0,0.0,2.103452803936534,-2.369520316847229,8.413811218410672,0.0,0.0,0.0,0.0,0.0,0.0,0.0,1.3474517679412656,0.0,2.7810599751987297,0.0,0.0,0.0,0.0,0.0,0.0,0.0,0.0,-25.09508762926771,0.0,-13.508899836978117,0.0,0.0,0.0,0.0,0.0,0.0,0.0,-2.435076517759427,-6.08208014085676,0.0,-14.623321223261598,0.0,0.0,0.0,0.0,0.0,0.0,0.0,0.0,13.939296300335968,44.23674757259022,-32.378176755720744,0.0,0.0,0.0,0.0,0.0,0.0,0.0,13.077952614182209,41.503249577523604,0.0,-30.40629988237953,0.0,0.0,0.0,0.0,0.0,0.0,0.0,0.0,6.574424046945637,8.765898781071257,-22.126681282763627,0.0,0.0,0.0,0.0,0.0,0.0,0.0,-1.8423747958351555,-2.763562210184034,0.0,-8.897388451334365,0.0,0.0,0.0,0.0,0.0,0.0,-5.935309736138095,-6.3262227172344865,0.0,0.0,-9.065629499538375
12.361809045226131,-0.11549778555774992,0.0,-2.683112049983727,0.0,0.0,0.0,0.0,0.0,0.0,0.0,2.5557641709639256,-3.0779545028281063,10.2230566962902,0.0,0.0,0.0,0.0,0.0,0.0,0.0,1.7847964555173235,0.0,2.792979279853114,0.0,0.0,0.0,0.0,0.0,0.0,0.0,0.0,-22.333610706581908,0.0,-12.556668387730952,0.0,0.0,0.0,0.0,0.0,0.0,0.0,-3.155177309643875,-7.228960201111079,0.0,-14.425307231391571,0.0,0.0,0.0,0.0,0.0,0.0,0.0,0.0,13.247030748786415,41.68260451997696,-31.565408585620958,0.0,0.0,0.0,0.0,0.0,0.0,0.0,12.40718133388441,39.03996621090755,0.0,-29.60641222315985,0.0,0.0,0.0,0.0,0.0,0.0,0.0,0.0,6.409240687510476,8.545654275771142,-21.664092353823605,0.0,0.0,0.0,0.0,0.0,0.0,0.0,-1.9115556302296,-2.86733346221979,0.0,-9.133121666948796,0.0,0.0,0.0,0.0,0.0,0.0,-6.287938388638281,-6.71357263648531,0.0,0.0,-9.76331839019906
12.462311557788945,-0.4698031816907644,0.0,-2.607132629339759,0.0,0.0,0.0,0.0,0.0,0.0,0.0,3.1591566003186244,-4.150282034487418,12.636626390616357,0.0,0.0,0.0,0.0,0.0,0.0,0.0,2.351685091994682,0.0,2.671412207000401,0.0,0.0,0.0,0.0,0.0,0.0,0.0,0.0,-18.830827677618345,0.0,-11.467455053093545,0.0,0.0,0.0,0.0,0.0,0.0,0.0,-4.004333351126377,-8.60680957259774,0.0,-14.101346915040835,0.0,0.0,0.0,0.0,0.0,0.0,0.0,0.0,12.242460771361152,38.41944350391202,-30.445409372248378,0.0,0.0,0.0,0.0,0.0,0.0,0.0,11.437481983733733,35.893249000551464,0.0,-28.50580930946478,0.0,0.0,0.0,0.0,0.0,0.0,0.0,0.0,6.18209659819513,8.242795464852293,-21.03160653277314,0.0,0.0,0.0,0.0,0.0,0.0,0.0,-2.0088174883525767,-3.0132261974458174,0.0,-9.476015167209084,0.0,0.0,0.0,0.0,0.0,0.0,-6.723872358449512,-7.197103657929915,0.0,0.0,-10.793232691597154
12.56281407035176,-0.8985476789291624,0.0,-2.4351748235673654,0.0,0.0,0.0,0.0,0.0,0.0,0.0,3.9332019170501553,-5.70344312578186,15.732807664647908,0.0,0.0,0.0,0.0,0.0,0.0,0.0,3.0376762865103046,0.0,2.3962797186527496,0.0,0.0,0.0,0.0,0.0,0.0,0.0,0.0,-14.622211914172567,0.0,-10.355020577890173,0.0,0.0,0.0,0.0,0.0,0.0,0.0,-4.859010919844309,-10.066363522298616,0.0,-13.580254275780135,0.0,0.0,0.0,0.0,0.0,0.0,0.0,0.0,10.853543173539038,34.47277942569826,-28.940276898481443,0.0,0.0,0.0,0.0,0.0,0.0,0.0,10.102569596881494,32.087554057369516,0.0,-27.027932969048152,0.0,0.0,0.0,0.0,0.0,0.0,0.0,0.0,5.877756001027024,7.837008046962524,-20.17722973413072,0.0,0.0,0.0,0.0,0.0,0.0,0.0,-2.1441899962226785,-3.2162850134298537,0.0,-9.99096416354206,0.0,0.0,0.0,0.0,0.0,0.0,-7.218754486615353,-7.755359902716918,0.0,0.0,-12.311241121665262
12.663316582914574,-1.3677220707108972,0.0,-2.1733074087038062,0.0,0.0,0.0,0.0,0.0,0.0,0.0,4.845769513650566,-7.738883347485626,19.383078043944124,0.0,0.0,0.0,0.0,0.0,0.0,0.0,3.788355311229452,0.0,1.977291852028884,0.0,0.0,0.0,0.0,0.0,0.0,0.0,0.0,-10.079782967409301,0.0,-9.46286201752855,0.0,0.0,0.0,0.0,0.0,0.0,0.0,-5.491813336533369,-11.239520864236852,0.0,-12.783876753630352,0.0,0.0,0.0,0.0,0.0,0.0,0.0,0.0,9.11355750332632,30.155128431630374,-27.038466583917398,0.0,0.0,0.0,0.0,0.0,0.0,0.0,8.43875633904645,27.922332332508404,0.0,-25.159379710260055,0.0,0.0,0.0,0.0,0.0,0.0,0.0,0.0,5.494554670804064,7.326072829272334,-19.069968422158468,0.0,0.0,0.0,0.0,0.0,0.0,0.0,-2.3241698610121375,-3.48625481194631,0.0,-10.757132436367556,0.0,0.0,0.0,0.0,0.0,0.0,-7.689263370025401,-8.304131622338673,0.0,0.0,-14.408725697023783
12.763819095477388,-1.8158731185380361,0.0,-1.8511249209041125,0.0,0.0,0.0,0.0,0.0,0.0,0.0,5.784773481565253,-10.024477592907033,23.13909399376257,0.0,0.0,0.0,0.0,0.0,0.0,0.0,4.505396988818688,0.0,1.4617998722599168,0.0,0.0,0.0,0.0,0.0,0.0,0.0,0.0,-5.946755525343406,0.0,-9.08585052172839,0.0,0.0,0.0,0.0,0.0,0.0,0.0,-5.675963063112022,-11.660383609779501,0.0,-11.672703326581768,0.0,0.0,0.0,0.0,0.0,0.0,0.0,0.0,7.2328433020629745,26.05550422174474,-24.865791115047386,0.0,0.0,0.0,0.0,0.0,0.0,0.0,6.651220179065831,23.960272351075673,0.0,-23.018509970995638,0.0,0.0,0.0,0.0,0.0,0.0,0.0,0.0,5.057512433737088,6.743349931781495,-17.74104464402626,0.0,0.0,0.0,0.0,0.0,0.0,0.0,-2.5425791800870456,-3.813868724833469,0.0,-11.809530438000593,0.0,0.0,0.0,0.0,0.0,0.0,-8.007180472446862,-8.707377027405983,0.0,0.0,-16.924135294971165
12.864321608040202,-2.173789439119389,0.0,-1.5133101918252123,0.0,0.0,0.0,0.0,0.0,0.0,0.0,6.587478610597941,-12.14144755223856,26.349914492129756,0.0,0.0,0.0,0.0,0.0,0.0,0.0,5.078063103347574,0.0,0.9212963067994906,0.0,0.0,0.0,0.0,0.0,0.0,0.0,0.0,-2.9475343978901947,0.0,-9.29744991040593,0.0,0.0,0.0,0.0,0.0,0.0,0.0,-5.374154740778181,-11.154530019652498,0.0,-10.295836847973305,0.0,0.0,0.0,0.0,0.0,0.0,0.0,0.0,5.526828527280259,22.721750244869554,-22.678586816482493,0.0,0.0,0.0,0.0,0.0,0.0,0.0,5.040706074765922,20.723216575646575,0.0,-20.85075927382718,0.0,0.0,0.0,0.0,0.0,0.0,0.0,0.0,4.615621936210346,6.154162536020635,-16.3045970626996,0.0,0.0,0.0,0.0,0.0,0.0,0.0,-2.775113131292528,-4.1626696489771575,0.0,-13.056802254496347,0.0,0.0,0.0,0.0,0.0,0.0,-8.092936617742907,-8.8734141598934,0.0,0.0,-19.41589971110602
12.964824120603016,-2.3935684074771757,0.0,-1.2014432790863339,0.0,0.0,0.0,0.0,0.0,0.0,0.0,7.122807445192336,-13.715513834000603,28.49122975501217,0.0,0.0,0.0,0.0,0.0,0.0,0.0,5.429709453164122,0.0,0.4223092457955602,0.0,0.0,0.0,0.0,0.0,0.0,0.0,0.0,-1.2514977534294758,0.0,-9.742728506623166,0.0,0.0,0.0,0.0,0.0,0.0,0.0,-4.790362801543324,-10.054558408967296,0.0,-8.78469951715033,0.0,0.0,0.0,0.0,0.0,0.0,0.0,0.0,4.2277240090982104,20.341396689715907,-20.74265221452265,0.0,0.0,0.0,0.0,0.0,0.0,0.0,3.822377841800062,18.391102120318692,0.0,-18.913937488207466,0.0,0.0,0.0,0.0,0.0,0.0,0.0,0.0,4.219036778607688,5.625382389240485,-14.91605339865032,0.0,0.0,0.0,0.0,0.0,0.0,0.0,-2.988671399251075,-4.483007124633787,0.0,-14.295695375921014,0.0,0.0,0.0,0.0,0.0,0.0,-7.989541726871607,-8.836797096734017,0.0,0.0,-21.466771903178028
13.06532663316583,-2.464451076988894,0.0,-0.9400750569099614,0.0,0.0,0.0,0.0,0.0,0.0,0.0,7.347374483490654,-14.59161952777066,29.389497908205442,0.0,0.0,0.0,0.0,0.0,0.0,0.0,5.543121723527306,0.0,0.0041200911085614855,0.0,0.0,0.0,0.0,0.0,0.0,0.0,0.0,-0.484244022214142,0.0,-9.873742926824747,0.0,0.0,0.0,0.0,0.0,0.0,0.0,-4.200013954402948,-8.907349155151678,0.0,-7.305021721748517,0.0,0.0,0.0,0.0,0.0,0.0,0.0,0.0,3.39393886150674,18.79921067349244,-19.221673884572965,0.0,0.0,0.0,0.0,0.0,0.0,0.0,3.0437244475933767,16.85935410655759,0.0,-17.369938436928578,0.0,0.0,0.0,0.0,0.0,0.0,0.0,0.0,3.8994189157648407,5.199225235230642,-13.701923151643314,0.0,0.0,0.0,0.0,0.0,0.0,0.0,-3.1585802053868406,-4.737870336057881,0.0,-15.339865080399306,0.0,0.0,0.0,0.0,0.0,0.0,-7.8136366088443765,-8.712682543432493,0.0,0.0,-22.930403167364943
13.165829145728644,-2.40676377094573,0.0,-0.735267534857087,0.0,0.0,0.0,0.0,0.0,0.0,0.0,7.295458523071119,-14.81951243187396,29.18183406697139,0.0,0.0,0.0,0.0,0.0,0.0,0.0,5.4508220328486345,0.0,-0.32357194390542077,0.0,0.0,0.0,0.0,0.0,0.0,0.0,0.0,-0.18596614181909388,0.0,-9.367801204973603,0.0,0.0,0.0,0.0,0.0,0.0,0.0,-3.780029372180138,-8.094792996349298,0.0,-6.037222872290471,0.0,0.0,0.0,0.0,0.0,0.0,0.0,0.0,2.973946758189072,17.91837211317926,-18.173751189287657,0.0,0.0,0.0,0.0,0.0,0.0,0.0,2.6498988505707644,15.965945932450154,0.0,-16.279761052118147,0.0,0.0,0.0,0.0,0.0,0.0,0.0,0.0,3.669047837995265,4.892063777184319,-12.731148343547716,0.0,0.0,0.0,0.0,0.0,0.0,0.0,-3.2753373506722028,-4.913006055318192,0.0,-16.10354020531446,0.0,0.0,0.0,0.0,0.0,0.0,-7.669882417182805,-8.607808646310389,0.0,0.0,-23.86290255795842
13.266331658291458,-2.2551842762119634,0.0,-0.5813382921715515,0.0,0.0,0.0,0.0,0.0,0.0,0.0,7.037871715631638,-14.549412522768534,28.151486936245362,0.0,0.0,0.0,0.0,0.0,0.0,0.0,5.208294841629879,0.0,-0.5698587326463667,0.0,0.0,0.0,0.0,0.0,0.0,0.0,0.0,-0.07692168602080329,0.0,-8.228409618116217,0.0,0.0,0.0,0.0,0.0,0.0,0.0,-3.584497987763058,-7.749864509021265,0.0,-5.175487971298409,0.0,0.0,0.0,0.0,0.0,0.0,0.0,0.0,2.900009772988099,17.577465636686718,-17.60223410318673,0.0,0.0,0.0,0.0,0.0,0.0,0.0,2.5737938806891236,15.600214009481306,0.0,-15.652288301692963,0.0,0.0,0.0,0.0,0.0,0.0,0.0,0.0,3.5296871332413104,4.706249483454883,-12.031192294870152,0.0,0.0,0.0,0.0,0.0,0.0,0.0,-3.3394900598171517,-5.009235148900615,0.0,-16.581014409045025,0.0,0.0,0.0,0.0,0.0,0.0,-7.6195042770788035,-8.585239587022286,0.0,0.0,-24.3702731330675
13.366834170854272,-2.044705315951134,0.0,-0.4682002991973633,0.0,0.0,0.0,0.0,0.0,0.0,0.0,6.6482870675343975,-13.94612766958403,26.59314824704495,0.0,0.0,0.0,0.0,0.0,0.0,0.0,4.871528505034917,0.0,-0.7508795221156106,0.0,0.0,0.0,0.0,0.0,0.0,0.0,0.0,-0.03644693651050357,0.0,-6.629596179724695,0.0,0.0,0.0,0.0,0.0,0.0,0.0,-3.5923065437870605,-7.844005446067115,0.0,-4.895367007762275,0.0,0.0,0.0,0.0,0.0,0.0,0.0,0.0,3.1325293892159323,17.70977882253888,-17.49771196379868,0.0,0.0,0.0,0.0,0.0,0.0,0.0,2.7774931745661036,15.702578844312143,0.0,-15.485505535206556,0.0,0.0,0.0,0.0,0.0,0.0,0.0,0.0,3.4802967311953203,4.640395627864002,-11.614348906230365,0.0,0.0,0.0,0.0,0.0,0.0,0.0,-3.3548794350357625,-5.032319182307621,0.0,-16.79701563944702,0.0,0.0,0.0,0.0,0.0,0.0,-7.686633107129026,-8.669185787457678,0.0,0.0,-24.533876674448507
13.467336683417086,-1.803764568819588,0.0,-0.38581115946456634,0.0,0.0,0.0,0.0,0.0,0.0,0.0,6.187177147509715,-13.147840123295396,24.748708570498934,0.0,0.0,0.0,0.0,0.0,0.0,0.0,4.486023311045528,0.0,-0.8827021442670002,0.0,0.0,0.0,0.0,0.0,0.0,0.0,0.0,-0.020552400135931403,0.0,-4.769261967726979,0.0,0.0,0.0,0.0,0.0,0.0,0.0,-3.7409672728472287,-8.255339080776025,0.0,-5.281614555485703,0.0,0.0,0.0,0.0,0.0,0.0,0.0,0.0,3.6550714153094077,18.268214960315277,-17.851784960498662,0.0,0.0,0.0,0.0,0.0,0.0,0.0,3.2477080171844364,16.232193971177367,0.0,-15.780997941305941,0.0,0.0,0.0,0.0,0.0,0.0,0.0,0.0,3.519992080036616,4.693322766424757,-11.496962838641878,0.0,0.0,0.0,0.0,0.0,0.0,0.0,-3.325697075950984,-4.988545554862611,0.0,-16.77764578245089,0.0,0.0,0.0,0.0,0.0,0.0,-7.865355562408638,-8.851915318963677,0.0,0.0,-24.397231633610517
13.5678391959799,-1.5527694492423194,0.0,-0.3259224345963929,0.0,0.0,0.0,0.0,0.0,0.0,0.0,5.698216783756038,-12.255867954280575,22.792867197196642,0.0,0.0,0.0,0.0,0.0,0.0,0.0,4.084431118656084,0.0,-0.9785241044113491,0.0,0.0,0.0,0.0,0.0,0.0,0.0,0.0,-0.014052362270339236,0.0,-2.806920557055226,0.0,0.0,0.0,0.0,0.0,0.0,0.0,-3.9405377396661834,-8.795952325613143,0.0,-6.254818954332109,0.0,0.0,0.0,0.0,0.0,0.0,0.0,0.0,4.439955539226048,19.17939915507816,-18.630926390983404,0.0,0.0,0.0,0.0,0.0,0.0,0.0,3.9637639162037885,17.12238099216279,0.0,-16.517757066125682,0.0,0.0,0.0,0.0,0.0,0.0,0.0,0.0,3.6452080962590117,4.860277476481656,-11.701272105923977,0.0,0.0,0.0,0.0,0.0,0.0,0.0,-3.257598574890608,-4.8863978916457995,0.0,-16.546690186913793,0.0,0.0,0.0,0.0,0.0,0.0,-8.117122851203362,-9.09228329337708,0.0,0.0,-23.98167304740184
13.668341708542714,-1.3051498545246787,0.0,-0.2823407425633917,0.0,0.0,0.0,0.0,0.0,0.0,0.0,5.210363639207571,-11.338515362169233,20.84145453729036,0.0,0.0,0.0,0.0,0.0,0.0,0.0,3.6882397669302236,0.0,-1.0482548127299651,0.0,0.0,0.0,0.0,0.0,0.0,0.0,0.0,-0.011703870339031808,0.0,-0.8531594032946954,0.0,0.0,0.0,0.0,0.0,0.0,0.0,-4.0961401595041025,-9.25856499200961,0.0,-7.573786525938431,0.0,0.0,0.0,0.0,0.0,0.0,0.0,0.0,5.412573132801413,20.310148922675353,-19.72685011963904,0.0,0.0,0.0,0.0,0.0,0.0,0.0,4.862205232214478,18.244947455059446,0.0,-17.597172185190857,0.0,0.0,0.0,0.0,0.0,0.0,0.0,0.0,3.842222687566732,5.122963568915395,-12.226145594596005,0.0,0.0,0.0,0.0,0.0,0.0,0.0,-3.160540269497858,-4.740810432224407,0.0,-16.139244150892296,0.0,0.0,0.0,0.0,0.0,0.0,-8.374832500379625,-9.322805441414062,0.0,0.0,-23.318811653183502
13.768844221105528,-1.069087346428077,0.0,-0.2506171670191293,0.0,0.0,0.0,0.0,0.0,0.0,0.0,4.741467956037582,-10.438906247856039,18.96587181171583,0.0,0.0,0.0,0.0,0.0,0.0,0.0,3.3105397543309323,0.0,-1.0990125334231493,0.0,0.0,0.0,0.0,0.0,0.0,0.0,0.0,-0.011820825105215982,0.0,1.0223063664303174,0.0,0.0,0.0,0.0,0.0,0.0,0.0,-4.143673251633118,-9.49553627371813,0.0,-8.950780342686926,0.0,0.0,0.0,0.0,0.0,0.0,0.0,0.0,6.453758706115309,21.487791750374186,-20.952902991311362,0.0,0.0,0.0,0.0,0.0,0.0,0.0,5.834713983077222,19.426682138501405,0.0,-18.831414550390946,0.0,0.0,0.0,0.0,0.0,0.0,0.0,0.0,4.082221183310253,5.442961596102691,-13.00031888362696,0.0,0.0,0.0,0.0,0.0,0.0,0.0,-3.049156458878599,-4.573734660340278,0.0,-15.615333165186485,0.0,0.0,0.0,0.0,0.0,0.0,-8.572424896158282,-9.48193204663994,0.0,0.0,-22.48066137688909
13.869346733668342,-0.8491106063268639,0.0,-0.22762082069194278,0.0,0.0,0.0,0.0,0.0,0.0,0.0,4.301630893266406,-9.582461304447065,17.20652355885477,0.0,0.0,0.0,0.0,0.0,0.0,0.0,2.9585769700801734,0.0,-1.1358066869249228,0.0,0.0,0.0,0.0,0.0,0.0,0.0,0.0,-0.014334092288126321,0.0,2.779141350699871,0.0,0.0,0.0,0.0,0.0,0.0,0.0,-4.068709252180724,-9.46513709898511,0.0,-10.18527879459441,0.0,0.0,0.0,0.0,0.0,0.0,0.0,0.0,7.447051274311889,22.567979755194756,-22.122091728249416,0.0,0.0,0.0,0.0,0.0,0.0,0.0,6.770467864569696,20.5176218166514,0.0,-20.022257356089312,0.0,0.0,0.0,0.0,0.0,0.0,0.0,0.0,4.328234111561358,5.770978832586593,-13.880672047328346,0.0,0.0,0.0,0.0,0.0,0.0,0.0,-2.938569982902095,-4.407855000110317,0.0,-15.052290054384798,0.0,0.0,0.0,0.0,0.0,0.0,-8.680842665143018,-9.54833282307277,0.0,0.0,-21.575147378882775
13.969849246231156,-0.6473273411189417,0.0,-0.211165008867642,0.0,0.0,0.0,0.0,0.0,0.0,0.0,3.895804181475171,-8.782743335267185,15.583216709913472,0.0,0.0,0.0,0.0,0.0,0.0,0.0,2.6357237459251337,0.0,-1.1621359856661684,0.0,0.0,0.0,0.0,0.0,0.0,0.0,0.0,-0.020600011453597578,0.0,4.396182281235506,0.0,0.0,0.0,0.0,0.0,0.0,0.0,-3.893466679727453,-9.207753294049326,0.0,-11.20211853500308,0.0,0.0,0.0,0.0,0.0,0.0,0.0,0.0,8.321963852253589,23.480762004979283,-23.125841039473016,0.0,0.0,0.0,0.0,0.0,0.0,0.0,7.599383165413087,21.441970986302294,0.0,-21.049518577953563,0.0,0.0,0.0,0.0,0.0,0.0,0.0,0.0,4.550586854890071,6.067449130675584,-14.721055074495837,0.0,0.0,0.0,0.0,0.0,0.0,0.0,-2.8392646740371674,-4.258897035924747,0.0,-14.517953895065716,0.0,0.0,0.0,0.0,0.0,0.0,-8.711724195364923,-9.540070876390416,0.0,0.0,-20.705118556563207
14.07035175879397,-0.4643003952142788,0.0,-0.19972386627875593,0.0,0.0,0.0,0.0,0.0,0.0,0.0,3.5256413744022552,-8.045641040510532,14.102565487839058,0.0,0.0,0.0,0.0,0.0,0.0,0.0,2.3428806321668105,0.0,-1.1804418140748396,0.0,0.0,0.0,0.0,0.0,0.0,0.0,0.0,-0.03458611748385909,0.0,5.862847396717608,0.0,0.0,0.0,0.0,0.0,0.0,0.0,-3.652337213111423,-8.793845312382587,0.0,-12.007580843409471,0.0,0.0,0.0,0.0,0.0,0.0,0.0,0.0,9.057388570710145,24.221236159860382,-23.93961461777394,0.0,0.0,0.0,0.0,0.0,0.0,0.0,8.298486144475703,22.191782002245475,0.0,-21.88281092774247,0.0,0.0,0.0,0.0,0.0,0.0,0.0,0.0,4.735835444691361,6.314447278832347,-15.437524168326888,0.0,0.0,0.0,0.0,0.0,0.0,0.0,-2.7555362045461607,-4.133304257969428,0.0,-14.051180636354133,0.0,0.0,0.0,0.0,0.0,0.0,-8.693396218895089,-9.488413506453242,0.0,0.0,-19.933370309921372
14.170854271356784,-0.2996441652858284,0.0,-0.19223087320552334,0.0,0.0,0.0,0.0,0.0,0.0,0.0,3.1907592337176993,-7.372230390600976,12.763036925989013,0.0,0.0,0.0,0.0,0.0,0.0,0.0,2.0794306645477434,0.0,-1.192430603147443,0.0,0.0,0.0,0.0,0.0,0.0,0.0,0.0,-0.06683321587819258,0.0,7.170128860034541,0.0,0.0,0.0,0.0,0.0,0.0,0.0,-3.3762975686357777,-8.289155507767987,0.0,-12.637372144297387,0.0,0.0,0.0,0.0,0.0,0.0,0.0,0.0,9.66148798742239,24.818279131366694,-24.58451152165253,0.0,0.0,0.0,0.0,0.0,0.0,0.0,8.87387395209771,22.79506852431723,0.0,-22.54214277375155,0.0,0.0,0.0,0.0,0.0,0.0,0.0,0.0,4.883863049975901,6.51181734223627,-16.01216475233258,0.0,0.0,0.0,0.0,0.0,0.0,0.0,-2.6872570169089727,-4.030885549344276,0.0,-13.662927888624665,0.0,0.0,0.0,0.0,0.0,0.0,-8.650778663188419,-9.418591575993673,0.0,0.0,-19.28030172759776
14.271356783919598,-0.1524202171074296,0.0,-0.18793975273267982,0.0,0.0,0.0,0.0,0.0,0.0,0.0,2.8895752643975925,-6.760681444006877,11.558301066472154,0.0,0.0,0.0,0.0,0.0,0.0,0.0,1.8438723468072737,0.0,-1.199296395970606,0.0,0.0,0.0,0.0,0.0,0.0,0.0,0.0,-0.14636706602288996,0.0,8.295330869212414,0.0,0.0,0.0,0.0,0.0,0.0,0.0,-3.0881530403981117,-7.743226358769562,0.0,-13.129112072185478,0.0,0.0,0.0,0.0,0.0,0.0,0.0,0.0,10.154097282111252,25.317135492919363,-25.09537667005901,0.0,0.0,0.0,0.0,0.0,0.0,0.0,9.343688344820578,23.296548896212244,0.0,-23.063056447725216,0.0,0.0,0.0,0.0,0.0,0.0,0.0,0.0,5.0008602165974025,6.667813622573959,-16.46236140340207,0.0,0.0,0.0,0.0,0.0,0.0,0.0,-2.632185965634193,-3.9482789717659728,0.0,-13.347849471490036,0.0,0.0,0.0,0.0,0.0,0.0,-8.599837348910455,-9.34572960886726,0.0,0.0,-18.740099427816403
14.371859296482413,-0.021394985264336364,0.0,-0.1863295866540854,0.0,0.0,0.0,0.0,0.0,0.0,0.0,2.6198540696853456,-6.207507742495011,10.479416270747777,0.0,0.0,0.0,0.0,0.0,0.0,0.0,1.6342319764106605,0.0,-1.2018726618379105,0.0,0.0,0.0,0.0,0.0,0.0,0.0,0.0,-0.35708709322790355,0.0,9.163495637620755,0.0,0.0,0.0,0.0,0.0,0.0,0.0,-2.8030715926163907,-7.189812570196352,0.0,-13.513924618901996,0.0,0.0,0.0,0.0,0.0,0.0,0.0,0.0,10.559898422801695,25.78980277556653,-25.50952379554161,0.0,0.0,0.0,0.0,0.0,0.0,0.0,9.731218737929481,23.765968379496627,0.0,-23.48342003344328,0.0,0.0,0.0,0.0,0.0,0.0,0.0,0.0,5.095072503458198,6.793430024742975,-16.815691279870038,0.0,0.0,0.0,0.0,0.0,0.0,0.0,-2.587210456539424,-3.880815639067947,0.0,-13.094390062473593,0.0,0.0,0.0,0.0,0.0,0.0,-8.549635559518265,-9.277695330656144,0.0,0.0,-18.295089108111284
14.472361809045227,0.09479512725479866,0.0,-0.18704026871069201,0.0,0.0,0.0,0.0,0.0,0.0,0.0,2.3790580270244277,-5.708373345569839,9.516232107209532,0.0,0.0,0.0,0.0,0.0,0.0,0.0,1.4483277963606156,0.0,-1.2007355700838218,0.0,0.0,0.0,0.0,0.0,0.0,0.0,0.0,-0.9475789060076067,0.0,9.536187988601341,0.0,0.0,0.0,0.0,0.0,0.0,0.0,-2.5304529787106844,-6.6505324949339695,0.0,-13.815892830226773,0.0,0.0,0.0,0.0,0.0,0.0,0.0,0.0,10.912580896693669,26.394552107955604,-25.873386262365017,0.0,0.0,0.0,0.0,0.0,0.0,0.0,10.068790702089103,24.3536541320033,0.0,-23.848794566738718,0.0,0.0,0.0,0.0,0.0,0.0,0.0,0.0,5.177054617000465,6.902739428049642,-17.101364121252516,0.0,0.0,0.0,0.0,0.0,0.0,0.0,-2.548113484435177,-3.822170249190293,0.0,-12.889770290014368,0.0,0.0,0.0,0.0,0.0,0.0,-8.505737782105172,-9.218540137911901,0.0,0.0,-17.920604971521925
14.57286432160804,0.19754006601313545,0.0,-0.189828492536126,0.0,0.0,0.0,0.0,0.0,0.0,0.0,2.164568256191046,-5.258605795255278,8.65827302209965,0.0,0.0,0.0,0.0,0.0,0.0,0.0,1.2839358944916057,0.0,-1.196274411752185,0.0,0.0,0.0,0.0,0.0,0.0,0.0,0.0,-2.614896191133198,0.0,8.726829783256562,0.0,0.0,0.0,0.0,0.0,0.0,0.0,-2.275667741802323,-6.138422522283804,0.0,-14.053438826433506,0.0,0.0,0.0,0.0,0.0,0.0,0.0,0.0,11.274933151561584,27.54521464254367,-26.275665661046332,0.0,0.0,0.0,0.0,0.0,0.0,0.0,10.417372959814486,25.45015303567766,0.0,-24.243690391223538,0.0,0.0,0.0,0.0,0.0,0.0,0.0,0.0,5.26575711745636,7.0210095106659764,-17.357541180818004,0.0,0.0,0.0,0.0,0.0,0.0,0.0,-2.507183694433479,-3.76077556341059,0.0,-12.719829184160147,0.0,0.0,0.0,0.0,0.0,0.0,-8.472092321021307,-9.169516602902661,0.0,0.0,-17.576884689063377
14.673366834170855,0.28819288115655706,0.0,-0.19453760154164446,0.0,0.0,0.0,0.0,0.0,0.0,0.0,1.9738199772412202,-4.853514832703354,7.895279908076702,0.0,0.0,0.0,0.0,0.0,0.0,0.0,1.1388913900844955,0.0,-1.1887398374543778,0.0,0.0,0.0,0.0,0.0,0.0,0.0,0.0,-6.804503591695266,0.0,5.300215505599226,0.0,0.0,0.0,0.0,0.0,0.0,0.0,-2.041372051175827,-5.660663999318416,0.0,-14.240717446156737,0.0,0.0,0.0,0.0,0.0,0.0,0.0,0.0,11.774962191068994,30.16592464355483,-26.94129373992382,0.0,0.0,0.0,0.0,0.0,0.0,0.0,10.902560648062831,27.93094513720007,0.0,-24.885318222089836,0.0,0.0,0.0,0.0,0.0,0.0,0.0,0.0,5.403073270571213,7.204097630442163,-17.67120061035854,0.0,0.0,0.0,0.0,0.0,0.0,0.0,-2.447638919100825,-3.6714583355745845,0.0,-12.554053259616893,0.0,0.0,0.0,0.0,0.0,0.0,-8.438269862409697,-9.113483677936074,0.0,0.0,-17.16922112926511
14.773869346733669,0.36803295291876204,0.0,-0.201076831352065,0.0,0.0,0.0,0.0,0.0,0.0,0.0,1.8043818688084912,-4.488583455586337,7.217527473901697,0.0,0.0,0.0,0.0,0.0,0.0,0.0,1.0111472754648076,0.0,-1.1782770696910916,0.0,0.0,0.0,0.0,0.0,0.0,0.0,0.0,-14.17196811814847,0.0,-1.3894965960048467,0.0,0.0,0.0,0.0,0.0,0.0,0.0,-1.8284417666603048,-5.220536716032953,0.0,-14.388674094201193,0.0,0.0,0.0,0.0,0.0,0.0,0.0,0.0,12.547877190627332,35.05924258817572,-28.284378810639055,0.0,0.0,0.0,0.0,0.0,0.0,0.0,11.660836083393633,32.58081624224474,0.0,-26.196520973797988,0.0,0.0,0.0,0.0,0.0,0.0,0.0,0.0,5.655713154695263,7.540950916151701,-18.28326726638352,0.0,0.0,0.0,0.0,0.0,0.0,0.0,-2.343360361756197,-3.5150405635064885,0.0,-12.276897601637415,0.0,0.0,0.0,0.0,0.0,0.0,-8.302563413664643,-8.934140293348491,0.0,0.0,-16.43738799828043
14.874371859296483,0.4382464203755987,0.0,-0.2094069644076324,0.0,0.0,0.0,0.0,0.0,0.0,0.0,1.653998944028956,-4.159575492934664,6.615995774339467,0.0,0.0,0.0,0.0,0.0,0.0,0.0,0.8988057271785976,0.0,-1.1649488569354105,0.0,0.0,0.0,0.0,0.0,0.0,0.0,0.0,-21.3915809865739,0.0,-8.00757775110128,0.0,0.0,0.0,0.0,0.0,0.0,0.0,-1.6366215757068758,-4.818786134452857,0.0,-14.505811872012053,0.0,0.0,0.0,0.0,0.0,0.0,0.0,0.0,13.424048656673904,40.574308780350066,-30.194292222063268,0.0,0.0,0.0,0.0,0.0,0.0,0.0,12.531677537452879,37.87710897285024,0.0,-28.110329044039872,0.0,0.0,0.0,0.0,0.0,0.0,0.0,0.0,6.019915065991199,8.026553373952083,-19.447114441462077,0.0,0.0,0.0,0.0,0.0,0.0,0.0,-2.1936596619198667,-3.2904895128638145,0.0,-11.682893505060576,0.0,0.0,0.0,0.0,0.0,0.0,-7.8617532359714914,-8.42158262059911,0.0,0.0,-15.033125752239584
14.974874371859297,0.4999176724251875,0.0,-0.2195304084073868,0.0,0.0,0.0,0.0,0.0,0.0,0.0,1.520611955019291,-3.8625891005672486,6.0824478196330745,0.0,0.0,0.0,0.0,0.0,0.0,0.0,0.8001317239880734,0.0,-1.1487513464913945,0.0,0.0,0.0,0.0,0.0,0.0,0.0,0.0,-25.59868953611044,0.0,-11.681138365915444,0.0,0.0,0.0,0.0,0.0,0.0,0.0,-1.4649702871905035,-4.4545691697539525,0.0,-14.598755489148019,0.0,0.0,0.0,0.0,0.0,0.0,0.0,0.0,14.054162582155527,44.264578422215095,-31.695500629425055,0.0,0.0,0.0,0.0,0.0,0.0,0.0,13.164369017104605,41.46211069944172,0.0,-29.64563425322808,0.0,0.0,0.0,0.0,0.0,0.0,0.0,0.0,6.3482627101763,8.464350329973058,-20.74325434797686,0.0,0.0,0.0,0.0,0.0,0.0,0.0,-2.047668579585604,-3.071502887586064,0.0,-10.86097256663976,0.0,0.0,0.0,0.0,0.0,0.0,-7.210952086111888,-7.698347911144765,0.0,0.0,-13.233360807163308
15.075376884422111,0.554027828503223,0.0,-0.231484364399126,0.0,0.0,0.0,0.0,0.0,0.0,0.0,1.4023619416825284,-3.594075716595313,5.609447765841935,0.0,0.0,0.0,0.0,0.0,0.0,0.0,0.7135554742632166,0.0,-1.1296250170822475,0.0,0.0,0.0,0.0,0.0,0.0,0.0,0.0,-27.68901678162905,0.0,-13.298465558975181,0.0,0.0,0.0,0.0,0.0,0.0,0.0,-1.3121619820699593,-4.126100609957994,0.0,-14.672675204607799,0.0,0.0,0.0,0.0,0.0,0.0,0.0,0.0,14.417997534543758,46.23739064513188,-32.51636610013264,0.0,0.0,0.0,0.0,0.0,0.0,0.0,13.529736288653282,43.388806182598216,0.0,-30.4910522919144,0.0,0.0,0.0,0.0,0.0,0.0,0.0,0.0,6.551362392137605,8.735149907401762,-21.612610948018585,0.0,0.0,0.0,0.0,0.0,0.0,0.0,-1.9414331537959129,-2.912149696499,0.0,-10.144965690628283,0.0,0.0,0.0,0.0,0.0,0.0,-6.648390488805944,-7.0848740847395675,0.0,0.0,-11.716999656741223
15.175879396984925,0.6014575110180331,0.0,-0.24533618175892613,0.0,0.0,0.0,0.0,0.0,0.0,0.0,1.2975856618080428,-3.350837509019655,5.190342646343993,0.0,0.0,0.0,0.0,0.0,0.0,0.0,0.6376679823061338,0.0,-1.1074621091289316,0.0,0.0,0.0,0.0,0.0,0.0,0.0,0.0,-28.917999089550506,0.0,-14.108342695884346,0.0,0.0,0.0,0.0,0.0,0.0,0.0,-1.176686840353991,-3.831089590955461,0.0,-14.731610916807192,0.0,0.0,0.0,0.0,0.0,0.0,0.0,0.0,14.644944054342801,47.41215255688047,-32.97049307526834,0.0,0.0,0.0,0.0,0.0,0.0,0.0,13.755951109750697,44.53408972882045,0.0,-30.95581459300334,0.0,0.0,0.0,0.0,0.0,0.0,0.0,0.0,6.664640900932994,8.886187894407982,-22.08615558396687,0.0,0.0,0.0,0.0,0.0,0.0,0.0,-1.8723498840245156,-2.8085247922859935,0.0,-9.655383898188319,0.0,0.0,0.0,0.0,0.0,0.0,-6.256737791865419,-6.661086127124349,0.0,0.0,-10.685996903347927
15.27638190954774,0.6429921216577483,0.0,-0.2611802865648549,0.0,0.0,0.0,0.0,0.0,0.0,0.0,1.2048056996505352,-3.130011998697668,4.819222798380096,0.0,0.0,0.0,0.0,0.0,0.0,0.0,0.5712126054380207,0.0,-1.0821115415948768,0.0,0.0,0.0,0.0,0.0,0.0,0.0,0.0,-29.820535658586778,0.0,-14.639759468693114,0.0,0.0,0.0,0.0,0.0,0.0,0.0,-1.0569814991590043,-3.5670286220867986,0.0,-14.778722358221863,0.0,0.0,0.0,0.0,0.0,0.0,0.0,0.0,14.811007885029426,48.26860430773294,-33.27623208049246,0.0,0.0,0.0,0.0,0.0,0.0,0.0,13.920497543118415,45.366459749285326,0.0,-31.265828766002812,0.0,0.0,0.0,0.0,0.0,0.0,0.0,0.0,6.736279913877041,8.981706604682671,-22.365188771633626,0.0,0.0,0.0,0.0,0.0,0.0,0.0,-1.826597805010266,-2.739896723724655,0.0,-9.339723093360064,0.0,0.0,0.0,0.0,0.0,0.0,-5.987187339684397,-6.37019458693544,0.0,0.0,-10.008453749321689
15.376884422110553,0.6793284428319168,0.0,-0.27913625505471273,0.0,0.0,0.0,0.0,0.0,0.0,0.0,1.1227177774131292,-2.9290496252887266,4.490871109430472,0.0,0.0,0.0,0.0,0.0,0.0,0.0,0.5130744914483287,0.0,-1.0533819919666954,0.0,0.0,0.0,0.0,0.0,0.0,0.0,0.0,-30.56788849953307,0.0,-15.05876056562272,0.0,0.0,0.0,0.0,0.0,0.0,0.0,-0.9515118137848333,-3.3313812628499306,0.0,-14.81648320084128,0.0,0.0,0.0,0.0,0.0,0.0,0.0,0.0,14.944892875234927,48.97333732545306,-33.51599353695889,0.0,0.0,0.0,0.0,0.0,0.0,0.0,14.05286966615904,46.05024141879355,0.0,-31.507685028575594,0.0,0.0,0.0,0.0,0.0,0.0,0.0,0.0,6.789726488376502,9.052968570788522,-22.562285127314397,0.0,0.0,0.0,0.0,0.0,0.0,0.0,-1.7939139818068384,-2.6908709407358344,0.0,-9.126623125910172,0.0,0.0,0.0,0.0,0.0,0.0,-5.787652269440002,-6.155030700671915,0.0,0.0,-9.533867987521205
15.477386934673367,0.7110817915600975,0.0,-0.299347738319522,0.0,0.0,0.0,0.0,0.0,0.0,0.0,1.0501769132087446,-2.745688083116704,4.200707654167246,0.0,0.0,0.0,0.0,0.0,0.0,0.0,0.46226913352764853,0.0,-1.021043618765205,0.0,0.0,0.0,0.0,0.0,0.0,0.0,0.0,-31.213911701133412,0.0,-15.414620339715412,0.0,0.0,0.0,0.0,0.0,0.0,0.0,-0.8588227957406769,-3.1216996998761903,0.0,-14.846831975556807,0.0,0.0,0.0,0.0,0.0,0.0,0.0,0.0,15.057119280514897,49.58036980329261,-33.71699548160301,0.0,0.0,0.0,0.0,0.0,0.0,0.0,14.163803828681765,46.638843742785596,0.0,-31.71003633339886,0.0,0.0,0.0,0.0,0.0,0.0,0.0,0.0,6.833551817297945,9.111402557993031,-22.71989998936519,0.0,0.0,0.0,0.0,0.0,0.0,0.0,-1.768686691994148,-2.6530300536453666,0.0,-8.970470951830123,0.0,0.0,0.0,0.0,0.0,0.0,-5.628044775995988,-5.983007330900847,0.0,0.0,-9.171483794645496
15.577889447236181,0.7387932242641781,0.0,-0.321982022488676,0.0,0.0,0.0,0.0,0.0,0.0,0.0,0.9861835115199113,-2.577925919844404,3.9447340454135116,0.0,0.0,0.0,0.0,0.0,0.0,0.0,0.41793084115671064,0.0,-0.9848287642055809,0.0,0.0,0.0,0.0,0.0,0.0,0.0,0.0,-31.779237578355435,0.0,-15.723972635495187,0.0,0.0,0.0,0.0,0.0,0.0,0.0,-0.7775668332543617,-2.935695664646465,0.0,-14.871289535867138,0.0,0.0,0.0,0.0,0.0,0.0,0.0,0.0,15.152467352175236,50.11038254676414,-33.889370556483556,0.0,0.0,0.0,0.0,0.0,0.0,0.0,14.258096878272397,47.1526301519809,0.0,-31.88344488247452,0.0,0.0,0.0,0.0,0.0,0.0,0.0,0.0,6.870841138040262,9.161121517387016,-22.8527879984064,0.0,0.0,0.0,0.0,0.0,0.0,0.0,-1.7481198822943966,-2.6221798390402284,0.0,-8.847457651395274,0.0,0.0,0.0,0.0,0.0,0.0,-5.493604126272089,-5.83820256494505,0.0,0.0,-8.87577595154454
15.678391959798995,0.7629364709993425,0.0,-0.3472300690310348,0.0,0.0,0.0,0.0,0.0,0.0,0.0,0.9298700542892391,-2.423997031320013,3.7194802169349117,0.0,0.0,0.0,0.0,0.0,0.0,0.0,0.3793016464803678,0.0,-0.9444318895268644,0.0,0.0,0.0,0.0,0.0,0.0,0.0,0.0,-32.27504036251716,0.0,-15.994521620044111,0.0,0.0,0.0,0.0,0.0,0.0,0.0,-0.7065174639775407,-2.7712800241830315,0.0,-14.891050419379992,0.0,0.0,0.0,0.0,0.0,0.0,0.0,0.0,15.233846921036687,50.574412046922035,-34.038213091669434,0.0,0.0,0.0,0.0,0.0,0.0,0.0,14.338626431076307,47.6023951840876,0.0,-32.033138521292415,0.0,0.0,0.0,0.0,0.0,0.0,0.0,0.0,6.90295283578557,9.203937059831802,-22.96686574876361,0.0,0.0,0.0,0.0,0.0,0.0,0.0,-1.7308127383541816,-2.5962190614015057,0.0,-8.745821109101826,0.0,0.0,0.0,0.0,0.0,0.0,-5.377244855164776,-5.712968747406677,0.0,0.0,-8.624835877490966
15.77889447236181,0.7839243929552708,0.0,-0.37530691709974917,0.0,0.0,0.0,0.0,0.0,0.0,0.0,0.8804888573799019,-2.282347083881753,3.521955429297563,0.0,0.0,0.0,0.0,0.0,0.0,0.0,0.3457209712398601,0.0,-0.8995089326169214,0.0,0.0,0.0,0.0,0.0,0.0,0.0,0.0,-32.709277888010035,0.0,-16.231234358343727,0.0,0.0,0.0,0.0,0.0,0.0,0.0,-0.6445741199401223,-2.626582115000664,0.0,-14.907053979801299,0.0,0.0,0.0,0.0,0.0,0.0,0.0,0.0,15.303394246712898,50.98024476191121,-34.166924774980956,0.0,0.0,0.0,0.0,0.0,0.0,0.0,14.407491958357,47.99572268776586,0.0,-32.16257264515576,0.0,0.0,0.0,0.0,0.0,0.0,0.0,0.0,6.930695713225354,9.24092756304784,-23.0653287017768,0.0,0.0,0.0,0.0,0.0,0.0,0.0,-1.7160108081171188,-2.5740162273857337,0.0,-8.659585533643543,0.0,0.0,0.0,0.0,0.0,0.0,-5.27531887062338,-5.603354493510793,0.0,0.0,-8.407609380922665
15.879396984924623,0.8021148568682079,0.0,-0.40645233578828766,0.0,0.0,0.0,0.0,0.0,0.0,0.0,0.8374010913581031,-2.1516124567577677,3.3496043649883234,0.0,0.0,0.0,0.0,0.0,0.0,0.0,0.3166162289569563,0.0,-0.849676262626442,0.0,0.0,0.0,0.0,0.0,0.0,0.0,0.0,-33.0883208352617,0.0,-16.437926183332507,0.0,0.0,0.0,0.0,0.0,0.0,0.0,-0.5907614757660884,-2.4999567096173347,0.0,-14.920039799776186,0.0,0.0,0.0,0.0,0.0,0.0,0.0,0.0,15.362799795637372,51.33410819258,-34.278133076881545,0.0,0.0,0.0,0.0,0.0,0.0,0.0,14.466351876851746,48.338667578473604,0.0,-32.27440262554282,0.0,0.0,0.0,0.0,0.0,0.0,0.0,0.0,6.954658696711746,9.272878317090338,-23.150382685410698,0.0,0.0,0.0,0.0,0.0,0.0,0.0,-1.7032601029587369,-2.5548901695371384,0.0,-8.585439913555426,0.0,0.0,0.0,0.0,0.0,0.0,-5.185683717323641,-5.50702908985734,0.0,0.0,-8.217871232840679
15.979899497487438,0.8178158829030835,0.0,-0.44093166340353207,0.0,0.0,0.0,0.0,0.0,0.0,0.0,0.8000673610286668,-2.030602311187124,3.200269443670578,0.0,0.0,0.0,0.0,0.0,0.0,0.0,0.29149458757871116,0.0,-0.7945093383754376,0.0,0.0,0.0,0.0,0.0,0.0,0.0,0.0,-33.417434780913524,0.0,-16.6177052072225,0.0,0.0,0.0,0.0,0.0,0.0,0.0,-0.5442255933407747,-2.389984037551307,0.0,-14.930590240103125,0.0,0.0,0.0,0.0,0.0,0.0,0.0,0.0,15.413430484056967,51.641155904724734,-34.37395981531477,0.0,0.0,0.0,0.0,0.0,0.0,0.0,14.5165473882658,48.63623887296775,0.0,-32.370770519429826,0.0,0.0,0.0,0.0,0.0,0.0,0.0,0.0,6.975309578494127,9.30041279889604,-23.223747417255858,0.0,0.0,0.0,0.0,0.0,0.0,0.0,-1.6922545996722604,-2.5383819144408903,0.0,-8.521322505283813,0.0,0.0,0.0,0.0,0.0,0.0,-5.106887683847816,-5.4224090422216875,0.0,0.0,-8.051611052550811
16.080402010050253,0.8312900927620603,0.0,-0.47903670497007056,0.0,0.0,0.0,0.0,0.0,0.0,0.0,0.7680397833276231,-1.9182837985853851,3.072159132311292,0.0,0.0,0.0,0.0,0.0,0.0,0.0,0.2699358514768324,0.0,-0.7335412720577139,0.0,0.0,0.0,0.0,0.0,0.0,0.0,0.0,-33.70097448285314,0.0,-16.773134657865896,0.0,0.0,0.0,0.0,0.0,0.0,0.0,-0.5042288989814958,-2.295466096050025,0.0,-14.93916463339573,0.0,0.0,0.0,0.0,0.0,0.0,0.0,0.0,15.45639309996627,51.90565856394436,-34.45613396735325,0.0,0.0,0.0,0.0,0.0,0.0,0.0,14.559165166017074,48.89258775941929,0.0,-32.45342183255673,0.0,0.0,0.0,0.0,0.0,0.0,0.0,0.0,6.993028233592824,9.324037561930787,-23.286816564160873,0.0,0.0,0.0,0.0,0.0,0.0,0.0,-1.682769507127535,-2.524154260663547,0.0,-8.465799750667635,0.0,0.0,0.0,0.0,0.0,0.0,-5.037835613563857,-5.348298909302329,0.0,0.0,-7.905932515983594
16.180904522613066,0.8427583521042337,0.0,-0.5210866016458482,0.0,0.0,0.0,0.0,0.0,0.0,0.0,0.7409557380988474,-1.8137707586962648,2.9638229520623227,0.0,0.0,0.0,0.0,0.0,0.0,0.0,0.2515866364960484,0.0,-0.6662614371877318,0.0,0.0,0.0,0.0,0.0,0.0,0.0,0.0,-33.9424906155017,0.0,-16.906314610265483,0.0,0.0,0.0,0.0,0.0,0.0,0.0,-0.47014498479047706,-2.215422083673424,0.0,-14.946124404405237,0.0,0.0,0.0,0.0,0.0,0.0,0.0,0.0,15.492579472531354,52.13111670010484,-34.52606516818335,0.0,0.0,0.0,0.0,0.0,0.0,0.0,14.595081113011332,49.111116589894976,0.0,-32.52377856999278,0.0,0.0,0.0,0.0,0.0,0.0,0.0,0.0,7.008122440144149,9.344163198199418,-23.34071772297497,0.0,0.0,0.0,0.0,0.0,0.0,0.0,-1.6746312963555887,-2.5119469147516504,0.0,-8.417797125515047,0.0,0.0,0.0,0.0,0.0,0.0,-4.977652949600397,-5.2837447929166,0.0,0.0,-7.778592534868345
16.28140703517588,0.8524025291167803,0.0,-0.5674285372680998,0.0,0.0,0.0,0.0,0.0,0.0,0.0,0.7185333973924735,-1.716316169797505,2.8741335901805165,0.0,0.0,0.0,0.0,0.0,0.0,0.0,0.23615595329262717,0.0,-0.5921143403642137,0.0,0.0,0.0,0.0,0.0,0.0,0.0,0.0,-34.14480138863585,0.0,-17.01893602212845,0.0,0.0,0.0,0.0,0.0,0.0,0.0,-0.44145415885321615,-2.1490852802202864,0.0,-14.95175308793839,0.0,0.0,0.0,0.0,0.0,0.0,0.0,0.0,15.522697645597994,52.32032630986261,-34.58488255125847,0.0,0.0,0.0,0.0,0.0,0.0,0.0,14.62499117499405,49.29454454549731,0.0,-32.58298101982415,0.0,0.0,0.0,0.0,0.0,0.0,0.0,0.0,7.020840220917091,9.361120211381913,-23.386364421229544,0.0,0.0,0.0,0.0,0.0,0.0,0.0,-1.6677028654155102,-2.501554268508066,0.0,-8.376471248405792,0.0,0.0,0.0,0.0,0.0,0.0,-4.92562572484978,-5.227968904786273,0.0,0.0,-7.667784504006292
16.381909547738694,0.8603672303486576,0.0,-0.6184381622365009,0.0,0.0,0.0,0.0,0.0,0.0,0.0,0.7005692626016469,-1.6253088105933067,2.8022770511837436,0.0,0.0,0.0,0.0,0.0,0.0,0.0,0.22341243124945898,0.0,-0.5104989404813853,0.0,0.0,0.0,0.0,0.0,0.0,0.0,0.0,-34.310040586404966,0.0,-17.112318619783018,0.0,0.0,0.0,0.0,0.0,0.0,0.0,-0.4177413430589416,-2.095903038915048,0.0,-14.956272642183134,0.0,0.0,0.0,0.0,0.0,0.0,0.0,0.0,15.547297538220928,52.47542924380344,-34.633465774758236,0.0,0.0,0.0,0.0,0.0,0.0,0.0,14.649436020197637,49.444956041255764,0.0,-32.63191824015577,0.0,0.0,0.0,0.0,0.0,0.0,0.0,0.0,7.031374902266574,9.375166591885087,-23.42447786096713,0.0,0.0,0.0,0.0,0.0,0.0,0.0,-1.6618760938502675,-2.4928140965330137,0.0,-8.341148118207187,0.0,0.0,0.0,0.0,0.0,0.0,-4.881173937709704,-5.18034028285097,0.0,0.0,-7.572036689551531
16.48241206030151,0.8667605568835057,0.0,-0.6745193532609051,0.0,0.0,0.0,0.0,0.0,0.0,0.0,0.686937465049775,-1.540273734640385,2.7477498598382777,0.0,0.0,0.0,0.0,0.0,0.0,0.0,0.21318310870765966,0.0,-0.4207690348506654,0.0,0.0,0.0,0.0,0.0,0.0,0.0,0.0,-34.43968337935033,0.0,-17.187434282583958,0.0,0.0,0.0,0.0,0.0,0.0,0.0,-0.3986956138291031,-2.0555395790176902,0.0,-14.959853460321666,0.0,0.0,0.0,0.0,0.0,0.0,0.0,0.0,15.56678825309632,52.59794935535967,-34.67247702321208,0.0,0.0,0.0,0.0,0.0,0.0,0.0,14.668818236474035,49.563837200117256,0.0,-32.67126161388134,0.0,0.0,0.0,0.0,0.0,0.0,0.0,0.0,7.039874634323651,9.386499567998197,-23.45562252328848,0.0,0.0,0.0,0.0,0.0,0.0,0.0,-1.6570671944604598,-2.485600806401145,0.0,-8.311290519008585,0.0,0.0,0.0,0.0,0.0,0.0,-4.843838404156031,-5.14036004084506,0.0,0.0,-7.490159619427672
16.582914572864322,0.8716534185548852,0.0,-0.7361031280073149,0.0,0.0,0.0,0.0,0.0,0.0,0.0,0.6775915921408693,-1.4608779154434703,2.7103663695071667,0.0,0.0,0.0,0.0,0.0,0.0,0.0,0.20535453031100825,0.0,-0.322234995103754,0.0,0.0,0.0,0.0,0.0,0.0,0.0,0.0,-34.53455447310905,0.0,-17.244921886094833,0.0,0.0,0.0,0.0,0.0,0.0,0.0,-0.3841135675121399,-2.027885044098704,0.0,-14.962624218007454,0.0,0.0,0.0,0.0,0.0,0.0,0.0,0.0,15.581450739654557,52.688801129269216,-34.70237125505204,0.0,0.0,0.0,0.0,0.0,0.0,0.0,14.683413993105132,49.652082640377905,0.0,-32.7014729261943,0.0,0.0,0.0,0.0,0.0,0.0,0.0,0.0,7.046440554769884,9.395254128657937,-23.480196270575515,0.0,0.0,0.0,0.0,0.0,0.0,0.0,-1.6532143471137406,-2.479821520656733,0.0,-8.286477921698454,0.0,0.0,0.0,0.0,0.0,0.0,-4.813275315873611,-5.107654938329986,0.0,0.0,-7.42121389057937
16.683417085427138,0.8750771485210862,0.0,-0.8036452197046628,0.0,0.0,0.0,0.0,0.0,0.0,0.0,0.6725692504455649,-1.3869413754835636,2.690277001490826,0.0,0.0,0.0,0.0,0.0,0.0,0.0,0.19987656235676,0.0,-0.21416764834497615,0.0,0.0,0.0,0.0,0.0,0.0,0.0,0.0,-34.59481061846015,0.0,-17.28508866352674,0.0,0.0,0.0,0.0,0.0,0.0,0.0,-0.3739074501529077,-2.013071636218153,0.0,-14.96467713820414,0.0,0.0,0.0,0.0,0.0,0.0,0.0,0.0,15.591442012935497,52.74828244439256,-34.723404909897674,0.0,0.0,0.0,0.0,0.0,0.0,0.0,14.693377556579401,49.709990184027,0.0,-32.72281510516284,0.0,0.0,0.0,0.0,0.0,0.0,0.0,0.0,7.051132610277899,9.40151017486679,-23.498459783652393,0.0,0.0,0.0,0.0,0.0,0.0,0.0,-1.6502760655373594,-2.475414112967922,0.0,-8.266394667375,0.0,0.0,0.0,0.0,0.0,0.0,-4.789254496762041,-5.081975426479701,0.0,0.0,-7.364493092187896
16.78391959798995,0.8770189314777355,0.0,-0.877621596506728,0.0,0.0,0.0,0.0,0.0,0.0,0.0,0.6719998604173827,-1.3184545709782336,2.687999441378097,0.0,0.0,0.0,0.0,0.0,0.0,0.0,0.19676970945681216,0.0,-0.09580544567400207,0.0,0.0,0.0,0.0,0.0,0.0,0.0,0.0,-34.619900626135795,0.0,-17.307901049645746,0.0,0.0,0.0,0.0,0.0,0.0,0.0,-0.36811941774538004,-2.011498101195386,0.0,-14.966071978415354,0.0,0.0,0.0,0.0,0.0,0.0,0.0,0.0,15.59679380182949,52.77603289170763,-34.735620847548,0.0,0.0,0.0,0.0,0.0,0.0,0.0,14.698741042352971,49.737224879317644,0.0,-32.735343096119976,0.0,0.0,0.0,0.0,0.0,0.0,0.0,0.0,7.053969773865298,9.405293087516586,-23.510548286406753,0.0,0.0,0.0,0.0,0.0,0.0,0.0,-1.648230709347387,-2.4723460786552076,0.0,-8.25081939004324,0.0,0.0,0.0,0.0,0.0,0.0,-4.771660292696156,-5.063195650523156,0.0,0.0,-7.319506193065317
16.884422110552766,0.8774143176459859,0.0,-0.9585209019835617,0.0,0.0,0.0,0.0,0.0,0.0,0.0,0.6761163724722241,-1.255602859323579,2.704465490777075,0.0,0.0,0.0,0.0,0.0,0.0,0.0,0.1961370917243077,0.0,0.03363344313819794,0.0,0.0,0.0,0.0,0.0,0.0,0.0,0.0,-34.60849620831596,0.0,-17.312962742710436,0.0,0.0,0.0,0.0,0.0,0.0,0.0,-0.3669440988234951,-2.0238653079101816,0.0,-14.966836767676178,0.0,0.0,0.0,0.0,0.0,0.0,0.0,0.0,15.597411457901611,52.77100016837927,-34.73887052760777,0.0,0.0,0.0,0.0,0.0,0.0,0.0,14.69941059013824,49.73277782797242,0.0,-32.73891336506158,0.0,0.0,0.0,0.0,0.0,0.0,0.0,0.0,7.05492385332532,9.406565193465108,-23.51642548810987,0.0,0.0,0.0,0.0,0.0,0.0,0.0,-1.6470771998303158,-2.4706158143761314,0.0,-8.239631819069448,0.0,0.0,0.0,0.0,0.0,0.0,-4.760502013159695,-5.051325589533473,0.0,0.0,-7.2860040096767165
16.984924623115578,0.8761354826081202,0.0,-1.046832478923676,0.0,0.0,0.0,0.0,0.0,0.0,0.0,0.6852724184491787,-1.1988001250573532,2.7410896734914036,0.0,0.0,0.0,0.0,0.0,0.0,0.0,0.19818322784248554,0.0,0.17493196582951676,0.0,0.0,0.0,0.0,0.0,0.0,0.0,0.0,-34.55838700189285,0.0,-17.299477718946132,0.0,0.0,0.0,0.0,0.0,0.0,0.0,-0.37076382941245156,-2.0512268416430017,0.0,-14.966966746248097,0.0,0.0,0.0,0.0,0.0,0.0,0.0,0.0,15.593051454432239,52.73132526700808,-34.73276084767218,0.0,0.0,0.0,0.0,0.0,0.0,0.0,14.695146626941824,49.69486305472781,0.0,-32.73314204327305,0.0,0.0,0.0,0.0,0.0,0.0,0.0,0.0,7.053920142968684,9.405226801609269,-23.51591952444443,0.0,0.0,0.0,0.0,0.0,0.0,0.0,-1.6468360924618703,-2.470254138691938,0.0,-8.232804593871075,0.0,0.0,0.0,0.0,0.0,0.0,-4.755921143823061,-5.046518076298745,0.0,0.0,-7.263964529510489
17.085427135678394,0.8729735652135417,0.0,-1.1430278357149604,0.0,0.0,0.0,0.0,0.0,0.0,0.0,0.6999664147744333,-1.1487330830450837,2.7998656587646664,0.0,0.0,0.0,0.0,0.0,0.0,0.0,0.20324229586810016,0.0,0.32884453743387,0.0,0.0,0.0,0.0,0.0,0.0,0.0,0.0,-34.466328101889765,0.0,-17.26619480413305,0.0,0.0,0.0,0.0,0.0,0.0,0.0,-0.3802009760408426,-2.095059197258775,0.0,-14.966419502302626,0.0,0.0,0.0,0.0,0.0,0.0,0.0,0.0,15.583297878124514,52.654216379510736,-34.71663206797149,0.0,0.0,0.0,0.0,0.0,0.0,0.0,14.685540344366865,49.62079432674349,0.0,-32.71738064350438,0.0,0.0,0.0,0.0,0.0,0.0,0.0,0.0,7.05082776208954,9.401103627126872,-23.508682273520876,0.0,0.0,0.0,0.0,0.0,0.0,0.0,-1.647552379170636,-2.4713285833866117,0.0,-8.23041392684909,0.0,0.0,0.0,0.0,0.0,0.0,-4.758210710525956,-5.049089996184142,0.0,0.0,-7.253627411551999
17.185929648241206,0.8676124769735338,0.0,-1.247532333437107,0.0,0.0,0.0,0.0,0.0,0.0,0.0,0.7208749668308201,-1.1064184426978763,2.88349986682368,0.0,0.0,0.0,0.0,0.0,0.0,0.0,0.21182003645536795,0.0,0.4960517330787617,0.0,0.0,0.0,0.0,0.0,0.0,0.0,0.0,-34.32782957957237,0.0,-17.211330429089955,0.0,0.0,0.0,0.0,0.0,0.0,0.0,-0.396195225932372,-2.1573575381197974,0.0,-14.965105840550331,0.0,0.0,0.0,0.0,0.0,0.0,0.0,0.0,15.567523254655935,52.5357639193369,-34.689509395446905,0.0,0.0,0.0,0.0,0.0,0.0,0.0,14.669974314041045,49.50680301907262,0.0,-32.69066323990933,0.0,0.0,0.0,0.0,0.0,0.0,0.0,0.0,7.045449045672836,9.393932088708201,-23.494157408932015,0.0,0.0,0.0,0.0,0.0,0.0,0.0,-1.6492996587486042,-2.4739494881159674,0.0,-8.232651585407536,0.0,0.0,0.0,0.0,0.0,0.0,-4.767840906749754,-5.059550379271638,0.0,0.0,-7.25553285679803
17.286432160804022,0.8595898428609416,0.0,-1.3606822917289207,0.0,0.0,0.0,0.0,0.0,0.0,0.0,0.7488998565730043,-1.0732775043154064,2.9955994256258833,0.0,0.0,0.0,0.0,0.0,0.0,0.0,0.2246562517127515,0.0,0.6770916674281313,0.0,0.0,0.0,0.0,0.0,0.0,0.0,0.0,-34.13686079234424,0.0,-17.132461200830562,0.0,0.0,0.0,0.0,0.0,0.0,0.0,-0.4201186059593631,-2.2407691607079228,0.0,-14.962873925015996,0.0,0.0,0.0,0.0,0.0,0.0,0.0,0.0,15.544815641366228,52.3706466754037,-34.64999378766098,0.0,0.0,0.0,0.0,0.0,0.0,0.0,14.647556372371362,49.347770802565805,0.0,-32.65162065346772,0.0,0.0,0.0,0.0,0.0,0.0,0.0,0.0,7.037507192053649,9.383342978286358,-23.471569500888023,0.0,0.0,0.0,0.0,0.0,0.0,0.0,-1.6521862066520843,-2.4782792806543608,0.0,-8.239836416235047,0.0,0.0,0.0,0.0,0.0,0.0,-4.7854932951896245,-5.078636246325097,0.0,0.0,-7.270558958771822
17.386934673366834,0.8482391486985819,0.0,-1.482660580975903,0.0,0.0,0.0,0.0,0.0,0.0,0.0,0.7852340717651174,-1.051233297189036,3.1409362845069566,0.0,0.0,0.0,0.0,0.0,0.0,0.0,0.24281736255016284,0.0,0.8722569292962667,0.0,0.0,0.0,0.0,0.0,0.0,0.0,0.0,-33.885441501180225,0.0,-17.0263788281666,0.0,0.0,0.0,0.0,0.0,0.0,0.0,-0.45394425771810853,-2.34877764610647,0.0,-14.959483268545126,0.0,0.0,0.0,0.0,0.0,0.0,0.0,0.0,15.513895923691123,52.151797950816814,-34.596206572978794,0.0,0.0,0.0,0.0,0.0,0.0,0.0,14.6170300306947,49.13687706498138,0.0,-32.598384361204324,0.0,0.0,0.0,0.0,0.0,0.0,0.0,0.0,7.026614865346392,9.368819875898993,-23.439790954871143,0.0,0.0,0.0,0.0,0.0,0.0,0.0,-1.6563647102230128,-2.4845470358858535,0.0,-8.252456124735463,0.0,0.0,0.0,0.0,0.0,0.0,-4.812117851415998,-5.107377854196571,0.0,0.0,-7.300045421487766
17.48743718592965,0.8326033404948419,0.0,-1.6133995721645533,0.0,0.0,0.0,0.0,0.0,0.0,0.0,0.8314566952716262,-1.0428415690988402,3.325826779976282,0.0,0.0,0.0,0.0,0.0,0.0,0.0,0.26783465556512454,0.0,1.0814393156532986,0.0,0.0,0.0,0.0,0.0,0.0,0.0,0.0,-33.563065325870056,0.0,-16.888893088928825,0.0,0.0,0.0,0.0,0.0,0.0,0.0,-0.5004973850364358,-2.485963028209248,0.0,-14.954562008950845,0.0,0.0,0.0,0.0,0.0,0.0,0.0,0.0,15.472951409356561,51.8698152742747,-34.52555540817137,0.0,0.0,0.0,0.0,0.0,0.0,0.0,14.576622036743814,48.86505957168996,0.0,-32.52839722567291,0.0,0.0,0.0,0.0,0.0,0.0,0.0,0.0,7.012248625759554,9.349664861990625,-23.39732430556296,0.0,0.0,0.0,0.0,0.0,0.0,0.0,-1.6620456249616389,-2.49306845223618,0.0,-8.271192570130648,0.0,0.0,0.0,0.0,0.0,0.0,-4.849000511564228,-5.14716983734953,0.0,0.0,-7.345875136510749
17.587939698492463,0.8113059872805195,0.0,-1.752435604185365,0.0,0.0,0.0,0.0,0.0,0.0,0.0,0.8896715766315566,-1.0514756496604605,3.5586863054160034,0.0,0.0,0.0,0.0,0.0,0.0,0.0,0.3019104206636314,0.0,1.3038969668421885,0.0,0.0,0.0,0.0,0.0,0.0,0.0,0.0,-33.155877840140846,0.0,-16.714565187925245,0.0,0.0,0.0,0.0,0.0,0.0,0.0,-0.5638250084732954,-2.6583729866858086,0.0,-14.947536839102217,0.0,0.0,0.0,0.0,0.0,0.0,0.0,0.0,15.419407258798756,51.512201735715024,-34.43451395512831,0.0,0.0,0.0,0.0,0.0,0.0,0.0,14.523816689315794,48.52026817325772,0.0,-32.43817749321032,0.0,0.0,0.0,0.0,0.0,0.0,0.0,0.0,6.993691557100057,9.324922131348501,-23.342117379865357,0.0,0.0,0.0,0.0,0.0,0.0,0.0,-1.6695182382675533,-2.5042773721950518,0.0,-8.29699149174079,0.0,0.0,0.0,0.0,0.0,0.0,-4.897872680764692,-5.19989305347579,0.0,0.0,-7.410686423625634
17.68844221105528,0.7823594510014686,0.0,-1.898691141200004,0.0,0.0,0.0,0.0,0.0,0.0,0.0,0.9627148256363682,-1.0816069624386415,3.8508592994368485,0.0,0.0,0.0,0.0,0.0,0.0,0.0,0.34822487826602355,0.0,1.5379058262432466,0.0,0.0,0.0,0.0,0.0,0.0,0.0,0.0,-32.64548730808059,0.0,-16.496347648331522,0.0,0.0,0.0,0.0,0.0,0.0,0.0,-0.6497376894287754,-2.8740604536281467,0.0,-14.93751623313222,0.0,0.0,0.0,0.0,0.0,0.0,0.0,0.0,15.349541823805879,51.062206875229776,-34.31822460209233,0.0,0.0,0.0,0.0,0.0,0.0,0.0,14.454984796019588,48.086348928499945,0.0,-32.32293255961416,0.0,0.0,0.0,0.0,0.0,0.0,0.0,0.0,6.969957022762152,9.293276085342583,-23.27136802959817,0.0,0.0,0.0,0.0,0.0,0.0,0.0,-1.6791820144357317,-2.518773036586097,0.0,-8.331150371132523,0.0,0.0,0.0,0.0,0.0,0.0,-4.961063111430519,-5.268082025722265,0.0,0.0,-7.498151994633773
17.78894472361809,0.7428820318899909,0.0,-2.050150911259152,0.0,0.0,0.0,0.0,0.0,0.0,0.0,1.0544726030126128,-1.1392686305455868,4.217890414270897,0.0,0.0,0.0,0.0,0.0,0.0,0.0,0.4113887491774548,0.0,1.7802414574719094,0.0,0.0,0.0,0.0,0.0,0.0,0.0,0.0,-32.00720922613698,0.0,-16.22510065280025,0.0,0.0,0.0,0.0,0.0,0.0,0.0,-0.7665880375207212,-3.143872371630385,0.0,-14.923092946900196,0.0,0.0,0.0,0.0,0.0,0.0,0.0,0.0,15.257868495544002,50.49710093740778,-34.16989338478338,0.0,0.0,0.0,0.0,0.0,0.0,0.0,14.364787231935239,47.5413791252155,0.0,-32.17596654914168,0.0,0.0,0.0,0.0,0.0,0.0,0.0,0.0,6.939665635474768,9.252887432031898,-23.181204452660253,0.0,0.0,0.0,0.0,0.0,0.0,0.0,-1.691596043351673,-2.5373940650830207,0.0,-8.375457482889814,0.0,0.0,0.0,0.0,0.0,0.0,-5.041722056953191,-5.355173805066116,0.0,0.0,-7.613430523134568
17.889447236180906,0.6886924199811517,0.0,-2.2033897280060444,0.0,0.0,0.0,0.0,0.0,0.0,0.0,1.1703754054792626,-1.2328825738094906,4.68150162191705,0.0,0.0,0.0,0.0,0.0,0.0,0.0,0.4980921282093931,0.0,2.025423563978279,0.0,0.0,0.0,0.0,0.0,0.0,0.0,0.0,-31.20746335749658,0.0,-15.888965962496115,0.0,0.0,0.0,0.0,0.0,0.0,0.0,-0.9263350932431358,-3.4826000570031823,0.0,-14.902004559391724,0.0,0.0,0.0,0.0,0.0,0.0,0.0,0.0,15.136106863877785,49.785593411844076,-33.979848810261615,0.0,0.0,0.0,0.0,0.0,0.0,0.0,14.245182440753013,46.85516979430204,0.0,-31.987750454209873,0.0,0.0,0.0,0.0,0.0,0.0,0.0,0.0,6.900851138524899,9.201134960390434,-23.066180808495318,0.0,0.0,0.0,0.0,0.0,0.0,0.0,-1.707557588770392,-2.5613364135201877,0.0,-8.432415195547271,0.0,0.0,0.0,0.0,0.0,0.0,-5.144149831881606,-5.465876120158697,0.0,0.0,-7.7639145441565915
17.98994974874372,0.6137591439525636,0.0,-2.3529077655126684,0.0,0.0,0.0,0.0,0.0,0.0,0.0,1.3181719848986972,-1.374817744093093,5.272687934709808,0.0,0.0,0.0,0.0,0.0,0.0,0.0,0.6179853699883608,0.0,2.264652425587599,0.0,0.0,0.0,0.0,0.0,0.0,0.0,0.0,-30.1999344625159,0.0,-15.47262335410693,0.0,0.0,0.0,0.0,0.0,0.0,0.0,-1.145856431739034,-3.9106060557569933,0.0,-14.870541575451313,0.0,0.0,0.0,0.0,0.0,0.0,0.0,0.0,14.971461052226687,48.883946222932906,-33.733985496997576,0.0,0.0,0.0,0.0,0.0,0.0,0.0,14.083781234575099,45.98554531609622,0.0,-31.74444262343812,0.0,0.0,0.0,0.0,0.0,0.0,0.0,0.0,6.850658769375073,9.134211611305787,-22.91853014768641,0.0,0.0,0.0,0.0,0.0,0.0,0.0,-1.7282290643017006,-2.5923435658103955,0.0,-8.505600988195638,0.0,0.0,0.0,0.0,0.0,0.0,-5.2742654950144185,-5.6066946556576625,0.0,0.0,-7.9604823728374186
18.090452261306535,0.5095403428079237,0.0,-2.4902622546285613,0.0,0.0,0.0,0.0,0.0,0.0,0.0,1.5091183405147035,-1.584373471530398,6.036473357617922,0.0,0.0,0.0,0.0,0.0,0.0,0.0,0.784735452175056,0.0,2.4844196082618453,0.0,0.0,0.0,0.0,0.0,0.0,0.0,0.0,-28.920158309908572,0.0,-14.95663265149716,0.0,0.0,0.0,0.0,0.0,0.0,0.0,-1.448152777583367,-4.455889276777647,0.0,-14.82250605699953,0.0,0.0,0.0,0.0,0.0,0.0,0.0,0.0,14.743799376937261,47.730540825519086,-33.41142820101339,0.0,0.0,0.0,0.0,0.0,0.0,0.0,13.861134311454748,44.87306280953618,0.0,-31.425554174902004,0.0,0.0,0.0,0.0,0.0,0.0,0.0,0.0,6.784855219432728,9.046473679497069,-22.726905910097628,0.0,0.0,0.0,0.0,0.0,0.0,0.0,-1.7553456088670316,-2.6330184288436698,0.0,-8.60031793381566,0.0,0.0,0.0,0.0,0.0,0.0,-5.4402419644716815,-5.786671866125914,0.0,0.0,-8.219801201470034
18.190954773869347,0.36442100204148176,0.0,-2.6031060864628586,0.0,0.0,0.0,0.0,0.0,0.0,0.0,1.7596812620368496,-1.893303965161408,7.038725043706506,0.0,0.0,0.0,0.0,0.0,0.0,0.0,1.0169263959802777,0.0,2.664969738663814,0.0,0.0,0.0,0.0,0.0,0.0,0.0,0.0,-27.278864040525264,0.0,-14.317590045109796,0.0,0.0,0.0,0.0,0.0,0.0,0.0,-1.8622475761453927,-5.1558692126807415,0.0,-14.7473852574187,0.0,0.0,0.0,0.0,0.0,0.0,0.0,0.0,14.421193727187642,46.239108773882265,-32.980873927890286,0.0,0.0,0.0,0.0,0.0,0.0,0.0,13.546494096239314,43.43453270205799,0.0,-31.00044528903112,0.0,0.0,0.0,0.0,0.0,0.0,0.0,0.0,6.697105709552176,8.929474305752194,-22.474562632712747,0.0,0.0,0.0,0.0,0.0,0.0,0.0,-1.7915482497521396,-2.6873223903933763,0.0,-8.724773246093775,0.0,0.0,0.0,0.0,0.0,0.0,-5.653190224386151,-6.01821781476275,0.0,0.0,-8.568509572981498
18.291457286432163,0.16385385726014334,0.0,-2.67455334301836,0.0,0.0,0.0,0.0,0.0,0.0,0.0,2.093532891045413,-2.354994642850272,8.374131557964404,0.0,0.0,0.0,0.0,0.0,0.0,0.0,1.337833827719237,0.0,2.779285348530891,0.0,0.0,0.0,0.0,0.0,0.0,0.0,0.0,-25.157039422296634,0.0,-13.531171964231703,0.0,0.0,0.0,0.0,0.0,0.0,0.0,-2.418722193642253,-6.055968227780539,0.0,-14.627227765906525,0.0,0.0,0.0,0.0,0.0,0.0,0.0,0.0,13.953779699704683,44.29379360537666,-32.3957504857475,0.0,0.0,0.0,0.0,0.0,0.0,0.0,13.092013212201437,41.558269056274355,0.0,-30.42361070093591,0.0,0.0,0.0,0.0,0.0,0.0,0.0,0.0,6.577999219103958,8.770665624879825,-22.1367538486561,0.0,0.0,0.0,0.0,0.0,0.0,0.0,-1.8408884336906794,-2.761332618117507,0.0,-8.89235181933401,0.0,0.0,0.0,0.0,0.0,0.0,-5.927338080802258,-6.317498196573013,0.0,0.0,-9.050929086207304
18.391959798994975,-0.10749707779478257,0.0,-2.6838825524233556,0.0,0.0,0.0,0.0,0.0,0.0,0.0,2.5424228020654027,-3.055821354180921,10.169691218919752,0.0,0.0,0.0,0.0,0.0,0.0,0.0,1.7719953255834753,0.0,2.7942120839341555,0.0,0.0,0.0,0.0,0.0,0.0,0.0,0.0,-22.413339804572274,0.0,-12.58303200835087,0.0,0.0,0.0,0.0,0.0,0.0,0.0,-3.134815519612033,-7.196431130118697,0.0,-14.431697934913501,0.0,0.0,0.0,0.0,0.0,0.0,0.0,0.0,13.268274813071912,41.75661650229756,-31.58970140404449,0.0,0.0,0.0,0.0,0.0,0.0,0.0,12.427731704178768,39.111341351372175,0.0,-29.63030183522619,0.0,0.0,0.0,0.0,0.0,0.0,0.0,0.0,6.414173295610226,8.552231111735864,-21.67784638817949,0.0,0.0,0.0,0.0,0.0,0.0,0.0,-1.9094733980651313,-2.8642101135289977,0.0,-9.125961128120252,0.0,0.0,0.0,0.0,0.0,0.0,-6.277847342417431,-6.702446249562399,0.0,0.0,-9.741909082094935
18.49246231155779,-0.45971128725952326,0.0,-2.610256145008094,0.0,0.0,0.0,0.0,0.0,0.0,0.0,3.14156653224984,-4.117165817163482,12.566266113012148,0.0,0.0,0.0,0.0,0.0,0.0,0.0,2.335538061615239,0.0,2.6764098324250085,0.0,0.0,0.0,0.0,0.0,0.0,0.0,0.0,-18.930147394513597,0.0,-11.496414494160945,0.0,0.0,0.0,0.0,0.0,0.0,0.0,-3.9817213295378906,-8.569394904789362,0.0,-14.111771056590783,0.0,0.0,0.0,0.0,0.0,0.0,0.0,0.0,12.272840280047603,38.51224087902949,-30.478671785516553,0.0,0.0,0.0,0.0,0.0,0.0,0.0,11.466751676181275,35.98273037042077,0.0,-28.538477605977164,0.0,0.0,0.0,0.0,0.0,0.0,0.0,0.0,6.188834152709433,8.251778822909728,-21.050382757792363,0.0,0.0,0.0,0.0,0.0,0.0,0.0,-2.0058899119490547,-3.008834831952356,0.0,-9.465407505793166,0.0,0.0,0.0,0.0,0.0,0.0,-6.711751735721805,-7.183573782043595,0.0,0.0,-10.761404386272488
18.592964824120603,-0.8868392962213534,0.0,-2.4407822261096612,0.0,0.0,0.0,0.0,0.0,0.0,0.0,3.911329425676513,-5.657179286799874,15.645317695600625,0.0,0.0,0.0,0.0,0.0,0.0,0.0,3.0189428752436243,0.0,2.4052515605887947,0.0,0.0,0.0,0.0,0.0,0.0,0.0,0.0,-14.736769710310682,0.0,-10.382088401428291,0.0,0.0,0.0,0.0,0.0,0.0,0.0,-4.838747930335785,-10.03049766623576,0.0,-13.596748329902653,0.0,0.0,0.0,0.0,0.0,0.0,0.0,0.0,10.894028456220894,34.58065057415638,-28.98400527229228,0.0,0.0,0.0,0.0,0.0,0.0,0.0,10.141393889995243,32.19158090672636,0.0,-27.070870430634386,0.0,0.0,0.0,0.0,0.0,0.0,0.0,0.0,5.8865851499945165,7.848780152031054,-20.20225906740336,0.0,0.0,0.0,0.0,0.0,0.0,0.0,-2.1401720635694232,-3.210258057606552,0.0,-9.97494395349463,0.0,0.0,0.0,0.0,0.0,0.0,-7.205873050253331,-7.740650541876448,0.0,0.0,-12.265104370356994
18.69346733668342,-1.3556521709645608,0.0,-2.1809457990684677,0.0,0.0,0.0,0.0,0.0,0.0,0.0,4.821399219423483,-7.682043367651659,19.285596859930365,0.0,0.0,0.0,0.0,0.0,0.0,0.0,3.769043473766942,0.0,1.9895132776781566,0.0,0.0,0.0,0.0,0.0,0.0,0.0,0.0,-10.194787709139064,0.0,-9.480385575244554,0.0,0.0,0.0,0.0,0.0,0.0,0.0,-5.480471598318104,-11.217081132386397,0.0,-12.808215567261527,0.0,0.0,0.0,0.0,0.0,0.0,0.0,0.0,9.161188465611758,30.265903919968196,-27.091483353558488,0.0,0.0,0.0,0.0,0.0,0.0,0.0,8.48417722920658,28.02925556366631,0.0,-25.211517975520792,0.0,0.0,0.0,0.0,0.0,0.0,0.0,0.0,5.505221851720421,7.340295802293895,-19.10143670258435,0.0,0.0,0.0,0.0,0.0,0.0,0.0,-2.3190107629744716,-3.478516164889811,0.0,-10.73385394079196,0.0,0.0,0.0,0.0,0.0,0.0,-7.6785577256544,-8.291283034367325,0.0,0.0,-14.34831614588461
18.79396984924623,-1.805236332863558,0.0,-1.8597807764919594,0.0,0.0,0.0,0.0,0.0,0.0,0.0,5.76169747290578,-9.966064837385602,23.046789952019253,0.0,0.0,0.0,0.0,0.0,0.0,0.0,4.488378131384252,0.0,1.4756492419110145,0.0,0.0,0.0,0.0,0.0,0.0,0.0,0.0,-6.040805111240388,0.0,-9.087596065882053,0.0,0.0,0.0,0.0,0.0,0.0,0.0,-5.677731031994426,-11.661537492102525,0.0,-11.704930354738963,0.0,0.0,0.0,0.0,0.0,0.0,0.0,0.0,7.280208937032739,26.152759815545323,-24.922921760150984,0.0,0.0,0.0,0.0,0.0,0.0,0.0,6.69609125125703,24.054428610753575,0.0,-23.07493354436474,0.0,0.0,0.0,0.0,0.0,0.0,0.0,0.0,5.069013182534832,6.758684204299925,-17.777095436599666,0.0,0.0,0.0,0.0,0.0,0.0,0.0,-2.5366659031078598,-3.8049988777544286,0.0,-11.7794079805833,0.0,0.0,0.0,0.0,0.0,0.0,-8.001836057758283,-8.699857314553583,0.0,0.0,-16.857763924349456
18.894472361809047,-2.1662082119178194,0.0,-1.5217953110990834,0.0,0.0,0.0,0.0,0.0,0.0,0.0,6.569844613224518,-12.092751262571255,26.27937843158179,0.0,0.0,0.0,0.0,0.0,0.0,0.0,5.0659331423119625,0.0,0.9348724985258627,0.0,0.0,0.0,0.0,0.0,0.0,0.0,0.0,-3.0074010393121853,0.0,-9.286780469963674,0.0,0.0,0.0,0.0,0.0,0.0,0.0,-5.386633938897489,-11.177201738377107,0.0,-10.333485379376839,0.0,0.0,0.0,0.0,0.0,0.0,0.0,0.0,5.566106448640085,22.79526705706303,-22.732494816324333,0.0,0.0,0.0,0.0,0.0,0.0,0.0,5.0776545705844,20.794875741358965,0.0,-20.90440137081373,0.0,0.0,0.0,0.0,0.0,0.0,0.0,0.0,4.626569284127413,6.168759037805671,-16.341480034043343,0.0,0.0,0.0,0.0,0.0,0.0,0.0,-2.7692519815047945,-4.153877997126187,0.0,-13.023974732462307,0.0,0.0,0.0,0.0,0.0,0.0,-8.093525273977775,-8.872092916334395,0.0,0.0,-19.35625262206031
18.99497487437186,-2.3898251813037064,0.0,-1.208870190616551,0.0,0.0,0.0,0.0,0.0,0.0,0.0,7.112972754796942,-13.683721066470866,28.451890994318774,0.0,0.0,0.0,0.0,0.0,0.0,0.0,5.423720289776668,0.0,0.4341923043327256,0.0,0.0,0.0,0.0,0.0,0.0,0.0,0.0,-1.2812059324573966,0.0,-9.73309792495769,0.0,0.0,0.0,0.0,0.0,0.0,0.0,-4.806464211526418,-10.085549311256159,0.0,-8.823786380673937,0.0,0.0,0.0,0.0,0.0,0.0,0.0,0.0,4.255145606535393,20.391157601551413,-20.787543116185248,0.0,0.0,0.0,0.0,0.0,0.0,0.0,3.848020158514487,18.440164632593792,0.0,-18.959131914186855,0.0,0.0,0.0,0.0,0.0,0.0,0.0,0.0,4.228331524913642,5.637775357669739,-14.949892646498597,0.0,0.0,0.0,0.0,0.0,0.0,0.0,-2.9836690043083536,-4.475503452283647,0.0,-14.265762866116916,0.0,0.0,0.0,0.0,0.0,0.0,-7.9936257932899935,-8.839361569812354,0.0,0.0,-21.421476994021305
19.095477386934675,-2.4643709286564786,0.0,-0.9460635688185448,0.0,0.0,0.0,0.0,0.0,0.0,0.0,7.345328749464031,-14.577768669532531,29.381314971432815,0.0,0.0,0.0,0.0,0.0,0.0,0.0,5.542993485804781,0.0,0.013701710238622766,0.0,0.0,0.0,0.0,0.0,0.0,0.0,0.0,-0.496411629136162,0.0,-9.877727596752095,0.0,0.0,0.0,0.0,0.0,0.0,0.0,-4.213486162640834,-8.933639530361859,0.0,-7.341119664161511,0.0,0.0,0.0,0.0,0.0,0.0,0.0,0.0,3.4098310823793554,18.829824160349062,-19.254849473071545,0.0,0.0,0.0,0.0,0.0,0.0,0.0,3.058562667135334,16.890044054918008,0.0,-17.403963633810804,0.0,0.0,0.0,0.0,0.0,0.0,0.0,0.0,3.9065209627153763,5.208694632941047,-13.730196055661281,0.0,0.0,0.0,0.0,0.0,0.0,0.0,-3.1548752152943393,-4.73231282249742,0.0,-15.316445039381676,0.0,0.0,0.0,0.0,0.0,0.0,-7.818103192391845,-8.71599314677951,0.0,0.0,-22.899957926370007
19.195979899497488,-2.409572578798702,0.0,-0.7398441885797524,0.0,0.0,0.0,0.0,0.0,0.0,0.0,7.29968657342539,-14.820612851629278,29.198746371417172,0.0,0.0,0.0,0.0,0.0,0.0,0.0,5.455316126834475,0.0,-0.3162492983044274,0.0,0.0,0.0,0.0,0.0,0.0,0.0,0.0,-0.1904690655196717,0.0,-9.389216432897918,0.0,0.0,0.0,0.0,0.0,0.0,0.0,-3.7880245038479643,-8.109929058086607,0.0,-6.0654943419002905,0.0,0.0,0.0,0.0,0.0,0.0,0.0,0.0,2.98015067734525,17.933834254968417,-18.194631016932306,0.0,0.0,0.0,0.0,0.0,0.0,0.0,2.655791707439903,15.98191935503479,0.0,-16.30192279833409,0.0,0.0,0.0,0.0,0.0,0.0,0.0,0.0,3.6738146214077005,4.898419459387071,-12.752720137676476,0.0,0.0,0.0,0.0,0.0,0.0,0.0,-3.2730145660408994,-4.9095217908856625,0.0,-16.08761137106285,0.0,0.0,0.0,0.0,0.0,0.0,-7.672575156547623,-8.609647403012843,0.0,0.0,-23.84473323502334
19.296482412060303,-2.259944212212872,0.0,-0.5847298947259105,0.0,0.0,0.0,0.0,0.0,0.0,0.0,7.046417120903925,-14.561162697823704,28.185668458746704,0.0,0.0,0.0,0.0,0.0,0.0,0.0,5.21591073976424,0.0,-0.5644321685593923,0.0,0.0,0.0,0.0,0.0,0.0,0.0,0.0,-0.07856595901634122,0.0,-8.264235413890653,0.0,0.0,0.0,0.0,0.0,0.0,0.0,-3.5867795122879187,-7.752876405309195,0.0,-5.190951118283493,0.0,0.0,0.0,0.0,0.0,0.0,0.0,0.0,2.897979893501379,17.580090439839324,-17.61102183772678,0.0,0.0,0.0,0.0,0.0,0.0,0.0,2.5721607923578915,15.603565592714475,0.0,-15.662625257428786,0.0,0.0,0.0,0.0,0.0,0.0,0.0,0.0,3.532132517580777,4.709510037503861,-12.045652608261292,0.0,0.0,0.0,0.0,0.0,0.0,0.0,-3.3384718953755055,-5.007707872817235,0.0,-16.572159129424335,0.0,0.0,0.0,0.0,0.0,0.0,-7.61936767990079,-8.58452330110282,0.0,0.0,-24.36182064746717
19.396984924623116,-2.0505858244757036,0.0,-0.4706772069873466,0.0,0.0,0.0,0.0,0.0,0.0,0.0,6.659390082930372,-13.964540878319553,26.63756039744669,0.0,0.0,0.0,0.0,0.0,0.0,0.0,4.880937319207135,0.0,-0.7469164691187302,0.0,0.0,0.0,0.0,0.0,0.0,0.0,0.0,-0.037075394226926406,0.0,-6.6746367871628465,0.0,0.0,0.0,0.0,0.0,0.0,0.0,-3.590013100129852,-7.836952986117751,0.0,-4.894291777191029,0.0,0.0,0.0,0.0,0.0,0.0,0.0,0.0,3.122890484874574,17.70085200236693,-17.49461840727662,0.0,0.0,0.0,0.0,0.0,0.0,0.0,2.7689060959623646,15.6944334905873,0.0,-15.484011781641271,0.0,0.0,0.0,0.0,0.0,0.0,0.0,0.0,3.480446427117645,4.640595208660336,-11.621389072402621,0.0,0.0,0.0,0.0,0.0,0.0,0.0,-3.3550599672360626,-5.0325899806358265,0.0,-16.79451663438858,0.0,0.0,0.0,0.0,0.0,0.0,-7.683429332772107,-8.665699568144447,0.0,0.0,-24.533547534622002
19.49748743718593,-1.81013802258434,0.0,-0.3876117533607726,0.0,0.0,0.0,0.0,0.0,0.0,0.0,6.199498669090531,-13.169831886372663,24.797994720771044,0.0,0.0,0.0,0.0,0.0,0.0,0.0,4.496220836536224,0.0,-0.8798211945659773,0.0,0.0,0.0,0.0,0.0,0.0,0.0,0.0,-0.02080736663523375,0.0,-4.818803106973468,0.0,0.0,0.0,0.0,0.0,0.0,0.0,-3.7360983444756357,-8.242277280245958,0.0,-5.263650393771968,0.0,0.0,0.0,0.0,0.0,0.0,0.0,0.0,3.638204201905637,18.249068160614,-17.837139377974154,0.0,0.0,0.0,0.0,0.0,0.0,0.0,3.2324287628782145,16.213716863333616,0.0,-15.767706893932143,0.0,0.0,0.0,0.0,0.0,0.0,0.0,0.0,3.517877507519529,4.690503308868443,-11.496042121361683,0.0,0.0,0.0,0.0,0.0,0.0,0.0,-3.326961968586062,-4.990442982411025,0.0,-16.780893137724462,0.0,0.0,0.0,0.0,0.0,0.0,-7.859624214123784,-8.846263969353174,0.0,0.0,-24.404297123581387
19.597989949748744,-1.5592067676983845,0.0,-0.3272318631619697,0.0,0.0,0.0,0.0,0.0,0.0,0.0,5.7108353495038955,-12.279283513549899,22.84334146018807,0.0,0.0,0.0,0.0,0.0,0.0,0.0,4.094730828185789,0.0,-0.9764290194169689,0.0,0.0,0.0,0.0,0.0,0.0,0.0,0.0,-0.014155080035188616,0.0,-2.8574975373951705,0.0,0.0,0.0,0.0,0.0,0.0,0.0,-3.935600769722214,-8.78224004452477,0.0,-6.224290006073829,0.0,0.0,0.0,0.0,0.0,0.0,0.0,0.0,4.417051366445435,19.152599596949926,-18.606333373583084,0.0,0.0,0.0,0.0,0.0,0.0,0.0,3.9427434224137414,17.09597190391321,0.0,-16.49395114711183,0.0,0.0,0.0,0.0,0.0,0.0,0.0,0.0,3.641011625532542,4.854682181587577,-11.691914562739214,0.0,0.0,0.0,0.0,0.0,0.0,0.0,-3.259760027241043,-4.889640069727363,0.0,-16.555011089991467,0.0,0.0,0.0,0.0,0.0,0.0,-8.110273995498574,-9.085931466756847,0.0,0.0,-23.995617425498494
19.69849246231156,-1.3113797339148192,0.0,-0.2832941992103599,0.0,0.0,0.0,0.0,0.0,0.0,0.0,5.222691212836139,-11.361952685362553,20.89076483180463,0.0,0.0,0.0,0.0,0.0,0.0,0.0,3.698207574842627,0.0,-1.0467292810290019,0.0,0.0,0.0,0.0,0.0,0.0,0.0,0.0,-0.011730240288658489,0.0,-0.9024960691576476,0.0,0.0,0.0,0.0,0.0,0.0,0.0,-4.093330863597089,-9.249109004016987,0.0,-7.538119405126054,0.0,0.0,0.0,0.0,0.0,0.0,0.0,0.0,5.386228909998181,20.27983479635509,-19.696242723910018,0.0,0.0,0.0,0.0,0.0,0.0,0.0,4.8377317938275155,18.214673607630516,0.0,-17.566646940636588,0.0,0.0,0.0,0.0,0.0,0.0,0.0,0.0,3.83648310986473,5.115310828252007,-12.209087168812971,0.0,0.0,0.0,0.0,0.0,0.0,0.0,-3.1632759416311274,-4.7449139408684005,0.0,-16.151454831359047,0.0,0.0,0.0,0.0,0.0,0.0,-8.368750799903069,-9.317591274538017,0.0,0.0,-23.33840132173748
19.798994974874372,-1.0749517419528232,0.0,-0.25131047320936517,0.0,0.0,0.0,0.0,0.0,0.0,0.0,4.753156506609457,-10.46150962302761,19.01262607617582,0.0,0.0,0.0,0.0,0.0,0.0,0.0,3.319922787348162,0.0,-1.0979032429858648,0.0,0.0,0.0,0.0,0.0,0.0,0.0,0.0,-0.01179030379317575,0.0,0.9755826237680885,0.0,0.0,0.0,0.0,0.0,0.0,0.0,-4.144021838570211,-9.492839776470419,0.0,-8.91668323355077,0.0,0.0,0.0,0.0,0.0,0.0,0.0,0.0,6.427242826845259,21.458344731328793,-20.921508866678096,0.0,0.0,0.0,0.0,0.0,0.0,0.0,5.809830511793734,19.397018178324288,0.0,-18.79958472272847,0.0,0.0,0.0,0.0,0.0,0.0,0.0,0.0,4.075837837902441,5.434450411456737,-12.978452597067758,0.0,0.0,0.0,0.0,0.0,0.0,0.0,-3.0520600189376523,-4.578090082141273,0.0,-15.629587972298964,0.0,0.0,0.0,0.0,0.0,0.0,-8.568449219481522,-9.479020715019715,0.0,0.0,-22.503481281077597
19.899497487437188,-0.8545280980043479,0.0,-0.22812104444325243,0.0,0.0,0.0,0.0,0.0,0.0,0.0,4.312495191172161,-9.603748305053728,17.24998075047779,0.0,0.0,0.0,0.0,0.0,0.0,0.0,2.9672449564088765,0.0,-1.1350063289228274,0.0,0.0,0.0,0.0,0.0,0.0,0.0,0.0,-0.014232402107544617,0.0,2.7357858493025358,0.0,0.0,0.0,0.0,0.0,0.0,0.0,-4.072023209289455,-9.469029096820236,0.0,-10.156251812887263,0.0,0.0,0.0,0.0,0.0,0.0,0.0,0.0,7.42288111155176,22.54224277109529,-22.093923172761265,0.0,0.0,0.0,0.0,0.0,0.0,0.0,6.747623039871087,20.491579267201132,0.0,-19.99347155567932,0.0,0.0,0.0,0.0,0.0,0.0,0.0,0.0,4.3221282748362455,5.76283771724917,-13.858077890560594,0.0,0.0,0.0,0.0,0.0,0.0,0.0,-2.941295367264729,-4.411942998494567,0.0,-15.066602234270476,0.0,0.0,0.0,0.0,0.0,0.0,-8.679140291789622,-9.547691984579387,0.0,0.0,-21.598290539159848
20.0,-0.6522662593932971,0.0,-0.21151893753179607,0.0,0.0,0.0,0.0,0.0,0.0,0.0,3.9057649408036355,-8.802476803460024,15.623059779201753,0.0,0.0,0.0,0.0,0.0,0.0,0.0,2.6436260154305558,0.0,-1.1615696999811576,0.0,0.0,0.0,0.0,0.0,0.0,0.0,0.0,-0.020368566486239637,0.0,4.356570656040282,0.0,0.0,0.0,0.0,0.0,0.0,0.0,-3.898929866075207,-9.216615992180266,0.0,-11.17881362056039,0.0,0.0,0.0,0.0,0.0,0.0,0.0,0.0,8.30126666251374,23.459588133434295,-23.1025081394165,0.0,0.0,0.0,0.0,0.0,0.0,0.0,7.5797349996520325,21.42052153075724,0.0,-21.02562053707402,0.0,0.0,0.0,0.0,0.0,0.0,0.0,0.0,4.545326600435828,6.060435430832456,-14.700859908067798,0.0,0.0,0.0,0.0,0.0,0.0,0.0,-2.84162281083411,-4.262434241120161,0.0,-14.530907519016978,0.0,0.0,0.0,0.0,0.0,0.0,-8.71167121374583,-9.540954342135421,0.0,0.0,-20.726364131640196
