time,A_1_1,A_1_2,A_1_3,A_1_4,A_1_5,A_1_6,A_1_7,A_1_8,A_2_1,A_2_2,A_2_3,A_2_4,A_2_5,A_2_6,A_2_7,A_2_8,A_3_1,A_3_2,A_3_3,A_3_4,A_3_5,A_3_6,A_3_7,A_3_8,A_4_1,A_4_2,A_4_3,A_4_4,A_4_5,A_4_6,A_4_7,A_4_8,A_5_1,A_5_2,A_5_3,A_5_4,A_5_5,A_5_6,A_5_7,A_5_8,A_6_1,A_6_2,A_6_3,A_6_4,A_6_5,A_6_6,A_6_7,A_6_8,A_7_1,A_7_2,A_7_3,A_7_4,A_7_5,A_7_6,A_7_7,A_7_8,A_8_1,A_8_2,A_8_3,A_8_4,A_8_5,A_8_6,A_8_7,A_8_8
0.0,0.0,5.0,5.0,0.0,0.0,0.0,0.0,0.0,5.0,35.0,0.0,0.0,35.0,0.0,0.0,0.0,5.0,0.0,35.0,0.0,0.0,35.0,0.0,0.0,0.0,0.0,0.0,0.0,3.0,3.0,0.0,0.0,0.0,33.0,0.0,3.0,33.0,0.0,0.0,0.0,0.0,0.0,33.0,3.0,0.0,33.0,0.0,0.0,0.2,0.0,0.0,0.1,0.0,0.0,0.0,0.3,0.1,0.0,0.0,0.2,0.0,0.0,0.5,0.0
0.10050251256281408,0.0,2.8752723729299694,2.8752723729299694,0.0,0.0,0.0,0.0,0.0,2.1039690642042412,7.947557514605399,0.0,0.0,7.947557514605399,0.0,0.0,0.0,2.1039690642042412,0.0,7.947557514605399,0.0,0.0,7.947557514605399,0.0,0.0,0.0,0.0,0.0,0.0,2.1382833211980756,2.1382833211980756,0.0,0.0,0.0,7.23229433724634,0.0,1.3887058868451823,7.23229433724634,0.0,0.0,0.0,0.0,0.0,7.23229433724634,1.3887058868451823,0.0,7.23229433724634,0.0,0.0,0.23321169572366554,0.0,0.0,0.11660584786183277,0.0,0.0,0.0,0.34981754358549827,0.0888537092664858,0.0,0.0,0.1777074185329716,0.0,0.0,0.44426854633242896,0.0
0.20100502512562815,0.0,2.063114550880151,2.063114550880151,0.0,0.0,0.0,0.0,0.0,1.6060841881123749,5.239241542185329,0.0,0.0,5.239241542185329,0.0,0.0,0.0,1.6060841881123749,0.0,5.239241542185329,0.0,0.0,5.239241542185329,0.0,0.0,0.0,0.0,0.0,0.0,1.7166014694834584,1.7166014694834584,0.0,0.0,0.0,4.764218035998661,0.0,1.1310606819257063,4.764218035998661,0.0,0.0,0.0,0.0,0.0,4.764218035998661,1.1310606819257063,0.0,4.764218035998661,0.0,0.0,0.2733481347061231,0.0,0.0,0.13667406735306156,0.0,0.0,0.0,0.41002220205918466,0.07938626055291338,0.0,0.0,0.15877252110582676,0.0,0.0,0.3969313027645669,0.0
0.30150753768844224,0.0,1.5945066250958748,1.5945066250958748,0.0,0.0,0.0,0.0,0.0,1.3509712204762752,4.0713316832802064,0.0,0.0,4.0713316832802064,0.0,0.0,0.0,1.3509712204762752,0.0,4.0713316832802064,0.0,0.0,4.0713316832802064,0.0,0.0,0.0,0.0,0.0,0.0,1.428526903845462,1.428526903845462,0.0,0.0,0.0,3.7271770483729734,0.0,1.0068165855690425,3.7271770483729734,0.0,0.0,0.0,0.0,0.0,3.7271770483729734,1.0068165855690425,0.0,3.7271770483729734,0.0,0.0,0.3217977757686493,0.0,0.0,0.16089888788432466,0.0,0.0,0.0,0.4826966636529739,0.07140140642318422,0.0,0.0,0.14280281284636845,0.0,0.0,0.3570070321159211,0.0
0.4020100502512563,0.0,1.2901044585134958,1.2901044585134958,0.0,0.0,0.0,0.0,0.0,1.184969455854433,3.3815421401565695,0.0,0.0,3.3815421401565695,0.0,0.0,0.0,1.184969455854433,0.0,3.3815421401565695,0.0,0.0,3.3815421401565695,0.0,0.0,0.0,0.0,0.0,0.0,1.2141332387106465,1.2141332387106465,0.0,0.0,0.0,3.1234204918341364,0.0,0.926847807532,3.1234204918341364,0.0,0.0,0.0,0.0,0.0,3.1234204918341364,0.926847807532,0.0,3.1234204918341364,0.0,0.0,0.3802294692590982,0.0,0.0,0.1901147346295491,0.0,0.0,0.0,0.5703442038886471,0.06473767213141311,0.0,0.0,0.12947534426282623,0.0,0.0,0.3236883606570656,0.0
0.5025125628140704,0.0,1.080061635562617,1.080061635562617,0.0,0.0,0.0,0.0,0.0,1.065291809119532,2.9136586796881563,0.0,0.0,2.9136586796881563,0.0,0.0,0.0,1.065291809119532,0.0,2.9136586796881563,0.0,0.0,2.9136586796881563,0.0,0.0,0.0,0.0,0.0,0.0,1.0483354377529046,1.0483354377529046,0.0,0.0,0.0,2.715907038786151,0.0,0.8675401682175266,2.715907038786151,0.0,0.0,0.0,0.0,0.0,2.715907038786151,0.8675401682175266,0.0,2.715907038786151,0.0,0.0,0.4506408688088752,0.0,0.0,0.2253204344044376,0.0,0.0,0.0,0.6759613032133127,0.05926704606722652,0.0,0.0,0.11853409213445304,0.0,0.0,0.29633523033613257,0.0
0.6030150753768845,0.0,0.9301449766328159,0.9301449766328159,0.0,0.0,0.0,0.0,0.0,0.9740990632118053,2.5715118702028774,0.0,0.0,2.5715118702028774,0.0,0.0,0.0,0.9740990632118053,0.0,2.5715118702028774,0.0,0.0,2.5715118702028774,0.0,0.0,0.0,0.0,0.0,0.0,0.9175260804115053,0.9175260804115053,0.0,0.0,0.0,2.417356520787528,0.0,0.8199437137964557,2.417356520787528,0.0,0.0,0.0,0.0,0.0,2.417356520787528,0.8199437137964557,0.0,2.417356520787528,0.0,0.0,0.5354118407835378,0.0,0.0,0.2677059203917689,0.0,0.0,0.0,0.8031177611753066,0.05489532686098292,0.0,0.0,0.10979065372196584,0.0,0.0,0.2744766343049146,0.0
0.7035175879396985,0.0,0.8215183524433254,0.8215183524433254,0.0,0.0,0.0,0.0,0.0,0.9022168989461411,2.3095991385790016,0.0,0.0,2.3095991385790016,0.0,0.0,0.0,0.9022168989461411,0.0,2.3095991385790016,0.0,0.0,2.3095991385790016,0.0,0.0,0.0,0.0,0.0,0.0,0.8132700245358093,0.8132700245358093,0.0,0.0,0.0,2.1873400531457707,0.0,0.77995781351291,2.1873400531457707,0.0,0.0,0.0,0.0,0.0,2.1873400531457707,0.77995781351291,0.0,2.1873400531457707,0.0,0.0,0.6373604955564582,0.0,0.0,0.3186802477782291,0.0,0.0,0.0,0.9560407433346874,0.05156478502056815,0.0,0.0,0.1031295700411363,0.0,0.0,0.25782392510284075,0.0
0.8040201005025126,0.0,0.7431555405965291,0.7431555405965291,0.0,0.0,0.0,0.0,0.0,0.8443122530467894,2.1031042015452894,0.0,0.0,2.1031042015452894,0.0,0.0,0.0,0.8443122530467894,0.0,2.1031042015452894,0.0,0.0,2.1031042015452894,0.0,0.0,0.0,0.0,0.0,0.0,0.7299398288505292,0.7299398288505292,0.0,0.0,0.0,2.004245981621919,0.0,0.7454540331234192,2.004245981621919,0.0,0.0,0.0,0.0,0.0,2.004245981621919,0.7454540331234192,0.0,2.004245981621919,0.0,0.0,0.759796641832645,0.0,0.0,0.3798983209163225,0.0,0.0,0.0,1.1396949627489674,0.04926029135155455,0.0,0.0,0.0985205827031091,0.0,0.0,0.24630145675777274,0.0
0.9045226130653267,0.0,0.6884868210412142,0.6884868210412142,0.0,0.0,0.0,0.0,0.0,0.7970505661623408,1.937186275352877,0.0,0.0,1.937186275352877,0.0,0.0,0.0,0.7970505661623408,0.0,1.937186275352877,0.0,0.0,1.937186275352877,0.0,0.0,0.0,0.0,0.0,0.0,0.6636407704067048,0.6636407704067048,0.0,0.0,0.0,1.8553574012596419,0.0,0.7152216920691057,1.8553574012596419,0.0,0.0,0.0,0.0,0.0,1.8553574012596419,0.7152216920691057,0.0,1.8553574012596419,0.0,0.0,0.9065621882566142,0.0,0.0,0.4532810941283071,0.0,0.0,0.0,1.3598432823849211,0.04802095743987642,0.0,0.0,0.09604191487975285,0.0,0.0,0.2401047871993821,0.0
1.0050251256281408,0.0,0.6537946250398216,0.6537946250398216,0.0,0.0,0.0,0.0,0.0,0.7582666515309948,1.802435967842804,0.0,0.0,1.802435967842804,0.0,0.0,0.0,0.7582666515309948,0.0,1.802435967842804,0.0,0.0,1.802435967842804,0.0,0.0,0.0,0.0,0.0,0.0,0.6116594306745382,0.6116594306745382,0.0,0.0,0.0,1.732693145101824,0.0,0.6885238287900148,1.732693145101824,0.0,0.0,0.0,0.0,0.0,1.732693145101824,0.6885238287900148,0.0,1.732693145101824,0.0,0.0,1.0820380791912159,0.0,0.0,0.5410190395956079,0.0,0.0,0.0,1.623057118786824,0.04796099340493479,0.0,0.0,0.09592198680986957,0.0,0.0,0.2398049670246739,0.0
1.105527638190955,0.0,0.6374649460084133,0.6374649460084133,0.0,0.0,0.0,0.0,0.0,0.7265532398786162,1.6927133780736412,0.0,0.0,1.6927133780736412,0.0,0.0,0.0,0.7265532398786162,0.0,1.6927133780736412,0.0,0.0,1.6927133780736412,0.0,0.0,0.0,0.0,0.0,0.0,0.5721645129678543,0.5721645129678543,0.0,0.0,0.0,1.6310530085072128,0.0,0.6648928703121877,1.6310530085072128,0.0,0.0,0.0,0.0,0.0,1.6310530085072128,0.6648928703121877,0.0,1.6310530085072128,0.0,0.0,1.2910784660473174,0.0,0.0,0.6455392330236587,0.0,0.0,0.0,1.9366176990709758,0.04930664671533899,0.0,0.0,0.09861329343067798,0.0,0.0,0.24653323357669493,0.0
1.206030150753769,0.0,0.6397495316226676,0.6397495316226676,0.0,0.0,0.0,0.0,0.0,0.7010519060842257,1.604051438948677,0.0,0.0,1.604051438948677,0.0,0.0,0.0,0.7010519060842257,0.0,1.604051438948677,0.0,0.0,1.604051438948677,0.0,0.0,0.0,0.0,0.0,0.0,0.5440513795869348,0.5440513795869348,0.0,0.0,0.0,1.5470313977146724,0.0,0.6440318648502208,1.5470313977146724,0.0,0.0,0.0,0.0,0.0,1.5470313977146724,0.6440318648502208,0.0,1.5470313977146724,0.0,0.0,1.5387961418196527,0.0,0.0,0.7693980709098264,0.0,0.0,0.0,2.308194212729479,0.05246228353112582,0.0,0.0,0.10492456706225164,0.0,0.0,0.2623114176556291,0.0
1.306532663316583,0.0,0.6629340254071795,0.6629340254071795,0.0,0.0,0.0,0.0,0.0,0.6813624523712689,1.5341113061586291,0.0,0.0,1.5341113061586291,0.0,0.0,0.0,0.6813624523712689,0.0,1.5341113061586291,0.0,0.0,1.5341113061586291,0.0,0.0,0.0,0.0,0.0,0.0,0.5268869414239373,0.5268869414239373,0.0,0.0,0.0,1.4785162781733345,0.0,0.6257674243859744,1.4785162781733345,0.0,0.0,0.0,0.0,0.0,1.4785162781733345,0.6257674243859744,0.0,1.4785162781733345,0.0,0.0,1.8300509670908593,0.0,0.0,0.9150254835454297,0.0,0.0,0.0,2.745076450636289,0.05813105947879604,0.0,0.0,0.11626211895759209,0.0,0.0,0.2906552973939802,0.0
1.407035175879397,0.0,0.7119503956078665,0.7119503956078665,0.0,0.0,0.0,0.0,0.0,0.6675430689281023,1.4819876075938683,0.0,0.0,1.4819876075938683,0.0,0.0,0.0,0.6675430689281023,0.0,1.4819876075938683,0.0,0.0,1.4819876075938683,0.0,0.0,0.0,0.0,0.0,0.0,0.5209438115969038,0.5209438115969038,0.0,0.0,0.0,1.4244759932455793,0.0,0.6100314545798134,1.4244759932455793,0.0,0.0,0.0,0.0,0.0,1.4244759932455793,0.6100314545798134,0.0,1.4244759932455793,0.0,0.0,2.168348199690104,0.0,0.0,1.084174099845052,0.0,0.0,0.0,3.2525222995351553,0.06754074230056743,0.0,0.0,0.13508148460113487,0.0,0.0,0.3377037115028371,0.0
1.5075376884422111,0.0,0.7955913577471464,0.7955913577471464,0.0,0.0,0.0,0.0,0.0,0.6602085780787204,1.4483160170912055,0.0,0.0,1.4483160170912055,0.0,0.0,0.0,0.6602085780787204,0.0,1.4483160170912055,0.0,0.0,1.4483160170912055,0.0,0.0,0.0,0.0,0.0,0.0,0.5273346838013053,0.5273346838013053,0.0,0.0,0.0,1.3849699042851755,0.0,0.5968624652726905,1.3849699042851755,0.0,0.0,0.0,0.0,0.0,1.3849699042851755,0.5968624652726905,0.0,1.3849699042851755,0.0,0.0,2.5535657802567613,0.0,0.0,1.2767828901283806,0.0,0.0,0.0,3.830348670385142,0.08287529261690942,0.0,0.0,0.16575058523381883,0.0,0.0,0.41437646308454706,0.0
1.6080402010050252,0.0,0.9285724932070215,0.9285724932070215,0.0,0.0,0.0,0.0,0.0,0.6607700027260972,1.4357532977491627,0.0,0.0,1.4357532977491627,0.0,0.0,0.0,0.6607700027260972,0.0,1.4357532977491627,0.0,0.0,1.4357532977491627,0.0,0.0,0.0,0.0,0.0,0.0,0.5482782027674533,0.5482782027674533,0.0,0.0,0.0,1.361407687645132,0.0,0.5864243926220665,1.361407687645132,0.0,0.0,0.0,0.0,0.0,1.361407687645132,0.5864243926220665,0.0,1.361407687645132,0.0,0.0,2.97738141358209,0.0,0.0,1.488690706791045,0.0,0.0,0.0,4.466072120373135,0.10810575606887551,0.0,0.0,0.21621151213775103,0.0,0.0,0.5405287803443776,0.0
1.7085427135678393,0.0,1.1345500182505208,1.1345500182505208,0.0,0.0,0.0,0.0,0.0,0.671909783764468,1.4500424152028872,0.0,0.0,1.4500424152028872,0.0,0.0,0.0,0.671909783764468,0.0,1.4500424152028872,0.0,0.0,1.4500424152028872,0.0,0.0,0.0,0.0,0.0,0.0,0.587546393388874,0.587546393388874,0.0,0.0,0.0,1.3571781002205696,0.0,0.5790454687821504,1.3571781002205696,0.0,0.0,0.0,0.0,0.0,1.3571781002205696,0.5790454687821504,0.0,1.3571781002205696,0.0,0.0,3.4144005636573165,0.0,0.0,1.7072002818286582,0.0,0.0,0.0,5.1216008454859745,0.15054306457472888,0.0,0.0,0.30108612914945776,0.0,0.0,0.7527153228736443,0.0
1.8090452261306533,0.0,1.4490245884757138,1.4490245884757138,0.0,0.0,0.0,0.0,0.0,0.6984540428197142,1.5020709691765333,0.0,0.0,1.5020709691765333,0.0,0.0,0.0,0.6984540428197142,0.0,1.5020709691765333,0.0,0.0,1.5020709691765333,0.0,0.0,0.0,0.0,0.0,0.0,0.651143637690459,0.651143637690459,0.0,0.0,0.0,1.378899534151996,0.0,0.5752826077951771,1.378899534151996,0.0,0.0,0.0,0.0,0.0,1.378899534151996,0.5752826077951771,0.0,1.378899534151996,0.0,0.0,3.8065047631211932,0.0,0.0,1.9032523815605966,0.0,0.0,0.0,5.70975714468179,0.2233865942361328,0.0,0.0,0.4467731884722656,0.0,0.0,1.116932971180664,0.0
1.9095477386934674,0.0,1.91643485204001,1.91643485204001,0.0,0.0,0.0,0.0,0.0,0.7488028149995372,1.611446232235021,0.0,0.0,1.611446232235021,0.0,0.0,0.0,0.7488028149995372,0.0,1.611446232235021,0.0,0.0,1.611446232235021,0.0,0.0,0.0,0.0,0.0,0.0,0.7481749826390709,0.7481749826390709,0.0,0.0,0.0,1.4386584908673967,0.0,0.5760150736319127,1.4386584908673967,0.0,0.0,0.0,0.0,0.0,1.4386584908673967,0.5760150736319127,0.0,1.4386584908673967,0.0,0.0,4.042404161140744,0.0,0.0,2.021202080570372,0.0,0.0,0.0,6.063606241711114,0.3481690065639003,0.0,0.0,0.6963380131278006,0.0,0.0,1.7408450328195015,0.0
2.0100502512562817,0.0,2.5644795685190402,2.5644795685190402,0.0,0.0,0.0,0.0,0.0,0.8365476865410929,1.8112137456454587,0.0,0.0,1.8112137456454587,0.0,0.0,0.0,0.8365476865410929,0.0,1.8112137456454587,0.0,0.0,1.8112137456454587,0.0,0.0,0.0,0.0,0.0,0.0,0.8914566219875538,0.8914566219875538,0.0,0.0,0.0,1.5572186587860148,0.0,0.582552599681649,1.5572186587860148,0.0,0.0,0.0,0.0,0.0,1.5572186587860148,0.582552599681649,0.0,1.5572186587860148,0.0,0.0,3.958118965322406,0.0,0.0,1.979059482661203,0.0,0.0,0.0,5.937178447983609,0.5500932043235579,0.0,0.0,1.1001864086471158,0.0,0.0,2.750466021617789,0.0
2.1105527638190957,0.0,3.3340305719520753,3.3340305719520753,0.0,0.0,0.0,0.0,0.0,0.9793687595124654,2.1481068679670026,0.0,0.0,2.1481068679670026,0.0,0.0,0.0,0.9793687595124654,0.0,2.1481068679670026,0.0,0.0,2.1481068679670026,0.0,0.0,0.0,0.0,0.0,0.0,1.0963202432819819,1.0963202432819819,0.0,0.0,0.0,1.7654173965688222,0.0,0.5966792881142853,1.7654173965688222,0.0,0.0,0.0,0.0,0.0,1.7654173965688222,0.5966792881142853,0.0,1.7654173965688222,0.0,0.0,3.4296393890793198,0.0,0.0,1.7148196945396599,0.0,0.0,0.0,5.14445908361898,0.8303437362377273,0.0,0.0,1.6606874724754546,0.0,0.0,4.151718681188636,0.0
2.21105527638191,0.0,4.009813102081812,4.009813102081812,0.0,0.0,0.0,0.0,0.0,1.1867290268683,2.6593189765962553,0.0,0.0,2.6593189765962553,0.0,0.0,0.0,1.1867290268683,0.0,2.6593189765962553,0.0,0.0,2.6593189765962553,0.0,0.0,0.0,0.0,0.0,0.0,1.3747680912623446,1.3747680912623446,0.0,0.0,0.0,2.0930306385404736,0.0,0.6204406888125183,2.0930306385404736,0.0,0.0,0.0,0.0,0.0,2.0930306385404736,0.6204406888125183,0.0,2.0930306385404736,0.0,0.0,2.561602230233882,0.0,0.0,1.280801115116941,0.0,0.0,0.0,3.842403345350822,1.1245152986002667,0.0,0.0,2.2490305972005333,0.0,0.0,5.6225764930013336,0.0
2.311557788944724,0.0,4.314938610390973,4.314938610390973,0.0,0.0,0.0,0.0,0.0,1.4309133585993117,3.3069429950430216,0.0,0.0,3.3069429950430216,0.0,0.0,0.0,1.4309133585993117,0.0,3.3069429950430216,0.0,0.0,3.3069429950430216,0.0,0.0,0.0,0.0,0.0,0.0,1.7245973141801414,1.7245973141801414,0.0,0.0,0.0,2.531565356048743,0.0,0.6555357196050333,2.531565356048743,0.0,0.0,0.0,0.0,0.0,2.531565356048743,0.6555357196050333,0.0,2.531565356048743,0.0,0.0,1.6815302421709024,0.0,0.0,0.8407651210854512,0.0,0.0,0.0,2.5222953632563536,1.3291261713043765,0.0,0.0,2.658252342608753,0.0,0.0,6.6456308565218825,0.0
2.412060301507538,0.0,4.156766645437245,4.156766645437245,0.0,0.0,0.0,0.0,0.0,1.633814116199051,3.9302137437256532,0.0,0.0,3.9302137437256532,0.0,0.0,0.0,1.633814116199051,0.0,3.9302137437256532,0.0,0.0,3.9302137437256532,0.0,0.0,0.0,0.0,0.0,0.0,2.121094947027238,2.121094947027238,0.0,0.0,0.0,2.9991722394039586,0.0,0.7027726118773561,2.9991722394039586,0.0,0.0,0.0,0.0,0.0,2.9991722394039586,0.7027726118773561,0.0,2.9991722394039586,0.0,0.0,1.0305664909665306,0.0,0.0,0.5152832454832653,0.0,0.0,0.0,1.545849736449796,1.397642742779101,0.0,0.0,2.795285485558202,0.0,0.0,6.9882137138955045,0.0
2.512562814070352,0.0,3.6919245789846795,3.6919245789846795,0.0,0.0,0.0,0.0,0.0,1.7201796682449728,4.342591981700897,0.0,0.0,4.342591981700897,0.0,0.0,0.0,1.7201796682449728,0.0,4.342591981700897,0.0,0.0,4.342591981700897,0.0,0.0,0.0,0.0,0.0,0.0,2.519493496358271,2.519493496358271,0.0,0.0,0.0,3.3846618510671496,0.0,0.7622495376112256,3.3846618510671496,0.0,0.0,0.0,0.0,0.0,3.3846618510671496,0.7622495376112256,0.0,3.3846618510671496,0.0,0.0,0.628238949621015,0.0,0.0,0.3141194748105075,0.0,0.0,0.0,0.9423584244315224,1.3584937638948662,0.0,0.0,2.7169875277897324,0.0,0.0,6.792468819474331,0.0
2.613065326633166,0.0,3.141692346751037,3.141692346751037,0.0,0.0,0.0,0.0,0.0,1.6822891530673916,4.486184105541791,0.0,0.0,4.486184105541791,0.0,0.0,0.0,1.6822891530673916,0.0,4.486184105541791,0.0,0.0,4.486184105541791,0.0,0.0,0.0,0.0,0.0,0.0,2.8660050314953636,2.8660050314953636,0.0,0.0,0.0,3.637251972984796,0.0,0.8333570205103965,3.637251972984796,0.0,0.0,0.0,0.0,0.0,3.637251972984796,0.8333570205103965,0.0,3.637251972984796,0.0,0.0,0.39717059106423913,0.0,0.0,0.19858529553211957,0.0,0.0,0.0,0.5957558865963586,1.2602079437476592,0.0,0.0,2.5204158874953184,0.0,0.0,6.301039718738296,0.0
2.71356783919598,0.0,2.63998283728618,2.63998283728618,0.0,0.0,0.0,0.0,0.0,1.5660165746978947,4.427012065480574,0.0,0.0,4.427012065480574,0.0,0.0,0.0,1.5660165746978947,0.0,4.427012065480574,0.0,0.0,4.427012065480574,0.0,0.0,0.0,0.0,0.0,0.0,3.1113905287770596,3.1113905287770596,0.0,0.0,0.0,3.7744582015252535,0.0,0.9134627107425741,3.7744582015252535,0.0,0.0,0.0,0.0,0.0,3.7744582015252535,0.9134627107425741,0.0,3.7744582015252535,0.0,0.0,0.2656681645817808,0.0,0.0,0.1328340822908904,0.0,0.0,0.0,0.3985022468726711,1.1383416712827494,0.0,0.0,2.276683342565499,0.0,0.0,5.691708356413747,0.0
2.814070351758794,0.0,2.2277487477908675,2.2277487477908675,0.0,0.0,0.0,0.0,0.0,1.4211902622603196,4.253716912864095,0.0,0.0,4.253716912864095,0.0,0.0,0.0,1.4211902622603196,0.0,4.253716912864095,0.0,0.0,4.253716912864095,0.0,0.0,0.0,0.0,0.0,0.0,3.2235919451517967,3.2235919451517967,0.0,0.0,0.0,3.8290598825789264,0.0,0.9965332319751504,3.8290598825789264,0.0,0.0,0.0,0.0,0.0,3.8290598825789264,0.9965332319751504,0.0,3.8290598825789264,0.0,0.0,0.18921678067592282,0.0,0.0,0.09460839033796141,0.0,0.0,0.0,0.2838251710138842,1.0126829793761019,0.0,0.0,2.0253659587522037,0.0,0.0,5.063414896880509,0.0
2.9145728643216082,0.0,1.900324724416991,1.900324724416991,0.0,0.0,0.0,0.0,0.0,1.279005135248513,4.025166073355043,0.0,0.0,4.025166073355043,0.0,0.0,0.0,1.279005135248513,0.0,4.025166073355043,0.0,0.0,4.025166073355043,0.0,0.0,0.0,0.0,0.0,0.0,3.1959678459542507,3.1959678459542507,0.0,0.0,0.0,3.819714461241114,0.0,1.0735535231345834,3.819714461241114,0.0,0.0,0.0,0.0,0.0,3.819714461241114,1.0735535231345834,0.0,3.819714461241114,0.0,0.0,0.14337810000459178,0.0,0.0,0.07168905000229589,0.0,0.0,0.0,0.21506715000688764,0.8928249656368195,0.0,0.0,1.785649931273639,0.0,0.0,4.464124828184097,0.0
3.0150753768844223,0.0,1.6403061063135518,1.6403061063135518,0.0,0.0,0.0,0.0,0.0,1.153420493424095,3.771709223865333,0.0,0.0,3.771709223865333,0.0,0.0,0.0,1.153420493424095,0.0,3.771709223865333,0.0,0.0,3.771709223865333,0.0,0.0,0.0,0.0,0.0,0.0,3.0473136457958607,3.0473136457958607,0.0,0.0,0.0,3.7532992254726163,0.0,1.1350104950313784,3.7532992254726163,0.0,0.0,0.0,0.0,0.0,3.7532992254726163,1.1350104950313784,0.0,3.7532992254726163,0.0,0.0,0.11511366836264857,0.0,0.0,0.05755683418132428,0.0,0.0,0.0,0.17267050254397284,0.7828601662780562,0.0,0.0,1.5657203325561124,0.0,0.0,3.914300831390281,0.0
3.1155778894472363,0.0,1.4307391452317864,1.4307391452317864,0.0,0.0,0.0,0.0,0.0,1.0481491474660412,3.5093245680566354,0.0,0.0,3.5093245680566354,0.0,0.0,0.0,1.0481491474660412,0.0,3.5093245680566354,0.0,0.0,3.5093245680566354,0.0,0.0,0.0,0.0,0.0,0.0,2.813228396108899,2.813228396108899,0.0,0.0,0.0,3.635233247446926,0.0,1.1740578268563318,3.635233247446926,0.0,0.0,0.0,0.0,0.0,3.635233247446926,1.1740578268563318,0.0,3.635233247446926,0.0,0.0,0.09739899488843734,0.0,0.0,0.04869949744421867,0.0,0.0,0.0,0.14609849233265598,0.6841079862048631,0.0,0.0,1.3682159724097263,0.0,0.0,3.420539931024315,0.0
3.2160804020100504,0.0,1.2584923992208044,1.2584923992208044,0.0,0.0,0.0,0.0,0.0,0.9620140438929919,3.248594834291329,0.0,0.0,3.248594834291329,0.0,0.0,0.0,0.9620140438929919,0.0,3.248594834291329,0.0,0.0,3.248594834291329,0.0,0.0,0.0,0.0,0.0,0.0,2.5335188888402387,2.5335188888402387,0.0,0.0,0.0,3.4750149951346883,0.0,1.1884342047363508,3.4750149951346883,0.0,0.0,0.0,0.0,0.0,3.4750149951346883,1.1884342047363508,0.0,3.4750149951346883,0.0,0.0,0.0863585498471074,0.0,0.0,0.0431792749235537,0.0,0.0,0.0,0.1295378247706611,0.5965396947022262,0.0,0.0,1.1930793894044525,0.0,0.0,2.9826984735111313,0.0
3.3165829145728645,0.0,1.1142017538337536,1.1142017538337536,0.0,0.0,0.0,0.0,0.0,0.8920186090784177,2.997612122344805,0.0,0.0,2.997612122344805,0.0,0.0,0.0,0.8920186090784177,0.0,2.997612122344805,0.0,0.0,2.997612122344805,0.0,0.0,0.0,0.0,0.0,0.0,2.2419886393024986,2.2419886393024986,0.0,0.0,0.0,3.285834313086565,0.0,1.1802407998201774,3.285834313086565,0.0,0.0,0.0,0.0,0.0,3.285834313086565,1.1802407998201774,0.0,3.285834313086565,0.0,0.0,0.07979999222949485,0.0,0.0,0.03989999611474743,0.0,0.0,0.0,0.11969998834424225,0.5195015123409655,0.0,0.0,1.039003024681931,0.0,0.0,2.5975075617048278,0.0
3.4170854271356785,0.0,0.9913832471884946,0.9913832471884946,0.0,0.0,0.0,0.0,0.0,0.8348771657981084,2.7621826202377457,0.0,0.0,2.7621826202377457,0.0,0.0,0.0,0.8348771657981084,0.0,2.7621826202377457,0.0,0.0,2.7621826202377457,0.0,0.0,0.0,0.0,0.0,0.0,1.9618696617665183,1.9618696617665183,0.0,0.0,0.0,3.0815503741681654,0.0,1.154244919728528,3.0815503741681654,0.0,0.0,0.0,0.0,0.0,3.0815503741681654,1.154244919728528,0.0,3.0815503741681654,0.0,0.0,0.07646205360120323,0.0,0.0,0.038231026800601614,0.0,0.0,0.0,0.11469308040180484,0.45208016445857474,0.0,0.0,0.9041603289171495,0.0,0.0,2.2604008222928735,0.0
3.5175879396984926,0.0,0.8855530185522142,0.8855530185522142,0.0,0.0,0.0,0.0,0.0,0.7876676976443088,2.5457104060279567,0.0,0.0,2.5457104060279567,0.0,0.0,0.0,0.7876676976443088,0.0,2.5457104060279567,0.0,0.0,2.5457104060279567,0.0,0.0,0.0,0.0,0.0,0.0,1.7061016586034958,1.7061016586034958,0.0,0.0,0.0,2.874022653760014,0.0,1.1159799453763664,2.874022653760014,0.0,0.0,0.0,0.0,0.0,2.874022653760014,1.1159799453763664,0.0,2.874022653760014,0.0,0.0,0.07562117604880647,0.0,0.0,0.037810588024403236,0.0,0.0,0.0,0.11343176407320968,0.39328754721298154,0.0,0.0,0.7865750944259631,0.0,0.0,1.9664377360649077,0.0
3.6180904522613067,0.0,0.793556257716375,0.793556257716375,0.0,0.0,0.0,0.0,0.0,0.748029602467227,2.349485538663509,0.0,0.0,2.349485538663509,0.0,0.0,0.0,0.748029602467227,0.0,2.349485538663509,0.0,0.0,2.349485538663509,0.0,0.0,0.0,0.0,0.0,0.0,1.4799388199812522,1.4799388199812522,0.0,0.0,0.0,2.6719055085890036,0.0,1.0704495723927219,2.6719055085890036,0.0,0.0,0.0,0.0,0.0,2.6719055085890036,1.0704495723927219,0.0,2.6719055085890036,0.0,0.0,0.07688097473516331,0.0,0.0,0.038440487367581655,0.0,0.0,0.0,0.11532146210274494,0.34215284331598095,0.0,0.0,0.6843056866319619,0.0,0.0,1.7107642165799046,0.0
3.7185929648241207,0.0,0.7131058620059386,0.7131058620059386,0.0,0.0,0.0,0.0,0.0,0.7141525499305933,2.173257307463366,0.0,0.0,2.173257307463366,0.0,0.0,0.0,0.7141525499305933,0.0,2.173257307463366,0.0,0.0,2.173257307463366,0.0,0.0,0.0,0.0,0.0,0.0,1.2838474527574075,1.2838474527574075,0.0,0.0,0.0,2.480668538040578,0.0,1.0215637805078055,2.480668538040578,0.0,0.0,0.0,0.0,0.0,2.480668538040578,1.0215637805078055,0.0,2.480668538040578,0.0,0.0,0.08005743305729536,0.0,0.0,0.04002871652864768,0.0,0.0,0.0,0.12008614958594303,0.2977665349699774,0.0,0.0,0.5955330699399548,0.0,0.0,1.488832674849887,0.0
3.819095477386935,0.0,0.6424819375529139,0.6424819375529139,0.0,0.0,0.0,0.0,0.0,0.6846882718525086,2.0158316665432996,0.0,0.0,2.0158316665432996,0.0,0.0,0.0,0.6846882718525086,0.0,2.0158316665432996,0.0,0.0,2.0158316665432996,0.0,0.0,0.0,0.0,0.0,0.0,1.115763259906177,1.115763259906177,0.0,0.0,0.0,2.303223280833151,0.0,0.9720798861423597,2.303223280833151,0.0,0.0,0.0,0.0,0.0,2.303223280833151,0.9720798861423597,0.0,2.303223280833151,0.0,0.0,0.08511597138884897,0.0,0.0,0.04255798569442448,0.0,0.0,0.0,0.12767395708327345,0.25929912399433575,0.0,0.0,0.5185982479886715,0.0,0.0,1.2964956199716786,0.0
3.919597989949749,0.0,0.5803419979023262,0.5803419979023262,0.0,0.0,0.0,0.0,0.0,0.6586481969774299,1.8755447565741883,0.0,0.0,1.8755447565741883,0.0,0.0,0.0,0.6586481969774299,0.0,1.8755447565741883,0.0,0.0,1.8755447565741883,0.0,0.0,0.0,0.0,0.0,0.0,0.9725526342921118,0.9725526342921118,0.0,0.0,0.0,2.140679973246988,0.0,0.9237834136502298,2.140679973246988,0.0,0.0,0.0,0.0,0.0,2.140679973246988,0.9237834136502298,0.0,2.140679973246988,0.0,0.0,0.09213785530369398,0.0,0.0,0.04606892765184699,0.0,0.0,0.0,0.13820678295554095,0.22600650986258888,0.0,0.0,0.45201301972517777,0.0,0.0,1.1300325493129444,0.0
4.020100502512563,0.0,0.5256030474661356,0.5256030474661356,0.0,0.0,0.0,0.0,0.0,0.6353123281725488,1.750580904364015,0.0,0.0,1.750580904364015,0.0,0.0,0.0,0.6353123281725488,0.0,1.750580904364015,0.0,0.0,1.750580904364015,0.0,0.0,0.0,0.0,0.0,0.0,0.8508427329458347,0.8508427329458347,0.0,0.0,0.0,1.993001091944382,0.0,0.8777325157529156,1.993001091944382,0.0,0.0,0.0,0.0,0.0,1.993001091944382,0.8777325157529156,0.0,1.993001091944382,0.0,0.0,0.10130408908673157,0.0,0.0,0.05065204454336578,0.0,0.0,0.0,0.15195613363009733,0.19722843592874523,0.0,0.0,0.39445687185749045,0.0,0.0,0.9861421796437261,0.0
4.120603015075377,0.0,0.4773686692399127,0.4773686692399127,0.0,0.0,0.0,0.0,0.0,0.6141565252194169,1.6391604090541736,0.0,0.0,1.6391604090541736,0.0,0.0,0.0,0.6141565252194169,0.0,1.6391604090541736,0.0,0.0,1.6391604090541736,0.0,0.0,0.0,0.0,0.0,0.0,0.7474381273479536,0.7474381273479536,0.0,0.0,0.0,1.859484868522299,0.0,0.8344809846875423,1.859484868522299,0.0,0.0,0.0,0.0,0.0,1.859484868522299,0.8344809846875423,0.0,1.859484868522299,0.0,0.0,0.11289046385928117,0.0,0.0,0.056445231929640585,0.0,0.0,0.0,0.16933569578892174,0.17238350261201224,0.0,0.0,0.3447670052240245,0.0,0.0,0.8619175130600611,0.0
4.2211055276381915,0.0,0.434883687225461,0.434883687225461,0.0,0.0,0.0,0.0,0.0,0.5947976453217045,1.539636608275956,0.0,0.0,1.539636608275956,0.0,0.0,0.0,0.5947976453217045,0.0,1.539636608275956,0.0,0.0,1.539636608275956,0.0,0.0,0.0,0.0,0.0,0.0,0.6594961911596217,0.6594961911596217,0.0,0.0,0.0,1.7390914035832175,0.0,0.7942524406289658,1.7390914035832175,0.0,0.0,0.0,0.0,0.0,1.7390914035832175,0.7942524406289658,0.0,1.7390914035832175,0.0,0.0,0.12727039226106032,0.0,0.0,0.06363519613053016,0.0,0.0,0.0,0.19090558839159047,0.15096267461167268,0.0,0.0,0.30192534922334535,0.0,0.0,0.7548133730583633,0.0
4.3216080402010055,0.0,0.3975054665529622,0.3975054665529622,0.0,0.0,0.0,0.0,0.0,0.5769534968346296,1.4505362398231534,0.0,0.0,1.4505362398231534,0.0,0.0,0.0,0.5769534968346296,0.0,1.4505362398231534,0.0,0.0,1.4505362398231534,0.0,0.0,0.0,0.0,0.0,0.0,0.5845742646811641,0.5845742646811641,0.0,0.0,0.0,1.6306478684980381,0.0,0.7570651255095142,1.6306478684980381,0.0,0.0,0.0,0.0,0.0,1.6306478684980381,0.7570651255095142,0.0,1.6306478684980381,0.0,0.0,0.14492376627487874,0.0,0.0,0.07246188313743937,0.0,0.0,0.0,0.21738564941231808,0.13252236163512973,0.0,0.0,0.26504472327025946,0.0,0.0,0.6626118081756486,0.0
4.42211055276382,0.0,0.3646852983522765,0.3646852983522765,0.0,0.0,0.0,0.0,0.0,0.560414159756388,1.3705676683016375,0.0,0.0,1.3705676683016375,0.0,0.0,0.0,0.560414159756388,0.0,1.3705676683016375,0.0,0.0,1.3705676683016375,0.0,0.0,0.0,0.0,0.0,0.0,0.5206148166766283,0.5206148166766283,0.0,0.0,0.0,1.5329702811419867,0.0,0.7228167725967373,1.5329702811419867,0.0,0.0,0.0,0.0,0.0,1.5329702811419867,0.7228167725967373,0.0,1.5329702811419867,0.0,0.0,0.1664510315418206,0.0,0.0,0.0832255157709103,0.0,0.0,0.0,0.24967654731273084,0.11667766380776552,0.0,0.0,0.23335532761553104,0.0,0.0,0.5833883190388276,0.0
4.522613065326634,0.0,0.3359560163449412,0.3359560163449412,0.0,0.0,0.0,0.0,0.0,0.5450217138174868,1.2986124807381663,0.0,0.0,1.2986124807381663,0.0,0.0,0.0,0.5450217138174868,0.0,1.2986124807381663,0.0,0.0,1.2986124807381663,0.0,0.0,0.0,0.0,0.0,0.0,0.4659048824720525,0.4659048824720525,0.0,0.0,0.0,1.4449308987131506,0.0,0.6913401317924711,1.4449308987131506,0.0,0.0,0.0,0.0,0.0,1.4449308987131506,0.6913401317924711,0.0,1.4449308987131506,0.0,0.0,0.19259221855819578,0.0,0.0,0.09629610927909789,0.0,0.0,0.0,0.2888883278372936,0.10309611237536694,0.0,0.0,0.20619222475073387,0.0,0.0,0.5154805618768347,0.0
4.623115577889448,0.0,0.3109236918826169,0.3109236918826169,0.0,0.0,0.0,0.0,0.0,0.5306560481609134,1.2337096931717155,0.0,0.0,1.2337096931717155,0.0,0.0,0.0,0.5306560481609134,0.0,1.2337096931717155,0.0,0.0,1.2337096931717155,0.0,0.0,0.0,0.0,0.0,0.0,0.4190283722687274,0.4190283722687274,0.0,0.0,0.0,1.3654918170125767,0.0,0.6624381720017745,1.3654918170125767,0.0,0.0,0.0,0.0,0.0,1.3654918170125767,0.6624381720017745,0.0,1.3654918170125767,0.0,0.0,0.2242510130539039,0.0,0.0,0.11212550652695195,0.0,0.0,0.0,0.33637651958085585,0.09149209130637416,0.0,0.0,0.18298418261274832,0.0,0.0,0.4574604565318708,0.0
4.723618090452262,0.0,0.28926231423109194,0.28926231423109194,0.0,0.0,0.0,0.0,0.0,0.5172250313856731,1.1750377413121078,0.0,0.0,1.1750377413121078,0.0,0.0,0.0,0.5172250313856731,0.0,1.1750377413121078,0.0,0.0,1.1750377413121078,0.0,0.0,0.0,0.0,0.0,0.0,0.3788200283266162,0.3788200283266162,0.0,0.0,0.0,1.2937184279502896,0.0,0.6359057180238549,1.2937184279502896,0.0,0.0,0.0,0.0,0.0,1.2937184279502896,0.6359057180238549,0.0,1.2937184279502896,0.0,0.0,0.26252414503238447,0.0,0.0,0.13126207251619224,0.0,0.0,0.0,0.39378621754857673,0.08162205554855073,0.0,0.0,0.16324411109710146,0.0,0.0,0.40811027774275366,0.0
4.824120603015076,0.0,0.2707110392333527,0.2707110392333527,0.0,0.0,0.0,0.0,0.0,0.5046578065890075,1.1218969725020231,0.0,0.0,1.1218969725020231,0.0,0.0,0.0,0.5046578065890075,0.0,1.1218969725020231,0.0,0.0,1.1218969725020231,0.0,0.0,0.0,0.0,0.0,0.0,0.3443247452347766,0.3443247452347766,0.0,0.0,0.0,1.2287814405534774,0.0,0.6115422746404617,1.2287814405534774,0.0,0.0,0.0,0.0,0.0,1.2287814405534774,0.6115422746404617,0.0,1.2287814405534774,0.0,0.0,0.3087364489584088,0.0,0.0,0.1543682244792044,0.0,0.0,0.0,0.4631046734376132,0.07328064409997713,0.0,0.0,0.14656128819995426,0.0,0.0,0.36640322049988566,0.0
4.92462311557789,0.0,0.2550740903230532,0.2550740903230532,0.0,0.0,0.0,0.0,0.0,0.49290035499449913,1.0736939675179809,0.0,0.0,1.0736939675179809,0.0,0.0,0.0,0.49290035499449913,0.0,1.0736939675179809,0.0,0.0,1.0736939675179809,0.0,0.0,0.0,0.0,0.0,0.0,0.3147633978016439,0.3147633978016439,0.0,0.0,0.0,1.1699528681807065,0.0,0.5891592556572247,1.1699528681807065,0.0,0.0,0.0,0.0,0.0,1.1699528681807065,0.5891592556572247,0.0,1.1699528681807065,0.0,0.0,0.3644818795965928,0.0,0.0,0.1822409397982964,0.0,0.0,0.0,0.5467228193948891,0.06629781028706716,0.0,0.0,0.13259562057413432,0.0,0.0,0.3314890514353358,0.0
5.025125628140704,0.0,0.24222384591772425,0.24222384591772425,0.0,0.0,0.0,0.0,0.0,0.48191275882249063,1.0299282855099179,0.0,0.0,1.0299282855099179,0.0,0.0,0.0,0.48191275882249063,0.0,1.0299282855099179,0.0,0.0,1.0299282855099179,0.0,0.0,0.0,0.0,0.0,0.0,0.2895051952362764,0.2895051952362764,0.0,0.0,0.0,1.1165992761885324,0.0,0.5685837495011052,1.1165992761885324,0.0,0.0,0.0,0.0,0.0,1.1165992761885324,0.5685837495011052,0.0,1.1165992761885324,0.0,0.0,0.43167048371664196,0.0,0.0,0.21583524185832098,0.0,0.0,0.0,0.6475057255749629,0.060537163396828936,0.0,0.0,0.12107432679365787,0.0,0.0,0.30268581698414465,0.0
5.125628140703518,0.0,0.23210816389129005,0.23210816389129005,0.0,0.0,0.0,0.0,0.0,0.4716678123198211,0.9901818912982758,0.0,0.0,0.9901818912982758,0.0,0.0,0.0,0.4716678123198211,0.0,0.9901818912982758,0.0,0.0,0.9901818912982758,0.0,0.0,0.0,0.0,0.0,0.0,0.2680461727683563,0.2680461727683563,0.0,0.0,0.0,1.0681743117047755,0.0,0.5496602327263207,1.0681743117047755,0.0,0.0,0.0,0.0,0.0,1.0681743117047755,0.5496602327263207,0.0,1.0681743117047755,0.0,0.0,0.5125807064919855,0.0,0.0,0.25629035324599275,0.0,0.0,0.0,0.7688710597379781,0.05589584918677557,0.0,0.0,0.11179169837355114,0.0,0.0,0.27947924593387785,0.0
5.226130653266332,0.0,0.22476377594682057,0.22476377594682057,0.0,0.0,0.0,0.0,0.0,0.4621508312160486,0.954111419345497,0.0,0.0,0.954111419345497,0.0,0.0,0.0,0.4621508312160486,0.0,0.954111419345497,0.0,0.0,0.954111419345497,0.0,0.0,0.0,0.0,0.0,0.0,0.24999339014268776,0.24999339014268776,0.0,0.0,0.0,1.0242117006449902,0.0,0.5322511125155417,1.0242117006449902,0.0,0.0,0.0,0.0,0.0,1.0242117006449902,0.5322511125155417,0.0,1.0242117006449902,0.0,0.0,0.6099151063475925,0.0,0.0,0.30495755317379625,0.0,0.0,0.0,0.9148726595213887,0.05230654617171135,0.0,0.0,0.1046130923434227,0.0,0.0,0.2615327308585567,0.0
5.326633165829146,0.0,0.22033873623699138,0.22033873623699138,0.0,0.0,0.0,0.0,0.0,0.453360673745704,0.9214435435455319,0.0,0.0,0.9214435435455319,0.0,0.0,0.0,0.453360673745704,0.0,0.9214435435455319,0.0,0.0,0.9214435435455319,0.0,0.0,0.0,0.0,0.0,0.0,0.23505464732226444,0.23505464732226444,0.0,0.0,0.0,0.9843196068027178,0.0,0.5162367370028899,0.9843196068027178,0.0,0.0,0.0,0.0,0.0,0.9843196068027178,0.5162367370028899,0.0,0.9843196068027178,0.0,0.0,0.726855191984919,0.0,0.0,0.3634275959924595,0.0,0.0,0.0,1.0902827879773784,0.04974257090930382,0.0,0.0,0.09948514181860764,0.0,0.0,0.2487128545465191,0.0
5.42713567839196,0.0,0.21912894613044043,0.21912894613044043,0.0,0.0,0.0,0.0,0.0,0.44531220659104526,0.8919739611003625,0.0,0.0,0.8919739611003625,0.0,0.0,0.0,0.44531220659104526,0.0,0.8919739611003625,0.0,0.0,0.8919739611003625,0.0,0.0,0.0,0.0,0.0,0.0,0.22303387445707332,0.22303387445707332,0.0,0.0,0.0,0.9481770373808595,0.0,0.5015152828715421,0.9481770373808595,0.0,0.0,0.0,0.0,0.0,0.9481770373808595,0.5015152828715421,0.0,0.9481770373808595,0.0,0.0,0.8671065349469965,0.0,0.0,0.43355326747349826,0.0,0.0,0.0,1.3006598024204947,0.0482278674334532,0.0,0.0,0.0964557348669064,0.0,0.0,0.241139337167266,0.0
5.527638190954774,0.0,0.22163718884507172,0.22163718884507172,0.0,0.0,0.0,0.0,0.0,0.43804074378018454,0.8655710069252259,0.0,0.0,0.8655710069252259,0.0,0.0,0.0,0.43804074378018454,0.0,0.8655710069252259,0.0,0.0,0.8655710069252259,0.0,0.0,0.0,0.0,0.0,0.0,0.21383292491971825,0.21383292491971825,0.0,0.0,0.0,0.9155331135826055,0.0,0.48800285043756403,0.9155331135826055,0.0,0.0,0.0,0.0,0.0,0.9155331135826055,0.48800285043756403,0.0,0.9155331135826055,0.0,0.0,1.0349168467298675,0.0,0.0,0.5174584233649338,0.0,0.0,0.0,1.5523752700948013,0.04785505847077148,0.0,0.0,0.09571011694154297,0.0,0.0,0.2392752923538574,0.0
5.628140703517588,0.0,0.22866920899817053,0.22866920899817053,0.0,0.0,0.0,0.0,0.0,0.4316094275642808,0.8421857196890148,0.0,0.0,0.8421857196890148,0.0,0.0,0.0,0.4316094275642808,0.0,0.8421857196890148,0.0,0.0,0.8421857196890148,0.0,0.0,0.0,0.0,0.0,0.0,0.207461350507758,0.207461350507758,0.0,0.0,0.0,0.8862103560534995,0.0,0.4756340639287655,0.8862103560534995,0.0,0.0,0.0,0.0,0.0,0.8862103560534995,0.4756340639287655,0.0,0.8862103560534995,0.0,0.0,1.2350336942462667,0.0,0.0,0.6175168471231334,0.0,0.0,0.0,1.8525505413694,0.04881744150699427,0.0,0.0,0.09763488301398854,0.0,0.0,0.24408720753497132,0.0
5.728643216080402,0.0,0.24149209369347202,0.24149209369347202,0.0,0.0,0.0,0.0,0.0,0.42612132474626263,0.8218717370301756,0.0,0.0,0.8218717370301756,0.0,0.0,0.0,0.42612132474626263,0.0,0.8218717370301756,0.0,0.0,0.8218717370301756,0.0,0.0,0.0,0.0,0.0,0.0,0.2040570397003149,0.2040570397003149,0.0,0.0,0.0,0.860113950672382,0.0,0.4643635383884691,0.860113950672382,0.0,0.0,0.0,0.0,0.0,0.860113950672382,0.4643635383884691,0.0,0.860113950672382,0.0,0.0,1.4725377903358927,0.0,0.0,0.7362688951679464,0.0,0.0,0.0,2.208806685503839,0.051465943159167804,0.0,0.0,0.10293188631833561,0.0,0.0,0.257329715795839,0.0
5.8291457286432165,0.0,0.2621003306192441,0.2621003306192441,0.0,0.0,0.0,0.0,0.0,0.42173944572542477,0.8048211446587036,0.0,0.0,0.8048211446587036,0.0,0.0,0.0,0.42173944572542477,0.0,0.8048211446587036,0.0,0.0,0.8048211446587036,0.0,0.0,0.0,0.0,0.0,0.0,0.20392275797701254,0.20392275797701254,0.0,0.0,0.0,0.8372503839069458,0.0,0.4541686849736671,0.8372503839069458,0.0,0.0,0.0,0.0,0.0,0.8372503839069458,0.4541686849736671,0.0,0.8372503839069458,0.0,0.0,1.7524261085678559,0.0,0.0,0.8762130542839279,0.0,0.0,0.0,2.6286391628517833,0.056412621066230476,0.0,0.0,0.11282524213246095,0.0,0.0,0.28206310533115236,0.0
5.9296482412060305,0.0,0.29367000895637096,0.29367000895637096,0.0,0.0,0.0,0.0,0.0,0.4187205591201317,0.7914275904494356,0.0,0.0,0.7914275904494356,0.0,0.0,0.0,0.4187205591201317,0.0,0.7914275904494356,0.0,0.0,0.7914275904494356,0.0,0.0,0.0,0.0,0.0,0.0,0.20758701792779505,0.20758701792779505,0.0,0.0,0.0,0.8177616425866097,0.0,0.44505461125730583,0.8177616425866097,0.0,0.0,0.0,0.0,0.0,0.8177616425866097,0.44505461125730583,0.0,0.8177616425866097,0.0,0.0,2.0786988035480194,0.0,0.0,1.0393494017740097,0.0,0.0,0.0,3.1180482053220286,0.06472309237552064,0.0,0.0,0.12944618475104128,0.0,0.0,0.3236154618776032,0.0
6.030150753768845,0.0,0.34134378720265507,0.34134378720265507,0.0,0.0,0.0,0.0,0.0,0.41747386144308263,0.7823980486143729,0.0,0.0,0.7823980486143729,0.0,0.0,0.0,0.41747386144308263,0.0,0.7823980486143729,0.0,0.0,0.7823980486143729,0.0,0.0,0.0,0.0,0.0,0.0,0.21590339032890912,0.21590339032890912,0.0,0.0,0.0,0.8019865051687047,0.0,0.4370623179974145,0.8019865051687047,0.0,0.0,0.0,0.0,0.0,0.8019865051687047,0.4370623179974145,0.0,0.8019865051687047,0.0,0.0,2.452460282852229,0.0,0.0,1.2262301414261145,0.0,0.0,0.0,3.6786904242783436,0.07828264557149182,0.0,0.0,0.15656529114298365,0.0,0.0,0.3914132278574591,0.0
6.130653266331659,0.0,0.4135845273646089,0.4135845273646089,0.0,0.0,0.0,0.0,0.0,0.4186656704156519,0.7789544546057013,0.0,0.0,0.7789544546057013,0.0,0.0,0.0,0.4186656704156519,0.0,0.7789544546057013,0.0,0.0,0.7789544546057013,0.0,0.0,0.0,0.0,0.0,0.0,0.2302113097336465,0.2302113097336465,0.0,0.0,0.0,0.7905709993909689,0.0,0.4302822152009194,0.7905709993909689,0.0,0.0,0.0,0.0,0.0,0.7905709993909689,0.4302822152009194,0.0,0.7905709993909689,0.0,0.0,2.8680746653320437,0.0,0.0,1.4340373326660218,0.0,0.0,0.0,4.3021119979980655,0.10050140658070233,0.0,0.0,0.20100281316140467,0.0,0.0,0.5025070329035116,0.0
6.231155778894473,0.0,0.5244257719103291,0.5244257719103291,0.0,0.0,0.0,0.0,0.0,0.42341076476214634,0.7832052113741635,0.0,0.0,0.7832052113741635,0.0,0.0,0.0,0.42341076476214634,0.0,0.7832052113741635,0.0,0.0,0.7832052113741635,0.0,0.0,0.0,0.0,0.0,0.0,0.25259417428275177,0.25259417428275177,0.0,0.0,0.0,0.7846708037520322,0.0,0.4248763571400151,0.7846708037520322,0.0,0.0,0.0,0.0,0.0,0.7846708037520322,0.4248763571400151,0.0,0.7846708037520322,0.0,0.0,3.3056156960240375,0.0,0.0,1.6528078480120187,0.0,0.0,0.0,4.958423544036056,0.137649635481988,0.0,0.0,0.275299270963976,0.0,0.0,0.6882481774099399,0.0
6.331658291457287,0.0,0.6967672976711871,0.6967672976711871,0.0,0.0,0.0,0.0,0.0,0.43362583760507817,0.7988385406286196,0.0,0.0,0.7988385406286196,0.0,0.0,0.0,0.43362583760507817,0.0,0.7988385406286196,0.0,0.0,0.7988385406286196,0.0,0.0,0.0,0.0,0.0,0.0,0.28628299197111506,0.28628299197111506,0.0,0.0,0.0,0.7863277189559595,0.0,0.4211150159324182,0.7863277189559595,0.0,0.0,0.0,0.0,0.0,0.7863277189559595,0.4211150159324182,0.0,0.7863277189559595,0.0,0.0,3.717085480234836,0.0,0.0,1.858542740117418,0.0,0.0,0.0,5.575628220352254,0.20116055059406018,0.0,0.0,0.40232110118812037,0.0,0.0,1.0058027529703009,0.0
6.432160804020101,0.0,0.9653404318817077,0.9653404318817077,0.0,0.0,0.0,0.0,0.0,0.4526679646180872,0.8323986223649613,0.0,0.0,0.8323986223649613,0.0,0.0,0.0,0.4526679646180872,0.0,0.8323986223649613,0.0,0.0,0.8323986223649613,0.0,0.0,0.0,0.0,0.0,0.0,0.33624189998116,0.33624189998116,0.0,0.0,0.0,0.7991668531790492,0.0,0.41943619543217525,0.7991668531790492,0.0,0.0,0.0,0.0,0.0,0.7991668531790492,0.41943619543217525,0.0,0.7991668531790492,0.0,0.0,4.006215945715162,0.0,0.0,2.003107972857581,0.0,0.0,0.0,6.009323918572743,0.31041049637815976,0.0,0.0,0.6208209927563195,0.0,0.0,1.5520524818907988,0.0
6.532663316582915,0.0,1.3724022109882794,1.3724022109882794,0.0,0.0,0.0,0.0,0.0,0.486376628551281,0.8954565867918491,0.0,0.0,0.8954565867918491,0.0,0.0,0.0,0.486376628551281,0.0,0.8954565867918491,0.0,0.0,0.8954565867918491,0.0,0.0,0.0,0.0,0.0,0.0,0.40984683382060516,0.40984683382060516,0.0,0.0,0.0,0.8296182142203543,0.0,0.4205382559797863,0.8296182142203543,0.0,0.0,0.0,0.0,0.0,0.8296182142203543,0.4205382559797863,0.0,0.8296182142203543,0.0,0.0,4.018706946788942,0.0,0.0,2.009353473394471,0.0,0.0,0.0,6.028060420183413,0.49108901547958983,0.0,0.0,0.9821780309591797,0.0,0.0,2.455445077397949,0.0
6.633165829145729,0.0,1.9394452813797358,1.9394452813797358,0.0,0.0,0.0,0.0,0.0,0.5443034198201481,1.0075124160441162,0.0,0.0,1.0075124160441162,0.0,0.0,0.0,0.5443034198201481,0.0,1.0075124160441162,0.0,0.0,1.0075124160441162,0.0,0.0,0.0,0.0,0.0,0.0,0.5171111434864178,0.5171111434864178,0.0,0.0,0.0,0.8887152298399761,0.0,0.42550623361600803,0.8887152298399761,0.0,0.0,0.0,0.0,0.0,0.8887152298399761,0.42550623361600803,0.0,0.8887152298399761,0.0,0.0,3.604088026944262,0.0,0.0,1.802044013472131,0.0,0.0,0.0,5.406132040416392,0.7546684909932581,0.0,0.0,1.5093369819865161,0.0,0.0,3.77334245496629,0.0
6.733668341708543,0.0,2.6093919881565473,2.6093919881565473,0.0,0.0,0.0,0.0,0.0,0.639698060745433,1.1974211871057703,0.0,0.0,1.1974211871057703,0.0,0.0,0.0,0.639698060745433,0.0,1.1974211871057703,0.0,0.0,1.1974211871057703,0.0,0.0,0.0,0.0,0.0,0.0,0.6690217042202059,0.6690217042202059,0.0,0.0,0.0,0.9936499804377352,0.0,0.4359268540773978,0.9936499804377352,0.0,0.0,0.0,0.0,0.0,0.9936499804377352,0.4359268540773978,0.0,0.9936499804377352,0.0,0.0,2.795247720343088,0.0,0.0,1.397623860171544,0.0,0.0,0.0,4.192871580514632,1.0551340335099504,0.0,0.0,2.1102680670199008,0.0,0.0,5.275670167549752,0.0
6.834170854271357,0.0,3.2228145724245323,3.2228145724245323,0.0,0.0,0.0,0.0,0.0,0.7849510703988108,1.4974489811528118,0.0,0.0,1.4974489811528118,0.0,0.0,0.0,0.7849510703988108,0.0,1.4974489811528118,0.0,0.0,1.4974489811528118,0.0,0.0,0.0,0.0,0.0,0.0,0.8725979666046444,0.8725979666046444,0.0,0.0,0.0,1.1663465247778033,0.0,0.45384861402380244,1.1663465247778033,0.0,0.0,0.0,0.0,0.0,1.1663465247778033,0.45384861402380244,0.0,1.1663465247778033,0.0,0.0,1.8867092140209516,0.0,0.0,0.9433546070104758,0.0,0.0,0.0,2.8300638210314273,1.290231018462134,0.0,0.0,2.580462036924268,0.0,0.0,6.451155092310669,0.0
6.934673366834171,0.0,3.599883619465252,3.599883619465252,0.0,0.0,0.0,0.0,0.0,0.9795299503066942,1.922574059806857,0.0,0.0,1.922574059806857,0.0,0.0,0.0,0.9795299503066942,0.0,1.922574059806857,0.0,0.0,1.922574059806857,0.0,0.0,0.0,0.0,0.0,0.0,1.1246771655209695,1.1246771655209695,0.0,0.0,0.0,1.4244199516604217,0.0,0.48137584216025886,1.4244199516604217,0.0,0.0,0.0,0.0,0.0,1.4244199516604217,0.48137584216025886,0.0,1.4244199516604217,0.0,0.0,1.1688438792351978,0.0,0.0,0.5844219396175989,0.0,0.0,0.0,1.7532658188527965,1.3924391825002191,0.0,0.0,2.7848783650004383,0.0,0.0,6.9621959125010955,0.0
7.035175879396985,0.0,3.6497333242060095,3.6497333242060095,0.0,0.0,0.0,0.0,0.0,1.1947698545811922,2.4369473988734347,0.0,0.0,2.4369473988734347,0.0,0.0,0.0,1.1947698545811922,0.0,2.4369473988734347,0.0,0.0,2.4369473988734347,0.0,0.0,0.0,0.0,0.0,0.0,1.4092887450808689,1.4092887450808689,0.0,0.0,0.0,1.7620172186568377,0.0,0.5198396743645949,1.7620172186568377,0.0,0.0,0.0,0.0,0.0,1.7620172186568377,0.5198396743645949,0.0,1.7620172186568377,0.0,0.0,0.7099957763260464,0.0,0.0,0.3549978881630232,0.0,0.0,0.0,1.0649936644890694,1.3757034945793327,0.0,0.0,2.7514069891586654,0.0,0.0,6.878517472896664,0.0
7.135678391959799,0.0,3.4085141889917603,3.4085141889917603,0.0,0.0,0.0,0.0,0.0,1.3750028498360016,2.939584854520502,0.0,0.0,2.939584854520502,0.0,0.0,0.0,1.3750028498360016,0.0,2.939584854520502,0.0,0.0,2.939584854520502,0.0,0.0,0.0,0.0,0.0,0.0,1.7001481730858965,1.7001481730858965,0.0,0.0,0.0,2.1335197362939695,0.0,0.568937731609469,2.1335197362939695,0.0,0.0,0.0,0.0,0.0,2.1335197362939695,0.568937731609469,0.0,2.1335197362939695,0.0,0.0,0.4436053444074009,0.0,0.0,0.22180267220370045,0.0,0.0,0.0,0.6654080166111013,1.2882519099314096,0.0,0.0,2.576503819862819,0.0,0.0,6.4412595496570475,0.0
7.236180904522613,0.0,2.9999147856956165,2.9999147856956165,0.0,0.0,0.0,0.0,0.0,1.4705597219345166,3.31343334358403,0.0,0.0,3.31343334358403,0.0,0.0,0.0,1.4705597219345166,0.0,3.31343334358403,0.0,0.0,3.31343334358403,0.0,0.0,0.0,0.0,0.0,0.0,1.9662837276177638,1.9662837276177638,0.0,0.0,0.0,2.4694628020009306,0.0,0.6265891803514172,2.4694628020009306,0.0,0.0,0.0,0.0,0.0,2.4694628020009306,0.6265891803514172,0.0,2.4694628020009306,0.0,0.0,0.2922520523153033,0.0,0.0,0.14612602615765166,0.0,0.0,0.0,0.4383780784729549,1.1699229770935435,0.0,0.0,2.339845954187087,0.0,0.0,5.849614885467718,0.0
7.336683417085427,0.0,2.552997245782085,2.552997245782085,0.0,0.0,0.0,0.0,0.0,1.4720245832309045,3.5022816271453143,0.0,0.0,3.5022816271453143,0.0,0.0,0.0,1.4720245832309045,0.0,3.5022816271453143,0.0,0.0,3.5022816271453143,0.0,0.0,0.0,0.0,0.0,0.0,2.178700732921908,2.178700732921908,0.0,0.0,0.0,2.7198708815645447,0.0,0.6896138376501352,2.7198708815645447,0.0,0.0,0.0,0.0,0.0,2.7198708815645447,0.6896138376501352,0.0,2.7198708815645447,0.0,0.0,0.20486456710079815,0.0,0.0,0.10243228355039907,0.0,0.0,0.0,0.30729685065119716,1.0440122884926581,0.0,0.0,2.0880245769853163,0.0,0.0,5.22006144246329,0.0
7.437185929648241,0.0,2.146250082003017,2.146250082003017,0.0,0.0,0.0,0.0,0.0,1.4056108109545087,3.5261769936409886,0.0,0.0,3.5261769936409886,0.0,0.0,0.0,1.4056108109545087,0.0,3.5261769936409886,0.0,0.0,3.5261769936409886,0.0,0.0,0.0,0.0,0.0,0.0,2.3162832931328095,2.3162832931328095,0.0,0.0,0.0,2.8748881351643734,0.0,0.7543219524778934,2.8748881351643734,0.0,0.0,0.0,0.0,0.0,2.8748881351643734,0.7543219524778934,0.0,2.8748881351643734,0.0,0.0,0.15288023643455104,0.0,0.0,0.07644011821727552,0.0,0.0,0.0,0.2293203546518265,0.9221532549308903,0.0,0.0,1.8443065098617806,0.0,0.0,4.610766274654451,0.0
7.5376884422110555,0.0,1.806655091682181,1.806655091682181,0.0,0.0,0.0,0.0,0.0,1.3058035440964608,3.4384281355075546,0.0,0.0,3.4384281355075546,0.0,0.0,0.0,1.3058035440964608,0.0,3.4384281355075546,0.0,0.0,3.4384281355075546,0.0,0.0,0.0,0.0,0.0,0.0,2.3695093672601404,2.3695093672601404,0.0,0.0,0.0,2.949219323847183,0.0,0.8165947324360895,2.949219323847183,0.0,0.0,0.0,0.0,0.0,2.949219323847183,0.8165947324360895,0.0,2.949219323847183,0.0,0.0,0.12102690897116669,0.0,0.0,0.060513454485583346,0.0,0.0,0.0,0.18154036345675,0.8094976419142642,0.0,0.0,1.6189952838285284,0.0,0.0,4.047488209571321,0.0
7.63819095477387,0.0,1.5327895289445008,1.5327895289445008,0.0,0.0,0.0,0.0,0.0,1.1980490062738185,3.2875599589016047,0.0,0.0,3.2875599589016047,0.0,0.0,0.0,1.1980490062738185,0.0,3.2875599589016047,0.0,0.0,3.2875599589016047,0.0,0.0,0.0,0.0,0.0,0.0,2.341223616097283,2.341223616097283,0.0,0.0,0.0,2.961558315334008,0.0,0.8720473627062216,2.961558315334008,0.0,0.0,0.0,0.0,0.0,2.961558315334008,0.8720473627062216,0.0,2.961558315334008,0.0,0.0,0.10111316559514721,0.0,0.0,0.05055658279757361,0.0,0.0,0.0,0.1516697483927208,0.7078898536992163,0.0,0.0,1.4157797073984326,0.0,0.0,3.539449268496081,0.0
7.738693467336684,0.0,1.3134719268591684,1.3134719268591684,0.0,0.0,0.0,0.0,0.0,1.096216452596113,3.1059755211628426,0.0,0.0,3.1059755211628426,0.0,0.0,0.0,1.096216452596113,0.0,3.1059755211628426,0.0,0.0,3.1059755211628426,0.0,0.0,0.0,0.0,0.0,0.0,2.2444496994969696,2.2444496994969696,0.0,0.0,0.0,2.9264389194333726,0.0,0.9166798508666427,2.9264389194333726,0.0,0.0,0.0,0.0,0.0,2.9264389194333726,0.9166798508666427,0.0,2.9264389194333726,0.0,0.0,0.08864893741816261,0.0,0.0,0.044324468709081306,0.0,0.0,0.0,0.1329734061272439,0.6175523965461919,0.0,0.0,1.2351047930923837,0.0,0.0,3.0877619827309593,0.0
7.839195979899498,0.0,1.1366487552473168,1.1366487552473168,0.0,0.0,0.0,0.0,0.0,1.0060090952947707,2.9128560040002576,0.0,0.0,2.9128560040002576,0.0,0.0,0.0,1.0060090952947707,0.0,2.9128560040002576,0.0,0.0,2.9128560040002576,0.0,0.0,0.0,0.0,0.0,0.0,2.098130372902999,2.098130372902999,0.0,0.0,0.0,2.854575372406286,0.0,0.9477284637007989,2.854575372406286,0.0,0.0,0.0,0.0,0.0,2.854575372406286,0.9477284637007989,0.0,2.854575372406286,0.0,0.0,0.08110915291948861,0.0,0.0,0.04055457645974431,0.0,0.0,0.0,0.12166372937923292,0.537944301909669,0.0,0.0,1.075888603819338,0.0,0.0,2.689721509548345,0.0
7.939698492462312,0.0,0.9922941488201668,0.9922941488201668,0.0,0.0,0.0,0.0,0.0,0.9286148374166234,2.7193591151803194,0.0,0.0,2.7193591151803194,0.0,0.0,0.0,0.9286148374166234,0.0,2.7193591151803194,0.0,0.0,2.7193591151803194,0.0,0.0,0.0,0.0,0.0,0.0,1.9223990838526304,1.9223990838526304,0.0,0.0,0.0,2.754946122064122,0.0,0.9642018443004254,2.754946122064122,0.0,0.0,0.0,0.0,0.0,2.754946122064122,0.9642018443004254,0.0,2.754946122064122,0.0,0.0,0.07704538339848874,0.0,0.0,0.03852269169924437,0.0,0.0,0.0,0.11556807509773309,0.4681950969442885,0.0,0.0,0.936390193888577,0.0,0.0,2.3409754847214423,0.0
8.040201005025127,0.0,0.8728026342392425,0.8728026342392425,0.0,0.0,0.0,0.0,0.0,0.8631251563142358,2.5321446471205404,0.0,0.0,2.5321446471205404,0.0,0.0,0.0,0.8631251563142358,0.0,2.5321446471205404,0.0,0.0,2.5321446471205404,0.0,0.0,0.0,0.0,0.0,0.0,1.7349150495083947,1.7349150495083947,0.0,0.0,0.0,2.6358662329018787,0.0,0.9668467420955743,2.6358662329018787,0.0,0.0,0.0,0.0,0.0,2.6358662329018787,0.9668467420955743,0.0,2.6358662329018787,0.0,0.0,0.075623793199465,0.0,0.0,0.0378118965997325,0.0,0.0,0.0,0.11343568979919749,0.4073241986808751,0.0,0.0,0.8146483973617502,0.0,0.0,2.0366209934043753,0.0
8.14070351758794,0.0,0.7725995671172107,0.7725995671172107,0.0,0.0,0.0,0.0,0.0,0.8078695277888014,2.355196640772561,0.0,0.0,2.355196640772561,0.0,0.0,0.0,0.8078695277888014,0.0,2.355196640772561,0.0,0.0,2.355196640772561,0.0,0.0,0.0,0.0,0.0,0.0,1.5489853344136157,1.5489853344136157,0.0,0.0,0.0,2.5049861530634794,0.0,0.9576590400797196,2.5049861530634794,0.0,0.0,0.0,0.0,0.0,2.5049861530634794,0.9576590400797196,0.0,2.5049861530634794,0.0,0.0,0.076379253658036,0.0,0.0,0.038189626829018,0.0,0.0,0.0,0.11456888048705396,0.35435091332650526,0.0,0.0,0.7087018266530105,0.0,0.0,1.771754566632526,0.0
8.241206030150755,0.0,0.6876287390190073,0.6876287390190073,0.0,0.0,0.0,0.0,0.0,0.7610694123479698,2.190719794021238,0.0,0.0,2.190719794021238,0.0,0.0,0.0,0.7610694123479698,0.0,2.190719794021238,0.0,0.0,2.190719794021238,0.0,0.0,0.0,0.0,0.0,0.0,1.3733004226298466,1.3733004226298466,0.0,0.0,0.0,2.36888822153249,0.0,0.9392378398592215,2.36888822153249,0.0,0.0,0.0,0.0,0.0,2.36888822153249,0.9392378398592215,0.0,2.36888822153249,0.0,0.0,0.07908176855177178,0.0,0.0,0.03954088427588589,0.0,0.0,0.0,0.11862265282765765,0.30834780523564903,0.0,0.0,0.6166956104712981,0.0,0.0,1.541739026178245,0.0
8.341708542713569,0.0,0.6149174910500255,0.6149174910500255,0.0,0.0,0.0,0.0,0.0,0.7211178049698775,2.0396593796332705,0.0,0.0,2.0396593796332705,0.0,0.0,0.0,0.7211178049698775,0.0,2.0396593796332705,0.0,0.0,2.0396593796332705,0.0,0.0,0.0,0.0,0.0,0.0,1.21264684478355,1.21264684478355,0.0,0.0,0.0,2.232776090560883,0.0,0.9142345158974899,2.232776090560883,0.0,0.0,0.0,0.0,0.0,2.232776090560883,0.9142345158974899,0.0,2.232776090560883,0.0,0.0,0.08366320683328451,0.0,0.0,0.04183160341664226,0.0,0.0,0.0,0.12549481024992676,0.2684643497275257,0.0,0.0,0.5369286994550514,0.0,0.0,1.3423217486376284,0.0
8.442211055276383,0.0,0.5522537727467159,0.5522537727467159,0.0,0.0,0.0,0.0,0.0,0.6866692106623702,1.902080769942025,0.0,0.0,1.902080769942025,0.0,0.0,0.0,0.6866692106623702,0.0,1.902080769942025,0.0,0.0,1.902080769942025,0.0,0.0,0.0,0.0,0.0,0.0,1.0689663937616611,1.0689663937616611,0.0,0.0,0.0,2.100416697421245,0.0,0.8850051381415899,2.100416697421245,0.0,0.0,0.0,0.0,0.0,2.100416697421245,0.8850051381415899,0.0,2.100416697421245,0.0,0.0,0.09017774500284788,0.0,0.0,0.04508887250142394,0.0,0.0,0.0,0.1352666175042718,0.23393490722476784,0.0,0.0,0.4678698144495357,0.0,0.0,1.1696745361238392,0.0
8.542713567839197,0.0,0.4979596734671332,0.4979596734671332,0.0,0.0,0.0,0.0,0.0,0.6566419463231757,1.7774736837023495,0.0,0.0,1.7774736837023495,0.0,0.0,0.0,0.6566419463231757,0.0,1.7774736837023495,0.0,0.0,1.7774736837023495,0.0,0.0,0.0,0.0,0.0,0.0,0.9423617455116546,0.9423617455116546,0.0,0.0,0.0,1.9742890466899778,0.0,0.853457309310804,1.9742890466899778,0.0,0.0,0.0,0.0,0.0,1.9742890466899778,0.853457309310804,0.0,1.9742890466899778,0.0,0.0,0.0987821175661372,0.0,0.0,0.0493910587830686,0.0,0.0,0.0,0.1481731763492058,0.2040784990662674,0.0,0.0,0.4081569981325348,0.0,0.0,1.020392495331337,0.0
8.643216080402011,0.0,0.45073670768673,0.45073670768673,0.0,0.0,0.0,0.0,0.0,0.6301856452017337,1.6649900592845999,0.0,0.0,1.6649900592845999,0.0,0.0,0.0,0.6301856452017337,0.0,1.6649900592845999,0.0,0.0,1.6649900592845999,0.0,0.0,0.0,0.0,0.0,0.0,0.8318800773303621,0.8318800773303621,0.0,0.0,0.0,1.855835821226079,0.0,0.8210314071432131,1.855835821226079,0.0,0.0,0.0,0.0,0.0,1.855835821226079,0.8210314071432131,0.0,1.855835821226079,0.0,0.0,0.10972826349124554,0.0,0.0,0.05486413174562277,0.0,0.0,0.0,0.1645923952368683,0.17829445656552662,0.0,0.0,0.35658891313105323,0.0,0.0,0.891472282827633,0.0
8.743718592964825,0.0,0.4095611468947164,0.4095611468947164,0.0,0.0,0.0,0.0,0.0,0.6066395033714103,1.5636176377713613,0.0,0.0,1.5636176377713613,0.0,0.0,0.0,0.6066395033714103,0.0,1.5636176377713613,0.0,0.0,1.5636176377713613,0.0,0.0,0.0,0.0,0.0,0.0,0.7360530859098796,0.7360530859098796,0.0,0.0,0.0,1.745731693211673,0.0,0.788753558811722,1.745731693211673,0.0,0.0,0.0,0.0,0.0,1.745731693211673,0.788753558811722,0.0,1.745731693211673,0.0,0.0,0.12336441297866299,0.0,0.0,0.061682206489331495,0.0,0.0,0.0,0.18504661946799447,0.15605618177982783,0.0,0.0,0.31211236355965566,0.0,0.0,0.7802809088991391,0.0
8.84422110552764,0.0,0.3736132248437996,0.3736132248437996,0.0,0.0,0.0,0.0,0.0,0.5854924965086546,1.4722973253749707,0.0,0.0,1.4722973253749707,0.0,0.0,0.0,0.5854924965086546,0.0,1.4722973253749707,0.0,0.0,1.4722973253749707,0.0,0.0,0.0,0.0,0.0,0.0,0.6532359960555031,0.6532359960555031,0.0,0.0,0.0,1.6441201097233848,0.0,0.7573152808570687,1.6441201097233848,0.0,0.0,0.0,0.0,0.0,1.6441201097233848,0.7573152808570687,0.0,1.6441201097233848,0.0,0.0,0.14014253412571714,0.0,0.0,0.07007126706285857,0.0,0.0,0.0,0.2102138011885757,0.13690426557186836,0.0,0.0,0.2738085311437367,0.0,0.0,0.6845213278593417,0.0
8.944723618090453,0.0,0.34222902371441355,0.34222902371441355,0.0,0.0,0.0,0.0,0.0,0.5663495841554699,1.3899964216991099,0.0,0.0,1.3899964216991099,0.0,0.0,0.0,0.5663495841554699,0.0,1.3899964216991099,0.0,0.0,1.3899964216991099,0.0,0.0,0.0,0.0,0.0,0.0,0.5818027943296635,0.5818027943296635,0.0,0.0,0.0,1.550800931575374,0.0,0.7271540940317339,1.550800931575374,0.0,0.0,0.0,0.0,0.0,1.550800931575374,0.7271540940317339,0.0,1.550800931575374,0.0,0.0,0.16063113861409478,0.0,0.0,0.08031556930704739,0.0,0.0,0.0,0.24094670792114214,0.12043965132340669,0.0,0.0,0.24087930264681337,0.0,0.0,0.6021982566170334,0.0
9.045226130653267,0.0,0.3148675197197707,0.3148675197197707,0.0,0.0,0.0,0.0,0.0,0.5489046841698216,1.3157500669895952,0.0,0.0,1.3157500669895952,0.0,0.0,0.0,0.5489046841698216,0.0,1.3157500669895952,0.0,0.0,1.3157500669895952,0.0,0.0,0.0,0.0,0.0,0.0,0.5202476180188682,0.5202476180188682,0.0,0.0,0.0,1.465368646453032,0.0,0.6985232636332585,1.465368646453032,0.0,0.0,0.0,0.0,0.0,1.465368646453032,0.6985232636332585,0.0,1.465368646453032,0.0,0.0,0.18553306650355927,0.0,0.0,0.09276653325177964,0.0,0.0,0.0,0.2782995997553389,0.10631723052911242,0.0,0.0,0.21263446105822484,0.0,0.0,0.5315861526455621,0.0
9.145728643216081,0.0,0.2910879816879227,0.2910879816879227,0.0,0.0,0.0,0.0,0.0,0.5329197648921254,1.2486814844899856,0.0,0.0,1.2486814844899856,0.0,0.0,0.0,0.5329197648921254,0.0,1.2486814844899856,0.0,0.0,1.2486814844899856,0.0,0.0,0.0,0.0,0.0,0.0,0.46722896232615335,0.46722896232615335,0.0,0.0,0.0,1.3873090769591938,0.0,0.6715473573613336,1.3873090769591938,0.0,0.0,0.0,0.0,0.0,1.3873090769591938,0.6715473573613336,0.0,1.3873090769591938,0.0,0.0,0.215708268194402,0.0,0.0,0.107854134097201,0.0,0.0,0.0,0.323562402291603,0.09424008002297245,0.0,0.0,0.1884801600459449,0.0,0.0,0.4712004001148622,0.0
9.246231155778895,0.0,0.27053464736632055,0.27053464736632055,0.0,0.0,0.0,0.0,0.0,0.5182090323603002,1.188008925780605,0.0,0.0,1.188008925780605,0.0,0.0,0.0,0.5182090323603002,0.0,1.188008925780605,0.0,0.0,1.188008925780605,0.0,0.0,0.0,0.0,0.0,0.0,0.42158139832262587,0.42158139832262587,0.0,0.0,0.0,1.316064095309598,0.0,0.6462642018892931,1.316064095309598,0.0,0.0,0.0,0.0,0.0,1.316064095309598,0.6462642018892931,0.0,1.316064095309598,0.0,0.0,0.2522018228023193,0.0,0.0,0.12610091140115964,0.0,0.0,0.0,0.37830273420347893,0.08395447068805127,0.0,0.0,0.16790894137610254,0.0,0.0,0.4197723534402563,0.0
9.34673366834171,0.0,0.2529268656462141,0.2529268656462141,0.0,0.0,0.0,0.0,0.0,0.504627171982469,1.1330449223399843,0.0,0.0,1.1330449223399843,0.0,0.0,0.0,0.504627171982469,0.0,1.1330449223399843,0.0,0.0,1.1330449223399843,0.0,0.0,0.0,0.0,0.0,0.0,0.38231019654620485,0.38231019654620485,0.0,0.0,0.0,1.2510732327096892,0.0,0.6226554823521738,1.2510732327096892,0.0,0.0,0.0,0.0,0.0,1.2510732327096892,0.6226554823521738,0.0,1.2510732327096892,0.0,0.0,0.2962775389997792,0.0,0.0,0.1481387694998896,0.0,0.0,0.0,0.4444163084996688,0.0752457454924607,0.0,0.0,0.1504914909849214,0.0,0.0,0.37622872746230346,0.0
9.447236180904524,0.0,0.23805375607507862,0.23805375607507862,0.0,0.0,0.0,0.0,0.0,0.49206075671742505,1.0831915384300628,0.0,0.0,1.0831915384300628,0.0,0.0,0.0,0.49206075671742505,0.0,1.0831915384300628,0.0,0.0,1.0831915384300628,0.0,0.0,0.0,0.0,0.0,0.0,0.34857817350412773,0.34857817350412773,0.0,0.0,0.0,1.1917992699457947,0.0,0.6006684882331569,1.1917992699457947,0.0,0.0,0.0,0.0,0.0,1.1917992699457947,0.6006684882331569,0.0,1.1917992699457947,0.0,0.0,0.34945745619273194,0.0,0.0,0.17472872809636597,0.0,0.0,0.0,0.5241861842890979,0.06793517901536199,0.0,0.0,0.13587035803072398,0.0,0.0,0.3396758950768099,0.0
9.547738693467338,0.0,0.22577312723208384,0.22577312723208384,0.0,0.0,0.0,0.0,0.0,0.4804221258707004,1.0379340358111422,0.0,0.0,1.0379340358111422,0.0,0.0,0.0,0.4804221258707004,0.0,1.0379340358111422,0.0,0.0,1.0379340358111422,0.0,0.0,0.0,0.0,0.0,0.0,0.31969021398540254,0.31969021398540254,0.0,0.0,0.0,1.1377432106221357,0.0,0.5802313006816938,1.1377432106221357,0.0,0.0,0.0,0.0,0.0,1.1377432106221357,0.5802313006816938,0.0,1.1377432106221357,0.0,0.0,0.4135673472804764,0.0,0.0,0.2067836736402382,0.0,0.0,0.0,0.6203510209207146,0.061877989631696086,0.0,0.0,0.12375597926339217,0.0,0.0,0.3093899481584804,0.0
9.648241206030152,0.0,0.21601507444998239,0.21601507444998239,0.0,0.0,0.0,0.0,0.0,0.46964524205779046,0.9968344821123213,0.0,0.0,0.9968344821123213,0.0,0.0,0.0,0.46964524205779046,0.0,0.9968344821123213,0.0,0.0,0.9968344821123213,0.0,0.0,0.0,0.0,0.0,0.0,0.295078434291898,0.295078434291898,0.0,0.0,0.0,1.0884525009624946,0.0,0.5612632609079637,1.0884525009624946,0.0,0.0,0.0,0.0,0.0,1.0884525009624946,0.5612632609079637,0.0,1.0884525009624946,0.0,0.0,0.4907877874709361,0.0,0.0,0.24539389373546805,0.0,0.0,0.0,0.7361816812064041,0.056962792730093095,0.0,0.0,0.11392558546018619,0.0,0.0,0.28481396365046546,0.0
9.748743718592966,0.0,0.20879142151277338,0.20879142151277338,0.0,0.0,0.0,0.0,0.0,0.4596832093649727,0.9595263278854931,0.0,0.0,0.9595263278854931,0.0,0.0,0.0,0.4596832093649727,0.0,0.9595263278854931,0.0,0.0,0.9595263278854931,0.0,0.0,0.0,0.0,0.0,0.0,0.27428976750964273,0.27428976750964273,0.0,0.0,0.0,1.0435252765125715,0.0,0.5436821579920511,1.0435252765125715,0.0,0.0,0.0,0.0,0.0,1.0435252765125715,0.5436821579920511,0.0,1.0435252765125715,0.0,0.0,0.5837093092757558,0.0,0.0,0.2918546546378779,0.0,0.0,0.0,0.8755639639136338,0.05311298859930508,0.0,0.0,0.10622597719861016,0.0,0.0,0.2655649429965254,0.0
9.84924623115578,0.0,0.20421330366732846,0.20421330366732846,0.0,0.0,0.0,0.0,0.0,0.4505073269175545,0.9257107421979303,0.0,0.0,0.9257107421979303,0.0,0.0,0.0,0.4505073269175545,0.0,0.9257107421979303,0.0,0.0,0.9257107421979303,0.0,0.0,0.0,0.0,0.0,0.0,0.2569770395413247,0.2569770395413247,0.0,0.0,0.0,1.0026126125200698,0.0,0.527409197239694,1.0026126125200698,0.0,0.0,0.0,0.0,0.0,1.0026126125200698,0.527409197239694,0.0,1.0026126125200698,0.0,0.0,0.6953880473420123,0.0,0.0,0.34769402367100616,0.0,0.0,0.0,1.0430820710130184,0.05029096116445036,0.0,0.0,0.10058192232890072,0.0,0.0,0.25145480582225177,0.0
9.949748743718594,0.0,0.20252083585552025,0.20252083585552025,0.0,0.0,0.0,0.0,0.0,0.44210774080409376,0.8951555082557809,0.0,0.0,0.8951555082557809,0.0,0.0,0.0,0.44210774080409376,0.0,0.8951555082557809,0.0,0.0,0.8951555082557809,0.0,0.0,0.0,0.0,0.0,0.0,0.24289452346091733,0.24289452346091733,0.0,0.0,0.0,0.9654203472980567,0.0,0.5123725798463695,0.9654203472980567,0.0,0.0,0.0,0.0,0.0,0.9654203472980567,0.5123725798463695,0.0,0.9654203472980567,0.0,0.0,0.82939450284116,0.0,0.0,0.41469725142058,0.0,0.0,0.0,1.2440917542617398,0.048506606470760605,0.0,0.0,0.09701321294152121,0.0,0.0,0.24253303235380302,0.0
10.050251256281408,0.0,0.2041317260134376,0.2041317260134376,0.0,0.0,0.0,0.0,0.0,0.434496025408002,0.8676975307995858,0.0,0.0,0.8676975307995858,0.0,0.0,0.0,0.434496025408002,0.0,0.8676975307995858,0.0,0.0,0.8676975307995858,0.0,0.0,0.0,0.0,0.0,0.0,0.2318990969784675,0.2318990969784675,0.0,0.0,0.0,0.9317118254627483,0.0,0.4985103200711645,0.9317118254627483,0.0,0.0,0.0,0.0,0.0,0.9317118254627483,0.4985103200711645,0.0,0.9317118254627483,0.0,0.0,0.9898407873072254,0.0,0.0,0.4949203936536127,0.0,0.0,0.0,1.4847611809608379,0.047832938484619884,0.0,0.0,0.09566587696923977,0.0,0.0,0.2391646924230994,0.0
10.150753768844222,0.0,0.2097206477240543,0.2097206477240543,0.0,0.0,0.0,0.0,0.0,0.4277104156018982,0.8432506219724976,0.0,0.0,0.8432506219724976,0.0,0.0,0.0,0.4277104156018982,0.0,0.8432506219724976,0.0,0.0,0.8432506219724976,0.0,0.0,0.0,0.0,0.0,0.0,0.2239587602635244,0.2239587602635244,0.0,0.0,0.0,0.9013130461386325,0.0,0.48577283976803304,0.9013130461386325,0.0,0.0,0.0,0.0,0.0,0.9013130461386325,0.48577283976803304,0.0,0.9013130461386325,0.0,0.0,1.1813580171354132,0.0,0.0,0.5906790085677066,0.0,0.0,0.0,1.77203702570312,0.0484337885335362,0.0,0.0,0.0968675770670724,0.0,0.0,0.242168942667681,0.0
10.251256281407036,0.0,0.2203500638891567,0.2203500638891567,0.0,0.0,0.0,0.0,0.0,0.4218250380631438,0.8218213499238629,0.0,0.0,0.8218213499238629,0.0,0.0,0.0,0.4218250380631438,0.0,0.8218213499238629,0.0,0.0,0.8218213499238629,0.0,0.0,0.0,0.0,0.0,0.0,0.21917135895688575,0.21917135895688575,0.0,0.0,0.0,0.8741221647230176,0.0,0.47412585286229847,0.8741221647230176,0.0,0.0,0.0,0.0,0.0,0.8741221647230176,0.47412585286229847,0.0,0.8741221647230176,0.0,0.0,1.40896941933406,0.0,0.0,0.70448470966703,0.0,0.0,0.0,2.1134541290010898,0.05061302749982253,0.0,0.0,0.10122605499964506,0.0,0.0,0.25306513749911264,0.0
10.35175879396985,0.0,0.23768915423399078,0.23768915423399078,0.0,0.0,0.0,0.0,0.0,0.4169656378227254,0.8035379281956356,0.0,0.0,0.8035379281956356,0.0,0.0,0.0,0.4169656378227254,0.0,0.8035379281956356,0.0,0.0,0.8035379281956356,0.0,0.0,0.0,0.0,0.0,0.0,0.2177982366459273,0.2177982366459273,0.0,0.0,0.0,0.8501264244635269,0.0,0.4635541340906167,0.8501264244635269,0.0,0.0,0.0,0.0,0.0,0.8501264244635269,0.4635541340906167,0.0,0.8501264244635269,0.0,0.0,1.677753581244161,0.0,0.0,0.8388767906220805,0.0,0.0,0.0,2.5166303718662415,0.0549034042648005,0.0,0.0,0.109806808529601,0.0,0.0,0.27451702132400246,0.0
10.452261306532664,0.0,0.2643867996207063,0.2643867996207063,0.0,0.0,0.0,0.0,0.0,0.41333639380911485,0.7887011952890841,0.0,0.0,0.7887011952890841,0.0,0.0,0.0,0.41333639380911485,0.0,0.7887011952890841,0.0,0.0,0.7887011952890841,0.0,0.0,0.0,0.0,0.0,0.0,0.220320703157343,0.220320703157343,0.0,0.0,0.0,0.8294317637679773,0.0,0.4540669622880081,0.8294317637679773,0.0,0.0,0.0,0.0,0.0,0.8294317637679773,0.4540669622880081,0.0,0.8294317637679773,0.0,0.0,1.992089881436163,0.0,0.0,0.9960449407180815,0.0,0.0,0.0,2.9881348221542443,0.06223077596910981,0.0,0.0,0.12446155193821962,0.0,0.0,0.31115387984554904,0.0
10.552763819095478,0.0,0.3047159737580071,0.3047159737580071,0.0,0.0,0.0,0.0,0.0,0.4112664275536487,0.7778746138568486,0.0,0.0,0.7778746138568486,0.0,0.0,0.0,0.4112664275536487,0.0,0.7778746138568486,0.0,0.0,0.7778746138568486,0.0,0.0,0.0,0.0,0.0,0.0,0.22753239092610367,0.22753239092610367,0.0,0.0,0.0,0.8123146210393261,0.0,0.44570643473612603,0.8123146210393261,0.0,0.0,0.0,0.0,0.0,0.8123146210393261,0.44570643473612603,0.0,0.8123146210393261,0.0,0.0,2.35407408820172,0.0,0.0,1.17703704410086,0.0,0.0,0.0,3.53111113230258,0.07422500633302828,0.0,0.0,0.14845001266605656,0.0,0.0,0.3711250316651414,0.0
10.653266331658292,0.0,0.3656903766312449,0.3656903766312449,0.0,0.0,0.0,0.0,0.0,0.41129237138600344,0.7720455991997739,0.0,0.0,0.7720455991997739,0.0,0.0,0.0,0.41129237138600344,0.0,0.7720455991997739,0.0,0.0,0.7720455991997739,0.0,0.0,0.0,0.0,0.0,0.0,0.24068889639271138,0.24068889639271138,0.0,0.0,0.0,0.7993137907024981,0.0,0.4385605628887276,0.7993137907024981,0.0,0.0,0.0,0.0,0.0,0.7993137907024981,0.4385605628887276,0.0,0.7993137907024981,0.0,0.0,2.7602921504095868,0.0,0.0,1.3801460752047934,0.0,0.0,0.0,4.140438225614379,0.09381784430619795,0.0,0.0,0.1876356886123959,0.0,0.0,0.46908922153098975,0.0
10.753768844221106,0.0,0.45895481850884995,0.45895481850884995,0.0,0.0,0.0,0.0,0.0,0.414308410899763,0.7729207753453449,0.0,0.0,0.7729207753453449,0.0,0.0,0.0,0.414308410899763,0.0,0.7729207753453449,0.0,0.0,0.7729207753453449,0.0,0.0,0.0,0.0,0.0,0.0,0.2617484687722995,0.2617484687722995,0.0,0.0,0.0,0.7913966804419372,0.0,0.4327843159963554,0.7913966804419372,0.0,0.0,0.0,0.0,0.0,0.7913966804419372,0.4327843159963554,0.0,0.7913966804419372,0.0,0.0,3.195422246203435,0.0,0.0,1.5977111231017176,0.0,0.0,0.0,4.793133369305153,0.12638510900277217,0.0,0.0,0.25277021800554433,0.0,0.0,0.6319255450138608,0.0
10.85427135678392,0.0,0.6037073361379074,0.6037073361379074,0.0,0.0,0.0,0.0,0.0,0.42184263216007334,0.7834746831977967,0.0,0.0,0.7834746831977967,0.0,0.0,0.0,0.42184263216007334,0.0,0.7834746831977967,0.0,0.0,0.7834746831977967,0.0,0.0,0.0,0.0,0.0,0.0,0.29375135367770233,0.29375135367770233,0.0,0.0,0.0,0.7902658868190457,0.0,0.4286338357813224,0.7902658868190457,0.0,0.0,0.0,0.0,0.0,0.7902658868190457,0.4286338357813224,0.0,0.7902658868190457,0.0,0.0,3.620248981678589,0.0,0.0,1.8101244908392946,0.0,0.0,0.0,5.430373472517884,0.18178865381320392,0.0,0.0,0.36357730762640783,0.0,0.0,0.9089432690660195,0.0
10.954773869346734,0.0,0.8299973519189513,0.8299973519189513,0.0,0.0,0.0,0.0,0.0,0.436559406830901,0.8089637887645091,0.0,0.0,0.8089637887645091,0.0,0.0,0.0,0.436559406830901,0.0,0.8089637887645091,0.0,0.0,0.8089637887645091,0.0,0.0,0.0,0.0,0.0,0.0,0.3413832942086922,0.3413832942086922,0.0,0.0,0.0,0.7989263811238088,0.0,0.4265219991902007,0.7989263811238088,0.0,0.0,0.0,0.0,0.0,0.7989263811238088,0.4265219991902007,0.0,0.7989263811238088,0.0,0.0,3.9526006872124664,0.0,0.0,1.9763003436062332,0.0,0.0,0.0,5.928901030818699,0.2772218900512541,0.0,0.0,0.5544437801025082,0.0,0.0,1.3861094502562703,0.0
11.055276381909549,0.0,1.1778149624703078,1.1778149624703078,0.0,0.0,0.0,0.0,0.0,0.46310521629409007,0.8586952098516588,0.0,0.0,0.8586952098516588,0.0,0.0,0.0,0.46310521629409007,0.0,0.8586952098516588,0.0,0.0,0.8586952098516588,0.0,0.0,0.0,0.0,0.0,0.0,0.4116807809311724,0.4116807809311724,0.0,0.0,0.0,0.822695950950147,0.0,0.42710595739257823,0.822695950950147,0.0,0.0,0.0,0.0,0.0,0.822695950950147,0.42710595739257823,0.0,0.822695950950147,0.0,0.0,4.051310612735331,0.0,0.0,2.0256553063676654,0.0,0.0,0.0,6.076965919102995,0.43764311713490933,0.0,0.0,0.8752862342698187,0.0,0.0,2.1882155856745467,0.0
11.155778894472363,0.0,1.6784520617611527,1.6784520617611527,0.0,0.0,0.0,0.0,0.0,0.509225714881372,0.948597851543366,0.0,0.0,0.948597851543366,0.0,0.0,0.0,0.509225714881372,0.0,0.948597851543366,0.0,0.0,0.948597851543366,0.0,0.0,0.0,0.0,0.0,0.0,0.5144670264535536,0.5144670264535536,0.0,0.0,0.0,0.8707841056788659,0.0,0.431411969016872,0.8707841056788659,0.0,0.0,0.0,0.0,0.0,0.8707841056788659,0.431411969016872,0.0,0.8707841056788659,0.0,0.0,3.7519234452699126,0.0,0.0,1.8759617226349563,0.0,0.0,0.0,5.627885167904869,0.6817049625346633,0.0,0.0,1.3634099250693266,0.0,0.0,3.408524812673316,0.0
11.256281407035177,0.0,2.3053878219973196,2.3053878219973196,0.0,0.0,0.0,0.0,0.0,0.5862487230188878,1.1032830180441713,0.0,0.0,1.1032830180441713,0.0,0.0,0.0,0.5862487230188878,0.0,1.1032830180441713,0.0,0.0,1.1032830180441713,0.0,0.0,0.0,0.0,0.0,0.0,0.6612444317164511,0.6612444317164511,0.0,0.0,0.0,0.9580026713509628,0.0,0.44096837632567926,0.9580026713509628,0.0,0.0,0.0,0.0,0.0,0.9580026713509628,0.44096837632567926,0.0,0.9580026713509628,0.0,0.0,3.0226635335813983,0.0,0.0,1.5113317667906991,0.0,0.0,0.0,4.533995300372097,0.9813951732488274,0.0,0.0,1.9627903464976548,0.0,0.0,4.906975866244137,0.0
11.35678391959799,0.0,2.934106044156992,2.934106044156992,0.0,0.0,0.0,0.0,0.0,0.7064981951246945,1.3534084620760867,0.0,0.0,1.3534084620760867,0.0,0.0,0.0,0.7064981951246945,0.0,1.3534084620760867,0.0,0.0,1.3534084620760867,0.0,0.0,0.0,0.0,0.0,0.0,0.8608063842529741,0.8608063842529741,0.0,0.0,0.0,1.1047389432420758,0.0,0.4578286762906837,1.1047389432420758,0.0,0.0,0.0,0.0,0.0,1.1047389432420758,0.4578286762906837,0.0,1.1047389432420758,0.0,0.0,2.105339214914326,0.0,0.0,1.052669607457163,0.0,0.0,0.0,3.158008822371489,1.2424353679184874,0.0,0.0,2.484870735836975,0.0,0.0,6.212176839592437,0.0
11.457286432160805,0.0,3.392156825017422,3.392156825017422,0.0,0.0,0.0,0.0,0.0,0.8748205296145989,1.7221258449748946,0.0,0.0,1.7221258449748946,0.0,0.0,0.0,0.8748205296145989,0.0,1.7221258449748946,0.0,0.0,1.7221258449748946,0.0,0.0,0.0,0.0,0.0,0.0,1.1125286737882027,1.1125286737882027,0.0,0.0,0.0,1.331579110200007,0.0,0.4842737948397113,1.331579110200007,0.0,0.0,0.0,0.0,0.0,1.331579110200007,0.4842737948397113,0.0,1.331579110200007,0.0,0.0,1.3241654053726961,0.0,0.0,0.6620827026863481,0.0,0.0,0.0,1.9862481080590442,1.3795539740952978,0.0,0.0,2.7591079481905956,0.0,0.0,6.8977698704764885,0.0
11.557788944723619,0.0,3.5628143914755683,3.5628143914755683,0.0,0.0,0.0,0.0,0.0,1.0752510067853873,2.1979336286784394,0.0,0.0,2.1979336286784394,0.0,0.0,0.0,1.0752510067853873,0.0,2.1979336286784394,0.0,0.0,2.1979336286784394,0.0,0.0,0.0,0.0,0.0,0.0,1.402306333325483,1.402306333325483,0.0,0.0,0.0,1.6447386882479529,0.0,0.5220560663549008,1.6447386882479529,0.0,0.0,0.0,0.0,0.0,1.6447386882479529,0.5220560663549008,0.0,1.6447386882479529,0.0,0.0,0.8039201851144905,0.0,0.0,0.40196009255724524,0.0,0.0,0.0,1.2058802776717357,1.3885024409384403,0.0,0.0,2.7770048818768807,0.0,0.0,6.942512204692202,0.0
11.658291457286433,0.0,3.438432711750749,3.438432711750749,0.0,0.0,0.0,0.0,0.0,1.2645067249939,2.7095862685070484,0.0,0.0,2.7095862685070484,0.0,0.0,0.0,1.2645067249939,0.0,2.7095862685070484,0.0,0.0,2.7095862685070484,0.0,0.0,0.0,0.0,0.0,0.0,1.704057158544294,1.704057158544294,0.0,0.0,0.0,2.016480041015493,0.0,0.5714004975023442,2.016480041015493,0.0,0.0,0.0,0.0,0.0,2.016480041015493,0.5714004975023442,0.0,2.016480041015493,0.0,0.0,0.49717178746693835,0.0,0.0,0.24858589373346918,0.0,0.0,0.0,0.7457576812004074,1.3144278881838192,0.0,0.0,2.6288557763676383,0.0,0.0,6.572139440919095,0.0
11.758793969849247,0.0,3.1072556882520503,3.1072556882520503,0.0,0.0,0.0,0.0,0.0,1.3907964951517862,3.144481754556468,0.0,0.0,3.144481754556468,0.0,0.0,0.0,1.3907964951517862,0.0,3.144481754556468,0.0,0.0,3.144481754556468,0.0,0.0,0.0,0.0,0.0,0.0,1.9852514935338603,1.9852514935338603,0.0,0.0,0.0,2.384146029732296,0.0,0.6304607703276142,2.384146029732296,0.0,0.0,0.0,0.0,0.0,2.384146029732296,0.6304607703276142,0.0,2.384146029732296,0.0,0.0,0.322774063395686,0.0,0.0,0.161387031697843,0.0,0.0,0.0,0.48416109509352895,1.20108017352147,0.0,0.0,2.40216034704294,0.0,0.0,6.005400867607349,0.0
11.859296482412061,0.0,2.691988374652047,2.691988374652047,0.0,0.0,0.0,0.0,0.0,1.4288704478076375,3.417197146156297,0.0,0.0,3.417197146156297,0.0,0.0,0.0,1.4288704478076375,0.0,3.417197146156297,0.0,0.0,3.417197146156297,0.0,0.0,0.0,0.0,0.0,0.0,2.214164670522432,2.214164670522432,0.0,0.0,0.0,2.6840954090107823,0.0,0.6957687106621226,2.6840954090107823,0.0,0.0,0.0,0.0,0.0,2.6840954090107823,0.6957687106621226,0.0,2.6840954090107823,0.0,0.0,0.22269076881841238,0.0,0.0,0.11134538440920619,0.0,0.0,0.0,0.33403615322761854,1.0756279334457712,0.0,0.0,2.1512558668915425,0.0,0.0,5.378139667228856,0.0
11.959798994974875,0.0,2.2860331657509967,2.2860331657509967,0.0,0.0,0.0,0.0,0.0,1.3914137459686333,3.514978761477482,0.0,0.0,3.514978761477482,0.0,0.0,0.0,1.3914137459686333,0.0,3.514978761477482,0.0,0.0,3.514978761477482,0.0,0.0,0.0,0.0,0.0,0.0,2.366756360382536,2.366756360382536,0.0,0.0,0.0,2.8866611907699777,0.0,0.763096175261129,2.8866611907699777,0.0,0.0,0.0,0.0,0.0,2.8866611907699777,0.763096175261129,0.0,2.8866611907699777,0.0,0.0,0.16362380492346207,0.0,0.0,0.08181190246173103,0.0,0.0,0.0,0.2454357073851931,0.9520790178378281,0.0,0.0,1.9041580356756562,0.0,0.0,4.7603950891891404,0.0
12.06030150753769,0.0,1.9332558543020024,1.9332558543020024,0.0,0.0,0.0,0.0,0.0,1.3093452314638003,3.4773334242794434,0.0,0.0,3.4773334242794434,0.0,0.0,0.0,1.3093452314638003,0.0,3.4773334242794434,0.0,0.0,3.4773334242794434,0.0,0.0,0.0,0.0,0.0,0.0,2.43126163644332,2.43126163644332,0.0,0.0,0.0,2.995878401111553,0.0,0.8278902082959096,2.995878401111553,0.0,0.0,0.0,0.0,0.0,2.995878401111553,0.8278902082959096,0.0,2.995878401111553,0.0,0.0,0.1276787983349887,0.0,0.0,0.06383939916749436,0.0,0.0,0.0,0.19151819750248308,0.8368415736959545,0.0,0.0,1.673683147391909,0.0,0.0,4.184207868479772,0.0
12.160804020100503,0.0,1.6425182272921488,1.6425182272921488,0.0,0.0,0.0,0.0,0.0,1.2105305799361805,3.3543952907387418,0.0,0.0,3.3543952907387418,0.0,0.0,0.0,1.2105305799361805,0.0,3.3543952907387418,0.0,0.0,3.3543952907387418,0.0,0.0,0.0,0.0,0.0,0.0,2.4094158777525263,2.4094158777525263,0.0,0.0,0.0,3.0293709286279653,0.0,0.8855062178254044,3.0293709286279653,0.0,0.0,0.0,0.0,0.0,3.0293709286279653,0.8855062178254044,0.0,3.0293709286279653,0.0,0.0,0.10528978342202051,0.0,0.0,0.05264489171101026,0.0,0.0,0.0,0.15793467513303075,0.7323883468597319,0.0,0.0,1.4647766937194637,0.0,0.0,3.6619417342986593,0.0
12.261306532663317,0.0,1.4071053737067387,1.4071053737067387,0.0,0.0,0.0,0.0,0.0,1.1123034728878227,3.1851596091501726,0.0,0.0,3.1851596091501726,0.0,0.0,0.0,1.1123034728878227,0.0,3.1851596091501726,0.0,0.0,3.1851596091501726,0.0,0.0,0.0,0.0,0.0,0.0,2.314279002080997,2.314279002080997,0.0,0.0,0.0,3.0046414748807257,0.0,0.9317853386183755,3.0046414748807257,0.0,0.0,0.0,0.0,0.0,3.0046414748807257,0.9317853386183755,0.0,3.0046414748807257,0.0,0.0,0.09124604476625992,0.0,0.0,0.04562302238312996,0.0,0.0,0.0,0.13686906714938987,0.6392455157528609,0.0,0.0,1.2784910315057219,0.0,0.0,3.1962275787643044,0.0
12.361809045226131,0.0,1.2163412777255165,1.2163412777255165,0.0,0.0,0.0,0.0,0.0,1.0229249817905381,2.9948580091628716,0.0,0.0,2.9948580091628716,0.0,0.0,0.0,1.0229249817905381,0.0,2.9948580091628716,0.0,0.0,2.9948580091628716,0.0,0.0,0.0,0.0,0.0,0.0,2.165666828588117,2.165666828588117,0.0,0.0,0.0,2.9358028430848417,0.0,0.9638698157125081,2.9358028430848417,0.0,0.0,0.0,0.0,0.0,2.9358028430848417,0.9638698157125081,0.0,2.9358028430848417,0.0,0.0,0.08263549201945324,0.0,0.0,0.04131774600972662,0.0,0.0,0.0,0.12395323802917983,0.557011428995382,0.0,0.0,1.114022857990764,0.0,0.0,2.78505714497691,0.0
12.462311557788945,0.0,1.0603145073469713,1.0603145073469713,0.0,0.0,0.0,0.0,0.0,0.9450843186184579,2.7988663806615235,0.0,0.0,2.7988663806615235,0.0,0.0,0.0,0.9450843186184579,0.0,2.7988663806615235,0.0,0.0,2.7988663806615235,0.0,0.0,0.0,0.0,0.0,0.0,1.9849712894551264,1.9849712894551264,0.0,0.0,0.0,2.83453162349646,0.0,0.9807495614533945,2.83453162349646,0.0,0.0,0.0,0.0,0.0,2.83453162349646,0.9807495614533945,0.0,2.83453162349646,0.0,0.0,0.07779425744366718,0.0,0.0,0.03889712872183359,0.0,0.0,0.0,0.11669138616550075,0.4848718177949404,0.0,0.0,0.9697436355898807,0.0,0.0,2.4243590889747018,0.0
12.56281407035176,0.0,0.9311317233912392,0.9311317233912392,0.0,0.0,0.0,0.0,0.0,0.8786508164593805,2.6064877892531637,0.0,0.0,2.6064877892531637,0.0,0.0,0.0,0.8786508164593805,0.0,2.6064877892531637,0.0,0.0,2.6064877892531637,0.0,0.0,0.0,0.0,0.0,0.0,1.791091111795844,1.791091111795844,0.0,0.0,0.0,2.7110699821001942,0.0,0.9832330093064109,2.7110699821001942,0.0,0.0,0.0,0.0,0.0,2.7110699821001942,0.9832330093064109,0.0,2.7110699821001942,0.0,0.0,0.07576314304689412,0.0,0.0,0.03788157152344706,0.0,0.0,0.0,0.11364471457034116,0.4218603395381199,0.0,0.0,0.8437206790762398,0.0,0.0,2.1093016976905994,0.0
12.663316582914574,0.0,0.8228632126515154,0.8228632126515154,0.0,0.0,0.0,0.0,0.0,0.8223211328598807,2.4232757013062716,0.0,0.0,2.4232757013062716,0.0,0.0,0.0,0.8223211328598807,0.0,2.4232757013062716,0.0,0.0,2.4232757013062716,0.0,0.0,0.0,0.0,0.0,0.0,1.5983130161231887,1.5983130161231887,0.0,0.0,0.0,2.5743909210295763,0.0,0.9734363525831855,2.5743909210295763,0.0,0.0,0.0,0.0,0.0,2.5743909210295763,0.9734363525831855,0.0,2.5743909210295763,0.0,0.0,0.07600005841640364,0.0,0.0,0.03800002920820182,0.0,0.0,0.0,0.11400008762460545,0.3669896797183345,0.0,0.0,0.733979359436669,0.0,0.0,1.8349483985916724,0.0
12.763819095477388,0.0,0.7311377523538618,0.7311377523538618,0.0,0.0,0.0,0.0,0.0,0.7744731417447963,2.2523247567823934,0.0,0.0,2.2523247567823934,0.0,0.0,0.0,0.7744731417447963,0.0,2.2523247567823934,0.0,0.0,2.2523247567823934,0.0,0.0,0.0,0.0,0.0,0.0,1.4159771989054057,1.4159771989054057,0.0,0.0,0.0,2.431952884261842,0.0,0.9541012692242448,2.431952884261842,0.0,0.0,0.0,0.0,0.0,2.431952884261842,0.9541012692242448,0.0,2.431952884261842,0.0,0.0,0.07822451314354162,0.0,0.0,0.03911225657177081,0.0,0.0,0.0,0.1173367697153124,0.3193159173765796,0.0,0.0,0.6386318347531592,0.0,0.0,1.596579586882898,0.0
12.864321608040202,0.0,0.6527293261848633,0.6527293261848633,0.0,0.0,0.0,0.0,0.0,0.7335558454832731,2.0950535976434765,0.0,0.0,2.0950535976434765,0.0,0.0,0.0,0.7335558454832731,0.0,2.0950535976434765,0.0,0.0,2.0950535976434765,0.0,0.0,0.0,0.0,0.0,0.0,1.249229899096952,1.249229899096952,0.0,0.0,0.0,2.2895100913320334,0.0,0.9280123391718299,2.2895100913320334,0.0,0.0,0.0,0.0,0.0,2.2895100913320334,0.9280123391718299,0.0,2.2895100913320334,0.0,0.0,0.08233238534145636,0.0,0.0,0.04116619267072818,0.0,0.0,0.0,0.12349857801218452,0.27796797180591426,0.0,0.0,0.5559359436118285,0.0,0.0,1.3898398590295713,0.0
12.964824120603016,0.0,0.5852283398484311,0.5852283398484311,0.0,0.0,0.0,0.0,0.0,0.6982355059081027,1.9517524061745906,0.0,0.0,1.9517524061745906,0.0,0.0,0.0,0.6982355059081027,0.0,1.9517524061745906,0.0,0.0,1.9517524061745906,0.0,0.0,0.0,0.0,0.0,0.0,1.1001642020194369,1.1001642020194369,0.0,0.0,0.0,2.151148780670653,0.0,0.8976318804041653,2.151148780670653,0.0,0.0,0.0,0.0,0.0,2.151148780670653,0.8976318804041653,0.0,2.151148780670653,0.0,0.0,0.08834954778357768,0.0,0.0,0.04417477389178884,0.0,0.0,0.0,0.13252432167536649,0.24215863128270618,0.0,0.0,0.48431726256541235,0.0,0.0,1.2107931564135308,0.0
13.06532663316583,0.0,0.5268032946765275,0.5268032946765275,0.0,0.0,0.0,0.0,0.0,0.6674248077343555,1.8219926963693913,0.0,0.0,1.8219926963693913,0.0,0.0,0.0,0.6674248077343555,0.0,1.8219926963693913,0.0,0.0,1.8219926963693913,0.0,0.0,0.0,0.0,0.0,0.0,0.9689051475052074,0.9689051475052074,0.0,0.0,0.0,2.019510182699845,0.0,0.8649422940648094,2.019510182699845,0.0,0.0,0.0,0.0,0.0,2.019510182699845,0.8649422940648094,0.0,2.019510182699845,0.0,0.0,0.09640801954610222,0.0,0.0,0.04820400977305111,0.0,0.0,0.0,0.14461202931915332,0.21118590924351266,0.0,0.0,0.4223718184870253,0.0,0.0,1.0559295462175633,0.0
13.165829145728644,0.0,0.4760351086304195,0.4760351086304195,0.0,0.0,0.0,0.0,0.0,0.64026244451145,1.70493022583056,0.0,0.0,1.70493022583056,0.0,0.0,0.0,0.64026244451145,0.0,1.70493022583056,0.0,0.0,1.70493022583056,0.0,0.0,0.0,0.0,0.0,0.0,0.8544531992410219,0.8544531992410219,0.0,0.0,0.0,1.8960985410378854,0.0,0.8314307597187753,1.8960985410378854,0.0,0.0,0.0,0.0,0.0,1.8960985410378854,0.8314307597187753,0.0,1.8960985410378854,0.0,0.0,0.10673596509338762,0.0,0.0,0.05336798254669381,0.0,0.0,0.0,0.1601039476400814,0.18442946814821634,0.0,0.0,0.3688589362964327,0.0,0.0,0.9221473407410816,0.0
13.266331658291458,0.0,0.4318039252415094,0.4318039252415094,0.0,0.0,0.0,0.0,0.0,0.6160763441143112,1.5995174371878815,0.0,0.0,1.5995174371878815,0.0,0.0,0.0,0.6160763441143112,0.0,1.5995174371878815,0.0,0.0,1.5995174371878815,0.0,0.0,0.0,0.0,0.0,0.0,0.7552629825095903,0.7552629825095903,0.0,0.0,0.0,1.7815898147935978,0.0,0.7981487217200274,1.7815898147935978,0.0,0.0,0.0,0.0,0.0,1.7815898147935978,0.7981487217200274,0.0,1.7815898147935978,0.0,0.0,0.119656908812888,0.0,0.0,0.059828454406444,0.0,0.0,0.0,0.17948536321933198,0.1613447087659343,0.0,0.0,0.3226894175318686,0.0,0.0,0.8067235438296714,0.0
13.366834170854272,0.0,0.3932121119898835,0.3932121119898835,0.0,0.0,0.0,0.0,0.0,0.5943456147336953,1.5046431814486545,0.0,0.0,1.5046431814486545,0.0,0.0,0.0,0.5943456147336953,0.0,1.5046431814486545,0.0,0.0,1.5046431814486545,0.0,0.0,0.0,0.0,0.0,0.0,0.6696046207566021,0.6696046207566021,0.0,0.0,0.0,1.6760957354478356,0.0,0.7657981687328765,1.6760957354478356,0.0,0.0,0.0,0.0,0.0,1.6760957354478356,0.7657981687328765,0.0,1.6760957354478356,0.0,0.0,0.1355957096278314,0.0,0.0,0.0677978548139157,0.0,0.0,0.0,0.2033935644417471,0.14145596797883822,0.0,0.0,0.28291193595767644,0.0,0.0,0.7072798398941911,0.0
13.467336683417086,0.0,0.3595316857612426,0.3595316857612426,0.0,0.0,0.0,0.0,0.0,0.5746671203822561,1.4192181793053167,0.0,0.0,1.4192181793053167,0.0,0.0,0.0,0.5746671203822561,0.0,1.4192181793053167,0.0,0.0,1.4192181793053167,0.0,0.0,0.0,0.0,0.0,0.0,0.5957704266439581,0.5957704266439581,0.0,0.0,0.0,1.5793686854833582,0.0,0.7348176265602976,1.5793686854833582,0.0,0.0,0.0,0.0,0.0,1.5793686854833582,0.7348176265602976,0.0,1.5793686854833582,0.0,0.0,0.15509007160012434,0.0,0.0,0.07754503580006217,0.0,0.0,0.0,0.2326351074001865,0.12434962666334629,0.0,0.0,0.24869925332669257,0.0,0.0,0.6217481333167314,0.0
13.5678391959799,0.0,0.33016815524294807,0.33016815524294807,0.0,0.0,0.0,0.0,0.0,0.5567282812690412,1.3422227439694503,0.0,0.0,1.3422227439694503,0.0,0.0,0.0,0.5567282812690412,0.0,1.3422227439694503,0.0,0.0,1.3422227439694503,0.0,0.0,0.0,0.0,0.0,0.0,0.5321813041785035,0.5321813041785035,0.0,0.0,0.0,1.490950327911625,0.0,0.7054558652112158,1.490950327911625,0.0,0.0,0.0,0.0,0.0,1.490950327911625,0.7054558652112158,0.0,1.490950327911625,0.0,0.0,0.1788070856817372,0.0,0.0,0.0894035428408686,0.0,0.0,0.0,0.26821062852260574,0.10966757169755477,0.0,0.0,0.21933514339510954,0.0,0.0,0.5483378584877738,0.0
13.668341708542714,0.0,0.3046355585523025,0.3046355585523025,0.0,0.0,0.0,0.0,0.0,0.540285839064519,1.2727298981270287,0.0,0.0,1.2727298981270287,0.0,0.0,0.0,0.540285839064519,0.0,1.2727298981270287,0.0,0.0,1.2727298981270287,0.0,0.0,0.0,0.0,0.0,0.0,0.4774323599000058,0.4774323599000058,0.0,0.0,0.0,1.4102742057221964,0.0,0.6778301466596868,1.4102742057221964,0.0,0.0,0.0,0.0,0.0,1.4102742057221964,0.6778301466596868,0.0,1.4102742057221964,0.0,0.0,0.20756474090830299,0.0,0.0,0.10378237045415149,0.0,0.0,0.0,0.31134711136245447,0.09710125644083255,0.0,0.0,0.1942025128816651,0.0,0.0,0.4855062822041627,0.0
13.768844221105528,0.0,0.2825393097667063,0.2825393097667063,0.0,0.0,0.0,0.0,0.0,0.5251497306428737,1.2099132783997164,0.0,0.0,1.2099132783997164,0.0,0.0,0.0,0.5251497306428737,0.0,1.2099132783997164,0.0,0.0,1.2099132783997164,0.0,0.0,0.0,0.0,0.0,0.0,0.430304307385677,0.430304307385677,0.0,0.0,0.0,1.3367333649350543,0.0,0.6519698171782115,1.3367333649350543,0.0,0.0,0.0,0.0,0.0,1.3367333649350543,0.6519698171782115,0.0,1.3367333649350543,0.0,0.0,0.24235859286517036,0.0,0.0,0.12117929643258518,0.0,0.0,0.0,0.36353788929775555,0.08638650630376,0.0,0.0,0.17277301260752,0.0,0.0,0.4319325315188,0.0
13.869346733668342,0.0,0.263564850379649,0.263564850379649,0.0,0.0,0.0,0.0,0.0,0.5111710526438872,1.153046393338408,0.0,0.0,1.153046393338408,0.0,0.0,0.0,0.5111710526438872,0.0,1.153046393338408,0.0,0.0,1.153046393338408,0.0,0.0,0.0,0.0,0.0,0.0,0.389757009802113,0.389757009802113,0.0,0.0,0.0,1.269723237572291,0.0,0.6278478968777701,1.269723237572291,0.0,0.0,0.0,0.0,0.0,1.269723237572291,0.6278478968777701,0.0,1.269723237572291,0.0,0.0,0.28439392624040394,0.0,0.0,0.14219696312020197,0.0,0.0,0.0,0.42659088936060585,0.07729916860658138,0.0,0.0,0.15459833721316277,0.0,0.0,0.3864958430329069,0.0
13.969849246231156,0.0,0.2474709969432932,0.2474709969432932,0.0,0.0,0.0,0.0,0.0,0.4982332438838639,1.101497410903532,0.0,0.0,1.101497410903532,0.0,0.0,0.0,0.4982332438838639,0.0,1.101497410903532,0.0,0.0,1.101497410903532,0.0,0.0,0.0,0.0,0.0,0.0,0.35491497429487756,0.35491497429487756,0.0,0.0,0.0,1.208667534242878,0.0,0.6054033672232101,1.208667534242878,0.0,0.0,0.0,0.0,0.0,1.208667534242878,0.6054033672232101,0.0,1.208667534242878,0.0,0.0,0.33512374916398263,0.0,0.0,0.16756187458199132,0.0,0.0,0.0,0.5026856237459739,0.06965171236202079,0.0,0.0,0.13930342472404159,0.0,0.0,0.34825856181010395,0.0
14.07035175879397,0.0,0.23408759227335266,0.23408759227335266,0.0,0.0,0.0,0.0,0.0,0.4862457805369104,1.0547221483484006,0.0,0.0,1.0547221483484006,0.0,0.0,0.0,0.4862457805369104,0.0,1.0547221483484006,0.0,0.0,1.0547221483484006,0.0,0.0,0.0,0.0,0.0,0.0,0.32505046281954986,0.32505046281954986,0.0,0.0,0.0,1.1530329753606405,0.0,0.5845566075491504,1.1530329753606405,0.0,0.0,0.0,0.0,0.0,1.1530329753606405,0.5845566075491504,0.0,1.1530329753606405,0.0,0.0,0.39629279831092123,0.0,0.0,0.19814639915546062,0.0,0.0,0.0,0.5944391974663819,0.06329092904442687,0.0,0.0,0.12658185808885375,0.0,0.0,0.31645464522213435,0.0
14.170854271356784,0.0,0.22331772877352873,0.22331772877352873,0.0,0.0,0.0,0.0,0.0,0.4751398705294977,1.0122569284444842,0.0,0.0,1.0122569284444842,0.0,0.0,0.0,0.4751398705294977,0.0,1.0122569284444842,0.0,0.0,1.0122569284444842,0.0,0.0,0.0,0.0,0.0,0.0,0.29956730944600096,0.29956730944600096,0.0,0.0,0.0,1.102336997589194,0.0,0.5652199396742073,1.102336997589194,0.0,0.0,0.0,0.0,0.0,1.102336997589194,0.5652199396742073,0.0,1.102336997589194,0.0,0.0,0.46998729922071736,0.0,0.0,0.23499364961035868,0.0,0.0,0.0,0.704980948831076,0.05809698568834801,0.0,0.0,0.11619397137669601,0.0,0.0,0.29048492844174,0.0
14.271356783919598,0.0,0.21514554432911304,0.21514554432911304,0.0,0.0,0.0,0.0,0.0,0.464865814365271,0.9737123753427035,0.0,0.0,0.9737123753427035,0.0,0.0,0.0,0.464865814365271,0.0,0.9737123753427035,0.0,0.0,0.9737123753427035,0.0,0.0,0.0,0.0,0.0,0.0,0.27798719791898446,0.27798719791898446,0.0,0.0,0.0,1.056151337165603,0.0,0.5473047761881705,1.056151337165603,0.0,0.0,0.0,0.0,0.0,1.056151337165603,0.5473047761881705,0.0,1.056151337165603,0.0,0.0,0.5586893043934645,0.0,0.0,0.27934465219673227,0.0,0.0,0.0,0.8380339565901967,0.05398426618807535,0.0,0.0,0.1079685323761507,0.0,0.0,0.26992133094037674,0.0
14.371859296482413,0.0,0.20965154994073287,0.20965154994073287,0.0,0.0,0.0,0.0,0.0,0.4553918682794354,0.9387689381714384,0.0,0.0,0.9387689381714384,0.0,0.0,0.0,0.4553918682794354,0.0,0.9387689381714384,0.0,0.0,0.9387689381714384,0.0,0.0,0.0,0.0,0.0,0.0,0.2599394740520513,0.2599394740520513,0.0,0.0,0.0,1.0141035755258225,0.0,0.5307265056338197,1.0141035755258225,0.0,0.0,0.0,0.0,0.0,1.0141035755258225,0.5307265056338197,0.0,1.0141035755258225,0.0,0.0,0.6653327495548026,0.0,0.0,0.3326663747774013,0.0,0.0,0.0,0.9979991243322038,0.05090474540512096,0.0,0.0,0.10180949081024192,0.0,0.0,0.2545237270256048,0.0
14.472361809045227,0.0,0.207039063001936,0.207039063001936,0.0,0.0,0.0,0.0,0.0,0.4467046536099449,0.9071748870994587,0.0,0.0,0.9071748870994587,0.0,0.0,0.0,0.4467046536099449,0.0,0.9071748870994587,0.0,0.0,0.9071748870994587,0.0,0.0,0.0,0.0,0.0,0.0,0.24515528371420595,0.24515528371420595,0.0,0.0,0.0,0.9758781543252668,0.0,0.5154079208357529,0.9758781543252668,0.0,0.0,0.0,0.0,0.0,0.9758781543252668,0.5154079208357529,0.0,0.9758781543252668,0.0,0.0,0.7933549447527724,0.0,0.0,0.3966774723763862,0.0,0.0,0.0,1.1900324171291585,0.048855235619197745,0.0,0.0,0.09771047123839549,0.0,0.0,0.2442761780959887,0.0
14.57286432160804,0.0,0.2076777517111694,0.2076777517111694,0.0,0.0,0.0,0.0,0.0,0.43881137467928183,0.8787477377910708,0.0,0.0,0.8787477377910708,0.0,0.0,0.0,0.43881137467928183,0.0,0.8787477377910708,0.0,0.0,0.8787477377910708,0.0,0.0,0.0,0.0,0.0,0.0,0.23346709933955165,0.23346709933955165,0.0,0.0,0.0,0.9412182218982998,0.0,0.5012818587865109,0.9412182218982998,0.0,0.0,0.0,0.0,0.0,0.9412182218982998,0.5012818587865109,0.0,0.9412182218982998,0.0,0.0,0.9467312144699799,0.0,0.0,0.47336560723498994,0.0,0.0,0.0,1.4200968217049696,0.04789085132605045,0.0,0.0,0.0957817026521009,0.0,0.0,0.23945425663025222,0.0
14.673366834170855,0.0,0.21217477851245972,0.21217477851245972,0.0,0.0,0.0,0.0,0.0,0.43174448246151254,0.8533805853160896,0.0,0.0,0.8533805853160896,0.0,0.0,0.0,0.43174448246151254,0.0,0.8533805853160896,0.0,0.0,0.8533805853160896,0.0,0.0,0.0,0.0,0.0,0.0,0.22481510881155198,0.22481510881155198,0.0,0.0,0.0,0.9099296653463265,0.0,0.4882935624917494,0.9099296653463265,0.0,0.0,0.0,0.0,0.0,0.9099296653463265,0.4882935624917494,0.0,0.9099296653463265,0.0,0.0,1.1299686173317676,0.0,0.0,0.5649843086658838,0.0,0.0,0.0,1.694952925997651,0.04814900562447777,0.0,0.0,0.09629801124895554,0.0,0.0,0.24074502812238885,0.0
14.773869346733669,0.0,0.2214917281957724,0.2214917281957724,0.0,0.0,0.0,0.0,0.0,0.4255699652962949,0.8310558044727796,0.0,0.0,0.8310558044727796,0.0,0.0,0.0,0.4255699652962949,0.0,0.8310558044727796,0.0,0.0,0.8310558044727796,0.0,0.0,0.0,0.0,0.0,0.0,0.2192629627095828,0.2192629627095828,0.0,0.0,0.0,0.8818891009693758,0.0,0.47640326179289105,0.8818891009693758,0.0,0.0,0.0,0.0,0.0,0.8818891009693758,0.47640326179289105,0.0,0.8818891009693758,0.0,0.0,1.3480126331836904,0.0,0.0,0.6740063165918452,0.0,0.0,0.0,2.022018949775535,0.049891958462427125,0.0,0.0,0.09978391692485425,0.0,0.0,0.2494597923121356,0.0
14.874371859296483,0.0,0.23713944496309095,0.23713944496309095,0.0,0.0,0.0,0.0,0.0,0.42040146390095035,0.8118704952995628,0.0,0.0,0.8118704952995628,0.0,0.0,0.0,0.42040146390095035,0.0,0.8118704952995628,0.0,0.0,0.8118704952995628,0.0,0.0,0.0,0.0,0.0,0.0,0.21702700446092693,0.21702700446092693,0.0,0.0,0.0,0.8570585511949154,0.0,0.4655895197963029,0.8570585511949154,0.0,0.0,0.0,0.0,0.0,0.8570585511949154,0.4655895197963029,0.0,0.8570585511949154,0.0,0.0,1.6059776198861067,0.0,0.0,0.8029888099430533,0.0,0.0,0.0,2.4089664298291598,0.05358321265194338,0.0,0.0,0.10716642530388676,0.0,0.0,0.2679160632597169,0.0
14.974874371859297,0.0,0.2615085979199999,0.2615085979199999,0.0,0.0,0.0,0.0,0.0,0.41642424067422873,0.7960815987438619,0.0,0.0,0.7960815987438619,0.0,0.0,0.0,0.41642424067422873,0.0,0.7960815987438619,0.0,0.0,0.7960815987438619,0.0,0.0,0.0,0.0,0.0,0.0,0.21852590609318295,0.21852590609318295,0.0,0.0,0.0,0.8355114138457009,0.0,0.45585405577606786,0.8355114138457009,0.0,0.0,0.0,0.0,0.0,0.8355114138457009,0.45585405577606786,0.0,0.8355114138457009,0.0,0.0,1.9085254734200516,0.0,0.0,0.9542627367100258,0.0,0.0,0.0,2.862788210130077,0.0600279281758401,0.0,0.0,0.1200558563516802,0.0,0.0,0.3001396408792005,0.0
15.075376884422111,0.0,0.29843877503824173,0.29843877503824173,0.0,0.0,0.0,0.0,0.0,0.4139364911716994,0.7841853865678059,0.0,0.0,0.7841853865678059,0.0,0.0,0.0,0.4139364911716994,0.0,0.7841853865678059,0.0,0.0,0.7841853865678059,0.0,0.0,0.0,0.0,0.0,0.0,0.22446217257118875,0.22446217257118875,0.0,0.0,0.0,0.8174780033542746,0.0,0.4472291079581681,0.8174780033542746,0.0,0.0,0.0,0.0,0.0,0.8174780033542746,0.4472291079581681,0.0,0.8174780033542746,0.0,0.0,2.2585464795180847,0.0,0.0,1.1292732397590424,0.0,0.0,0.0,3.387819719277127,0.0706371330707071,0.0,0.0,0.1412742661414142,0.0,0.0,0.35318566535353546,0.0
15.175879396984925,0.0,0.35420512204170207,0.35420512204170207,0.0,0.0,0.0,0.0,0.0,0.41342223135848605,0.7770593440208049,0.0,0.0,0.7770593440208049,0.0,0.0,0.0,0.41342223135848605,0.0,0.7770593440208049,0.0,0.0,0.7770593440208049,0.0,0.0,0.0,0.0,0.0,0.0,0.23595442977153727,0.23595442977153727,0.0,0.0,0.0,0.8034261286852653,0.0,0.43978901602294634,0.8034261286852653,0.0,0.0,0.0,0.0,0.0,0.8034261286852653,0.43978901602294634,0.0,0.8034261286852653,0.0,0.0,2.6544557308834325,0.0,0.0,1.3272278654417162,0.0,0.0,0.0,3.9816835963251487,0.0879345736083348,0.0,0.0,0.1758691472166696,0.0,0.0,0.439672868041674,0.0
15.27638190954774,0.0,0.4392037386297715,0.4392037386297715,0.0,0.0,0.0,0.0,0.0,0.4156830551888062,0.7762205999957927,0.0,0.0,0.7762205999957927,0.0,0.0,0.0,0.4156830551888062,0.0,0.7762205999957927,0.0,0.0,0.7762205999957927,0.0,0.0,0.0,0.0,0.0,0.0,0.25475071040073305,0.25475071040073305,0.0,0.0,0.0,0.7942063464414766,0.0,0.4336688016344902,0.7942063464414766,0.0,0.0,0.0,0.0,0.0,0.7942063464414766,0.4336688016344902,0.0,0.7942063464414766,0.0,0.0,3.084789399392236,0.0,0.0,1.542394699696118,0.0,0.0,0.0,4.627184099088353,0.11653003671792078,0.0,0.0,0.23306007343584156,0.0,0.0,0.5826501835896039,0.0
15.376884422110553,0.0,0.570642132311883,0.570642132311883,0.0,0.0,0.0,0.0,0.0,0.4220804707604062,0.784305164264951,0.0,0.0,0.784305164264951,0.0,0.0,0.0,0.4220804707604062,0.0,0.784305164264951,0.0,0.0,0.784305164264951,0.0,0.0,0.0,0.0,0.0,0.0,0.2835671141973948,0.2835671141973948,0.0,0.0,0.0,0.7913190470669978,0.0,0.42909435356245307,0.7913190470669978,0.0,0.0,0.0,0.0,0.0,0.7913190470669978,0.42909435356245307,0.0,0.7913190470669978,0.0,0.0,3.5178772410052384,0.0,0.0,1.7589386205026192,0.0,0.0,0.0,5.276815861507857,0.16490551473892687,0.0,0.0,0.32981102947785373,0.0,0.0,0.8245275736946343,0.0
15.477386934673367,0.0,0.7759620189475689,0.7759620189475689,0.0,0.0,0.0,0.0,0.0,0.43497999215179506,0.8059584060132302,0.0,0.0,0.8059584060132302,0.0,0.0,0.0,0.43497999215179506,0.0,0.8059584060132302,0.0,0.0,0.8059584060132302,0.0,0.0,0.0,0.0,0.0,0.0,0.32660163624883054,0.32660163624883054,0.0,0.0,0.0,0.7974099975605479,0.0,0.4264315836991127,0.7974099975605479,0.0,0.0,0.0,0.0,0.0,0.7974099975605479,0.4264315836991127,0.0,0.7974099975605479,0.0,0.0,3.88440355588809,0.0,0.0,1.942201777944045,0.0,0.0,0.0,5.826605333832134,0.248157326117073,0.0,0.0,0.496314652234146,0.0,0.0,1.240786630585365,0.0
15.577889447236181,0.0,1.093793578744806,1.093793578744806,0.0,0.0,0.0,0.0,0.0,0.45852143366250864,0.8494245405098622,0.0,0.0,0.8494245405098622,0.0,0.0,0.0,0.45852143366250864,0.0,0.8494245405098622,0.0,0.0,0.8494245405098622,0.0,0.0,0.0,0.0,0.0,0.0,0.39021893746534253,0.39021893746534253,0.0,0.0,0.0,0.8171679203861191,0.0,0.4262648135387656,0.8171679203861191,0.0,0.0,0.0,0.0,0.0,0.8171679203861191,0.4262648135387656,0.0,0.8171679203861191,0.0,0.0,4.058093446468098,0.0,0.0,2.029046723234049,0.0,0.0,0.0,6.087140169702148,0.3897265672776597,0.0,0.0,0.7794531345553194,0.0,0.0,1.9486328363882983,0.0
15.678391959798995,0.0,1.5612308059604305,1.5612308059604305,0.0,0.0,0.0,0.0,0.0,0.49973216377711466,0.9290146631570786,0.0,0.0,0.9290146631570786,0.0,0.0,0.0,0.49973216377711466,0.0,0.9290146631570786,0.0,0.0,0.9290146631570786,0.0,0.0,0.0,0.0,0.0,0.0,0.4835314599203668,0.4835314599203668,0.0,0.0,0.0,0.8587950768127705,0.0,0.4295125774328066,0.8587950768127705,0.0,0.0,0.0,0.0,0.0,0.8587950768127705,0.4295125774328066,0.0,0.8587950768127705,0.0,0.0,3.87087094772772,0.0,0.0,1.93543547386386,0.0,0.0,0.0,5.80630642159158,0.6126860274050449,0.0,0.0,1.2253720548100897,0.0,0.0,3.063430137025224,0.0
15.77889447236181,0.0,2.1710662820021662,2.1710662820021662,0.0,0.0,0.0,0.0,0.0,0.5693540343105857,1.0676124165624596,0.0,0.0,1.0676124165624596,0.0,0.0,0.0,0.5693540343105857,0.0,1.0676124165624596,0.0,0.0,1.0676124165624596,0.0,0.0,0.0,0.0,0.0,0.0,0.6178592001181931,0.6178592001181931,0.0,0.0,0.0,0.9358230188625553,0.0,0.43756463661068146,0.9358230188625553,0.0,0.0,0.0,0.0,0.0,0.9358230188625553,0.43756463661068146,0.0,0.9358230188625553,0.0,0.0,3.2376641088794083,0.0,0.0,1.6188320544397041,0.0,0.0,0.0,4.856496163319112,0.9051661353403697,0.0,0.0,1.8103322706807394,0.0,0.0,4.525830676701848,0.0
15.879396984924623,0.0,2.8204553845033282,2.8204553845033282,0.0,0.0,0.0,0.0,0.0,0.6802564681715351,1.295682494825446,0.0,0.0,1.295682494825446,0.0,0.0,0.0,0.6802564681715351,0.0,1.295682494825446,0.0,0.0,1.295682494825446,0.0,0.0,0.0,0.0,0.0,0.0,0.8032686108734743,0.8032686108734743,0.0,0.0,0.0,1.067774556545966,0.0,0.45234852989205504,1.067774556545966,0.0,0.0,0.0,0.0,0.0,1.067774556545966,0.45234852989205504,0.0,1.067774556545966,0.0,0.0,2.3338903459222062,0.0,0.0,1.1669451729611031,0.0,0.0,0.0,3.5008355188833096,1.1862909302999245,0.0,0.0,2.372581860599849,0.0,0.0,5.931454651499623,0.0
15.979899497487438,0.0,3.3357584297315896,3.3357584297315896,0.0,0.0,0.0,0.0,0.0,0.8402829206028269,1.6404483447606126,0.0,0.0,1.6404483447606126,0.0,0.0,0.0,0.8402829206028269,0.0,1.6404483447606126,0.0,0.0,1.6404483447606126,0.0,0.0,0.0,0.0,0.0,0.0,1.0420972680556555,1.0420972680556555,0.0,0.0,0.0,1.2762940021275362,0.0,0.47612857796975055,1.2762940021275362,0.0,0.0,0.0,0.0,0.0,1.2762940021275362,0.47612857796975055,0.0,1.2762940021275362,0.0,0.0,1.4968986464906409,0.0,0.0,0.7484493232453204,0.0,0.0,0.0,2.245347969735961,1.3583100088560958,0.0,0.0,2.7166200177121915,0.0,0.0,6.791550044280478,0.0
16.080402010050253,0.0,3.5767264233960145,3.5767264233960145,0.0,0.0,0.0,0.0,0.0,1.0390405105425404,2.100642960062485,0.0,0.0,2.100642960062485,0.0,0.0,0.0,1.0390405105425404,0.0,2.100642960062485,0.0,0.0,2.100642960062485,0.0,0.0,0.0,0.0,0.0,0.0,1.3237614698745097,1.3237614698745097,0.0,0.0,0.0,1.5724595521778686,0.0,0.510857102657924,1.5724595521778686,0.0,0.0,0.0,0.0,0.0,1.5724595521778686,0.510857102657924,0.0,1.5724595521778686,0.0,0.0,0.9114484723177552,0.0,0.0,0.4557242361588776,0.0,0.0,0.0,1.3671727084766325,1.3960817395857337,0.0,0.0,2.7921634791714673,0.0,0.0,6.9804086979286675,0.0
16.180904522613066,0.0,3.509344270758605,3.509344270758605,0.0,0.0,0.0,0.0,0.0,1.2378119694731327,2.617208134004499,0.0,0.0,2.617208134004499,0.0,0.0,0.0,1.2378119694731327,0.0,2.617208134004499,0.0,0.0,2.617208134004499,0.0,0.0,0.0,0.0,0.0,0.0,1.6248918022527223,1.6248918022527223,0.0,0.0,0.0,1.9365874821749083,0.0,0.5571913176435423,1.9365874821749083,0.0,0.0,0.0,0.0,0.0,1.9365874821749083,0.5571913176435423,0.0,1.9365874821749083,0.0,0.0,0.5589707658969428,0.0,0.0,0.2794853829484714,0.0,0.0,0.0,0.8384561488454142,1.338208563755083,0.0,0.0,2.676417127510166,0.0,0.0,6.691042818775414,0.0
16.28140703517588,0.0,3.2068364384873567,3.2068364384873567,0.0,0.0,0.0,0.0,0.0,1.3824542690755535,3.079527724426456,0.0,0.0,3.079527724426456,0.0,0.0,0.0,1.3824542690755535,0.0,3.079527724426456,0.0,0.0,3.079527724426456,0.0,0.0,0.0,0.0,0.0,0.0,1.9140725864682113,1.9140725864682113,0.0,0.0,0.0,2.3108635434981704,0.0,0.6137900881472682,2.3108635434981704,0.0,0.0,0.0,0.0,0.0,2.3108635434981704,0.6137900881472682,0.0,2.3108635434981704,0.0,0.0,0.35787520172975323,0.0,0.0,0.17893760086487662,0.0,0.0,0.0,0.5368128025946298,1.2315351703386934,0.0,0.0,2.463070340677387,0.0,0.0,6.157675851693467,0.0
16.381909547738694,0.0,2.7938760497241653,2.7938760497241653,0.0,0.0,0.0,0.0,0.0,1.4391834458065234,3.389453108989274,0.0,0.0,3.389453108989274,0.0,0.0,0.0,1.4391834458065234,0.0,3.389453108989274,0.0,0.0,3.389453108989274,0.0,0.0,0.0,0.0,0.0,0.0,2.1588126837076906,2.1588126837076906,0.0,0.0,0.0,2.6278308416640015,0.0,0.6775611784812509,2.6278308416640015,0.0,0.0,0.0,0.0,0.0,2.6278308416640015,0.6775611784812509,0.0,2.6278308416640015,0.0,0.0,0.2430399676364935,0.0,0.0,0.12151998381824675,0.0,0.0,0.0,0.3645599514547402,1.1073993036859775,0.0,0.0,2.214798607371955,0.0,0.0,5.536996518429888,0.0
16.48241206030151,0.0,2.375638957530732,2.375638957530732,0.0,0.0,0.0,0.0,0.0,1.4140126862002762,3.5194981016993125,0.0,0.0,3.5194981016993125,0.0,0.0,0.0,1.4140126862002762,0.0,3.5194981016993125,0.0,0.0,3.5194981016993125,0.0,0.0,0.0,0.0,0.0,0.0,2.332647218520738,2.332647218520738,0.0,0.0,0.0,2.8499926734773506,0.0,0.7445072579783143,2.8499926734773506,0.0,0.0,0.0,0.0,0.0,2.8499926734773506,0.7445072579783143,0.0,2.8499926734773506,0.0,0.0,0.17579212444499048,0.0,0.0,0.08789606222249524,0.0,0.0,0.0,0.26368818666748567,0.982548650879245,0.0,0.0,1.96509730175849,0.0,0.0,4.912743254396225,0.0
16.582914572864322,0.0,2.0065484405913363,2.0065484405913363,0.0,0.0,0.0,0.0,0.0,1.3369218102231326,3.503345244285339,0.0,0.0,3.503345244285339,0.0,0.0,0.0,1.3369218102231326,0.0,3.503345244285339,0.0,0.0,3.503345244285339,0.0,0.0,0.0,0.0,0.0,0.0,2.4204030928023075,2.4204030928023075,0.0,0.0,0.0,2.9766516080272307,0.0,0.8102281739650242,2.9766516080272307,0.0,0.0,0.0,0.0,0.0,2.9766516080272307,0.8102281739650242,0.0,2.9766516080272307,0.0,0.0,0.13516855995396534,0.0,0.0,0.06758427997698267,0.0,0.0,0.0,0.20275283993094798,0.8648766792434452,0.0,0.0,1.7297533584868905,0.0,0.0,4.324383396217226,0.0
16.683417085427138,0.0,1.7008377663312146,1.7008377663312146,0.0,0.0,0.0,0.0,0.0,1.2380457262185778,3.392491226579776,0.0,0.0,3.392491226579776,0.0,0.0,0.0,1.2380457262185778,0.0,3.392491226579776,0.0,0.0,3.392491226579776,0.0,0.0,0.0,0.0,0.0,0.0,2.4203397847635557,2.4203397847635557,0.0,0.0,0.0,3.024544824940115,0.0,0.8700993245789168,3.024544824940115,0.0,0.0,0.0,0.0,0.0,3.024544824940115,0.8700993245789168,0.0,3.024544824940115,0.0,0.0,0.1099839753804459,0.0,0.0,0.05499198769022295,0.0,0.0,0.0,0.16497596307066884,0.7576066634160983,0.0,0.0,1.5152133268321966,0.0,0.0,3.788033317080491,0.0
16.78391959798995,0.0,1.4533890472936852,1.4533890472936852,0.0,0.0,0.0,0.0,0.0,1.137221899585971,3.229128915823847,0.0,0.0,3.229128915823847,0.0,0.0,0.0,1.137221899585971,0.0,3.229128915823847,0.0,0.0,3.229128915823847,0.0,0.0,0.0,0.0,0.0,0.0,2.3428473042698097,2.3428473042698097,0.0,0.0,0.0,3.011651446502311,0.0,0.9197444302644353,3.011651446502311,0.0,0.0,0.0,0.0,0.0,3.011651446502311,0.9197444302644353,0.0,3.011651446502311,0.0,0.0,0.09418124593605971,0.0,0.0,0.047090622968029856,0.0,0.0,0.0,0.14127186890408955,0.6616307093281453,0.0,0.0,1.3232614186562905,0.0,0.0,3.308153546640726,0.0
16.884422110552766,0.0,1.2534383123950052,1.2534383123950052,0.0,0.0,0.0,0.0,0.0,1.044385793812538,3.040950862078006,0.0,0.0,3.040950862078006,0.0,0.0,0.0,1.044385793812538,0.0,3.040950862078006,0.0,0.0,3.040950862078006,0.0,0.0,0.0,0.0,0.0,0.0,2.2064001299138036,2.2064001299138036,0.0,0.0,0.0,2.95242117052869,0.0,0.9558561022632223,2.95242117052869,0.0,0.0,0.0,0.0,0.0,2.95242117052869,0.9558561022632223,0.0,2.95242117052869,0.0,0.0,0.08439712826831212,0.0,0.0,0.04219856413415606,0.0,0.0,0.0,0.12659569240246818,0.5767179261497674,0.0,0.0,1.1534358522995347,0.0,0.0,2.883589630748837,0.0
16.984924623115578,0.0,1.0904964324622939,1.0904964324622939,0.0,0.0,0.0,0.0,0.0,0.9631088880198517,2.844788169217561,0.0,0.0,2.844788169217561,0.0,0.0,0.0,0.9631088880198517,0.0,2.844788169217561,0.0,0.0,2.844788169217561,0.0,0.0,0.0,0.0,0.0,0.0,2.032379895306191,2.032379895306191,0.0,0.0,0.0,2.858557028150307,0.0,0.9768777469525979,2.858557028150307,0.0,0.0,0.0,0.0,0.0,2.858557028150307,0.9768777469525979,0.0,2.858557028150307,0.0,0.0,0.07871905844376047,0.0,0.0,0.039359529221880234,0.0,0.0,0.0,0.11807858766564068,0.5021261702472551,0.0,0.0,1.0042523404945103,0.0,0.0,2.5106308512362756,0.0
17.085427135678394,0.0,0.9560778474525203,0.9560778474525203,0.0,0.0,0.0,0.0,0.0,0.893637798449453,2.65078526809358,0.0,0.0,2.65078526809358,0.0,0.0,0.0,0.893637798449453,0.0,2.65078526809358,0.0,0.0,2.65078526809358,0.0,0.0,0.0,0.0,0.0,0.0,1.8405958258243833,1.8405958258243833,0.0,0.0,0.0,2.7402904570451443,0.0,0.9831429874010174,2.7402904570451443,0.0,0.0,0.0,0.0,0.0,2.7402904570451443,0.9831429874010174,0.0,2.7402904570451443,0.0,0.0,0.07604483917505839,0.0,0.0,0.038022419587529194,0.0,0.0,0.0,0.11406725876258755,0.43691135119214686,0.0,0.0,0.8738227023842937,0.0,0.0,2.184556755960734,0.0
17.185929648241206,0.0,0.8437803030272716,0.8437803030272716,0.0,0.0,0.0,0.0,0.0,0.8347762245861811,2.465042695201238,0.0,0.0,2.465042695201238,0.0,0.0,0.0,0.8347762245861811,0.0,2.465042695201238,0.0,0.0,2.465042695201238,0.0,0.0,0.0,0.0,0.0,0.0,1.6466283500446446,1.6466283500446446,0.0,0.0,0.0,2.6067356264197876,0.0,0.9764691558047306,2.6067356264197876,0.0,0.0,0.0,0.0,0.0,2.6067356264197876,0.9764691558047306,0.0,2.6067356264197876,0.0,0.0,0.07574586427837503,0.0,0.0,0.037872932139187514,0.0,0.0,0.0,0.11361879641756252,0.3800834597704325,0.0,0.0,0.760166919540865,0.0,0.0,1.9004172988521624,0.0
17.286432160804022,0.0,0.748889151683503,0.748889151683503,0.0,0.0,0.0,0.0,0.0,0.7848827924552193,2.291053983218965,0.0,0.0,2.291053983218965,0.0,0.0,0.0,0.7848827924552193,0.0,2.291053983218965,0.0,0.0,2.291053983218965,0.0,0.0,0.0,0.0,0.0,0.0,1.4610735950865417,1.4610735950865417,0.0,0.0,0.0,2.465659158420827,0.0,0.9594879676570811,2.465659158420827,0.0,0.0,0.0,0.0,0.0,2.465659158420827,0.9594879676570811,0.0,2.465659158420827,0.0,0.0,0.07748589680662726,0.0,0.0,0.03874294840331363,0.0,0.0,0.0,0.1162288452099409,0.33068387922890297,0.0,0.0,0.6613677584578059,0.0,0.0,1.6534193961445147,0.0
17.386934673366834,0.0,0.6679383724461718,0.6679383724461718,0.0,0.0,0.0,0.0,0.0,0.7423386139410301,2.1305350512348946,0.0,0.0,2.1305350512348946,0.0,0.0,0.0,0.7423386139410301,0.0,2.1305350512348946,0.0,0.0,2.1305350512348946,0.0,0.0,0.0,0.0,0.0,0.0,1.2900778681640201,1.2900778681640201,0.0,0.0,0.0,2.3232120832697722,0.0,0.9350156459759077,2.3232120832697722,0.0,0.0,0.0,0.0,0.0,2.3232120832697722,0.9350156459759077,0.0,2.3232120832697722,0.0,0.0,0.08112196397943133,0.0,0.0,0.040560981989715666,0.0,0.0,0.0,0.12168294596914697,0.287821630931305,0.0,0.0,0.57564326186261,0.0,0.0,1.4391081546565248,0.0
17.48743718592965,0.0,0.5983529377198238,0.5983529377198238,0.0,0.0,0.0,0.0,0.0,0.7057314948538059,1.9839866643204749,0.0,0.0,1.9839866643204749,0.0,0.0,0.0,0.7057314948538059,0.0,1.9839866643204749,0.0,0.0,1.9839866643204749,0.0,0.0,0.0,0.0,0.0,0.0,1.1364277534230478,1.1364277534230478,0.0,0.0,0.0,2.183879460565837,0.0,0.9056242910991684,2.183879460565837,0.0,0.0,0.0,0.0,0.0,2.183879460565837,0.9056242910991684,0.0,2.183879460565837,0.0,0.0,0.08665016763316107,0.0,0.0,0.04332508381658053,0.0,0.0,0.0,0.1299752514497416,0.25068799433662886,0.0,0.0,0.5013759886732577,0.0,0.0,1.2534399716831441,0.0
17.587939698492463,0.0,0.5381871268186191,0.5381871268186191,0.0,0.0,0.0,0.0,0.0,0.6739016894859449,1.8511169635331421,0.0,0.0,1.8511169635331421,0.0,0.0,0.0,0.6739016894859449,0.0,1.8511169635331421,0.0,0.0,1.8511169635331421,0.0,0.0,0.0,0.0,0.0,0.0,1.0006755265055176,1.0006755265055176,0.0,0.0,0.0,2.050647773485789,0.0,0.8734324994385918,2.050647773485789,0.0,0.0,0.0,0.0,0.0,2.050647773485789,0.8734324994385918,0.0,2.050647773485789,0.0,0.0,0.09417720046280112,0.0,0.0,0.04708860023140056,0.0,0.0,0.0,0.14126580069420167,0.2185597369299082,0.0,0.0,0.4371194738598164,0.0,0.0,1.092798684649541,0.0
17.68844221105528,0.0,0.4859419696395275,0.4859419696395275,0.0,0.0,0.0,0.0,0.0,0.6459271404435518,1.7311599014641905,0.0,0.0,1.7311599014641905,0.0,0.0,0.0,0.6459271404435518,0.0,1.7311599014641905,0.0,0.0,1.7311599014641905,0.0,0.0,0.0,0.0,0.0,0.0,0.8820529154574176,0.8820529154574176,0.0,0.0,0.0,1.9252909448859428,0.0,0.8400581838653042,1.9252909448859428,0.0,0.0,0.0,0.0,0.0,1.9252909448859428,0.8400581838653042,0.0,1.9252909448859428,0.0,0.0,0.1039074145450497,0.0,0.0,0.05195370727252485,0.0,0.0,0.0,0.15586112181757455,0.1907964718611246,0.0,0.0,0.3815929437222492,0.0,0.0,0.953982359305623,0.0
17.78894472361809,0.0,0.4404405261018294,0.4404405261018294,0.0,0.0,0.0,0.0,0.0,0.6210873200964818,1.6231039580532922,0.0,0.0,1.6231039580532922,0.0,0.0,0.0,0.6210873200964818,0.0,1.6231039580532922,0.0,0.0,1.6231039580532922,0.0,0.0,0.0,0.0,0.0,0.0,0.7791166616004964,0.7791166616004964,0.0,0.0,0.0,1.8086798924901295,0.0,0.8066632545333189,1.8086798924901295,0.0,0.0,0.0,0.0,0.0,1.8086798924901295,0.8066632545333189,0.0,1.8086798924901295,0.0,0.0,0.11614001336454736,0.0,0.0,0.05807000668227368,0.0,0.0,0.0,0.17421002004682104,0.16683516445775146,0.0,0.0,0.3336703289155029,0.0,0.0,0.8341758222887572,0.0
17.889447236180906,0.0,0.4007432044020303,0.4007432044020303,0.0,0.0,0.0,0.0,0.0,0.5988237604605336,1.525846063341358,0.0,0.0,1.525846063341358,0.0,0.0,0.0,0.5988237604605336,0.0,1.525846063341358,0.0,0.0,1.525846063341358,0.0,0.0,0.0,0.0,0.0,0.0,0.690161170657154,0.690161170657154,0.0,0.0,0.0,1.701058308205567,0.0,0.7740360053247428,1.701058308205567,0.0,0.0,0.0,0.0,0.0,1.701058308205567,0.7740360053247428,0.0,1.701058308205567,0.0,0.0,0.13127347746687343,0.0,0.0,0.06563673873343671,0.0,0.0,0.0,0.1969102162003101,0.14618346002680244,0.0,0.0,0.2923669200536049,0.0,0.0,0.7309173001340121,0.0
17.98994974874372,0.0,0.36609012664460533,0.36609012664460533,0.0,0.0,0.0,0.0,0.0,0.5787046282419804,1.4382879985537613,0.0,0.0,1.4382879985537613,0.0,0.0,0.0,0.5787046282419804,0.0,1.4382879985537613,0.0,0.0,1.4382879985537613,0.0,0.0,0.0,0.0,0.0,0.0,0.613460213988012,0.613460213988012,0.0,0.0,0.0,1.6022622157558448,0.0,0.7426788454440642,1.6022622157558448,0.0,0.0,0.0,0.0,0.0,1.6022622157558448,0.7426788454440642,0.0,1.6022622157558448,0.0,0.0,0.1498157519120746,0.0,0.0,0.0749078759560373,0.0,0.0,0.0,0.22472362786811187,0.12841276183416847,0.0,0.0,0.25682552366833694,0.0,0.0,0.6420638091708423,0.0
18.090452261306535,0.0,0.33586162335767195,0.33586162335767195,0.0,0.0,0.0,0.0,0.0,0.5603955825724612,1.3593918000792626,0.0,0.0,1.3593918000792626,0.0,0.0,0.0,0.5603955825724612,0.0,1.3593918000792626,0.0,0.0,1.3593918000792626,0.0,0.0,0.0,0.0,0.0,0.0,0.5473953581837749,0.5473953581837749,0.0,0.0,0.0,1.5118821166417113,0.0,0.71288589913491,1.5118821166417113,0.0,0.0,0.0,0.0,0.0,1.5118821166417113,0.71288589913491,0.0,1.5118821166417113,0.0,0.0,0.17239954123627577,0.0,0.0,0.08619977061813788,0.0,0.0,0.0,0.25859931185441365,0.11315157539022108,0.0,0.0,0.22630315078044216,0.0,0.0,0.5657578769511054,0.0
18.190954773869347,0.0,0.30955101570735066,0.30955101570735066,0.0,0.0,0.0,0.0,0.0,0.543636875297051,1.2882079045730266,0.0,0.0,1.2882079045730266,0.0,0.0,0.0,0.543636875297051,0.0,1.2882079045730266,0.0,0.0,1.2882079045730266,0.0,0.0,0.0,0.0,0.0,0.0,0.490514550431291,0.490514550431291,0.0,0.0,0.0,1.4293765153544644,0.0,0.6848054860784888,1.4293765153544644,0.0,0.0,0.0,0.0,0.0,1.4293765153544644,0.6848054860784888,0.0,1.4293765153544644,0.0,0.0,0.19980256045438963,0.0,0.0,0.09990128022719481,0.0,0.0,0.0,0.2997038406815844,0.10007940162864037,0.0,0.0,0.20015880325728075,0.0,0.0,0.5003970081432019,0.0
18.291457286432163,0.0,0.28674588542492413,0.28674588542492413,0.0,0.0,0.0,0.0,0.0,0.5282258861295398,1.2238861317946268,0.0,0.0,1.2238861317946268,0.0,0.0,0.0,0.5282258861295398,0.0,1.2238861317946268,0.0,0.0,1.2238861317946268,0.0,0.0,0.0,0.0,0.0,0.0,0.44155058446752465,0.44155058446752465,0.0,0.0,0.0,1.3541477071206263,0.0,0.6584874614555394,1.3541477071206263,0.0,0.0,0.0,0.0,0.0,1.3541477071206263,0.6584874614555394,0.0,1.3541477071206263,0.0,0.0,0.23297287757781393,0.0,0.0,0.11648643878890697,0.0,0.0,0.0,0.3494593163667209,0.08892134481762355,0.0,0.0,0.1778426896352471,0.0,0.0,0.44460672408811774,0.0
18.391959798994975,0.0,0.26711552788567383,0.26711552788567383,0.0,0.0,0.0,0.0,0.0,0.5140040455646753,1.1656766652253971,0.0,0.0,1.1656766652253971,0.0,0.0,0.0,0.5140040455646753,0.0,1.1656766652253971,0.0,0.0,1.1656766652253971,0.0,0.0,0.0,0.0,0.0,0.0,0.39941818378456306,0.39941818378456306,0.0,0.0,0.0,1.285590412024405,0.0,0.6339177923636832,1.285590412024405,0.0,0.0,0.0,0.0,0.0,1.285590412024405,0.6339177923636832,0.0,1.285590412024405,0.0,0.0,0.27305965952544925,0.0,0.0,0.13652982976272462,0.0,0.0,0.0,0.4095894892881739,0.07944354095486604,0.0,0.0,0.15888708190973208,0.0,0.0,0.39721770477433016,0.0
18.49246231155779,0.0,0.250403285835448,0.250403285835448,0.0,0.0,0.0,0.0,0.0,0.5008472127705359,1.1129256926019413,0.0,0.0,1.1129256926019413,0.0,0.0,0.0,0.5008472127705359,0.0,1.1129256926019413,0.0,0.0,1.1129256926019413,0.0,0.0,0.0,0.0,0.0,0.0,0.36320091729429016,0.36320091729429016,0.0,0.0,0.0,1.2231215926058296,0.0,0.6110431127744242,1.2231215926058296,0.0,0.0,0.0,0.0,0.0,1.2231215926058296,0.6110431127744242,0.0,1.2231215926058296,0.0,0.0,0.3214496723432439,0.0,0.0,0.16072483617162195,0.0,0.0,0.0,0.4821745085148658,0.07144950684212406,0.0,0.0,0.14289901368424812,0.0,0.0,0.3572475342106203,0.0
18.592964824120603,0.0,0.23642319979826676,0.23642319979826676,0.0,0.0,0.0,0.0,0.0,0.4886587469125129,1.0650686897085895,0.0,0.0,1.0650686897085895,0.0,0.0,0.0,0.4886587469125129,0.0,1.0650686897085895,0.0,0.0,1.0650686897085895,0.0,0.0,0.0,0.0,0.0,0.0,0.332134557774288,0.332134557774288,0.0,0.0,0.0,1.1661977511981578,0.0,0.5897878084020813,1.1661977511981578,0.0,0.0,0.0,0.0,0.0,1.1661977511981578,0.5897878084020813,0.0,1.1661977511981578,0.0,0.0,0.37980977463325,0.0,0.0,0.189904887316625,0.0,0.0,0.0,0.569714661949875,0.06477754521755655,0.0,0.0,0.1295550904351131,0.0,0.0,0.3238877260877827,0.0
18.69346733668342,0.0,0.22506107880931778,0.22506107880931778,0.0,0.0,0.0,0.0,0.0,0.47736470322845354,1.021623215762867,0.0,0.0,1.021623215762867,0.0,0.0,0.0,0.47736470322845354,0.0,1.021623215762867,0.0,0.0,1.021623215762867,0.0,0.0,0.0,0.0,0.0,0.0,0.30559050588419856,0.30559050588419856,0.0,0.0,0.0,1.1143242388580734,0.0,0.5700657263236599,1.1143242388580734,0.0,0.0,0.0,0.0,0.0,1.1143242388580734,0.5700657263236599,0.0,1.1143242388580734,0.0,0.0,0.4501352928732121,0.0,0.0,0.22506764643660604,0.0,0.0,0.0,0.675202939309818,0.05929942567177337,0.0,0.0,0.11859885134354674,0.0,0.0,0.2964971283588668,0.0
18.79396984924623,0.0,0.21628079168178038,0.21628079168178038,0.0,0.0,0.0,0.0,0.0,0.4669107719715666,0.9821824093480056,0.0,0.0,0.9821824093480056,0.0,0.0,0.0,0.4669107719715666,0.0,0.9821824093480056,0.0,0.0,0.9821824093480056,0.0,0.0,0.0,0.0,0.0,0.0,0.28306130868189144,0.28306130868189144,0.0,0.0,0.0,1.0670597608338022,0.0,0.5517881234573631,1.0670597608338022,0.0,0.0,0.0,0.0,0.0,1.0670597608338022,0.5517881234573631,0.0,1.0670597608338022,0.0,0.0,0.5348033930724626,0.0,0.0,0.2674016965362313,0.0,0.0,0.0,0.8022050896086937,0.05492072086828248,0.0,0.0,0.10984144173656496,0.0,0.0,0.2746036043414124,0.0
18.894472361809047,0.0,0.2101374528653066,0.2101374528653066,0.0,0.0,0.0,0.0,0.0,0.45726074821740903,0.9464100202310584,0.0,0.0,0.9464100202310584,0.0,0.0,0.0,0.45726074821740903,0.0,0.9464100202310584,0.0,0.0,0.9464100202310584,0.0,0.0,0.0,0.0,0.0,0.0,0.2641494831318949,0.2641494831318949,0.0,0.0,0.0,1.0240183526427598,0.0,0.5348690806291103,1.0240183526427598,0.0,0.0,0.0,0.0,0.0,1.0240183526427598,0.5348690806291103,0.0,1.0240183526427598,0.0,0.0,0.6366291274591103,0.0,0.0,0.31831456372955513,0.0,0.0,0.0,0.9549436911886653,0.05158344614173341,0.0,0.0,0.10316689228346682,0.0,0.0,0.257917230708667,0.0
18.99497487437186,0.0,0.20680060513683288,0.20680060513683288,0.0,0.0,0.0,0.0,0.0,0.4483965216140253,0.9140377087272015,0.0,0.0,0.9140377087272015,0.0,0.0,0.0,0.4483965216140253,0.0,0.9140377087272015,0.0,0.0,0.9140377087272015,0.0,0.0,0.0,0.0,0.0,0.0,0.24856045115900374,0.24856045115900374,0.0,0.0,0.0,0.9848704458918547,0.0,0.5192292587786785,0.9848704458918547,0.0,0.0,0.0,0.0,0.0,0.9848704458918547,0.5192292587786785,0.0,0.9848704458918547,0.0,0.0,0.7589189238711135,0.0,0.0,0.37945946193555674,0.0,0.0,0.0,1.13837838580667,0.0492721620330728,0.0,0.0,0.0985443240661456,0.0,0.0,0.24636081016536399,0.0
19.095477386934675,0.0,0.20659264115193254,0.20659264115193254,0.0,0.0,0.0,0.0,0.0,0.4403197797239136,0.884865491508077,0.0,0.0,0.884865491508077,0.0,0.0,0.0,0.4403197797239136,0.0,0.884865491508077,0.0,0.0,0.884865491508077,0.0,0.0,0.0,0.0,0.0,0.0,0.2361005815254937,0.2361005815254937,0.0,0.0,0.0,0.9493444197401171,0.0,0.5047987079559536,0.9493444197401171,0.0,0.0,0.0,0.0,0.0,0.9493444197401171,0.5047987079559536,0.0,0.9493444197401171,0.0,0.0,0.9055111299115707,0.0,0.0,0.45275556495578534,0.0,0.0,0.0,1.3582666948673559,0.048025568400391655,0.0,0.0,0.09605113680078331,0.0,0.0,0.24012784200195825,0.0
19.195979899497488,0.0,0.21005155812051843,0.21005155812051843,0.0,0.0,0.0,0.0,0.0,0.4330559515742954,0.8587666389574762,0.0,0.0,0.8587666389574762,0.0,0.0,0.0,0.4330559515742954,0.0,0.8587666389574762,0.0,0.0,0.8587666389574762,0.0,0.0,0.0,0.0,0.0,0.0,0.22668164265932794,0.22668164265932794,0.0,0.0,0.0,0.9172299539301336,0.0,0.4915192665469528,0.9172299539301336,0.0,0.0,0.0,0.0,0.0,0.9172299539301336,0.4915192665469528,0.0,0.9172299539301336,0.0,0.0,1.0807832743624908,0.0,0.0,0.5403916371812454,0.0,0.0,0.0,1.621174911543736,0.047957280577306506,0.0,0.0,0.09591456115461301,0.0,0.0,0.23978640288653252,0.0
19.296482412060303,0.0,0.2180338553445999,0.2180338553445999,0.0,0.0,0.0,0.0,0.0,0.4266614028327415,0.8356991705470089,0.0,0.0,0.8356991705470089,0.0,0.0,0.0,0.4266614028327415,0.0,0.8356991705470089,0.0,0.0,0.8356991705470089,0.0,0.0,0.0,0.0,0.0,0.0,0.2203338707289612,0.2203338707289612,0.0,0.0,0.0,0.8883848155120467,0.0,0.4793470477977793,0.8883848155120467,0.0,0.0,0.0,0.0,0.0,0.8883848155120467,0.4793470477977793,0.0,0.8883848155120467,0.0,0.0,1.2895868271136282,0.0,0.0,0.6447934135568141,0.0,0.0,0.0,1.9343802406704422,0.04929264759366473,0.0,0.0,0.09858529518732946,0.0,0.0,0.24646323796832365,0.0
19.396984924623116,0.0,0.2318852554517514,0.2318852554517514,0.0,0.0,0.0,0.0,0.0,0.42123575848296463,0.8157277148450419,0.0,0.0,0.8157277148450419,0.0,0.0,0.0,0.42123575848296463,0.0,0.8157277148450419,0.0,0.0,0.8157277148450419,0.0,0.0,0.0,0.0,0.0,0.0,0.2172312719813498,0.2172312719813498,0.0,0.0,0.0,0.862747497846492,0.0,0.46825554148441456,0.862747497846492,0.0,0.0,0.0,0.0,0.0,0.862747497846492,0.46825554148441456,0.0,0.862747497846492,0.0,0.0,1.5370341517003852,0.0,0.0,0.7685170758501926,0.0,0.0,0.0,2.3055512275505774,0.05243454668603212,0.0,0.0,0.10486909337206424,0.0,0.0,0.26217273343016056,0.0
19.49748743718593,0.0,0.25372913022898635,0.25372913022898635,0.0,0.0,0.0,0.0,0.0,0.4169428019979588,0.7990625283294246,0.0,0.0,0.7990625283294246,0.0,0.0,0.0,0.4169428019979588,0.0,0.7990625283294246,0.0,0.0,0.7990625283294246,0.0,0.0,0.0,0.0,0.0,0.0,0.21773524869277025,0.21773524869277025,0.0,0.0,0.0,0.8403597109293248,0.0,0.45823998459785914,0.8403597109293248,0.0,0.0,0.0,0.0,0.0,0.8403597109293248,0.45823998459785914,0.0,0.8403597109293248,0.0,0.0,1.8279894241962182,0.0,0.0,0.9139947120981091,0.0,0.0,0.0,2.7419841362943274,0.058083600470835196,0.0,0.0,0.11616720094167039,0.0,0.0,0.290418002354176,0.0
19.597989949748744,0.0,0.286961383955053,0.286961383955053,0.0,0.0,0.0,0.0,0.0,0.4140463215821466,0.7861281859427344,0.0,0.0,0.7861281859427344,0.0,0.0,0.0,0.4140463215821466,0.0,0.7861281859427344,0.0,0.0,0.7861281859427344,0.0,0.0,0.0,0.0,0.0,0.0,0.22246663669683953,0.22246663669683953,0.0,0.0,0.0,0.8214058227751861,0.0,0.44932395841459843,0.8214058227751861,0.0,0.0,0.0,0.0,0.0,0.8214058227751861,0.44932395841459843,0.0,0.8214058227751861,0.0,0.0,2.165972436152914,0.0,0.0,1.082986218076457,0.0,0.0,0.0,3.2489586542293702,0.06746303525322532,0.0,0.0,0.13492607050645064,0.0,0.0,0.3373151762661266,0.0
19.69849246231156,0.0,0.337108162454039,0.337108162454039,0.0,0.0,0.0,0.0,0.0,0.412972961195053,0.7776856531268368,0.0,0.0,0.7776856531268368,0.0,0.0,0.0,0.412972961195053,0.0,0.7776856531268368,0.0,0.0,0.7776856531268368,0.0,0.0,0.0,0.0,0.0,0.0,0.23242286024119432,0.23242286024119432,0.0,0.0,0.0,0.8062823904374503,0.0,0.4415696985056666,0.8062823904374503,0.0,0.0,0.0,0.0,0.0,0.8062823904374503,0.4415696985056666,0.0,0.8062823904374503,0.0,0.0,2.550896469994361,0.0,0.0,1.2754482349971805,0.0,0.0,0.0,3.826344704991541,0.08274840736054473,0.0,0.0,0.16549681472108946,0.0,0.0,0.41374203680272365,0.0
19.798994974874372,0.0,0.41330142923251206,0.41330142923251206,0.0,0.0,0.0,0.0,0.0,0.4144251809607096,0.7750534671868188,0.0,0.0,0.7750534671868188,0.0,0.0,0.0,0.4144251809607096,0.0,0.7750534671868188,0.0,0.0,0.7750534671868188,0.0,0.0,0.0,0.0,0.0,0.0,0.24916719258384595,0.24916719258384595,0.0,0.0,0.0,0.795722849483716,0.0,0.43509456325760676,0.795722849483716,0.0,0.0,0.0,0.0,0.0,0.795722849483716,0.43509456325760676,0.0,0.795722849483716,0.0,0.0,2.974515801586667,0.0,0.0,1.4872579007933335,0.0,0.0,0.0,4.46177370238,0.10789498407234661,0.0,0.0,0.21578996814469323,0.0,0.0,0.5394749203617331,0.0
19.899497487437188,0.0,0.5306952081332027,0.5306952081332027,0.0,0.0,0.0,0.0,0.0,0.4195883631237281,0.7805163599487288,0.0,0.0,0.7805163599487288,0.0,0.0,0.0,0.4195883631237281,0.0,0.7805163599487288,0.0,0.0,0.7805163599487288,0.0,0.0,0.0,0.0,0.0,0.0,0.2751309457824377,0.2751309457824377,0.0,0.0,0.0,0.7910257170501089,0.0,0.4300977202251082,0.7910257170501089,0.0,0.0,0.0,0.0,0.0,0.7910257170501089,0.4300977202251082,0.0,0.7910257170501089,0.0,0.0,3.411590287783504,0.0,0.0,1.705795143891752,0.0,0.0,0.0,5.117385431675256,0.15018459029031617,0.0,0.0,0.30036918058063233,0.0,0.0,0.7509229514515808,0.0
20.0,0.0,0.7138188261296253,0.7138188261296253,0.0,0.0,0.0,0.0,0.0,0.43051187644737016,0.7980860509801689,0.0,0.0,0.7980860509801689,0.0,0.0,0.0,0.43051187644737016,0.0,0.7980860509801689,0.0,0.0,0.7980860509801689,0.0,0.0,0.0,0.0,0.0,0.0,0.31407947639866207,0.31407947639866207,0.0,0.0,0.0,0.7944778148760804,0.0,0.4269036403432816,0.7944778148760804,0.0,0.0,0.0,0.0,0.0,0.7944778148760804,0.4269036403432816,0.0,0.7944778148760804,0.0,0.0,3.8042826016932034,0.0,0.0,1.9021413008466017,0.0,0.0,0.0,5.706423902539805,0.22276817822664358,0.0,0.0,0.44553635645328715,0.0,0.0,1.1138408911332178,0.0
