time,A_1_1,A_1_2,A_1_3,A_1_4,A_1_5,A_1_6,A_1_7,A_2_1,A_2_2,A_2_3,A_2_4,A_2_5,A_2_6,A_2_7,A_3_1,A_3_2,A_3_3,A_3_4,A_3_5,A_3_6,A_3_7,A_4_1,A_4_2,A_4_3,A_4_4,A_4_5,A_4_6,A_4_7,A_5_1,A_5_2,A_5_3,A_5_4,A_5_5,A_5_6,A_5_7,A_6_1,A_6_2,A_6_3,A_6_4,A_6_5,A_6_6,A_6_7,A_7_1,A_7_2,A_7_3,A_7_4,A_7_5,A_7_6,A_7_7
0.0,1.24,0.0,2.0119999999999996,2.085,0.0,0.0,0.0,4.039000000000001,2.7800000000000002,0.0,3.12,0.0,0.0,0.0,0.0,6.084,4.680000000000001,1.86,0.0,0.0,0.0,3.916499999999999,3.916499999999999,3.916499999999999,8.329999999999998,0.0,0.0,0.0,0.324,0.08399999999999999,0.09599999999999999,0.5700000000000001,0.2,0.0,0.4,0.1755,0.9165,0.13649999999999998,1.005,0.6,0.3,0.0,0.196,0.28,1.8760000000000001,1.82,0.0,0.8,0.4
0.10040160642570281,1.3358765490039173,0.0,2.157908659249482,2.227703693190877,0.0,0.0,0.0,3.146158874173085,2.1578158297131713,0.0,2.452545098598072,0.0,0.0,0.0,0.0,6.510225650682438,5.051297276544511,1.9988051755121534,0.0,0.0,0.0,3.1932407252515356,3.1932407252515356,3.1932407252515356,6.802458229263137,0.0,0.0,0.0,0.333540035224713,0.07003006663068617,0.08320556506038751,0.5711312997463485,0.2040791923152827,0.0,0.4081583846305654,0.13968349157121937,0.7094266433612684,0.10969700989805889,0.954817935693552,0.5936301760803234,0.2968150880401617,0.0,0.16360616782880164,0.255718190967432,2.005846630601408,1.4845835255856117,0.0,0.8155719378124545,0.40778596890622726
0.20080321285140562,1.5973278059012364,0.0,2.5683502816256523,2.64038543386876,0.0,0.0,0.0,2.514911692474371,1.7181821862833124,0.0,1.977259319837669,0.0,0.0,0.0,0.0,6.947728038578958,5.434410869116687,2.1426243588547638,0.0,0.0,0.0,2.864994149107723,2.864994149107723,2.864994149107723,6.112278886227801,0.0,0.0,0.0,0.38545764971476654,0.0642754291112689,0.0803345401414438,0.5948254519822369,0.20829477523128645,0.0,0.4165895504625729,0.12050802719652334,0.5694208713440317,0.09688103539928607,1.0207975573200085,0.5866371272811172,0.2933185636405586,0.0,0.1499975327562625,0.2505383968499655,2.1608148146303217,1.27758716389845,0.0,0.8301268994855923,0.41506344974279613
0.3012048192771084,2.0124850714177214,0.0,3.2204198917661677,3.295959221728718,0.0,0.0,0.0,2.0315392092067017,1.3821616786201851,0.0,1.6099317100812955,0.0,0.0,0.0,0.0,7.089486783435623,5.5868788311157855,2.196507783348524,0.0,0.0,0.0,2.729558463059693,2.729558463059693,2.729558463059693,5.831430247175662,0.0,0.0,0.0,0.4752656917301355,0.06267581938691763,0.08330531300407854,0.6119146563088456,0.21266090244097413,0.0,0.42532180488194826,0.10954100902696394,0.46653841447926414,0.0907516718978955,1.1702663173027346,0.5791216562306116,0.2895608281153058,0.0,0.14575763358068755,0.2504825279087888,2.2402555201427115,1.1384931054067817,0.0,0.8436198211863656,0.4218099105931828
0.40160642570281124,2.575903890476506,0.0,4.101560208101206,4.1779826839569445,0.0,0.0,0.0,1.6923101142032548,1.146301697928107,0.0,1.3509198116945564,0.0,0.0,0.0,0.0,6.768730137126307,5.3708025447987495,2.1073313772748627,0.0,0.0,0.0,2.7123137163753603,2.7123137163753603,2.7123137163753603,5.802086503426625,0.0,0.0,0.0,0.6023660410831887,0.06377754218482659,0.0907069671297447,0.6068152751361274,0.2171902580012602,0.0,0.4343805160025204,0.10396812559964433,0.3964186987126245,0.08857599017264539,1.3876780308388763,0.5711816832344411,0.28559084161722054,0.0,0.14745103100138895,0.24931961952629128,2.1848228014994353,1.057661300439292,0.0,0.8560104143660796,0.4280052071830398
0.5020080321285141,3.2472859221760175,0.0,5.143918486605564,5.2140509347109205,0.0,0.0,0.0,1.502305526255928,1.012939772808845,0.0,1.207235062320501,0.0,0.0,0.0,0.0,5.9833095364568525,4.7772249522079795,1.8722938008608743,0.0,0.0,0.0,2.7786317443067086,2.7786317443067086,2.7786317443067086,5.951076367723152,0.0,0.0,0.0,0.7595885730274042,0.06694582546511149,0.10157796284322614,0.57571945471147,0.22189397933481428,0.0,0.44378795866962856,0.10247992661038133,0.35755444886354737,0.08905495175495154,1.6471793629469575,0.5629113678822576,0.2814556839411288,0.0,0.1534981176454136,0.2450658193879548,1.9848521524962373,1.034151152775143,0.0,0.8672633664957535,0.43363168324787676
0.6024096385542168,3.9352426268894596,0.0,6.200246866934411,6.253045722371704,0.0,0.0,0.0,1.460110522471855,0.9798514742547069,0.0,1.1803526627876593,0.0,0.0,0.0,0.0,4.894022603147528,3.9293468456210703,1.5396074545789646,0.0,0.0,0.0,2.903768654645702,2.903768654645702,2.903768654645702,6.225953152793752,0.0,0.0,0.0,0.9282572586870931,0.07172475261298643,0.11455137791669176,0.5261615387240607,0.22678159183609456,0.0,0.4535631836721891,0.10408394771487184,0.3474751296306058,0.09127388550878059,1.9045430443123539,0.5544004132662234,0.2772002066331117,0.0,0.16270414959379462,0.23872135698083596,1.6830482973346215,1.0659059153393524,0.0,0.8773485118002419,0.43867425590012094
0.7028112449799196,4.517325713684349,0.0,7.077643668329392,7.101198127540281,0.0,0.0,0.0,1.5666444018190904,1.046302924883469,0.0,1.273182999251852,0.0,0.0,0.0,0.0,3.74533238527366,3.021881214553995,1.1848272570637044,0.0,0.0,0.0,3.0597441171911783,3.0597441171911783,3.0597441171911783,6.567011837327399,0.0,0.0,0.0,1.0811214868114538,0.07752776422719389,0.12770745035640688,0.4720859802425685,0.23186095187295513,0.0,0.46372190374591027,0.10776227960893464,0.3639999080963475,0.09427608863591291,2.1067674626838584,0.5457335408762362,0.2728667704381181,0.0,0.1735770789736008,0.23251118266166057,1.3522591527347958,1.1498637450782994,0.0,0.8862409703619842,0.4431204851809921
0.8032128514056225,4.886554481610781,0.0,7.611717723577119,7.597392314657975,0.0,0.0,0.0,1.8326899287650624,1.2180666312598982,0.0,1.496236919266656,0.0,0.0,0.0,0.0,2.744841520122708,2.2240532234520827,0.8734042700349997,0.0,0.0,0.0,3.2133370384135858,3.2133370384135858,3.2133370384135858,6.903001998734629,0.0,0.0,0.0,1.1919738146724623,0.08356805075223467,0.13898833894824605,0.42584737734595074,0.23713819564789695,0.0,0.4742763912957939,0.11248941150236974,0.4064746253828812,0.09701650550865859,2.2120000801760256,0.5369901220831526,0.2684950610415763,0.0,0.18422413570340515,0.22789759536446816,1.0576933289246653,1.2840077492367918,0.0,0.8939212551683366,0.4469606275841683
0.9036144578313253,4.986260186207357,0.0,7.720192022645989,7.665595366480302,0.0,0.0,0.0,2.278307841368588,1.5069190145960778,0.0,1.8672718634502061,0.0,0.0,0.0,0.0,1.9904751283112083,1.6185676761397607,0.6372407375910696,0.0,0.0,0.0,3.3332847813795237,3.3332847813795237,3.3332847813795237,7.166615810743685,0.0,0.0,0.0,1.2440641483747739,0.08902396900619683,0.1467759779746257,0.393072505591425,0.2426176921330046,0.0,0.4852353842660092,0.11745147456592138,0.475786694274839,0.09859172616018887,2.2027523034845813,0.5282439504745701,0.26412197523728503,0.0,0.1927812366217158,0.2247468833901341,0.8320941719900815,1.4689418428811165,0.0,0.900375347227452,0.450187673613726
1.0040160642570282,4.81144132361323,0.0,7.402882424768873,7.312542754515697,0.0,0.0,0.0,2.9244045108503696,1.9249846627030052,0.0,2.4044001945655933,0.0,0.0,0.0,0.0,1.482294613170369,1.2088113312741449,0.4775810439285732,0.0,0.0,0.0,3.399567202257205,3.399567202257205,3.399567202257205,7.314543829607015,0.0,0.0,0.0,1.2317517356856704,0.09329008314331859,0.15021316577043617,0.37330165262061654,0.24830199901859862,0.0,0.49660399803719724,0.12223310108030191,0.5731492927868962,0.09850066993784959,2.084381741901105,0.5195631384434198,0.2597815692217099,0.0,0.19799058477974668,0.22197335527661644,0.6776459947171419,1.7074291921739246,0.0,0.9055947392908623,0.45279736964543116
1.104417670682731,4.393038260240284,0.0,6.715246513679415,6.599463638269431,0.0,0.0,0.0,3.777247999384287,2.4746259685298804,0.0,3.11320945811526,0.0,0.0,0.0,0.0,1.1753730588101388,0.9606228212772175,0.38121653839997993,0.0,0.0,0.0,3.407060182986057,3.407060182986057,3.407060182986057,7.335478465605069,0.0,0.0,0.0,1.158076689947638,0.09611258389576463,0.14921078919835828,0.3635826148281781,0.2541918212917162,0.0,0.5083836425834324,0.12676167392146048,0.6977379512505373,0.09671029090414063,1.8766943763073056,0.5110101212038816,0.2555050606019408,0.0,0.19946362343594107,0.2185885614806666,0.581962384330452,2.0002721700963826,0.0,0.9095764489805555,0.4547882244902777
1.2048192771084336,3.7883050805917584,0.0,5.751916423673316,5.624471961765577,0.0,0.0,0.0,4.808274531385517,3.135545805153122,0.0,3.969861626237855,0.0,0.0,0.0,0.0,1.022978466425142,0.8373383632415007,0.3340898050678771,0.0,0.0,0.0,3.3629270289073627,3.3629270289073627,3.3629270289073627,7.24462058774154,0.0,0.0,0.0,1.0333064983497144,0.09756612013935492,0.1443531390498729,0.36144121909205895,0.2602859726697936,0.0,0.5205719453395872,0.1310436197102712,0.8436980940562666,0.09353548948153459,1.6082351684532137,0.5026417516949331,0.25132087584746654,0.0,0.19756378712186934,0.2142739989182247,0.5317680230489767,2.3390470111306843,0.0,0.9123230022256771,0.45616150111283854
1.3052208835341366,3.0787418608308004,0.0,4.642076972125681,4.517104398305734,0.0,0.0,0.0,5.937268434490923,3.8544137214593235,0.0,4.907016759051089,0.0,0.0,0.0,0.0,0.9966807690019582,0.8164961670711692,0.3278455928576571,0.0,0.0,0.0,3.2818763371363726,3.2818763371363726,3.2818763371363726,7.073529691493526,0.0,0.0,0.0,0.875093258063898,0.0979615916352213,0.13681817495665513,0.366280458862965,0.2665813406447895,0.0,0.533162681289579,0.13489775046762503,0.9979649597016443,0.0894731605079398,1.3137960275775988,0.4945094705102213,0.24725473525511066,0.0,0.19313917116117693,0.20945485231862257,0.5194527943100898,2.6993866417734425,0.0,0.9138423878842693,0.45692119394213465
1.4056224899598393,2.3611765389563764,0.0,3.534615654961258,3.423230004667886,0.0,0.0,0.0,7.031609089230809,4.545096303270706,0.0,5.813328430536508,0.0,0.0,0.0,0.0,1.0923862131164037,0.8950502193431522,0.36200892352390895,0.0,0.0,0.0,3.1815901340461865,3.1815901340461865,3.1815901340461865,6.860284034952645,0.0,0.0,0.0,0.7068370529963336,0.09774093866223377,0.12819574437893877,0.37981383960439086,0.2730728563352187,0.0,0.5461457126704374,0.13784437084453555,1.1407440331240608,0.08506017809298158,1.0299922762040161,0.48665953595967126,0.24332976797983563,0.0,0.18724612144559075,0.2051362297935369,0.5450482884045142,3.0398023748166216,0.0,0.9141479842854948,0.4570739921427474
1.5060240963855422,1.7244210333762275,0.0,2.56234969441698,2.470336082992709,0.0,0.0,0.0,7.927700363270749,5.103065485684396,0.0,6.551723633448999,0.0,0.0,0.0,0.0,1.3319277619059924,1.0907846532670973,0.4447983052235055,0.0,0.0,0.0,3.078026199959692,3.078026199959692,3.078026199959692,6.639331956189317,0.0,0.0,0.0,0.5519586404264906,0.09734716743393917,0.12007774108356675,0.406130332770281,0.2797534706924343,0.0,0.5595069413848686,0.13916669268150592,1.2491713479087574,0.08074539503796638,0.7868155226113074,0.479133300533431,0.2395666502667155,0.0,0.1808565523850138,0.20264223301650613,0.616570165014861,3.3082005585596534,0.0,0.9132584582125209,0.45662922910626047
1.606425702811245,1.2236112209999952,0.0,1.8043924733997179,1.7320447573266875,0.0,0.0,0.0,8.46445565184786,5.427077410404759,0.0,6.987955758159117,0.0,0.0,0.0,0.0,1.7633089425797717,1.4424261633081243,0.5935469324255934,0.0,0.0,0.0,2.9808965872875723,2.9808965872875723,2.9808965872875723,6.431701915323712,0.0,0.0,0.0,0.4267315743193315,0.09707518016534554,0.11355799987304484,0.4516098760842807,0.2866141388595966,0.0,0.5732282777191932,0.1380559376014447,1.302268353249431,0.07678159993576118,0.5998318507345133,0.471967521324519,0.2359837606622595,0.0,0.1745768119375279,0.20333433460512987,0.7497272652895673,3.4527208935802953,0.0,0.911197636595363,0.4555988182976815
1.7068273092369477,0.8714758287159972,0.0,1.2751225928952719,1.2189480415798049,0.0,0.0,0.0,8.512661049420899,5.43764154392745,0.0,7.01569467336812,0.0,0.0,0.0,0.0,2.456074711844075,2.0055802253389414,0.833511026121362,0.0,0.0,0.0,2.8912867026693956,2.8912867026693956,2.8912867026693956,6.23982540191807,0.0,0.0,0.0,0.3368793725766578,0.096967031788595,0.10896264882799814,0.5245225308173855,0.2936438146347977,0.0,0.5872876292695954,0.13376377760757607,1.2847847706908064,0.07318372534003763,0.46907778342952144,0.4651946933116327,0.23259734665581636,0.0,0.16850207063210382,0.20837606393553476,0.965981936700723,3.43167516881939,0.0,0.9079943509376256,0.4539971754688128
1.8072289156626506,0.6507127826234177,0.0,0.9445348880091675,0.8994108624469135,0.0,0.0,0.0,7.999516409085416,5.092008269212689,0.0,6.577227050674691,0.0,0.0,0.0,0.0,3.482640078590466,2.8371001013414765,1.1918274899971981,0.0,0.0,0.0,2.80315501983255,2.80315501983255,2.80315501983255,6.050744904763841,0.0,0.0,0.0,0.2798445187533045,0.0968236586314236,0.10597470163751765,0.6335623016717136,0.30082945704326175,0.0,0.6016589140865235,0.12580008097121578,1.1900437337265823,0.06978725714198597,0.38486688629874366,0.45884339575561545,0.22942169787780772,0.0,0.16231012773497613,0.21850397707068095,1.2861871144490722,3.222411933569769,0.0,0.9036822543008688,0.4518411271504344
1.9076305220883534,0.534901041319553,0.0,0.7701311155583577,0.7306671140969861,0.0,0.0,0.0,6.943122723392186,4.405224551858746,0.0,5.691627473168949,0.0,0.0,0.0,0.0,4.875649530897948,3.9601294418757997,1.6828914785683025,0.0,0.0,0.0,2.7086378269776357,2.7086378269776357,2.7086378269776357,5.8475540770331245,0.0,0.0,0.0,0.25003454884424026,0.096357129828472,0.10404100077926041,0.784138437426748,0.3081560509792866,0.0,0.6163121019585732,0.11427276254744062,1.0239958709110502,0.0663925989493559,0.335559678304599,0.4529386432790254,0.2264693216395127,0.0,0.15558155197670587,0.23364845846013285,1.7169196816452452,2.833576565233453,0.0,0.898299610550192,0.449149805275096
2.0080321285140563,0.5052726602412874,0.0,0.721470390507285,0.6821839107705168,0.0,0.0,0.0,5.4934714508219304,3.4750469762421545,0.0,4.487145005084827,0.0,0.0,0.0,0.0,6.566848165419046,5.314934007461346,2.2865149364166513,0.0,0.0,0.0,2.605120888918785,2.605120888918785,2.605120888918785,5.62466886794077,0.0,0.0,0.0,0.24368191279677356,0.09543835896329171,0.10285053665496581,0.9723423889860174,0.31560664373836694,0.0,0.6312132874767339,0.10028673611240042,0.8099233394863797,0.06293744119798045,0.31314524238141855,0.4475022344539695,0.22375111722698476,0.0,0.14821195618257854,0.2523919523236977,2.2318118790049617,2.318687043810514,0.0,0.8918890555530493,0.44594452777652466
2.108433734939759,0.5605718119140464,0.0,0.7937317563274167,0.7481743682855807,0.0,0.0,0.0,3.927975921696117,2.4779944623931645,0.0,3.195097337761771,0.0,0.0,0.0,0.0,8.34734990376907,6.728489437218946,2.932401996915926,0.0,0.0,0.0,2.500245984726487,2.500245984726487,2.500245984726487,5.398646474071737,0.0,0.0,0.0,0.2622160890416901,0.09431256724647148,0.10270774333623241,1.1799408801036113,0.3231623990303984,0.0,0.6463247980607968,0.08596462350854134,0.5867914711678751,0.05960531573699744,0.3159733555494867,0.44255309188987324,0.22127654594493662,0.0,0.14068320987729385,0.27169933733034063,2.761005758938229,1.7732219714309352,0.0,0.8844973301400152,0.4422486650700076
2.208835341365462,0.7234733296615163,0.0,1.0157185861781801,0.9547084522385046,0.0,0.0,0.0,2.5488931832943025,1.6040640526737706,0.0,2.063581934467485,0.0,0.0,0.0,0.0,9.9006951898674,7.943987472823095,3.5095510289255465,0.0,0.0,0.0,2.410990267406869,2.410990267406869,2.410990267406869,5.206202780299646,0.0,0.0,0.0,0.3147627381199416,0.09362013650719682,0.10467726658783406,1.3758209798135623,0.33080266975299794,0.0,0.6616053395059959,0.07369194048149681,0.3948576717382029,0.05678848094167017,0.3498405864796461,0.4381075888804677,0.21905379444023385,0.0,0.1339777758641539,0.2874977696020716,3.204377650622507,1.2988901284675112,0.0,0.8761749848912936,0.4380874924456468
2.3092369477911645,1.0456215333483576,0.0,1.4554707525949695,1.3645673838676378,0.0,0.0,0.0,1.538548735877249,0.9661486316126168,0.0,1.2391164620943256,0.0,0.0,0.0,0.0,10.898566678849404,8.700308193202346,3.8985871653903716,0.0,0.0,0.0,2.357512856429288,2.357512856429288,2.357512856429288,5.090923797026335,0.0,0.0,0.0,0.42024246391894354,0.09420537976420221,0.11050723397193928,1.5242497428016812,0.33850509042092924,0.0,0.6770101808418585,0.06503158294681836,0.2568577885778877,0.0549354668609726,0.4283147544408196,0.43417985862731656,0.21708992931365828,0.0,0.12919974372761142,0.29591896699825987,3.46358420914058,0.9557209314023488,0.0,0.8669760572055805,0.43348802860279023
2.4096385542168672,1.6060760909258647,0.0,2.216434026301957,2.0733351282227632,0.0,0.0,0.0,0.9066243194050922,0.568263125524236,0.0,0.7260207692146997,0.0,0.0,0.0,0.0,11.084904698044685,8.800178960496252,4.00174867158937,0.0,0.0,0.0,2.357910308430776,2.357910308430776,2.357910308430776,5.091937303994792,0.0,0.0,0.0,0.6075469134366697,0.09692221828294016,0.12245345304062664,1.5935603537726901,0.3462456897064528,0.0,0.6924913794129056,0.06032742503701887,0.17233093019661416,0.05443250371282964,0.5714090677655167,0.4307820829039471,0.21539104145197355,0.0,0.12726760238218704,0.29433050553469525,3.468525665432351,0.7464942419560807,0.0,0.8569577216279638,0.4284788608139819
2.5100401606425704,2.4871022170853707,0.0,3.4027991983614423,3.1769189419904045,0.0,0.0,0.0,0.5586080621299723,0.3495810718729693,0.0,0.4445846751967665,0.0,0.0,0.0,0.0,10.323977225907782,8.147359383633702,3.761482613407361,0.0,0.0,0.0,2.427955212646479,2.427955212646479,2.427955212646479,5.2433485785122995,0.0,0.0,0.0,0.9084622032230145,0.10261336434645076,0.14290580629027894,1.5628272895410495,0.35399902306262715,0.0,0.7079980461252543,0.059210527350955645,0.12768559275360586,0.055606576540289845,0.7988520055921341,0.42792475776028815,0.21396237888014408,0.0,0.12889871366094197,0.28199465061888096,3.190817452819722,0.64087995256573,0.0,0.8461799150398425,0.42308995751992123
2.610441767068273,3.708482542375254,0.0,5.030375996419123,4.688780104359426,0.0,0.0,0.0,0.38849353511191326,0.24281432934516428,0.0,0.30716866228862083,0.0,0.0,0.0,0.0,8.672249012908953,6.800527471106182,3.1888760746026747,0.0,0.0,0.0,2.581843264756318,2.581843264756318,2.581843264756318,5.575858630628356,0.0,0.0,0.0,1.336021323817705,0.11212948364776353,0.17332407565626062,1.432617461478364,0.3617383248952325,0.0,0.723476649790465,0.06124130593758655,0.10856354562963502,0.058750661743268213,1.113424197369121,0.4256169344969898,0.2128084672484949,0.0,0.13465190157309972,0.26103154078600777,2.6622446858312605,0.6056645352564436,0.0,0.8347049390174434,0.4173524695087217
2.710843373493976,5.1422887472481715,0.0,6.9158172295652545,6.437679476456063,0.0,0.0,0.0,0.32395925544556925,0.20228500085975815,0.0,0.2543697665724005,0.0,0.0,0.0,0.0,6.469020957232109,5.038907846195295,2.400617561406083,0.0,0.0,0.0,2.8254114046352488,2.8254114046352488,2.8254114046352488,6.10212506373776,0.0,0.0,0.0,1.8535852658198544,0.126015899188527,0.21239436752009333,1.238471800829171,0.36943567923915044,0.0,0.7388713584783009,0.06604375313042336,0.10531565516132065,0.06397681091827087,1.4802670074451594,0.4238664346700118,0.2119332173350059,0.0,0.1445842219075222,0.23711742024491916,1.9952481886554616,0.6172369473904646,0.0,0.8225970424105065,0.41129852120525323
2.8112449799196786,6.512382551023432,0.0,8.684510234644675,8.07600451732344,0.0,0.0,0.0,0.3296106572258351,0.20567987961007808,0.0,0.25692767873309064,0.0,0.0,0.0,0.0,4.268625109352024,3.3016764907079974,1.5985272638595411,0.0,0.0,0.0,3.139344691884849,3.139344691884849,3.139344691884849,6.780496534782685,0.0,0.0,0.0,2.3694634665536642,0.143691739680747,0.2549803260243929,1.0441353160639817,0.37706220740250707,0.0,0.7541244148050141,0.07294175735767758,0.11276824294465448,0.07084562653731037,1.8281765335686815,0.4226800383266965,0.21134001916334824,0.0,0.15745001215700222,0.21731482938941177,1.3547463568051927,0.6590659455881072,0.0,0.8099219879384789,0.40496099396923946
2.9116465863453813,7.546496917172093,0.0,9.979741469640654,9.274207889648485,0.0,0.0,0.0,0.39647339684778177,0.24731914787873252,0.0,0.30670971017790705,0.0,0.0,0.0,0.0,2.5350966787536056,1.946557866023089,0.957915873939112,0.0,0.0,0.0,3.4688491106839834,3.4688491106839834,3.4688491106839834,7.492694357493653,0.0,0.0,0.0,2.784994921624761,0.16281422177679652,0.2939232567691948,0.9026760065483297,0.3845882705871198,0.0,0.7691765411742396,0.08065808377259445,0.12848200888244013,0.07814103508260258,2.0884248097819897,0.42206364503564814,0.21103182251782407,0.0,0.17032916061723946,0.20515016198371566,0.8667491879467637,0.7167762091022775,0.0,0.7967466073059462,0.3983733036529731
3.0120481927710845,8.135709297344539,0.0,10.670938523591758,9.913094799959698,0.0,0.0,0.0,0.5328824594673363,0.3324032713099926,0.0,0.40901094675426847,0.0,0.0,0.0,0.0,1.4046941782404436,1.0704705560509602,0.5354914117206598,0.0,0.0,0.0,3.7447526834373517,3.7447526834373517,3.7447526834373517,8.089356257483093,0.0,0.0,0.0,3.0521270478094604,0.18008598570827103,0.3236880388133305,0.8255345634567863,0.3919836850959927,0.0,0.7839673701919854,0.0877222532583448,0.15199296043527635,0.08433958445955893,2.2341928848722827,0.42202240756514947,0.21101120378257474,0.0,0.17984198061052156,0.1987201071197902,0.5574045107958944,0.7795494411385568,0.0,0.7831383499603471,0.3915691749801736
3.112449799196787,8.328461799972159,0.0,10.836398911332642,10.066657162119611,0.0,0.0,0.0,0.760176714703509,0.47432577259127096,0.0,0.5787770919342763,0.0,0.0,0.0,0.0,0.7577358565778156,0.5729821892962327,0.29137165125490744,0.0,0.0,0.0,3.9237543516138604,3.9237543516138604,3.9237543516138604,8.476949708416871,0.0,0.0,0.0,3.178044023880889,0.1931595681825929,0.3424037909675077,0.7935878972681902,0.39921794741448813,0.0,0.7984358948289763,0.0933289134827793,0.18514998474179536,0.08849622552177847,2.278712820641383,0.4225608382999806,0.2112804191499903,0.0,0.1841319006079843,0.19408647809553942,0.3832234503590867,0.8455382316584681,0.0,0.7691648311152063,0.38458241555760314
3.21285140562249,8.217699225565859,0.0,10.609084904986895,9.85866454120647,0.0,0.0,0.0,1.1118264053373754,0.694171103065529,0.0,0.8395513322761312,0.0,0.0,0.0,0.0,0.4136552326800916,0.31032635509602774,0.16040996798006468,0.0,0.0,0.0,4.003167563254898,4.003167563254898,4.003167563254898,8.649630241212119,0.0,0.0,0.0,3.189391176384927,0.2015380757978375,0.35093073082719195,0.783869739362243,0.4062604662147911,0.0,0.8125209324295822,0.0976516278977835,0.232364453925475,0.09056147915948395,2.2469359267804485,0.4236828886758181,0.21184144433790905,0.0,0.18340754687832964,0.18871517450684153,0.2895600994485675,0.9229052766630133,0.0,0.7548933850086487,0.37744669250432433
3.3132530120481927,7.861222897621261,0.0,10.072435088518766,9.366176131949937,0.0,0.0,0.0,1.6323568714074965,1.0201217592773164,0.0,1.2222948586244224,0.0,0.0,0.0,0.0,0.23615523015486486,0.17574269841306914,0.09232990102725468,0.0,0.0,0.0,4.002753270970272,4.002753270970272,4.002753270970272,8.650025831379802,0.0,0.0,0.0,3.1033181645677237,0.20587677650426053,0.3507488459074337,0.7815560861415403,0.4130807981919514,0.0,0.8261615963839029,0.10143249306744734,0.3001465006519496,0.09097386108931564,2.1550817217242546,0.4253920020651771,0.21269600103258854,0.0,0.1789034655273408,0.1818606492881427,0.23804714074337843,1.0252696837670174,0.0,0.740390629536322,0.370195314768161
3.4136546184738954,7.271407991066784,0.0,9.249178677649212,8.60930344194359,0.0,0.0,0.0,2.3714222764506414,1.48386333365689,0.0,1.7606542882185403,0.0,0.0,0.0,0.0,0.1452828420962026,0.10723890197225157,0.05725111307537491,0.0,0.0,0.0,3.943377237382342,3.943377237382342,3.943377237382342,8.523147192444597,0.0,0.0,0.0,2.921673663818876,0.20698786664741228,0.34272215650598553,0.7790332319195588,0.4196488845985955,0.0,0.839297769197191,0.10547636306916566,0.395983630412746,0.09018650689318775,2.0074016725764285,0.42769114067974934,0.21384557033987467,0.0,0.17181843673032277,0.17359266652130484,0.20730303254996407,1.1661256229066574,0.0,0.7257220483745543,0.36286102418727717
3.5140562248995986,6.444533037532798,0.0,8.140555776789911,7.587638966230739,0.0,0.0,0.0,3.3686227092874437,2.1111881959197567,0.0,2.479658430294044,0.0,0.0,0.0,0.0,0.09924187995117871,0.07265503574559054,0.039404594977880944,0.0,0.0,0.0,3.8393970550683596,3.8393970550683596,3.8393970550683596,8.299943099359222,0.0,0.0,0.0,2.640570448444235,0.20543696214901314,0.3271936364637742,0.7726134935237677,0.4259352854030822,0.0,0.8518705708061644,0.110390910091578,0.526322191334894,0.08849979002614032,1.8031407233340584,0.4305827871723608,0.2152913935861804,0.0,0.16298099125186477,0.16416222693237764,0.18660570486212236,1.353951968186344,0.0,0.7109515964885095,0.35547579824425474
3.6144578313253013,5.402155994500733,0.0,6.778894873288367,6.32923676517739,0.0,0.0,0.0,4.628206634788492,2.9061562192415504,0.0,3.377631743055744,0.0,0.0,0.0,0.0,0.07747392783630759,0.05625338575774241,0.030983634958848708,0.0,0.0,0.0,3.701695646188382,3.701695646188382,3.701695646188382,8.003856857601834,0.0,0.0,0.0,2.2659886494561596,0.20167217985969857,0.3048880033395216,0.7609903512623875,0.43191140814526535,0.0,0.8638228162905307,0.11649412536227882,0.6933661835724728,0.08613243808805808,1.5468503444112192,0.4340689217332279,0.21703446086661396,0.0,0.15300839263924185,0.15390667068229769,0.17097395350035838,1.5872773603555883,0.0,0.6961413345119244,0.3480706672559622
3.714859437751004,4.223647782929541,0.0,5.267115928245783,4.9278611310565665,0.0,0.0,0.0,6.092926174709042,3.8344788209569356,0.0,4.408456443634144,0.0,0.0,0.0,0.0,0.07065088970815674,0.05087887074774834,0.028447738678890635,0.0,0.0,0.0,3.5435987270957425,3.5435987270957425,3.5435987270957425,7.663624623757839,0.0,0.0,0.0,1.827193617493117,0.1963322648709115,0.2778753325020218,0.7451388878327367,0.43754972879567033,0.0,0.8750994575913407,0.12377261050726274,0.8915828124788459,0.08336154724560046,1.2568683543924124,0.43815097559527966,0.21907548779763983,0.0,0.14256273975185701,0.14336035133614777,0.15851497143767235,1.850797823731884,0.0,0.6813510968971583,0.34067554844857917
3.8152610441767068,3.045348775078996,0.0,3.7756539507552933,3.540994689902436,0.0,0.0,0.0,7.638128788247146,4.819306729814342,0.0,5.479290340789474,0.0,0.0,0.0,0.0,0.07580102622064491,0.05414273265707266,0.03071662192049594,0.0,0.0,0.0,3.3836819824556543,3.3836819824556543,3.3836819824556543,7.3193602432001645,0.0,0.0,0.0,1.3776135677829668,0.19041172193542916,0.24977181422780603,0.7283478559214128,0.442824002221695,0.0,0.88564800444339,0.13189153541764054,1.1064866317317237,0.08059705666426774,0.965865157067909,0.4428297619932895,0.22141488099664475,0.0,0.1324474095521534,0.13328034388788418,0.14910609626676896,2.116317722650339,0.0,0.6666381979979635,0.33331909899898177
3.9156626506024095,2.014627257671455,0.0,2.4843223436712436,2.3363817649744827,0.0,0.0,0.0,9.102388821366294,5.759878456829361,0.0,6.474391066851475,0.0,0.0,0.0,0.0,0.09450585357525808,0.06695777967935031,0.03852366486106926,0.0,0.0,0.0,3.2426391561796577,3.2426391561796577,3.2426391561796577,7.015796845307115,0.0,0.0,0.0,0.977369977713118,0.18509706916354607,0.22471071459102465,0.715424424480644,0.4477094602089926,0.0,0.8954189204179852,0.14030370012935917,1.3179958476564386,0.07831990289109181,0.7101924217859705,0.448105385767257,0.2240526928836285,0.0,0.123461182326005,0.12447168760250353,0.14367128785597555,2.350846619307969,0.0,0.6520571793972215,0.32602858969861076
4.016064257028113,1.226939286151237,0.0,1.505543421074212,1.4203254177443063,0.0,0.0,0.0,10.341332351939865,6.565049508727092,0.0,7.2940523861268085,0.0,0.0,0.0,0.0,0.13301523158135137,0.09349011387537784,0.054516917648858694,0.0,0.0,0.0,3.1362021344973585,3.1362021344973585,3.1362021344973585,6.786972917373177,0.0,0.0,0.0,0.6676799666165345,0.18135424803793876,0.20567053396686857,0.7111965927335124,0.4521829953611837,0.0,0.9043659907223675,0.1484263738878426,1.5070562878563565,0.0769195363105524,0.5143931942296602,0.4539771329748085,0.22698856648740426,0.0,0.11612876804173822,0.11751248589223577,0.14380312505168916,2.527937700742758,0.0,0.6376596008506338,0.3188298004253169
4.116465863453815,0.6961537158807511,0.0,0.8504348658396504,0.8051016297738947,0.0,0.0,0.0,11.26716595699313,7.1783203717339505,0.0,7.881535543117952,0.0,0.0,0.0,0.0,0.20383064954819782,0.14213874272267588,0.08395376389360631,0.0,0.0,0.0,3.069512903845176,3.069512903845176,3.069512903845176,6.64403736866458,0.0,0.0,0.0,0.4574516682311436,0.17956830109173239,0.19346246944870293,0.7193961304059027,0.4562233295820005,0.0,0.912446659164001,0.15576881448751195,1.660897556616246,0.07655151227021018,0.38317914193442987,0.4604433420738681,0.23022167103693406,0.0,0.11052905462145861,0.11259179400343691,0.1517838422610247,2.63450313334467,0.0,0.6234938762390435,0.31174693811952175
4.216867469879518,0.3749819594913414,0.0,0.45627807398115316,0.43362150094391433,0.0,0.0,0.0,11.850295344461522,7.579256384820522,0.0,8.22234047920628,0.0,0.0,0.0,0.0,0.3287339634960781,0.22747519892731782,0.13599596543047093,0.0,0.0,0.0,3.0366068296831252,3.0366068296831252,3.0366068296831252,6.574103423366756,0.0,0.0,0.0,0.330076668500397,0.17946854285858693,0.1869989491406774,0.7428509403764146,0.4598111662137826,0.0,0.9196223324275652,0.16193282350076754,1.7736284921779708,0.07710673567565159,0.3056476472298422,0.4675012584635048,0.2337506292317524,0.0,0.10633484023308978,0.1095711590627964,0.17106121682722186,2.669499569250479,0.0,0.6096051549352793,0.30480257746763967
4.317269076305221,0.19634578744651499,0.0,0.23809464360815916,0.22722632583682628,0.0,0.0,0.0,12.09178141416049,7.766384936307977,0.0,8.323455048902671,0.0,0.0,0.0,0.0,0.5433838688369944,0.3731821326711905,0.22566298127207357,0.0,0.0,0.0,3.0241421817804355,3.0241421817804355,3.0241421817804355,6.5482982561948635,0.0,0.0,0.0,0.2595969227737426,0.18031644519175755,0.18428046907085682,0.7849686051289333,0.46292932524596997,0.0,0.9258586504919399,0.16651323863309567,1.8428922312139622,0.07828276533936583,0.2651605957786354,0.4751468744250974,0.2375734372125487,0.0,0.10299587594268599,0.10820050149410615,0.20708838697108928,2.637500974634046,0.0,0.5960352480366075,0.29801762401830373
4.417670682730924,0.10274704328777794,0.0,0.12423343980437766,0.11910526420126279,0.0,0.0,0.0,11.98930752633952,7.7356138846893385,0.0,8.189193411406936,0.0,0.0,0.0,0.0,0.9030544872922804,0.6156590215805086,0.376264758423127,0.0,0.0,0.0,3.0160956406812662,3.0160956406812662,3.0160956406812662,6.531918906605785,0.0,0.0,0.0,0.22284684301957589,0.18117471647025374,0.18325832279771984,0.8517612827430694,0.46556286130234276,0.0,0.9311257226046855,0.1689658266099248,1.865285945013616,0.07968582037815157,0.2467722305276598,0.48337475678588276,0.24168737839294138,0.0,0.09992767419220436,0.10834468844524889,0.268267959253095,2.5420484646637016,0.0,0.5828225980226488,0.2914112990113244
4.518072289156627,0.055518483512231445,0.0,0.06697087654294936,0.0645232698043788,0.0,0.0,0.0,11.514029482741076,7.465166212788844,0.0,7.805548778622045,0.0,0.0,0.0,0.0,1.4868719432956072,1.0064870830441306,0.6211932613176359,0.0,0.0,0.0,2.996932599967595,2.996932599967595,2.996932599967595,6.491299946898816,0.0,0.0,0.0,0.203702140461051,0.1811041453423261,0.18223404509826235,0.9533500797258287,0.4676991643550583,0.0,0.9353983287101166,0.16850074328810588,1.8328534590290195,0.08090323193332091,0.2398432984777852,0.49217786492795107,0.24608893246397553,0.0,0.0966217433634736,0.11011154394790063,0.3664177550520141,2.3818226658211126,0.0,0.5700022895982547,0.28500114479912736
4.618473895582329,0.03222511318647862,0.0,0.03880295053538159,0.037582525808384885,0.0,0.0,0.0,10.610715154641818,6.915216116950938,0.0,7.140903348896165,0.0,0.0,0.0,0.0,2.3928722537818268,1.6086678844588607,1.0018178014531447,0.0,0.0,0.0,2.952998272522674,2.952998272522674,2.952998272522674,6.396836042906556,0.0,0.0,0.0,0.1924143839967062,0.17926193484923153,0.17991955730660528,1.1034801374558803,0.46932804329024486,0.0,0.9386560865804897,0.16409361685707158,1.7326737323940236,0.08153676867091621,0.23763961795098462,0.501547362080927,0.2507736810404635,0.0,0.09268169972594122,0.11382178985763082,0.5154835023597333,2.1513630349053448,0.0,0.5576060987920572,0.2788030493960286
4.718875502008032,0.021053357584258796,0.0,0.02531977046571855,0.024661671142128704,0.0,0.0,0.0,9.235090202248523,6.051824055950615,0.0,6.17152402644384,0.0,0.0,0.0,0.0,3.7099158446701583,2.477615891444203,1.5555643272670774,0.0,0.0,0.0,2.8738439105281905,2.8738439105281905,2.8738439105281905,6.225866823924073,0.0,0.0,0.0,0.18360639686920197,0.17499770727802297,0.17542814175758192,1.314952604276829,0.4704417925617972,0.0,0.9408835851235944,0.15479264641563834,1.5522952177849052,0.0812398795014664,0.23613828288653735,0.5114724231566546,0.2557362115783273,0.0,0.08785037941001914,0.11978155731305115,0.7264739374706594,1.8480821865878123,0.0,0.5456625768181924,0.2728312884090962
4.8192771084337345,0.01624913883241897,0.0,0.019529241161734233,0.01913539767387436,0.0,0.0,0.0,7.432434344389506,4.898830612910796,0.0,4.933348498169972,0.0,0.0,0.0,0.0,5.456635515044712,3.621052514209225,2.290021559863007,0.0,0.0,0.0,2.7555604985536974,2.7555604985536974,2.7555604985536974,5.969910909027755,0.0,0.0,0.0,0.17472142597757906,0.16807063802726946,0.16840317742478494,1.5897346347943377,0.47103524221931,0.0,0.94207048443862,0.14046666463999674,1.2927566837992182,0.07981982152635349,0.23323309481054527,0.5219400426975814,0.2609700213487907,0.0,0.08209134243280168,0.12787261200648725,0.9977167339065133,1.4852864036663274,0.0,0.5341971647782381,0.26709858238911904
4.919678714859438,0.015361038733679286,0.0,0.01846043443512441,0.01820236285361109,0.0,0.0,0.0,5.411538440394794,3.58861495774931,0.0,3.568724564933412,0.0,0.0,0.0,0.0,7.512957907774037,4.955449550633633,3.153922169926878,0.0,0.0,0.0,2.605538323590424,2.605538323590424,2.605538323590424,5.64498661357698,0.0,0.0,0.0,0.16523760319890152,0.15894958113108912,0.15926398223447974,1.9081207207403046,0.4711057915893214,0.0,0.9422115831786428,0.12267311103891373,0.9828817783971872,0.07739897065163619,0.22855597203846229,0.5329348468035792,0.2664674234017896,0.0,0.07569877721158609,0.13718444883961758,1.3054122097722163,1.1025672952808312,0.0,0.523232334983417,0.2616161674917085
5.020080321285141,0.01791131247534399,0.0,0.021535985356492746,0.021375899636318002,0.0,0.0,0.0,3.510736754923521,2.3430067041391527,0.0,2.3009067558335814,0.0,0.0,0.0,0.0,9.619425323822664,6.3082712135453285,4.03691068597198,0.0,0.0,0.0,2.443434429544226,2.443434429544226,2.443434429544226,5.2937086010126055,0.0,0.0,0.0,0.15619748618168608,0.14887100433850906,0.1492373284306679,2.228926528053421,0.47065342683637307,0.0,0.9413068536727461,0.10462217300217619,0.6771928502775839,0.07448687419820736,0.22342853750629518,0.544438913159136,0.272219456579568,0.0,0.06928385037291328,0.1461330068669644,1.606266980253936,0.7571394597853986,0.0,0.5127877545087893,0.25639387725439466
5.120481927710843,0.02504907580673684,0.0,0.03015043370392565,0.030134365181395208,0.0,0.0,0.0,2.0251683141915175,1.3605829103173452,0.0,1.3194755507412164,0.0,0.0,0.0,0.0,11.487486423256488,7.492145954250118,4.816380807226543,0.0,0.0,0.0,2.29367706697999,2.29367706697999,2.29367706697999,4.969037180769272,0.0,0.0,0.0,0.14959602162230679,0.13936642269433344,0.1398779026407321,2.5071396703571267,0.46968072254497445,0.0,0.9393614450899489,0.08964508972367702,0.428720797990864,0.07179899981487771,0.22035375394355566,0.55643160348756,0.27821580174378,0.0,0.06352977300474792,0.153191452113562,1.8567633551810296,0.49422422318925985,0.0,0.5028804665418588,0.2514402332709294
5.220883534136546,0.03996864082898063,0.0,0.0481872266205755,0.048510794017420436,0.0,0.0,0.0,1.0516814838012607,0.7114601348530107,0.0,0.6813941611284776,0.0,0.0,0.0,0.0,12.934439025626963,8.39233889491727,5.414737853056918,0.0,0.0,0.0,2.174147064657504,2.174147064657504,2.174147064657504,4.709740931628605,0.0,0.0,0.0,0.1478357445350456,0.13155366502869398,0.13236776900401154,2.7149237721265216,0.4681928273606496,0.0,0.9363856547212992,0.07944006171524622,0.26029998305346314,0.06992111848691901,0.22226052425809903,0.5688894128936473,0.2844447064468236,0.0,0.05887868204837794,0.15760275292549528,2.033360099590725,0.3240723943019034,0.0,0.49352508514468074,0.24676254257234037
5.3212851405622486,0.06915967757558679,0.0,0.08356393507683008,0.08475897385682835,0.0,0.0,0.0,0.502843911680897,0.3426173993227096,0.0,0.3240848689422158,0.0,0.0,0.0,0.0,13.922963302802566,8.98997079931372,5.8161751086385145,0.0,0.0,0.0,2.0907841518791503,2.0907841518791503,2.0907841518791503,4.528704811787504,0.0,0.0,0.0,0.15388159288316552,0.1258018902809381,0.12720587541104947,2.8472462565484755,0.46619743362411653,0.0,0.9323948672482331,0.07378785282832485,0.1626449516059126,0.06911116341897813,0.23241325924065853,0.5817858406041895,0.29089292030209474,0.0,0.05541766548073895,0.15944274998906904,2.1359193556473404,0.22771925386956487,0.0,0.48473399919550336,0.24236699959775168
5.421686746987952,0.12488591367407546,0.0,0.15131109897030984,0.15467235179845956,0.0,0.0,0.0,0.2272807339827578,0.15600873961342063,0.0,0.14576035915346677,0.0,0.0,0.0,0.0,14.50506392489734,9.323451239703418,6.04293930488179,0.0,0.0,0.0,2.0404367759063367,2.0404367759063367,2.0404367759063367,4.419108387612935,0.0,0.0,0.0,0.1724046207722696,0.1219119395528639,0.12443657361383419,2.9127331352934323,0.4637047308437562,0.0,0.9274094616875124,0.07151970495963636,0.11280170905290776,0.06934696790209575,0.25554967224420905,0.5950912865607927,0.29754564328039634,0.0,0.05299215616041762,0.1591931447375842,2.177011927703749,0.1779665901024332,0.0,0.4765175814963093,0.23825879074815465
5.522088353413655,0.22962570275050959,0.0,0.2791267818634902,0.28762371443702767,0.0,0.0,0.0,0.09969032722376753,0.0689511637749203,0.0,0.06363894398772768,0.0,0.0,0.0,0.0,14.746451010326712,9.438785499285972,6.12338864047662,0.0,0.0,0.0,2.016858522931968,2.016858522931968,2.016858522931968,4.36742339250975,0.0,0.0,0.0,0.21186162872584025,0.11949002686044079,0.12410860695371076,2.9219421054056274,0.4607273427932671,0.0,0.9214546855865342,0.07147347377663253,0.0900895764995912,0.07049367889647681,0.3002873851359838,0.6087729781481848,0.3043864890740924,0.0,0.05138366293852696,0.1573098164832765,2.169906733833518,0.15349526070150477,0.0,0.468884399309001,0.2344421996545005
5.622489959839357,0.42327866719275464,0.0,0.5164835423505573,0.536608631291884,0.0,0.0,0.0,0.04354094910344871,0.030350935693741487,0.0,0.02767607586807828,0.0,0.0,0.0,0.0,14.675086936391878,9.356714144944622,6.070450528898016,0.0,0.0,0.0,2.0155388927502176,2.0155388927502176,2.0155388927502176,4.363881427930403,0.0,0.0,0.0,0.28751196579699256,0.11824335449701712,0.1267067850620159,2.8797413964446945,0.4572802480072546,0.0,0.9145604960145092,0.0729004081523808,0.08126085747024364,0.07246038450407222,0.3829084486893365,0.6227949310433561,0.3113974655216781,0.0,0.050436412359950944,0.1539836265521911,2.121380696204754,0.14171885895934777,0.0,0.46184142289856456,0.23092071144928228
5.72289156626506,0.7727534650345379,0.0,0.9469731440231,0.9922089278404044,0.0,0.0,0.0,0.01948450212840576,0.013690609768860386,0.0,0.012336089134672138,0.0,0.0,0.0,0.0,14.254008037033316,9.056020051706419,5.870590162284369,0.0,0.0,0.0,2.036639770559767,2.036639770559767,2.036639770559767,4.408831423786592,0.0,0.0,0.0,0.42509074952308873,0.11815034642258831,0.13349736657761335,2.781681439870235,0.45338068348810473,0.0,0.9067613669762095,0.07551757095047607,0.07936468968834748,0.07531509101690388,0.5325670541592828,0.6371179477408081,0.31855897387040405,0.0,0.05012349720106636,0.14904739633900282,2.028601479959795,0.13648479870578473,0.0,0.45539422900071763,0.22769711450035882
5.823293172690763,1.3783019270601353,0.0,1.697134344526823,1.79358111864775,0.0,0.0,0.0,0.009267401171498954,0.006564685511074295,0.0,0.005846200337088518,0.0,0.0,0.0,0.0,13.37375834790923,8.469464994629517,5.481265169545241,0.0,0.0,0.0,2.086958076191496,2.086958076191496,2.086958076191496,4.516981539219273,0.0,0.0,0.0,0.6628779414477664,0.11956024422035738,0.14672612908172783,2.6136960918627437,0.4490480315398775,0.0,0.898096063079755,0.07948120984772539,0.08136268233906752,0.07938218497976002,0.7960724868787009,0.6516996567467322,0.3258498283733661,0.0,0.05058390220573164,0.14199855967623937,1.8788770516158864,0.13539550392607666,0.0,0.44954719648033553,0.22477359824016777
5.923694779116466,2.357499957314195,0.0,2.9180811443927994,3.1110313089769606,0.0,0.0,0.0,0.004923637048757825,0.0035165469623433714,0.0,0.0030958234090711885,0.0,0.0,0.0,0.0,11.885253727811552,7.505127927148061,4.8451465352369105,0.0,0.0,0.0,2.1813280248219895,2.1813280248219895,2.1813280248219895,4.720423170210777,0.0,0.0,0.0,1.0447437455361088,0.12324694028708802,0.16932178054953906,2.3583364897726646,0.44430368981202634,0.0,0.8886073796240527,0.08538670342638234,0.08641438754542465,0.08533261478853801,1.2343204093216458,0.6664945947461742,0.3332472973730871,0.0,0.05214501538257258,0.13227327503602312,1.6547102084515837,0.13811216066908505,0.0,0.4443036917934117,0.22215184589670586
6.024096385542169,3.7731830888157587,0.0,4.696941971588558,5.05212796213603,0.0,0.0,0.0,0.0031045301161740074,0.0022358396207052197,0.0,0.0019462922882932524,0.0,0.0,0.0,0.0,9.720487500795926,6.1225200327031075,3.939649645039922,0.0,0.0,0.0,2.3416286567795903,2.3416286567795903,2.3416286567795903,5.066471741933352,0.0,0.0,0.0,1.5915596925668443,0.13031650998071156,0.20337866911001823,2.0139285083226115,0.4391709248659401,0.0,0.8783418497318802,0.09422415685345573,0.09489020386318629,0.09418910174768043,1.8938388591498447,0.6814543332449386,0.3407271666224693,0.0,0.05529005615908929,0.12002217320037875,1.3499323969848782,0.14537885335262665,0.0,0.4396662421997581,0.21983312109987904
6.124497991967871,5.506853123354562,0.0,6.896815609569486,7.485073556757262,0.0,0.0,0.0,0.002450684436593395,0.001779810695501273,0.0,0.0015323919673846235,0.0,0.0,0.0,0.0,7.08764718948329,4.454330265564675,2.8546643021814813,0.0,0.0,0.0,2.588016268507119,2.588016268507119,2.588016268507119,5.598693555218486,0.0,0.0,0.0,2.252914532917155,0.1416885651532377,0.24724986354143358,1.6218507754702545,0.4336747098645236,0.0,0.8673494197290472,0.10703325147903787,0.1075735028158013,0.10700481719815559,2.7473969384627215,0.6965276502917473,0.3482638251458737,0.0,0.06045010409827956,0.10714275388407599,0.994303099814208,0.15808003468855186,0.0,0.4356366949886301,0.21781834749431506
6.224899598393574,7.212618769442177,0.0,9.091585349427598,9.95628091999697,0.0,0.0,0.0,0.002458111560462401,0.0018002947597370047,0.0,0.001533568483143299,0.0,0.0,0.0,0.0,4.515509697402514,2.8325071463326896,1.8066272483961006,0.0,0.0,0.0,2.917644836919162,2.917644836919162,2.917644836919162,6.310891253690363,0.0,0.0,0.0,2.892157367454462,0.15695111645099788,0.2937114290011711,1.2653321253346341,0.4278415473188741,0.0,0.8556830946377482,0.12398023110486325,0.1245368229310484,0.12395093679822192,3.656885376435978,0.7116607469219283,0.35583037346096413,0.0,0.06752193122849318,0.0969964080301051,0.6570114672607315,0.17583179247786254,0.0,0.4322163612697744,0.2161081806348872
6.325301204819277,8.511810637562718,0.0,10.80241079474472,11.936994406569479,0.0,0.0,0.0,0.0030121482857623136,0.0022247134641016093,0.0,0.001875626674792062,0.0,0.0,0.0,0.0,2.5285419974728036,1.5836679486585181,1.0045696108677609,0.0,0.0,0.0,3.2836474956564685,3.2836474956564685,3.2836474956564685,7.101689896138619,0.0,0.0,0.0,3.3637247385359217,0.17336038962273348,0.33287860706839284,1.012683098030793,0.4216992781923856,0.0,0.8433985563847712,0.14330366618270846,0.14400387885466687,0.14326681288418436,4.441767347103123,0.7267975069631404,0.3633987534815702,0.0,0.07541325061538062,0.09179258138061737,0.40299986592011544,0.1957672629035865,0.0,0.42940614314493053,0.21470307157246526
6.42570281124498,9.258990584680383,0.0,11.834537624010533,13.195733473289376,0.0,0.0,0.0,0.004207258602168999,0.0031335629154148046,0.0,0.00261569805931995,0.0,0.0,0.0,0.0,1.284220995408823,0.8033582518461203,0.5064673326468703,0.0,0.0,0.0,3.609206657704529,3.609206657704529,3.609206657704529,7.8050152065763445,0.0,0.0,0.0,3.614210329383455,0.18680338305000288,0.35817373036667544,0.8675969116917324,0.4152768790440162,0.0,0.8305537580880324,0.1616848885012901,0.16268841356140679,0.1616320713928629,5.003590170176794,0.7418797978421259,0.37093989892106294,0.0,0.08239300295014611,0.09066211854715682,0.24777531489036017,0.21344757986013346,0.0,0.4272066433083455,0.21360332165417276
6.526104417670683,9.561668776089846,0.0,12.312119724949556,13.851544266462176,0.0,0.0,0.0,0.006301073035842518,0.004732234614839697,0.0,0.003912656248344336,0.0,0.0,0.0,0.0,0.6160125351806209,0.38501742139758777,0.24108584900891142,0.0,0.0,0.0,3.8385577767631895,3.8385577767631895,3.8385577767631895,8.30038327014337,0.0,0.0,0.0,3.6874959277800117,0.19456370868763287,0.3692103196422518,0.7905805479678607,0.40860424926976036,0.0,0.8172084985395207,0.17641318908318235,0.17795433081864134,0.17633207636026346,5.3604534869419735,0.7568478090670994,0.3784239045335497,0.0,0.0872474359342569,0.09119672587309163,0.16623323471095156,0.2258322684277843,0.0,0.4256182563298902,0.2128091281649451
6.626506024096385,9.60866398317977,0.0,12.46756159431709,14.151058166159128,0.0,0.0,0.0,0.009753050979599383,0.007385176511198327,0.0,0.006050864875950094,0.0,0.0,0.0,0.0,0.28835250115140065,0.1801281856809327,0.1119593718897707,0.0,0.0,0.0,3.9667348283893404,3.9667348283893404,3.9667348283893404,8.57715988518526,0.0,0.0,0.0,3.6581227443597544,0.19670409203029238,0.3697750246467655,0.74439122138844,0.4017119908542976,0.0,0.8034239817085952,0.18690921059786894,0.1893535372341035,0.1867805618275408,5.584977647863932,0.771640424171818,0.385820212085909,0.0,0.08991858784636193,0.09176227682611744,0.12679236744147204,0.23288884506443558,0.0,0.4246412410527879,0.21232062052639394
6.7269076305220885,9.54325334461853,0.0,12.480364862461506,14.289569372361283,0.0,0.0,0.0,0.015330246680904635,0.011702512213538388,0.0,0.009505993310863145,0.0,0.0,0.0,0.0,0.13425493198561603,0.08384961937394267,0.051703657927619,0.0,0.0,0.0,4.021871828308566,4.021871828308566,4.021871828308566,8.6962429781378,0.0,0.0,0.0,3.5826987385092175,0.19493369913713807,0.36432195110574206,0.7097219464159005,0.39463118335360436,0.0,0.7892623667072087,0.1941698199335684,0.1981036860150369,0.19396277435033324,5.742883247692193,0.7861956211308659,0.39309781056543297,0.0,0.09107651770609039,0.09193406403332807,0.1082274442508439,0.23647572856635662,0.0,0.4242757736929299,0.21213788684646495
6.827309236947791,9.440170685820545,0.0,12.445167921987943,14.371529256935533,0.0,0.0,0.0,0.024284191031703612,0.01868481989522452,0.0,0.01505551754652265,0.0,0.0,0.0,0.0,0.06269372008948669,0.039160981468294304,0.023943350394997547,0.0,0.0,0.0,4.036022087278877,4.036022087278877,4.036022087278877,8.726963358014958,0.0,0.0,0.0,3.4911229581701106,0.19103400963003547,0.35603845705703924,0.679475249856699,0.3873931570757428,0.0,0.7747863141514856,0.19952292467700627,0.20589788689280536,0.199187400349859,5.872996393182361,0.8004508956236845,0.40022544781184227,0.0,0.09145880342994706,0.09185952760551377,0.09947328694128138,0.23866590386341555,0.0,0.42452198136233543,0.21226099068116772
6.927710843373494,9.327842160034548,0.0,12.398088243282395,14.4369922287428,0.0,0.0,0.0,0.038631650831431615,0.02995397424844198,0.0,0.023954769825430197,0.0,0.0,0.0,0.0,0.02943948002400025,0.018397726698913947,0.011147881465620338,0.0,0.0,0.0,4.031428977357037,4.031428977357037,4.031428977357037,8.717415501426832,0.0,0.0,0.0,3.395217010871005,0.18619338174961897,0.3466445632056883,0.6514900719629985,0.3800292675957933,0.0,0.7600585351915866,0.20396092444615277,0.21432630023188598,0.20341537835216683,5.991912653228072,0.8143437010631359,0.40717185053156796,0.0,0.09157052683808511,0.09175914153997813,0.09534282087594545,0.24102471036628897,0.0,0.42537995586033467,0.21268997793016733
7.028112449799197,9.211721947738797,0.0,12.345659844186011,14.492696269378238,0.0,0.0,0.0,0.061599769260939574,0.04812068433196098,0.0,0.03821714644809801,0.0,0.0,0.0,0.0,0.013909179635281082,0.008699332317021127,0.005221705243226616,0.0,0.0,0.0,4.019852240354979,4.019852240354979,4.019852240354979,8.693013558988126,0.0,0.0,0.0,3.2978396873089117,0.18102735331322756,0.3368679700130117,0.6250368230271796,0.3725706748203962,0.0,0.7451413496407924,0.20805640602738806,0.22493308265961023,0.20716815988885004,6.103316514777011,0.827811899030642,0.413905949515321,0.0,0.09167665191751471,0.09176612589184192,0.0934661314040589,0.244660083191616,0.0,0.4268497476878626,0.2134248738439313
7.128514056224899,9.08766985758129,0.0,12.281693409073146,14.530585656740069,0.0,0.0,0.0,0.09832592099749178,0.07736475805411021,0.0,0.06105653538598502,0.0,0.0,0.0,0.0,0.006616019454138203,0.004142642946683384,0.0024621766239055322,0.0,0.0,0.0,4.006077020241583,4.006077020241583,4.006077020241583,8.664083606749411,0.0,0.0,0.0,3.198173388922551,0.17579066785104785,0.32690980390462304,0.5997070691354905,0.3650481298005251,0.0,0.7300962596010502,0.21209903895107507,0.23957771349219925,0.21065279292259484,6.204432812243965,0.8407942136827111,0.42039710684135556,0.0,0.09188418146254536,0.09192698316611532,0.09274021553394463,0.2505354914223009,0.0,0.4289313403484895,0.21446567017424475
7.228915662650603,8.947344562065066,0.0,12.194094642709041,14.53536428545439,0.0,0.0,0.0,0.15693878324839602,0.12433530683547445,0.0,0.09757413029475878,0.0,0.0,0.0,0.0,0.0031732283038917878,0.001989868576321677,0.0011706139101152063,0.0,0.0,0.0,3.991133454557101,3.991133454557101,3.991133454557101,8.632825940426345,0.0,0.0,0.0,3.0939361455877026,0.17055436024355508,0.3167234495107625,0.5751720861149182,0.3574917723761042,0.0,0.7149835447522084,0.21624822929789445,0.26093809540118945,0.21389613108193156,6.288988134211372,0.8532306838108575,0.42661534190542877,0.0,0.09221515521085573,0.09223583492492628,0.0926287494922668,0.25981348897275647,0.0,0.4316246051102516,0.2158123025551258
7.329317269076305,8.779113288979207,0.0,12.065873037277168,14.48548532183462,0.0,0.0,0.0,0.25017997156811056,0.1995071879205153,0.0,0.15579492266405517,0.0,0.0,0.0,0.0,0.0015394915398018964,0.0009671387971259743,0.0005629540127562973,0.0,0.0,0.0,3.974224336141126,3.974224336141126,3.974224336141126,8.597482775353818,0.0,0.0,0.0,2.981898881112647,0.16530732178893062,0.3061368997551165,0.5511486410295747,0.3499309425258485,0.0,0.699861885051697,0.22064667253772957,0.29315574128607524,0.21683040576150084,6.347751519174114,0.8650631065368549,0.43253155326842746,0.0,0.09264951422436586,0.09265963694371074,0.09285196861126332,0.27420483584461275,0.0,0.43492923652065313,0.21746461826032656
7.429718875502008,8.566777909943402,0.0,11.873187008659473,14.350649991507145,0.0,0.0,0.0,0.39771621992077305,0.31912488693932606,0.0,0.24815739377464055,0.0,0.0,0.0,0.0,0.0007594990590070856,0.0004781600257929583,0.00027530488660475785,0.0,0.0,0.0,3.9535833432221397,3.9535833432221397,3.9535833432221397,8.554193535072944,0.0,0.0,0.0,2.857626309219276,0.16000127782064372,0.29488252939057535,0.5273805128203359,0.34239400799816594,0.0,0.6847880159963319,0.22549981262888424,0.34268282609554324,0.21933228560432325,6.367622551355345,0.8762354670867876,0.4381177335433938,0.0,0.09314343862049031,0.0931484853126077,0.09324437246283843,0.29636820135530384,0.0,0.4388446690987979,0.21942233454939894
7.530120481927711,8.287429408732939,0.0,11.582088402149164,14.087678818609367,0.0,0.0,0.0,0.6291368902863862,0.5077394070084538,0.0,0.39346822609261445,0.0,0.0,0.0,0.0,0.00038421336920643767,0.00024249293417025064,0.00013806129938387994,0.0,0.0,0.0,3.9266868895790585,3.9266868895790585,3.9266868895790585,8.497452528719432,0.0,0.0,0.0,2.7149593413983113,0.15456425662051002,0.28258401085940005,0.5036073463806704,0.33490821042632446,0.0,0.6698164208526489,0.23113752922192976,0.41935538950090173,0.22123132604935225,6.3299513274194394,0.8866943496810527,0.4433471748405263,0.0,0.09363266669004229,0.0936352506002765,0.09368434489472642,0.3303994436280272,0.0,0.44336997577838205,0.22168498788919103
7.6305220883534135,7.909581577203393,0.0,11.145522793422607,13.63662162282582,0.0,0.0,0.0,0.9871023225494873,0.8009057920415821,0.0,0.6190065678001501,0.0,0.0,0.0,0.0,0.0002018269299996867,0.0001277415694069047,7.189958897626524e-05,0.0,0.0,0.0,3.8901880797613764,3.8901880797613764,3.8901880797613764,8.419965694180744,0.0,0.0,0.0,2.5456403517442117,0.1489017050856588,0.26873863741858645,0.4795353962148411,0.32749953169881063,0.0,0.6549990633976213,0.23806626569819464,0.5375400084966525,0.2223044897614337,6.2088610518131215,0.8963893252681979,0.44819466263409896,0.0,0.09402892489097542,0.09403030069120143,0.09405644089549547,0.38237863441504294,0.0,0.4485037488474611,0.22425187442373054
7.730923694779117,7.393565582540387,0.0,10.503432443287679,12.920665951026193,0.0,0.0,0.0,1.528822128907491,1.2465336141597383,0.0,0.961649785321016,0.0,0.0,0.0,0.0,0.00011211571796351956,7.118554512364414e-05,3.9601274649794785e-05,0.0,0.0,0.0,3.8399245702576508,3.8399245702576508,3.8399245702576508,8.312667584914148,0.0,0.0,0.0,2.339668989001853,0.14290041372334195,0.25273884248726747,0.454837029046621,0.320192581881842,0.0,0.640385163763684,0.24699976252489542,0.7167601955717602,0.2222755292066394,5.9710886799312535,0.905273312579053,0.4526366562895265,0.0,0.09421755668543672,0.09421833246421323,0.09423307226096685,0.4607627786014401,0.0,0.45424396432878744,0.22712198216439372
7.831325301204819,6.697890127954169,0.0,9.591460432535015,11.856820783507743,0.0,0.0,0.0,2.3217157198382257,1.901419863013481,0.0,1.4653939499754096,0.0,0.0,0.0,0.0,6.752218296478438e-05,4.3021860885425596e-05,2.3650691915663788e-05,0.0,0.0,0.0,3.7714534378985602,3.7714534378985602,3.7714534378985602,8.165880102832476,0.0,0.0,0.0,2.0873842542721173,0.13645101151656744,0.23399767365434493,0.4292167191074582,0.31301050949441805,0.0,0.6260210189888361,0.25882384000404546,0.9803970737883014,0.22084630138382144,5.580337621186389,0.913302909743681,0.4566514548718405,0.0,0.09406779795721643,0.09406827286846786,0.09407729618224518,0.5760663124069295,0.0,0.4605878309702468,0.2302939154851234
7.931726907630522,5.796435336562853,0.0,8.365760950378352,10.387031909811313,0.0,0.0,0.0,3.426714160627521,2.8174349524580937,0.0,2.1710357307406447,0.0,0.0,0.0,0.0,4.5470742093434795e-05,2.908283481083893e-05,1.579626665593047e-05,0.0,0.0,0.0,3.6816849674732754,3.6816849674732754,3.6816849674732754,7.972853047263028,0.0,0.0,0.0,1.7844334618779685,0.1295053989306073,0.21225180207797537,0.4025845630186028,0.30597493443634577,0.0,0.6119498688726915,0.27441550500202944,1.3501836881170206,0.21779612694334569,5.010355079935627,0.920438694458051,0.4602193472290255,0.0,0.09347186573074713,0.0934721912417094,0.09347837594999238,0.7388541013748214,0.0,0.46753162526923836,0.23376581263461918
8.032128514056225,4.707295184079953,0.0,6.845923816746865,8.53265900157979,0.0,0.0,0.0,4.864704292524561,4.013437477257862,0.0,3.09490423180157,0.0,0.0,0.0,0.0,3.537425396056371e-05,2.2719439799850764e-05,1.2190322968776838e-05,0.0,0.0,0.0,3.5718947759951964,3.5718947759951964,3.5718947759951964,7.736294079892015,0.0,0.0,0.0,1.4394364293741366,0.1221715312136023,0.18803477612162905,0.37533369963728835,0.29910590338453574,0.0,0.5982118067690715,0.29425038384543994,1.8347950653283147,0.2131690848200255,4.268232226448556,0.9266454913744923,0.46332274568724613,0.0,0.09242429307136812,0.0924245511386922,0.09242945441784974,0.9551781390547353,0.0,0.4750705142368556,0.2375352571184278
8.132530120481928,3.5190433597766564,0.0,5.155974754889936,6.447414054675868,0.0,0.0,0.0,6.575550855134345,5.44059263717573,0.0,4.202248402616767,0.0,0.0,0.0,0.0,3.2607852613800886e-05,2.1036844265537767e-05,1.1149243494707502e-05,0.0,0.0,0.0,3.4510298236238897,3.4510298236238897,3.4510298236238897,7.475540445806263,0.0,0.0,0.0,1.0799872525665883,0.11480162966229242,0.16306091080750723,0.3485786353187896,0.29242186701880957,0.0,0.5848437340376191,0.3178864261037276,2.4155031944402703,0.207485543559699,3.4176504886329555,0.9318926059901095,0.46594630299505474,0.0,0.0911193874653321,0.09111963017907357,0.09112424174016147,1.2203687196290964,0.0,0.48319836791472154,0.24159918395736077
8.23293172690763,2.38229130808647,0.0,3.5156664783430953,4.408131559105143,0.0,0.0,0.0,8.401979157626613,6.9680895265211635,0.0,5.395676329750172,0.0,0.0,0.0,0.0,3.586061962124464e-05,2.3246901657779724e-05,1.2168428447013234e-05,0.0,0.0,0.0,3.336149114060097,3.336149114060097,3.336149114060097,7.227525195944412,0.0,0.0,0.0,0.7484419349909508,0.10797212071923584,0.13999561143282158,0.324052106838967,0.28593967802923703,0.0,0.5718793560584741,0.3436847194805338,3.0398333864779326,0.20178215805961808,2.5762017186508412,0.9361540247977721,0.46807701239888605,0.0,0.08998539941453158,0.08998567206026734,0.08999085232924661,1.5154931201864899,0.0,0.4919075639844369,0.24595378199221846
8.333333333333334,1.4480960854453664,0.0,2.151941569307698,2.7039199371462717,0.0,0.0,0.0,10.1313197422166,8.417350686028248,0.0,6.540322922682589,0.0,0.0,0.0,0.0,4.622083041747266e-05,3.011707195698081e-05,1.5568751652287826e-05,0.0,0.0,0.0,3.2470089342113475,3.2470089342113475,3.2470089342113475,7.035050377742098,0.0,0.0,0.0,0.48394825768422106,0.10228128251343409,0.12136463127197343,0.3034687938297648,0.27967460850305725,0.0,0.5593492170061145,0.36916839601903834,3.6349184208128342,0.19728681576673324,1.8690229366118425,0.9394085818310914,0.4697042909155457,0.0,0.0895635710791302,0.08956393039486088,0.08957075739374377,1.8116883344042136,0.0,0.5011887871499122,0.2505943935749561
8.433734939759036,0.7926749017638629,0.0,1.1858656839952424,1.4922983725680994,0.0,0.0,0.0,11.580452220135784,9.633137176379986,0.0,7.517604203916397,0.0,0.0,0.0,0.0,6.726884573614139e-05,4.407101136297818e-05,2.2497901473895144e-05,0.0,0.0,0.0,3.1966988478958696,3.1966988478958696,3.1966988478958696,6.926489769256763,0.0,0.0,0.0,0.30292120203450884,0.09805755099220972,0.10830073354432468,0.2876714816323458,0.2736403849977873,0.0,0.5472807699955746,0.39190805242845594,4.136282937553059,0.19483569005347684,1.3667319029178668,0.9416400919726977,0.47082004598634886,0.0,0.09025955325948315,0.09026008846914957,0.09027025745281125,2.081495863539357,0.0,0.5110308263171136,0.2555154131585568
8.534136546184738,0.396185617922718,0.0,0.5965234542258877,0.7513495869457231,0.0,0.0,0.0,12.66135972274855,10.539219051017078,0.0,8.268068107624304,0.0,0.0,0.0,0.0,0.00010593427290564796,6.980280459156566e-05,3.518804798266933e-05,0.0,0.0,0.0,3.1852879334045263,3.1852879334045263,3.1852879334045263,6.902005670850908,0.0,0.0,0.0,0.1956386603404985,0.09520390053560199,0.10022563852584682,0.27623010901195577,0.2678492393819726,0.0,0.5356984787639452,0.41028679288807934,4.51091472125799,0.19446427034229458,1.0629163907549566,0.942837451508069,0.4714187257540345,0.0,0.0921446176400618,0.09214548100765865,0.09216188499199897,2.3089406089244267,0.0,0.5214203729324404,0.2607101864662202
8.634538152610443,0.18454651529265548,0.0,0.2795754746165908,0.35224431997378136,0.0,0.0,0.0,13.38582618453064,11.143222588352645,0.0,8.795976606267539,0.0,0.0,0.0,0.0,0.00017425943996831686,0.00011552067900385602,5.7505526849952424e-05,0.0,0.0,0.0,3.20138437549333,3.20138437549333,3.20138437549333,6.936917918781292,0.0,0.0,0.0,0.13920393176129675,0.09329749280297872,0.09559281475089462,0.26779912679588136,0.26231197336678724,0.0,0.5246239467335745,0.42371070926190413,4.759909705449555,0.195489709462554,0.9035234340931816,0.9429947064073723,0.47149735320368613,0.0,0.09495942621114581,0.0949608821577622,0.0949885451434737,2.491792387886608,0.0,0.5323418241566339,0.26617091207831695
8.734939759036145,0.08185809448742491,0.0,0.12473570551419612,0.1571093025379833,0.0,0.0,0.0,13.826069060122819,11.504119826653984,0.0,9.1452151773749,0.0,0.0,0.0,0.0,0.00029263213770948084,0.00019522612290448336,9.596622055493722e-05,0.0,0.0,0.0,3.229450704969566,3.229450704969566,3.229450704969566,6.997556866435105,0.0,0.0,0.0,0.11182848564707751,0.09183849412879358,0.09283799370470777,0.26087342178645684,0.2570380345581752,0.0,0.5140760691163504,0.4324012236837361,4.9057663844662445,0.19696095206360403,0.8288985608958095,0.942111088724988,0.471055544362494,0.0,0.09829216818221001,0.09829467639011,0.09834233234020974,2.6372980690088528,0.0,0.5437770948303822,0.2718885474151911
8.835341365461847,0.0352140422033852,0.0,0.0539571130416466,0.06789891017693488,0.0,0.0,0.0,14.070124439584188,11.694837053970293,0.0,9.370991363018058,0.0,0.0,0.0,0.0,0.0004955244105984111,0.00033277752251405825,0.00016153884070353768,0.0,0.0,0.0,3.25689575860545,3.25689575860545,3.25689575860545,7.056639247034575,0.0,0.0,0.0,0.09890303107738474,0.09045637909526998,0.09087871169437571,0.2543754918356625,0.25203560182575363,0.0,0.5040712036515073,0.437066373717439,4.977359801891069,0.19810356170830046,0.7959832922572936,0.9401910213463407,0.47009551067317035,0.0,0.1017785092100651,0.10178286896992228,0.10186570440720855,2.7563629675115715,0.0,0.5557054424142861,0.27785272120714305
8.93574297188755,0.014888514778088927,0.0,0.02293255275870454,0.02881433238842683,0.0,0.0,0.0,14.193898589650848,11.778613757580205,0.0,9.52164258466526,0.0,0.0,0.0,0.0,0.0008414382660892405,0.0005689827398610789,0.0002727630108700197,0.0,0.0,0.0,3.2770810027981963,3.2770810027981963,3.2770810027981963,7.099788791544485,0.0,0.0,0.0,0.09248609380539535,0.08897610570412699,0.08915160510919042,0.24781665923685758,0.24731167780499266,0.0,0.4946233556099853,0.43859725429420154,5.000219038516809,0.19851189722985368,0.780346206335392,0.937244091114295,0.4686220455571475,0.0,0.10520432632948613,0.10521192959137415,0.1053563915672466,2.8593953939078047,0.0,0.5681033092421673,0.28405165462108367
9.036144578313253,0.006239808998078889,0.0,0.009658338056323186,0.012109974258426462,0.0,0.0,0.0,14.251356066497271,11.800568728575406,0.0,9.631909449049177,0.0,0.0,0.0,0.0,0.0014299192753539885,0.0009738335476917523,0.0004610676147057139,0.0,0.0,0.0,3.288517772832209,3.288517772832209,3.288517772832209,7.1237976764409785,0.0,0.0,0.0,0.08882115876195879,0.08737434853640258,0.08744668904768038,0.2411472505565306,0.24287218641550704,0.0,0.48574437283101407,0.4378397054819766,4.992861408620882,0.1981017211062448,0.7702934548873202,0.9332849901651382,0.4666424950825691,0.0,0.10850074759220701,0.10851402317733598,0.10876625929478625,2.9544028505826176,0.0,0.5809441864959021,0.29047209324795104
9.136546184738956,0.0026049432800685163,0.0,0.004050598333134851,0.0050651463325413655,0.0,0.0,0.0,14.275785200068825,11.788634914638422,0.0,9.723397644257858,0.0,0.0,0.0,0.0,0.0024305486649025907,0.0016675358792050698,0.0007798089161655042,0.0,0.0,0.0,3.2925656533497807,3.2925656533497807,3.2925656533497807,7.13163693547241,0.0,0.0,0.0,0.0862975016593732,0.08570299487629515,0.08573272021544906,0.23452832784252312,0.23872207338222784,0.0,0.4774441467644557,0.43546687575982646,4.9669593874252715,0.19696726988269775,0.7609956975005533,0.9283334251296668,0.4641667125648334,0.0,0.11168743360983961,0.11171062650967314,0.11215129160651015,3.0466793088914024,0.0,0.5941985042762191,0.29709925213810956
9.236947791164658,0.0010860111666536787,0.0,0.0016959107724451561,0.0021137864221414857,0.0,0.0,0.0,14.285213640446484,11.758045265557158,0.0,9.807852219093196,0.0,0.0,0.0,0.0,0.0041323352161538795,0.0028566520103407446,0.001319632502505502,0.0,0.0,0.0,3.29144586784871,3.29144586784871,3.29144586784871,7.128149150326073,0.0,0.0,0.0,0.08427492943967983,0.0840307696648787,0.08404297765361876,0.22816765414187262,0.2348654078791731,0.0,0.4697308157583462,0.4319464558594902,4.929040325672022,0.19525730481672526,0.7507773776572388,0.9224139937390847,0.46120699686954236,0.0,0.11481647420677668,0.11485701186843124,0.11562722743986777,3.139259147045882,0.0,0.6078335519934853,0.30391677599674266
9.337349397590362,0.0004527024988059645,0.0,0.0007097183869691825,0.0008812311766848429,0.0,0.0,0.0,14.287921103904887,11.715939569887404,0.0,9.890612709793464,0.0,0.0,0.0,0.0,0.007027876432824554,0.004896224155622486,0.002234598589895436,0.0,0.0,0.0,3.2871469153696946,3.2871469153696946,3.2871469153696946,7.117675448016628,0.0,0.0,0.0,0.08251480463826807,0.08241445253024615,0.08241947013564725,0.22224665824936612,0.23130548356915726,0.0,0.4626109671383145,0.4275674382797001,4.8823162249855585,0.19310697582149705,0.7392225777482585,0.9155560283454991,0.45777801417274955,0.0,0.11793793748068797,0.118008823939109,0.1193556666491087,3.2335615587014006,0.0,0.6218134330248765,0.31090671651243823
9.437751004016064,0.00018880291165047095,0.0,0.0002970584806103783,0.000367248550795947,0.0,0.0,0.0,14.286489428396784,11.664762120371904,0.0,9.97319139528681,0.0,0.0,0.0,0.0,0.011956705446201499,0.008396511763639572,0.0037866092722232164,0.0,0.0,0.0,3.2810506590470285,3.2810506590470285,3.2810506590470285,7.10324443188941,0.0,0.0,0.0,0.08093242806924221,0.0808911217396573,0.08089318705613655,0.2169110959189955,0.22804491747906977,0.0,0.45608983495813954,0.4224875623551952,4.828068624780668,0.19061487485911766,0.7263389340701002,0.9077934059443946,0.4538967029721973,0.0,0.12108565484632577,0.12120966300225085,0.12356581796482713,3.329933850160267,0.0,0.6360990571738816,0.3180495285869408
9.538152610441767,7.881964080594918e-05,0.0,0.00012441786177291774,0.00015307109168659415,0.0,0.0,0.0,14.280186247719694,11.60427224457339,0.0,10.054795262426694,0.0,0.0,0.0,0.0,0.020349098046021676,0.014406122498670435,0.006420876487291628,0.0,0.0,0.0,3.2739347115320885,3.2739347115320885,3.2739347115320885,7.086576826040131,0.0,0.0,0.0,0.07949726306843237,0.07948022644287392,0.07948107827415184,0.21229463026156783,0.22508574532241646,0.0,0.4501714906448329,0.4167759154550236,4.76648890486822,0.18784365285432908,0.7122347292025695,0.8991643244862508,0.4495821622431254,0.0,0.1242747584936846,0.12449176226166715,0.12861483385333547,3.4279918384473844,0.0,0.6506481739239334,0.3253240869619667
9.638554216867469,3.295872390511372e-05,0.0,5.217807951484228e-05,6.385268609594312e-05,0.0,0.0,0.0,14.265956348451825,11.532402019187497,0.0,10.13293201553815,0.0,0.0,0.0,0.0,0.03463951217564468,0.024725292054717025,0.010893778861130975,0.0,0.0,0.0,3.2660945738256353,3.2660945738256353,3.2660945738256353,7.06834961860272,0.0,0.0,0.0,0.07819518723061517,0.07818814140072011,0.07818849369221487,0.20855884729230956,0.2224295120524943,0.0,0.4448590241049886,0.4104396065928116,4.697057711939998,0.18482812736401236,0.697012497830245,0.889711045592869,0.4448555227964345,0.0,0.12750360182107662,0.12788337289630197,0.135099023325584,3.526742274858257,0.0,0.665415448805975,0.3327077244029875
9.738955823293173,1.381895355849164e-05,0.0,2.1933925431263344e-05,2.6686260327706388e-05,0.0,0.0,0.0,14.238308568868534,11.445216153790637,0.0,10.2032548880244,0.0,0.0,0.0,0.0,0.05896379088901895,0.0424388864265251,0.01848834111249767,0.0,0.0,0.0,3.2574502609336533,3.2574502609336533,3.2574502609336533,7.048426530662135,0.0,0.0,0.0,0.07701468860619995,0.07701176348738675,0.07701190974332742,0.20594759732237017,0.2200773565959981,0.0,0.4401547131919962,0.40343188385351764,4.618569089893057,0.18158255721985758,0.6807398312004346,0.8794796042485948,0.4397398021242974,0.0,0.13075560497531827,0.13142006605131906,0.1440448264953343,3.624487552711562,0.0,0.6803525844121006,0.3401762922060503
9.839357429718875,5.819983262615588e-06,0.0,9.25849395340528e-06,1.1194477396802447e-05,0.0,0.0,0.0,14.1882131189599,11.33609420184676,0.0,10.258684219239088,0.0,0.0,0.0,0.0,0.1003231311717093,0.07281437490640656,0.031373869473620114,0.0,0.0,0.0,3.247580885274036,3.247580885274036,3.247580885274036,7.025932417741425,0.0,0.0,0.0,0.07594118449542261,0.07593996322743705,0.07594002429083632,0.20486426844556993,0.21803008987414166,0.0,0.4360601797482833,0.3956416795333525,4.528860407993322,0.17810385171966994,0.6634386467397572,0.8685194866060021,0.43425974330300104,0.0,0.13399867936592177,0.13516036189518085,0.15723232995110323,3.71848709801755,0.0,0.6954084867032719,0.34770424335163597
9.939759036144578,2.4694883143759234e-06,0.0,3.936015673541801e-06,4.727562529165939e-06,0.0,0.0,0.0,14.10090341150133,11.194084898705244,0.0,10.28768491072346,0.0,0.0,0.0,0.0,0.17049263971010173,0.12478845633862519,0.05319567347422646,0.0,0.0,0.0,3.2356650252860075,3.2356650252860075,3.2356650252860075,6.999123729613054,0.0,0.0,0.0,0.07495309516231678,0.0749525808233654,0.07495260654031297,0.2059890298489223,0.2162882653638221,0.0,0.4325765307276442,0.3868638182674089,4.424250006274433,0.17436980837230232,0.6450702722382963,0.8568832777095797,0.42844163885478986,0.0,0.1371808089527285,0.13920861082368102,0.17773684637177908,3.8043022420238852,0.0,0.7105294763040804,0.3552647381520402
10.040160642570282,1.0608831569479887e-06,0.0,1.6935672633995718e-06,2.019940172106164e-06,0.0,0.0,0.0,13.952297264825077,11.001252020091837,0.0,10.27143975935006,0.0,0.0,0.0,0.0,0.28905045358616205,0.21335193824654086,0.090011436848655,0.0,0.0,0.0,3.2203127362310546,3.2203127362310546,3.2203127362310546,6.965024557694855,0.0,0.0,0.0,0.07401701184756634,0.07401679225830968,0.07401680323777252,0.2104599199695416,0.21485224158326865,0.0,0.4297044831665373,0.37674774786450194,4.298643356372534,0.17033218952197388,0.6255081680089921,0.8446262816721783,0.4223131408360892,0.0,0.14022047669608154,0.1437500516424128,0.21081197562270704,3.874700795503747,0.0,0.7256595434823325,0.36282977174116626
10.140562248995984,4.6524768097027636e-07,0.0,7.436319158749648e-07,8.804458450683279e-07,0.0,0.0,0.0,13.703783191783236,10.728872608842805,0.0,10.179666824214031,0.0,0.0,0.0,0.0,0.4879003612249222,0.3631577841553212,0.1516906157907011,0.0,0.0,0.0,3.1992781788821913,3.1992781788821913,3.1992781788821913,6.918804478653427,0.0,0.0,0.0,0.07308075098532785,0.0730806551579196,0.07308065994929001,0.22014229155370654,0.21372223600444978,0.0,0.42744447200889957,0.36472437635479715,4.142295619743132,0.16590483722909533,0.6044966049577434,0.8318061176015102,0.4159030588007551,0.0,0.14299061644757874,0.14910382688567414,0.26525482520948657,3.9179905943414735,0.0,0.740740644512911,0.3703703222564555
10.240963855421686,2.1101191473834887e-07,0.0,3.3757758428045447e-07,3.96638321761491e-07,0.0,0.0,0.0,13.295818197062923,10.332907946158931,0.0,9.965343559241377,0.0,0.0,0.0,0.0,0.8172336661786563,0.6133723266922266,0.2537628438145872,0.0,0.0,0.0,3.1690706708957754,3.1690706708957754,3.1690706708957754,6.852936598639914,0.0,0.0,0.0,0.07206423493268072,0.07206419162691395,0.07206419379220229,0.23798763850662147,0.21289836999795525,0.0,0.4257967399959105,0.3499229653001961,3.9404346629884985,0.1609486654218644,0.5816016916322917,0.8184822953349731,0.40924114766748654,0.0,0.14529600853437374,0.1557962902575993,0.355301642998885,3.915824911304666,0.0,0.7557130361573552,0.3778565180786776
10.34136546184739,1.0104634531698154e-07,0.0,1.617461741756725e-07,1.8854486747811867e-07,0.0,0.0,0.0,12.643194952483318,9.751007234424499,0.0,9.560454437775812,0.0,0.0,0.0,0.0,1.3512526630139767,1.0225526127106548,0.4192024038714182,0.0,0.0,0.0,3.124593577163764,3.124593577163764,3.124593577163764,6.7564153230899375,0.0,0.0,0.0,0.07085077929195528,0.07085075860143403,0.07085075963596008,0.26839031128668117,0.21238070450673366,0.0,0.4247614090134673,0.3311279647522224,3.6726041393919138,0.15526079766592285,0.5561811046752699,0.8047157757500845,0.40235788787504223,0.0,0.14684951212146705,0.1646406034652448,0.5026713389970224,3.84120651362041,0.0,0.7705156441001733,0.38525782205008663
10.441767068273093,5.2680036317215874e-08,0.0,8.434517845986637e-08,9.752127781200918e-08,0.0,0.0,0.0,11.64045745873784,8.907463023829289,0.0,8.87932897683484,0.0,0.0,0.0,0.0,2.1879102219803657,1.66913737549265,0.6783813648759748,0.0,0.0,0.0,3.0592208633302516,3.0592208633302516,3.0592208633302516,6.614919490154825,0.0,0.0,0.0,0.06928768110552964,0.06928767032866084,0.06928767086750429,0.3172140868812482,0.2121692662236559,0.0,0.4243385324473118,0.30690726134847424,3.3149817021047308,0.14858755394025014,0.5274414948655217,0.7905685210475542,0.3952842605237771,0.0,0.1472673237257746,0.1767638501105165,0.7371978514206128,3.659145354550551,0.0,0.7850864603958666,0.3925432301979333
10.542168674698795,3.1166284740937406e-08,0.0,4.9894657057206644e-08,5.720924088256058e-08,0.0,0.0,0.0,10.193936740889647,7.738175096453758,0.0,7.842739471447268,0.0,0.0,0.0,0.0,3.430329986743908,2.6377830433754466,1.0633835769700466,0.0,0.0,0.0,2.9661757516404146,2.9661757516404146,2.9661757516404146,6.413789724234111,0.0,0.0,0.0,0.06721541202477987,0.06721540564636325,0.06721540596528408,0.3907679967930033,0.21226406411685647,0.0,0.42452812823371294,0.2761452014591264,2.8496286780832167,0.14069870268943743,0.4947094365122903,0.7761030409076868,0.3880515204538434,0.0,0.1461296558859962,0.1934434020400215,1.0924045789665018,3.3351722033288884,0.0,0.7993629643389246,0.3996814821694623
10.642570281124497,2.1947727640176144e-08,0.0,3.5121042285071295e-08,3.9928502876108815e-08,0.0,0.0,0.0,8.295105826068237,6.245506961550085,0.0,6.435382988980425,0.0,0.0,0.0,0.0,5.135600304598783,3.9796686560561656,1.5922381015545715,0.0,0.0,0.0,2.8422131912402064,2.8422131912402064,2.8422131912402064,6.145987263496829,0.0,0.0,0.0,0.06454866490007911,0.06454866040038014,0.06454866062536509,0.4928666599884982,0.21266509620837212,0.0,0.42533019241674425,0.2391459739095739,2.2833063288738473,0.13155858680619104,0.45802448201845547,0.7613819407729293,0.38069097038646466,0.0,0.14316767152776055,0.21557118454092844,1.5912379317911183,2.8572822633907498,0.0,0.8132825606937213,0.40664128034686065
10.742971887550201,1.9159729416272126e-08,0.0,3.063585544376428e-08,3.452990750447778e-08,0.0,0.0,0.0,6.109680061155803,4.562102892961989,0.0,4.778505323214388,0.0,0.0,0.0,0.0,7.239295945909759,5.651991370217101,2.2455861022839394,0.0,0.0,0.0,2.6930310689206003,2.6930310689206003,2.6930310689206003,5.8237952975171305,0.0,0.0,0.0,0.06139865982682157,0.06139865588651214,0.06139865608352761,0.6203894121902058,0.2133723465684671,0.0,0.4267446931369342,0.19884470169429258,1.6674597983762232,0.12154917028998044,0.4188738473946852,0.7464674786840544,0.3732337393420272,0.0,0.1385640839389518,0.24278682226009135,2.223018850361743,2.265624590748131,0.0,0.8267830289327409,0.41339151446637046
10.843373493975903,2.10244314660445e-08,0.0,3.3580073006660505e-08,3.75196477273358e-08,0.0,0.0,0.0,3.981835661072624,2.948475519052162,0.0,3.1387487901598803,0.0,0.0,0.0,0.0,9.51742861887911,7.484390649200806,2.954773444905601,0.0,0.0,0.0,2.5360204225001777,2.5360204225001777,2.5360204225001777,5.484776323820592,0.0,0.0,0.0,0.058140563890505106,0.058140559547535914,0.058140559764684366,0.7608778125044976,0.2143857725429777,0.0,0.4287715450859554,0.16064349796091085,1.093648425232765,0.11153797547291852,0.38034717512349026,0.7314211370790333,0.36571056853951667,0.0,0.13314725114161158,0.2729255249755219,2.9287127278198177,1.6599066555256992,0.0,0.839802977040053,0.4199014885200265
10.943775100401606,2.8300116527583738e-08,0.0,4.5135286689532576e-08,4.998990978705072e-08,0.0,0.0,0.0,2.270796728709487,1.667406909043959,0.0,1.8034909015582512,0.0,0.0,0.0,0.0,11.659689696309954,9.23258505064708,3.6242495380320716,0.0,0.0,0.0,2.394817253694418,2.394817253694418,2.394817253694418,5.180008789673167,0.0,0.0,0.0,0.05529947316057357,0.055299467281113894,0.05529946757508688,0.8965586188557022,0.21570528228610428,0.0,0.43141056457220855,0.12985878736507966,0.6482260873186744,0.10257629789383786,0.34602541983720253,0.7163032157510327,0.35815160787551636,0.0,0.1281586263859699,0.3026581239496674,3.618148577659921,1.15454481335683,0.0,0.852282293539321,0.4261411467696605
11.04417670682731,4.430472614995377e-08,0.0,7.05346422708489e-08,7.743725752778735e-08,0.0,0.0,0.0,1.1389664997833435,0.8293148680140652,0.0,0.9110807086306254,0.0,0.0,0.0,0.0,13.419367981427312,10.69601158006566,4.1777824490397295,0.0,0.0,0.0,2.2877284272677856,2.2877284272677856,2.2877284272677856,4.949069325056157,0.0,0.0,0.0,0.053293820798112346,0.053293811528978996,0.053293811992435665,1.012972183771777,0.21733070273134267,0.0,0.43466140546268534,0.10870622892931678,0.3618754978690848,0.09538153056406583,0.3182144643018483,0.7011724517563708,0.3505862258781854,0.0,0.12464654959895671,0.3290736054631621,4.213187666883064,0.8113766562853639,0.0,0.8641625916906428,0.4320812958453214
11.144578313253012,7.611910799127187e-08,0.0,1.2092729574416283e-07,1.316012519192228e-07,0.0,0.0,0.0,0.5122083015348401,0.36983697471532606,0.0,0.4125114138905287,0.0,0.0,0.0,0.0,14.7059694202583,11.794447976419553,4.587191916924668,0.0,0.0,0.0,2.220077682838232,2.220077682838232,2.220077682838232,4.803473939317276,0.0,0.0,0.0,0.05225789597139442,0.05225787991451225,0.05225788071735636,1.1044778222676848,0.2192617381988654,0.0,0.4385234763977308,0.09589209255231966,0.2067086902451512,0.09005964004217064,0.29708869161062124,0.6860856714801334,0.3430428357400667,0.0,0.12300671183086195,0.3507740588201133,4.67835365161589,0.6193654528310986,0.0,0.8753876402523781,0.43769382012618907
11.244979919678714,1.3730790871660455e-07,0.0,2.1759970186560384e-07,2.347485661496109e-07,0.0,0.0,0.0,0.21202373130016963,0.1518192891127398,0.0,0.17184495332158015,0.0,0.0,0.0,0.0,15.56304674252418,12.554539884222907,4.865694521689252,0.0,0.0,0.0,2.1857872025117504,2.1857872025117504,2.1857872025117504,4.730081576915726,0.0,0.0,0.0,0.05206837521357109,0.05206834597453747,0.052068347436489144,1.1731691002801696,0.22149791991200338,0.0,0.44299583982400675,0.08859267385032825,0.133225547993428,0.08624357521121774,0.28125735193424695,0.6710974793352543,0.33554873966762716,0.0,0.12300416177397855,0.3677742393617128,5.018405713528662,0.5298459506887211,0.0,0.8859037757872771,0.44295188789363854
11.345381526104418,2.532785950154326e-07,0.0,4.00264720755563e-07,4.280899530291542e-07,0.0,0.0,0.0,0.0828869538737017,0.05886320106627311,0.0,0.0675784151860393,0.0,0.0,0.0,0.0,16.09408001126459,13.05301233313012,5.0451181123208695,0.0,0.0,0.0,2.1738927294622497,2.1738927294622497,2.1738927294622497,4.705172165023594,0.0,0.0,0.0,0.05248542803648261,0.052485373527524005,0.052485376252971935,1.2247212662602598,0.2240385467815537,0.0,0.4480770935631074,0.08430117657757645,0.1012742411139366,0.08340785739145223,0.26886993642679036,0.656259986713777,0.3281299933568885,0.0,0.12409417353290078,0.3808107031481738,5.2584247658383605,0.4961292820020896,0.0,0.8956602921771287,0.44783014608856436
11.44578313253012,4.7149615991246714e-07,0.0,7.427921689634302e-07,7.876709075572215e-07,0.0,0.0,0.0,0.03124275494654911,0.022007510428442532,0.0,0.02561151028963751,0.0,0.0,0.0,0.0,16.40479605855509,13.370849554428263,5.158095130509508,0.0,0.0,0.0,2.1740390193034798,2.1740390193034798,2.1740390193034798,4.706329984226597,0.0,0.0,0.0,0.05327620712530024,0.05327610445855621,0.05327610959189341,1.2651036994445324,0.22688261791508438,0.0,0.45376523583016876,0.08142708105487328,0.08764946701119081,0.08109958705717235,0.25838401879636447,0.641622583866393,0.3208112919331965,0.0,0.12572374849965795,0.39077254466123335,5.426699671731165,0.48827553656263967,0.0,0.9046098037558417,0.45230490187792083
11.546184738955823,8.806981458574426e-07,0.0,1.3826467870797696e-06,1.4539083716293761e-06,0.0,0.0,0.0,0.0115222497738521,0.008051614350105478,0.0,0.009492282835888956,0.0,0.0,0.0,0.0,16.578370503561548,13.572773675494929,5.230367571347876,0.0,0.0,0.0,2.178890425905192,2.178890425905192,2.178890425905192,4.717661892330851,0.0,0.0,0.0,0.05427178698305317,0.05427159275253797,0.054271602464063734,1.2991292550479923,0.23002875742065515,0.0,0.4600575148413103,0.07913829349603764,0.08137005246016119,0.07902083249792588,0.24881190381833324,0.6272317563953214,0.3136158781976607,0.0,0.12748067232995847,0.39843392482812023,5.546545722293194,0.490789648051957,0.0,0.9127085792373698,0.4563542896186849
11.646586345381525,1.6469135455471892e-06,0.0,2.5757594165621924e-06,2.68626560332799e-06,0.0,0.0,0.0,0.004197091740208403,0.002909974333920383,0.0,0.003472984342983538,0.0,0.0,0.0,0.0,16.671915252900995,13.703664155314268,5.279662404065819,0.0,0.0,0.0,2.18424913927286,2.18424913927286,2.18424913927286,4.73005886174432,0.0,0.0,0.0,0.055372700103587476,0.055372331863754384,0.05537235027574604,1.330201743423642,0.2334751322008803,0.0,0.4669502644017606,0.07705676852686293,0.07784739113263253,0.07701515681076979,0.23964971300150223,0.6131309470451274,0.3065654735225637,0.0,0.12911623338855438,0.4043832348687479,5.634456262992424,0.49661292469619417,0.0,0.9199168443623145,0.45995842218115723
11.74698795180723,3.0809900230966835e-06,0.0,4.798785404787489e-06,4.964466919045763e-06,0.0,0.0,0.0,0.0015185797396184344,0.0010448505897008703,0.0,0.0012614716267037708,0.0,0.0,0.0,0.0,16.721389753082025,13.79195102469074,5.317179797846028,0.0,0.0,0.0,2.1882143153814164,2.1882143153814164,2.1882143153814164,4.739381451883435,0.0,0.0,0.0,0.05653182885976005,0.056531129785584965,0.05653116473929372,1.360546399975996,0.23721936357367324,0.0,0.4744387271473465,0.07503608974784315,0.075314328397994,0.07502144560836153,0.23070882260998737,0.5993604625018022,0.2996802312509011,0.0,0.13050856851351228,0.4090345248288828,5.701027694820922,0.5027946304236828,0.0,0.9261990518804613,0.4630995259402306
11.847389558232932,5.7652868378585866e-06,0.0,8.939761241201453e-06,9.176012118093736e-06,0.0,0.0,0.0,0.0005475037875436072,0.0003739121915835923,0.0,0.00045631979148416413,0.0,0.0,0.0,0.0,16.748001741899934,13.854441325043865,5.349553589942831,0.0,0.0,0.0,2.1902429879544214,2.1902429879544214,2.1902429879544214,4.744430767383204,0.0,0.0,0.0,0.057733964396452224,0.057732635774690934,0.057732702205778995,1.3915391994481496,0.24125843370909733,0.0,0.48251686741819466,0.07303560872337891,0.07313320080842631,0.0730304722978501,0.22196612083165668,0.5859574239955083,0.29297871199775416,0.0,0.13161465606451037,0.4126628844795821,5.752579224365945,0.5081978681652528,0.0,0.9315241180952358,0.4657620590476179
11.947791164658634,1.0791547792159131e-05,0.0,1.6653736548466737e-05,1.696383962613198e-05,0.0,0.0,0.0,0.00019702805301229968,0.00013359026152949243,0.0,0.00016466553673733712,0.0,0.0,0.0,0.0,16.763547260241324,13.900459528925758,5.380493206271781,0.0,0.0,0.0,2.1904507636274193,2.1904507636274193,2.1904507636274193,4.745436627988307,0.0,0.0,0.0,0.058980060462965354,0.058977532586536714,0.058977658980358144,1.4239919549242837,0.24558858803491954,0.0,0.49117717606983907,0.07105721921266148,0.07109139605704319,0.07105542043137823,0.213466056242377,0.5729557596763691,0.28647787983818457,0.0,0.1324321638264045,0.4154416970984607,5.792622829267528,0.5124377170183637,0.0,0.9358656256957074,0.4679328128478537
12.048192771084338,2.0207818730584422e-05,0.0,3.1026394564379423e-05,3.137137168581407e-05,0.0,0.0,0.0,7.083065495621395e-05,4.7691179331236724e-05,0.0,5.932437577160255e-05,0.0,0.0,0.0,0.0,16.774191441617624,13.934829579990785,5.411949547360457,0.0,0.0,0.0,2.189191538592227,2.189191538592227,2.189191538592227,4.743148577914331,0.0,0.0,0.0,0.06027751153303193,0.0602726965366746,0.06027293728649247,1.4583612701906161,0.25020523493367863,0.0,0.5004104698673573,0.06911619555190615,0.06912815663832715,0.06911556602104188,0.2052684274923985,0.5603862360142899,0.28019311800714497,0.0,0.13297541803568985,0.41747459030143197,5.822958863350531,0.5154221502080122,0.0,0.9392019929797314,0.4696009964898657
12.14859437751004,3.7858660066376105e-05,0.0,5.781286062968471e-05,5.8040155313815716e-05,0.0,0.0,0.0,2.5446630093176623e-05,1.7018829690835064e-05,0.0,2.1346177955130136e-05,0.0,0.0,0.0,0.0,16.78291112425283,13.959827076872513,5.444870331839777,0.0,0.0,0.0,2.1868460076397946,2.1868460076397946,2.1868460076397946,4.7383783175061716,0.0,0.0,0.0,0.06163519452407626,0.06162601274997212,0.061626471838677324,1.4948887359178813,0.25510284422658625,0.0,0.5102056884531725,0.0672290681409168,0.0672332535141599,0.06722884785811452,0.19742597358256184,0.5482765248802727,0.27413826244013634,0.0,0.13326274498777382,0.4188202585644968,5.844413016522234,0.5171624909192908,0.0,0.9415166098202948,0.4707583049101474
12.248995983935743,7.096578643283218e-05,0.0,0.00010775116913732445,0.00010743511739307808,0.0,0.0,0.0,9.137383617518637e-06,6.071868568135411e-06,0.0,7.672332332973593e-06,0.0,0.0,0.0,0.0,16.790972407243203,13.976373530747058,5.479658272965032,0.0,0.0,0.0,2.1837366454933798,2.1837366454933798,2.1837366454933798,4.731815708662072,0.0,0.0,0.0,0.06306164231767575,0.06304411390550736,0.06304499032611578,1.5336892550472987,0.26027484610887075,0.0,0.5205496922177415,0.06540945917761876,0.0654109238113843,0.0654093820916311,0.18997812671991027,0.5366513025052656,0.2683256512526328,0.0,0.13331105209384875,0.4195104022028466,5.857298054273804,0.5176995620110739,0.0,0.9427979408499683,0.47139897042498413
12.349397590361447,0.00013310336636634533,0.0,0.00020088417454914008,0.00019898197792193707,0.0,0.0,0.0,3.2796329218845436e-06,2.165960358143299e-06,0.0,2.7547527717406373e-06,0.0,0.0,0.0,0.0,16.798772952618705,13.984724045126391,5.516432843880404,0.0,0.0,0.0,2.1801079068570712,2.1801079068570712,2.1801079068570712,4.7239859010259435,0.0,0.0,0.0,0.06456519167754013,0.06453169292975369,0.064533367867143,1.5748034862582292,0.2657135323602817,0.0,0.5314270647205634,0.06366732040482613,0.06366783305785417,0.06366729342308781,0.18295232901232217,0.5255323761847954,0.2627661880923977,0.0,0.1331343138944481,0.4195618815260911,5.861685666527307,0.5170780736466986,0.0,0.9430395963479142,0.4715197981739571
12.449799196787149,0.00024980167342313997,0.0,0.0003746363344483265,0.0003687651471000457,0.0,0.0,0.0,1.1765965250146787e-06,7.725129415665746e-07,0.0,9.880355786381769e-07,0.0,0.0,0.0,0.0,16.80629004543523,13.984836532786186,5.555169479634002,0.0,0.0,0.0,2.176134557667525,2.176134557667525,2.176134557667525,4.715267324168856,0.0,0.0,0.0,0.06615562756501532,0.06609154191763175,0.06609474620000093,1.6182266826697742,0.27140996179626714,0.0,0.5428199235925343,0.06200941551554388,0.06200959500676963,0.06200940606863726,0.17636856372728696,0.514938834398869,0.2574694171994345,0.0,0.1327438340616836,0.4189844243216104,5.8575556392602195,0.5153402379416386,0.0,0.942240371229075,0.4711201856145375
12.550200803212851,0.0004691056774466083,0.0,0.0006989114065744762,0.0006838584763790933,0.0,0.0,0.0,4.219103868790053e-07,2.754757500149636e-07,0.0,3.539888374603204e-07,0.0,0.0,0.0,0.0,16.813292432112284,13.976547932475025,5.595764686328836,0.0,0.0,0.0,2.1719389047036834,2.1719389047036834,2.1719389047036834,4.705928896097878,0.0,0.0,0.0,0.06784757870679006,0.06772486078457533,0.06773099668068608,1.6639222933163005,0.2773538720410488,0.0,0.5547077440820976,0.060440109407336656,0.060440172273519985,0.06044010609859017,0.17024561962021445,0.5048872159438873,0.25244360797194365,0.0,0.1321491256345716,0.4177851110919502,5.844868834782143,0.5125263549861298,0.0,0.9404042523764559,0.47020212618822793
12.650602409638553,0.0008814793404088325,0.0,0.001304322761718313,0.001269021172701301,0.0,0.0,0.0,1.5123430498366884e-07,9.822763485306466e-08,0.0,1.2670182175540257e-07,0.0,0.0,0.0,0.0,16.81940913561323,13.959632500799659,5.638055496762348,0.0,0.0,0.0,2.1676086492147153,2.1676086492147153,2.1676086492147153,4.696168512438219,0.0,0.0,0.0,0.06966682947144866,0.06943163156421822,0.06944339145957974,1.7118252936350657,0.28353359978669224,0.0,0.5670671995733845,0.058962115866177126,0.05896213789690352,0.05896211470666521,0.16460953446749238,0.49539169370169056,0.24769584685084528,0.0,0.13135888144984664,0.41597057032128465,5.823592658878606,0.508677427111949,0.0,0.9375403943633027,0.46877019718165136
12.751004016064257,0.0016573328986193053,0.0,0.002434978532425666,0.0023564434021374867,0.0,0.0,0.0,5.419219172349516e-08,3.5025009006320306e-08,0.0,4.530798389316256e-08,0.0,0.0,0.0,0.0,16.824099477148202,13.933778454359302,5.681806257496255,0.0,0.0,0.0,2.163213171121786,2.163213171121786,2.163213171121786,4.6861480505637125,0.0,0.0,0.0,0.07166212728925628,0.07121100561499323,0.07123356169870639,1.7618372235605497,0.28993601173858186,0.0,0.5798720234771637,0.057577124507216054,0.05757713223282373,0.05757712410060512,0.15950633177573145,0.4864642687965054,0.2432321343982527,0.0,0.1303818714383504,0.41354744660682224,5.793693374807788,0.5038380822738764,0.0,0.9336630634136701,0.46683153170683506
12.85140562248996,0.0031177784152341746,0.0,0.004547169754189714,0.004378464937549299,0.0,0.0,0.0,1.9418344559505694e-08,1.2492577642095895e-08,0.0,1.6192079546842554e-08,0.0,0.0,0.0,0.0,16.826528208105522,13.898486993090165,5.726662472839939,0.0,0.0,0.0,2.1588193902192154,2.1588193902192154,2.1588193902192154,4.676027361607878,0.0,0.0,0.0,0.07392758774529443,0.07306174821899769,0.07310504019531253,1.8138118617227876,0.29654644843868566,0.0,0.5930928968773713,0.05628634610758228,0.05628634881961827,0.05628634596484354,0.15502332920420683,0.47811497109462864,0.23905748554731432,0.0,0.12922780851723237,0.41052129000633,5.755097438299185,0.498059549988854,0.0,0.9287915492638663,0.46439577463193316
12.951807228915662,0.005867947638688924,0.0,0.008493735085564696,0.008140309949546499,0.0,0.0,0.0,6.958367297084739e-09,4.457459629434997e-09,0.0,5.783662646052976e-09,0.0,0.0,0.0,0.0,16.825308021527952,13.852864595415854,5.772056937889482,0.0,0.0,0.0,2.154510671288765,2.154510671288765,2.154510671288765,4.6660047518766214,0.0,0.0,0.0,0.07664551861869255,0.07498287236648067,0.07506600467909127,1.8675265031144301,0.30334868308442675,0.0,0.6066973661688535,0.05509107593816553,0.055091076891357504,0.055091075887997526,0.15132690521764874,0.4703520622622269,0.23517603113111346,0.0,0.12790836226418845,0.4068935204514642,5.707611526009703,0.4914032042580515,0.0,0.922950044473838,0.461475022236919
13.052208835341366,0.011047794226846111,0.0,0.015867897895671633,0.015141448203447575,0.0,0.0,0.0,2.4947189588298366e-09,1.5917878275229274e-09,0.0,2.0657711215961252e-09,0.0,0.0,0.0,0.0,16.818015192635354,13.795235105267427,5.817032744523057,0.0,0.0,0.0,2.1504149309960776,2.1504149309960776,2.1504149309960776,4.65637727939927,0.0,0.0,0.0,0.08016840336357553,0.07697471589792396,0.07713440027120654,1.922627503448422,0.3103248973293875,0.0,0.620649794658775,0.0539934316778829,0.05399343201347975,0.05399343166021991,0.14873111888943794,0.46318223790128055,0.23159111895064027,0.0,0.12643864448540434,0.4026554398161608,5.6507745511005325,0.4839458132421574,0.0,0.9161674906960815,0.45808374534804075
13.152610441767068,0.020802359831376103,0.0,0.029642314742466282,0.028171596714408973,0.0,0.0,0.0,8.955028660869469e-10,5.693224586320293e-10,0.0,7.383469205714678e-10,0.0,0.0,0.0,0.0,16.800293206986474,13.722427834000758,5.859913547998532,0.0,0.0,0.0,2.146752602387302,2.146752602387302,2.146752602387302,4.647643917900895,0.0,0.0,0.0,0.08517549987456197,0.07904093324877431,0.0793476615800637,1.9785277240118717,0.3174556758551266,0.0,0.6349113517102531,0.05299751715334132,0.05299751727179515,0.05299751714710692,0.1478233716169832,0.45661082561432836,0.22830541280716418,0.0,0.12483971685822122,0.397777215858607,5.583589696865936,0.4757884802073901,0.0,0.908477391472931,0.4542386957364655
13.25301204819277,0.039157601445155704,0.0,0.0553485192948758,0.05240868416220161,0.0,0.0,0.0,3.2225800681956324e-10,2.0420571466056907e-10,0.0,2.644279128003409e-10,0.0,0.0,0.0,0.0,16.76420567821374,13.628480815694427,5.897692579237055,0.0,0.0,0.0,2.143923350236854,2.143923350236854,2.143923350236854,4.640692447512134,0.0,0.0,0.0,0.09297006582494746,0.08119227936574971,0.0817811686887096,2.03421392360926,0.3247200212308833,0.0,0.6494400424617666,0.052111441479748374,0.05211144152172055,0.05211144147753931,0.1496941012531717,0.4506419761928298,0.2253209880964149,0.0,0.12314306915555352,0.392188093595941,5.504043557963303,0.46707267975506367,0.0,0.899917591333913,0.4499587956669565
13.353413654618473,0.0736303843180465,0.0,0.10322461938599331,0.0974150015622914,0.0,0.0,0.0,1.1652940709666703e-10,7.362378247122947e-11,0.0,9.511229413285376e-11,0.0,0.0,0.0,0.0,16.695249070290675,13.502310290506252,5.924913874100201,0.0,0.0,0.0,2.1426653811238237,2.1426653811238237,2.1426653811238237,4.63714324749707,0.0,0.0,0.0,0.10603645854458589,0.08345381790350913,0.08458294993556296,2.0878887311561822,0.33209539025322204,0.0,0.6641907805064441,0.051350952008329925,0.05135095202329518,0.05135095200754228,0.15635219759392924,0.4452788454667288,0.2226394227333644,0.0,0.12139871647143413,0.3857415757207118,5.408255901456988,0.45800923668821414,0.0,0.8905300212715278,0.4452650106357639
13.453815261044177,0.13811343761585612,0.0,0.19202432109854867,0.18067255197227383,0.0,0.0,0.0,4.251790510755596e-11,2.679284124573502e-11,0.0,3.4503980761977604e-11,0.0,0.0,0.0,0.0,16.567080938485905,13.323639031108426,5.9316763317674654,0.0,0.0,0.0,2.144347008274077,2.144347008274077,2.144347008274077,4.639978967624022,0.0,0.0,0.0,0.1290593293103096,0.0858785323189437,0.08803757216851199,2.1363215299916707,0.3395577525644012,0.0,0.6791155051288024,0.050746011402292714,0.05074601140768471,0.05074601140200893,0.17145822433600605,0.4405237646877286,0.2202618823438643,0.0,0.11968972453142118,0.37815631744759937,5.289021582854984,0.4489300696768974,0.0,0.8803604111254308,0.4401802055627154
13.55421686746988,0.2577883870472384,0.0,0.3554251145017152,0.33352324513982856,0.0,0.0,0.0,1.5772402311025214e-11,9.916426119661374e-12,0.0,1.2720442955357277e-11,0.0,0.0,0.0,0.0,16.33272285121858,13.056284213177145,5.900258593101516,0.0,0.0,0.0,2.1514904786177573,2.1514904786177573,2.1514904786177573,4.654676269228184,0.0,0.0,0.0,0.17070158910488892,0.08857253290347276,0.09267898571354358,2.1737317463242762,0.34708167191268097,0.0,0.6941633438253619,0.05035254755885,0.050352547560828166,0.05035254755874589,0.2015543508525226,0.4363783976338,0.2181891988169,0.0,0.11815767198038729,0.36892294313771323,5.133463095126906,0.44037816666326635,0.0,0.8694579699611011,0.43472898498055057
13.654618473895582,0.47663351577397717,0.0,0.6516545161993386,0.6100797933682687,0.0,0.0,0.0,6.028999101296279e-12,3.783198742551501e-12,0.0,4.830370293866504e-12,0.0,0.0,0.0,0.0,15.911562810435562,12.638417995979662,5.800035435848968,0.0,0.0,0.0,2.1686762433645534,2.1686762433645534,2.1686762433645534,4.691159973834752,0.0,0.0,0.0,0.2464131005193424,0.09174001572518045,0.09947366996488854,2.190073664540801,0.35464040993797447,0.0,0.7092808198759489,0.050272686857746045,0.050272686858495036,0.050272686857706625,0.2579110496052733,0.43284388291824816,0.21642194145912408,0.0,0.11704526166857224,0.3571804714512327,4.919749457321782,0.4332563840486111,0.0,0.8578750361929007,0.42893751809645037
13.755020080321286,0.8661465526088998,0.0,1.174274648193707,1.0971848813923715,0.0,0.0,0.0,2.430160361261906e-12,1.5224802378263633e-12,0.0,1.9334743457539865e-12,0.0,0.0,0.0,0.0,15.175493074495604,11.972622523933891,5.58181412266046,0.0,0.0,0.0,2.2039799147916868,2.2039799147916868,2.2039799147916868,4.766908798573397,0.0,0.0,0.0,0.38192097076257486,0.09575765946816835,0.11006582503288867,2.169069656583604,0.3622060518765726,0.0,0.7244121037531452,0.05068690687852175,0.05068690687882127,0.05068690687850599,0.3586083059298184,0.4299209602486669,0.21496048012433344,0.0,0.1167611287233215,0.3416265639379928,4.614069833016748,0.4290496288781763,0.0,0.8456666999187745,0.42283334995938726
13.855421686746988,1.5270624257381469,0.0,2.053015572471433,1.9151086272555717,0.0,0.0,0.0,7.462118046700662e-13,4.669042167106068e-13,0.0,5.893667776889833e-13,0.0,0.0,0.0,0.0,13.950507725151455,10.928597659799058,5.177632532091659,0.0,0.0,0.0,2.270856354244423,2.270856354244423,2.270856354244423,4.911028003416739,0.0,0.0,0.0,0.6146682424552077,0.10127886860656142,0.12694833729899374,2.0880209462069668,0.3697496530728105,0.0,0.739499306145621,0.05189634134032772,0.05189634134041912,0.05189634134032292,0.5287666704660375,0.4276100796223986,0.2138050398111993,0.0,0.11795802843508567,0.3206936077798719,4.172669615330809,0.43008270008036054,0.0,0.8328904007042627,0.41644520035213134
13.95582329317269,2.561938326266618,0.0,3.4157620644298174,3.182221877440157,0.0,0.0,0.0,6.186464106897062e-13,3.867258737876151e-13,0.0,4.849006011502236e-13,0.0,0.0,0.0,0.0,12.074191516382868,9.389358346766937,4.521535012645005,0.0,0.0,0.0,2.3893883517713173,2.3893883517713173,2.3893883517713173,5.166949496742663,0.0,0.0,0.0,0.9852778299062372,0.10932163087884288,0.1531194408302126,1.9247859466681037,0.3772414047034647,0.0,0.7544828094069294,0.054351432842442066,0.054351432842517484,0.0543514328424381,0.7934812818811658,0.4259114926531308,0.2129557463265654,0.0,0.12156537750629481,0.29347627948452576,3.5597834170709137,0.439595992731256,0.0,0.8196055048096471,0.40980275240482356
14.056224899598394,3.991839372950506,0.0,5.278575970912359,4.9130645419963805,0.0,0.0,0.0,1.5649843409466715e-12,9.777139781054533e-13,0.0,1.2169950845597186e-12,0.0,0.0,0.0,0.0,9.549720998118756,7.369907310297245,3.6080028954440095,0.0,0.0,0.0,2.583364346837374,2.583364346837374,2.583364346837374,5.586117602947742,0.0,0.0,0.0,1.5084004560009476,0.12116826369907421,0.1905298733141679,1.677951553637436,0.38465081666928996,0.0,0.7693016333385799,0.058588560312512555,0.05858856031270277,0.05858856031250254,1.1571238878347125,0.4248253254064831,0.21241266270324155,0.0,0.12860459650486936,0.2616839201580933,2.7901910695693486,0.4610325566852377,0.0,0.8058728665735873,0.4029364332867936
14.156626506024097,5.65008574387217,0.0,7.411053750310927,6.893824935337183,0.0,0.0,0.0,2.01233486169667e-12,1.256866576668576e-12,0.0,1.5521910958533784e-12,0.0,0.0,0.0,0.0,6.7141577165864765,5.141162365953898,2.5589474110978574,0.0,0.0,0.0,2.867094911480391,2.867094911480391,2.867094911480391,6.199494809339593,0.0,0.0,0.0,2.132169191668639,0.13774983913868333,0.23747080676518112,1.3901213130765708,0.3919469152111156,0.0,0.7838938304222312,0.06493856290166874,0.06493856290191302,0.0649385629016559,1.577563867711098,0.42435163228181016,0.21217581614090508,0.0,0.13952398303808453,0.23101544496940046,1.969353221664403,0.4956507715064712,0.0,0.7917543793012005,0.39587718965060026
14.257028112449799,7.200978918442251,0.0,9.37064114204651,8.714582090170879,0.0,0.0,0.0,1.9692523966588257e-12,1.230051769377945e-12,0.0,1.5063494160918577e-12,0.0,0.0,0.0,0.0,4.150171032217384,3.152494006270813,1.5953580708773758,0.0,0.0,0.0,3.2219351196990127,3.2219351196990127,3.2219351196990127,6.966810755542896,0.0,0.0,0.0,2.7385945853245146,0.15843217771528761,0.28744029809574895,1.13680115464452,0.3990984524796549,0.0,0.7981969049593098,0.07300346253144496,0.07300346253168409,0.07300346253143238,1.9713966874801803,0.4244904306167251,0.21224521530836254,0.0,0.15313536440659614,0.2083870818508075,1.2581697132908232,0.5388702494327545,0.0,0.7773125215217969,0.38865626076089843
14.357429718875501,8.35440051663426,0.0,10.787795640418882,10.03367424743631,0.0,0.0,0.0,1.544876360073758e-12,9.653722358164898e-13,0.0,1.171727529956033e-12,0.0,0.0,0.0,0.0,2.288648332280656,1.7243328113133742,0.8871679024805192,0.0,0.0,0.0,3.585552123438978,3.585552123438978,3.585552123438978,7.753349172763663,0.0,0.0,0.0,3.2166996094084888,0.1802865874343147,0.33210723853302343,0.9713292182388373,0.4060741250437141,0.0,0.8121482500874282,0.08141056803286562,0.0814105680330536,0.08141056803285572,2.2665742841262295,0.42524171581513853,0.21262085790756927,0.0,0.16630752468205096,0.19605155776784822,0.7611881863979958,0.5794856169474708,0.0,0.7626099048461222,0.3813049524230611
14.457831325301205,9.04841471248567,0.0,11.596619291034042,10.79101989310679,0.0,0.0,0.0,8.829118154401228e-13,5.521327324646401e-13,0.0,6.639017131430398e-13,0.0,0.0,0.0,0.0,1.164585663460811,0.87019717155756,0.45512284962790056,0.0,0.0,0.0,3.883667313193305,3.883667313193305,3.883667313193305,8.398544430295738,0.0,0.0,0.0,3.532924374147732,0.199483279820913,0.36615533453725396,0.8917647999202932,0.41284279816931785,0.0,0.8256855963386357,0.08851024236034731,0.08851024236045515,0.08851024236034163,2.447113311314361,0.4266054569137955,0.21330272845689774,0.0,0.1756593099385622,0.19042363505790347,0.47094581232538746,0.605864337825379,0.0,0.7477088298431046,0.3738544149215523
14.558232931726907,9.403041858140988,0.0,11.964246384500235,11.142298326530216,0.0,0.0,0.0,9.56039508137368e-14,5.985124160430199e-14,0.0,7.126503706664578e-14,0.0,0.0,0.0,0.0,0.5668420341268048,0.42002775707280704,0.22326954671562357,0.0,0.0,0.0,4.079430810695345,4.079430810695345,4.079430810695345,8.822711300620044,0.0,0.0,0.0,3.722466339061174,0.21383180994233303,0.3892635363982751,0.8657584873313693,0.4193737326479838,0.0,0.8387474652959676,0.0934760863888364,0.09347608638884813,0.09347608638883576,2.5426283328239996,0.4285815726121192,0.2142907863060596,0.0,0.17980864725611484,0.18681412110275097,0.3199181241888376,0.6136936858911544,0.0,0.7326708563548523,0.36633542817742615
14.65863453815261,9.572570442302958,0.0,12.095800313372822,11.278145293301998,0.0,0.0,0.0,7.526695180666084e-13,4.718662746335724e-13,0.0,5.561542811024654e-13,0.0,0.0,0.0,0.0,0.270821626777189,0.1989982921920768,0.10747937992135188,0.0,0.0,0.0,4.183614162368806,4.183614162368806,4.183614162368806,9.049096782421833,0.0,0.0,0.0,3.8385890743481452,0.22354262756194235,0.4042949499012525,0.8647979506726866,0.4256368109957238,0.0,0.8512736219914476,0.09654193733781807,0.09654193733791115,0.09654193733781317,2.592497332648607,0.43116988790127414,0.21558494395063707,0.0,0.17959195704100284,0.18285285338989937,0.2448098840189334,0.6063747155857699,0.0,0.7175563944708442,0.3587781972354221
14.759036144578314,9.663694736221064,0.0,12.130625592815628,11.328071392383233,0.0,0.0,0.0,1.6307942760580066e-12,1.024182262705008e-12,0.0,1.1944597348380716e-12,0.0,0.0,0.0,0.0,0.12875402970193703,0.09381488416840288,0.051466658376029414,0.0,0.0,0.0,4.228036081380163,4.228036081380163,4.228036081380163,9.146449652599918,0.0,0.0,0.0,3.920680770284855,0.23003262688664972,0.41456503405656,0.8738448832524603,0.4316027599802745,0.0,0.863205519960549,0.09841679137560716,0.09841679137581058,0.09841679137559645,2.6249648392539915,0.4343700715464391,0.21718503577321954,0.0,0.17667528040812178,0.17818491473209278,0.20686796688754164,0.5899742273547408,0.0,0.7024243219923338,0.3512121609961669
14.859437751004016,9.729757445568923,0.0,12.13763884552877,11.356211462371697,0.0,0.0,0.0,2.5939655750876573e-12,1.6324952833616833e-12,0.0,1.8833176811214528e-12,0.0,0.0,0.0,0.0,0.06122603783667502,0.04423855109411047,0.024641041053707825,0.0,0.0,0.0,4.241402343762277,4.241402343762277,4.241402343762277,9.176794238592691,0.0,0.0,0.0,3.989494858938919,0.234686630421444,0.4224270418473178,0.8867707754209313,0.43724336665268876,0.0,0.8744867333053775,0.09974587608445876,0.09974587608478566,0.09974587608444155,2.6548673671355103,0.43818155480676235,0.21909077740338118,0.0,0.17244968776076564,0.17314843300054886,0.1864245925564302,0.5694126517446012,0.0,0.6873316336502366,0.3436658168251183
14.959839357429718,9.790918761802601,0.0,12.142797924065373,11.386806344442485,0.0,0.0,0.0,4.053345342631918e-12,2.557155534733219e-12,0.0,2.917290546325463e-12,0.0,0.0,0.0,0.0,0.029148930452449644,0.020886402673504088,0.011806573684084422,0.0,0.0,0.0,4.241617284873967,4.241617284873967,4.241617284873967,9.178804423100937,0.0,0.0,0.0,4.053292161577485,0.2384000592493683,0.42914466436577414,0.9012154798098898,0.4425316853467758,0.0,0.8850633706935516,0.1009356013471626,0.10093560134767948,0.1009356013471354,2.6883091076127568,0.4426034319253322,0.2213017159626661,0.0,0.16774583275382465,0.16806952185368512,0.17421961475103415,0.5475748712086144,0.0,0.6723331266172112,0.3361665633086056
15.060240963855422,9.851937765721855,0.0,12.152425201995333,11.425836168864901,0.0,0.0,0.0,6.3605046937094135e-12,4.023805251623452e-12,0.0,4.538343712352121e-12,0.0,0.0,0.0,0.0,0.013886520357401289,0.009868386574831921,0.005658230733519488,0.0,0.0,0.0,4.237510785445464,4.237510785445464,4.237510785445464,9.17153271607699,0.0,0.0,0.0,4.114158729165587,0.24162009867923917,0.4352470302035566,0.9160640014356689,0.4474422334487534,0.0,0.8948844668975068,0.10218915042687272,0.10218915042769465,0.10218915042682947,2.7271259065665903,0.44763434309106187,0.22381717154553094,0.0,0.16296274467312102,0.1631127511549739,0.16596287431017873,0.525826793019835,0.0,0.6574811260073117,0.32874056300365584
15.160642570281125,9.912142737968162,0.0,12.166027087522101,11.472921650251255,0.0,0.0,0.0,9.995327254632617e-12,6.342931343458403e-12,0.0,7.071120531863956e-12,0.0,0.0,0.0,0.0,0.006615047049020056,0.004662781364870374,0.0027102016514262,0.0,0.0,0.0,4.232548413647527,4.232548413647527,4.232548413647527,9.162429853492407,0.0,0.0,0.0,4.171828424781562,0.24451643072298607,0.44088203042591484,0.9305894449456003,0.45195117411045904,0.0,0.9039023482209181,0.10358801386029544,0.10358801386160621,0.10358801386022645,2.771516023701986,0.4532723407691714,0.2266361703845857,0.0,0.15825808366521513,0.1583275840672849,0.15964809170661035,0.504701963425293,0.0,0.6428252531198417,0.32141262655992087
15.261044176706827,9.969778708233555,0.0,12.181782919592937,11.526430659073458,0.0,0.0,0.0,1.5721852866363707e-11,1.0011282185645166e-11,0.0,1.1029046125238888e-11,0.0,0.0,0.0,0.0,0.003149314257647617,0.002202149396289232,0.001296732717856935,0.0,0.0,0.0,4.22766116002557,4.22766116002557,4.22766116002557,9.153463639228365,0.0,0.0,0.0,4.225469054048863,0.2471231582159542,0.4460404530075996,0.9442403129477657,0.45603648446268835,0.0,0.9120729689253767,0.10515513492289408,0.1051551349249893,0.1051551349227838,2.821253165952842,0.4595147405191338,0.2297573702595669,0.0,0.1536808389409677,0.15371301803160695,0.15432442075375274,0.4843649938378456,0.0,0.6284122381954214,0.3142061190977107
15.36144578313253,10.023435774878024,0.0,12.198304926603475,11.585123325505602,0.0,0.0,0.0,2.4745294855241703e-11,1.581671672094956e-11,0.0,1.7216249584361223e-11,0.0,0.0,0.0,0.0,0.0014980393620602247,0.0010393043471668732,0.0006195805050819191,0.0,0.0,0.0,4.2228419199234954,4.2228419199234954,4.2228419199234954,9.144572757438599,0.0,0.0,0.0,4.274329195096814,0.24942323450575116,0.4506685325353043,0.9566015885019151,0.4596781082604599,0.0,0.9193562165209198,0.10689108855004963,0.10689108855340539,0.106891088549873,2.8761258049749387,0.46635795766977534,0.23317897883488767,0.0,0.14924147091097728,0.1492563573041125,0.14953919877368163,0.4648505083908996,0.0,0.6142857784509792,0.3071428892254896
15.461847389558233,10.072262809756532,0.0,12.214878282457219,11.648381445989608,0.0,0.0,0.0,3.8968191468453194e-11,2.5010107204349997e-11,0.0,2.6893468651463765e-11,0.0,0.0,0.0,0.0,0.0007118824005313703,0.0004901134300967713,0.0002955888616702332,0.0,0.0,0.0,4.21787506117628,4.21787506117628,4.21787506117628,9.135246461035138,0.0,0.0,0.0,4.317874744361739,0.25138893048694566,0.45471322118068536,0.9673785317397995,0.46285809224160607,0.0,0.9257161844832121,0.10879096438209479,0.1087909643874791,0.1087909643818114,2.9360339267979665,0.4737973314997656,0.2368986657498828,0.0,0.14494188290384508,0.14494876353101593,0.1450794954472616,0.4461627262828905,0.0,0.6004864411826429,0.30024322059132147
15.562248995983936,10.11581079420945,0.0,12.231251743162726,11.716015615621517,0.0,0.0,0.0,6.139586288407747e-11,3.957935411727441e-11,0.0,4.20392268213781e-11,0.0,0.0,0.0,0.0,0.0003379576345454181,0.00023094508673479657,0.00014080067257758692,0.0,0.0,0.0,4.212593473104498,4.212593473104498,4.212593473104498,9.125082289940423,0.0,0.0,0.0,4.355750715085694,0.2529969482876563,0.4581346366275581,0.9763737609651337,0.46556070578822684,0.0,0.9311214115764537,0.11085051957771312,0.11085051958636682,0.11085051957725767,3.0009673057361543,0.48182693887590605,0.24091346943795303,0.0,0.14078504953736418,0.1407882272947725,0.14084860468553043,0.42830649205395543,0.0,0.5870516108050537,0.2935258054025269
15.662650602409638,10.153844858467659,0.0,12.247398677994758,11.78804152456689,0.0,0.0,0.0,9.67786967444586e-11,6.268661437479426e-11,0.0,6.576145259232982e-11,0.0,0.0,0.0,0.0,0.00016028414792788184,0.00010874087706325551,6.696476953037767e-05,0.0,0.0,0.0,4.206925525228674,4.206925525228674,4.206925525228674,9.11388908278641,0.0,0.0,0.0,4.387714237569121,0.2542316534970382,0.4609057827006423,0.9834613300575126,0.467772543735552,0.0,0.935545087471104,0.11306741801407531,0.11306741802800599,0.11306741801334212,3.0709616737498835,0.4904393996266957,0.24521969981334785,0.0,0.13677631575316465,0.1367777823584518,0.13680564785890756,0.41129117642388596,0.0,0.5740154778605341,0.28700773893026704
15.763052208835342,10.186220295788345,0.0,12.263361725816166,11.864532388358896,0.0,0.0,0.0,1.5263022138783628e-10,9.936655664162507e-11,0.0,1.0294681057786209e-10,0.0,0.0,0.0,0.0,7.594540975324696e-05,5.1164039653485173e-05,3.1799176455082024e-05,0.0,0.0,0.0,4.200871581255683,4.200871581255683,4.200871581255683,9.101637278753408,0.0,0.0,0.0,4.413586021949688,0.2550840395083933,0.46300913863045806,0.9885644895952929,0.46948261236670574,0.0,0.9389652247334115,0.1154407279300228,0.11544072795248318,0.11544072792884068,3.1460644867544922,0.49962567626810045,0.24981283813405022,0.0,0.1329222535333181,0.1329229300120246,0.13293578310744822,0.39512708214259645,0.0,0.5614090673042087,0.28070453365210435
15.863453815261044,10.212822791300983,0.0,12.279178097880985,11.945545941508126,0.0,0.0,0.0,2.4084189694987556e-10,1.5764246039324886e-10,0.0,1.6128604039122136e-10,0.0,0.0,0.0,0.0,3.5950242492305065e-05,2.4056817725945315e-05,1.5077025135633607e-05,0.0,0.0,0.0,4.19447056619043,4.19447056619043,4.19447056619043,9.088387417173578,0.0,0.0,0.0,4.433225549634009,0.25554991644376257,0.46443369810327484,0.9916399793460348,0.47068239876155554,0.0,0.9413647975231111,0.1179701033424408,0.11797010337870792,0.11797010334053201,3.2263147431505144,0.5093748710436609,0.25468743552183043,0.0,0.1292293899618765,0.12922970184374727,0.12923562759929166,0.37982175360733283,0.0,0.5492603027665731,0.27463015138328656
15.963855421686747,10.23354893378536,0.0,12.29485462392242,12.031097803620904,0.0,0.0,0.0,3.8024603629747226e-10,2.5031171964169384e-10,0.0,2.528946247435954e-10,0.0,0.0,0.0,0.0,1.700183986860293e-05,1.130377091368362e-05,7.137517882089324e-06,0.0,0.0,0.0,4.187775743539097,4.187775743539097,4.187775743539097,9.074238324770128,0.0,0.0,0.0,4.446522492121587,0.25562852101989614,0.4651732195749807,0.9926684706259299,0.4713659237343624,0.0,0.9427318474687248,0.12065513409442588,0.12065513415307129,0.12065513409133928,3.3117328180623646,0.5196740235804427,0.25983701179022134,0.0,0.12570341948116961,0.12570356321711726,0.12570629420012283,0.3653779808400681,0.0,0.5375941030225855,0.26879705151129274
16.06425702811245,10.248305631276805,0.0,12.310365935860851,12.121156581304302,0.0,0.0,0.0,6.00686341812825e-10,3.9780471210289283e-10,0.0,3.9687705607223245e-10,0.0,0.0,0.0,0.0,8.033098830038628e-06,5.307926265929784e-06,3.373712595391206e-06,0.0,0.0,0.0,4.180841441307598,4.180841441307598,4.180841441307598,9.059298777762894,0.0,0.0,0.0,4.453396240201215,0.25532171369210666,0.4652254400175621,0.991649424873791,0.4715297786037124,0.0,0.9430595572074248,0.12349493472717377,0.12349493482213629,0.12349493472217574,3.4023155353286456,0.5305079127834954,0.2652539563917477,0.0,0.12234887445003123,0.12234894067448512,0.12235019893910909,0.3517932869196776,0.0,0.5264325065576518,0.2632162532788259
16.164658634538153,10.257015578651355,0.0,12.325660117020838,12.215646048768358,0.0,0.0,0.0,9.494876220806324e-10,6.327663422914956e-10,0.0,6.233884136154555e-10,0.0,0.0,0.0,0.0,3.7922008099724444e-06,2.4910088527797034e-06,1.5923031464449995e-06,0.0,0.0,0.0,4.173717317674844,4.173717317674844,4.173717317674844,9.043675269956164,0.0,0.0,0.0,4.453798231107407,0.25463359506542227,0.46459182686752154,0.9885985743317642,0.47117314599639826,0.0,0.9423462919927965,0.12648790774982827,0.12648790790379894,0.12648790774172453,3.4980332305752615,0.5418588668796029,0.27092943343980147,0.0,0.11916907982777661,0.11916911033590213,0.11916968999028717,0.3390602818562745,0.0,0.5157948199163913,0.25789740995819566
16.265060240963855,10.259622928978338,0.0,12.340664818104472,12.31444779567141,0.0,0.0,0.0,1.5017405599143976e-09,1.0074007733186155e-09,0.0,9.800706600388127e-10,0.0,0.0,0.0,0.0,1.7884849035765828e-06,1.1682697224416345e-06,7.503531915476799e-07,0.0,0.0,0.0,4.166446614656679,4.166446614656679,4.166446614656679,9.027468201534605,0.0,0.0,0.0,4.447714466152013,0.2535703431508828,0.46327754930093934,0.9835466984600959,0.4702978048284476,0.0,0.9405956096568951,0.12963160319379805,0.12963160344375085,0.12963160318064265,3.598827155209876,0.5537065857450757,0.27685329287253785,0.0,0.1161662439778536,0.11616625803053415,0.11616652503146453,0.327167392856548,0.0,0.5056977854130399,0.25284889270651995
16.365461847389557,10.256097369708487,0.0,12.355291757109848,12.417402353693188,0.0,0.0,0.0,2.376706366488334e-09,1.6052847767095459e-09,0.0,1.5422911424381121e-09,0.0,0.0,0.0,0.0,8.425172126304601e-07,5.474513596943706e-07,3.5297496735730977e-07,0.0,0.0,0.0,4.159066078610975,4.159066078610975,4.159066078610975,9.01077146648171,0.0,0.0,0.0,4.435167306339438,0.2521401359255284,0.4612914944462239,0.9765388986033564,0.4689081194341083,0.0,0.9378162388682166,0.1329226204142635,0.13292262082050454,0.13292262039288238,3.7046066264575543,0.5660279797547626,0.2830139898773813,0.0,0.11334159777430736,0.1133416042457306,0.11334172720277236,0.3160996914637614,0.0,0.49615576402469497,0.24807788201234748
16.46586345381526,10.246436585847256,0.0,12.36943964081151,12.524308850957707,0.0,0.0,0.0,3.763831337813744e-09,2.560268424803581e-09,0.0,2.429335653951104e-09,0.0,0.0,0.0,0.0,3.9664763139279007e-07,2.5645920129094504e-07,1.6584279659546653e-07,0.0,0.0,0.0,4.151606361990051,4.151606361990051,4.151606361990051,8.99367287885214,0.0,0.0,0.0,4.4162164375672806,0.2503530883965104,0.4586462558550489,0.9676339637794432,0.46701101294039227,0.0,0.9340220258807845,0.1363565238277778,0.1363565244887369,0.13635652379299046,3.815245870661185,0.5787970299743008,0.2893985149871504,0.0,0.11069554004137767,0.1106955430226795,0.11069559966741419,0.3058396888271712,0.0,0.4871809284501854,0.2435904642250927
16.566265060240962,10.23066762651807,0.0,12.382996172404376,12.634923869060033,0.0,0.0,0.0,5.964411273756339e-09,4.08699636824715e-09,0.0,3.830293567036546e-09,0.0,0.0,0.0,0.0,1.865107641942085e-07,1.2003391441663783e-07,7.778014873244361e-08,0.0,0.0,0.0,4.144092456903343,4.144092456903343,4.144092456903343,8.976254476275818,0.0,0.0,0.0,4.3909591668791315,0.2482211768115613,0.45535807631493985,0.956903659728361,0.46461592440946153,0.0,0.9292318488189231,0.13992776211944552,0.13992776319590827,0.1399277620627896,3.930580719254082,0.5919846733441975,0.29599233667209873,0.0,0.1082277746515664,0.10822777602482446,0.10822780211672775,0.29636805729499466,0.0,0.4787834636414039,0.23939173182070195
16.666666666666668,10.208847632151631,0.0,12.395839715487892,12.748960124958048,0.0,0.0,0.0,9.45759877483567e-09,6.529704709055833e-09,0.0,6.044982063387356e-09,0.0,0.0,0.0,0.0,8.781127627559384e-08,5.6270241075509104e-08,3.6504005698680313e-08,0.0,0.0,0.0,4.136544059941112,4.136544059941112,4.136544059941112,8.958592500519032,0.0,0.0,0.0,4.3595302208327125,0.24575814451713718,0.451446748332916,0.9444318952531512,0.46173475005962517,0.0,0.9234695001192503,0.14362959023490543,0.14362959198963368,0.1436295901425513,4.050405363675201,0.6055587177823871,0.30277935889119356,0.0,0.10593743540163333,0.10593743603571554,0.10593744808327737,0.28766426910713006,0.0,0.47097176925892276,0.23548588462946138
16.76706827309237,10.181064244099442,0.0,12.407841034994236,12.866085473631507,0.0,0.0,0.0,1.5006225887766862e-08,1.0441096233504769e-08,0.0,9.549473147047421e-09,0.0,0.0,0.0,0.0,4.128276313875172e-08,2.634928479141089e-08,1.709792970876839e-08,0.0,0.0,0.0,4.128975883936567,4.128975883936567,4.128975883936567,8.940757109226222,0.0,0.0,0.0,4.322101161177185,0.24297939030300753,0.44693547884671647,0.9303137591329564,0.45838176759917415,0.0,0.9167635351983483,0.14745399669456133,0.14745399955721172,0.14745399654389552,4.174469369340412,0.6194837907019736,0.3097418953509868,0.0,0.10382319943417573,0.1038231997268887,0.10382320528843544,0.2797071582076042,0.0,0.4637526624867378,0.2318763312433689
16.867469879518072,10.147435816199986,0.0,12.418865273402561,12.98592249058648,0.0,0.0,0.0,2.382558330292593e-08,1.6709236125104937e-08,0.0,1.5100478980509282e-08,0.0,0.0,0.0,0.0,1.9412125450755087e-08,1.234493985334873e-08,8.00570571211082e-09,0.0,0.0,0.0,4.121397988742593,4.121397988742593,4.121397988742593,8.922812000635936,0.0,0.0,0.0,4.278879464364698,0.23990184436602546,0.44185072536595915,0.9146544501329126,0.4545735440054991,0.0,0.9091470880109982,0.15139164128772248,0.1513916459611812,0.15139164104175099,4.302475115733731,0.6337213250117628,0.3168606625058814,0.0,0.10188339053265666,0.10188339066798369,0.10188339323919729,0.2724754119466587,0.0,0.45713157647363556,0.22856578823681778
16.967871485943775,10.108111466860127,0.0,12.428774226291923,13.108048802380154,0.0,0.0,0.0,3.785196937497095e-08,2.6761233778019282e-08,0.0,2.3901293441269676e-08,0.0,0.0,0.0,0.0,9.114992276944478e-09,5.777407643387197e-09,3.741200432916944e-09,0.0,0.0,0.0,4.113816143122087,4.113816143122087,4.113816143122087,8.904814005776796,0.0,0.0,0.0,4.230107272781024,0.23654383307418725,0.4362220050595291,0.8975681096542958,0.4503288267178154,0.0,0.9006576534356308,0.15543180629098416,0.15543181392532943,0.15543180588917652,4.4340758038032035,0.648229585228764,0.324114792614382,0.0,0.10011607259385441,0.10011607265641398,0.1001160738450457,0.26594799749408043,0.0,0.4511127518353684,0.2255563759176842
17.068273092369477,10.063270955218393,0.0,12.437428923167358,13.231998286676392,0.0,0.0,0.0,6.017426869597696e-08,4.2893169586868065e-08,0.0,3.786838878717347e-08,0.0,0.0,0.0,0.0,4.28127778269896e-09,2.705555652173536e-09,1.7480054309510895e-09,0.0,0.0,0.0,4.106232254094686,4.106232254094686,4.106232254094686,8.886812756974116,0.0,0.0,0.0,4.176059799730431,0.23292493446405738,0.430081677727376,0.8791765727406938,0.445668417344145,0.0,0.89133683468829,0.15956236571319776,0.1595623781908731,0.159562365056478,4.56887417387406,0.6629637367319725,0.33148186836598625,0.0,0.09851913457956399,0.09851913460853408,0.09851913515896579,0.26010453091309604,0.0,0.44569941998701956,0.22284970999350978
17.16867469879518,10.013124315843175,0.0,12.444692419552927,13.357263145818498,0.0,0.0,0.0,9.572258241333602e-08,6.880097938674858e-08,0.0,6.005670900395985e-08,0.0,0.0,0.0,0.0,2.008020533177267e-09,1.2656203804900037e-09,8.151732875279109e-10,0.0,0.0,0.0,4.098644853295678,4.098644853295678,4.098644853295678,8.868850445224627,0.0,0.0,0.0,4.11704336995416,0.22906582527035402,0.4234647025045444,0.8596080520157667,0.44061502942830594,0.0,0.8812300588566119,0.16376977508733992,0.16376979549011303,0.16376977401350978,4.706422029220119,0.6778759592820413,0.3389379796410206,0.0,0.09709036633168988,0.09709036634510579,0.09709036660000794,0.25492559075679405,0.0,0.44089397408945635,0.22044698704472818
17.269076305220885,9.957911201360053,0.0,12.450432752019015,13.483296909057009,0.0,0.0,0.0,1.5237884167657135e-07,1.1044306876972011e-07,0.0,9.534579190236463e-08,0.0,0.0,0.0,0.0,9.428886520729258e-10,5.92917205394405e-10,3.804209298835093e-10,0.0,0.0,0.0,4.091049645278544,4.091049645278544,4.091049645278544,8.850961710744622,0.0,0.0,0.0,4.053393068459301,0.22498811938181912,0.4164083668356932,0.8389957644370162,0.4351931291221851,0.0,0.8703862582443702,0.16803908518875843,0.1680391185641077,0.16803908343216112,4.846220680945511,0.6929156066510567,0.34645780332552834,0.0,0.09582752634821462,0.095827526354444,0.09582752647280218,0.2503929839434725,0.0,0.43669812807510006,0.21834906403755003
17.369477911646587,9.897899892180748,0.0,12.45452592251756,13.609518265509292,0.0,0.0,0.0,2.427211426804946e-07,1.7740771258878524e-07,0.0,1.515176929226297e-07,0.0,0.0,0.0,0.0,4.495950884874702e-10,2.82162772418504e-10,1.8020649048925099e-10,0.0,0.0,0.0,4.083440074621956,4.083440074621956,4.083440074621956,8.833173613450239,0.0,0.0,0.0,3.985470025849537,0.22071419926290353,0.40895199059223525,0.8174765238244549,0.4294287638714384,0.0,0.8588575277428768,0.17235397907807393,0.172354033688109,0.17235397620386156,4.98772232739531,0.7080294077541252,0.3540147038770626,0.0,0.09472839993532844,0.09472839993827026,0.09472839999416457,0.24648996257163927,0.0,0.43311305814502227,0.21655652907251113
17.46987951807229,9.833385974352746,0.0,12.456858981689733,13.735315940454516,0.0,0.0,0.0,3.8687487326700815e-07,2.851610863729912e-07,0.0,2.4102093521446925e-07,0.0,0.0,0.0,0.0,2.1339480382249987e-10,1.337065551144965e-10,8.494031923344858e-11,0.0,0.0,0.0,4.075807918710937,4.075807918710937,4.075807918710937,8.815505727856952,0.0,0.0,0.0,3.9136583021188396,0.21626703698255165,0.40113660023936604,0.7951892927280356,0.42334937235753556,0.0,0.8466987447150711,0.17669683735034827,0.17669692672210954,0.17669683264657135,5.130332559833913,0.7231617170918204,0.3615808585459102,0.0,0.09379085036944323,0.09379085037082832,0.09379085039714494,0.2432014044674145,0.0,0.430139532442485,0.2150697662212425
17.570281124497992,9.764690526524491,0.0,12.45733283680832,13.860054167449753,0.0,0.0,0.0,6.170212132660438e-07,4.5863183780931877e-07,0.0,3.837628599272682e-07,0.0,0.0,0.0,0.0,1.0143684954646334e-10,6.34748196420079e-11,4.008275395586733e-11,0.0,0.0,0.0,4.068143970189186,4.068143970189186,4.068143970189186,8.797970543250466,0.0,0.0,0.0,3.838361408663657,0.2116700157197271,0.3930045853669236,0.7722737567364222,0.4169835855673721,0.0,0.8339671711347442,0.18104883285774925,0.18104897912971807,0.18104882515922455,5.273413841230582,0.7382548028072359,0.36912740140361794,0.0,0.09301286335222123,0.0930128633528754,0.0930128633653047,0.24051395956275068,0.0,0.4277780208567304,0.2138890104283652
17.670682730923694,9.692157919297596,0.0,12.455864915931494,13.983078968388567,0.0,0.0,0.0,9.847086420342933e-07,7.380590461541901e-07,0.0,6.116455143563987e-07,0.0,0.0,0.0,0.0,4.924123875807566e-11,3.078347636261974e-11,1.931025061542879e-11,0.0,0.0,0.0,4.060438618503452,4.060438618503452,4.060438618503452,8.7805737854165,0.0,0.0,0.0,3.759998495015675,0.20694673980352038,0.3845993275641281,0.7488688856050655,0.4103610148661513,0.0,0.8207220297323026,0.1853900498690958,0.18539028927369977,0.18539003726885347,5.416290069264483,0.7532491771025925,0.37662458855129627,0.0,0.09239258219649678,0.09239258219681282,0.09239258220281765,0.23841615993658744,0.0,0.4260287884606737,0.21301439423033686
17.771084337349397,9.616153198148332,0.0,12.452391490489676,14.103724944420232,0.0,0.0,0.0,1.5725412948029344e-06,1.1884054233202113e-06,0.0,9.75830589292497e-07,0.0,0.0,0.0,0.0,2.2937176395424882e-11,1.433037868490592e-11,8.924351586814563e-12,0.0,0.0,0.0,4.0526824550091325,4.0526824550091325,4.0526824550091325,8.763314961668147,0.0,0.0,0.0,3.6790002850214876,0.20212084614610804,0.37596481808987703,0.7251115480406292,0.40351203407297626,0.0,0.8070240681459525,0.18969963039228144,0.18970002221590926,0.18969960976998523,5.5582520908925,0.768083958222367,0.3840419791111835,0.0,0.09192833670462908,0.09192833670477582,0.09192833670756423,0.23689850334331491,0.0,0.4248919693766447,0.21244598468832235
17.8714859437751,9.537059122374133,0.0,12.446869673489106,14.221322570224217,0.0,0.0,0.0,2.5129319077424794e-06,1.9145526969391065e-06,0.0,1.5584221462828123e-06,0.0,0.0,0.0,0.0,1.1252241667036588e-11,7.028000575972068e-12,4.3425992478627035e-12,0.0,0.0,0.0,4.0448668504208385,4.0448668504208385,4.0448668504208385,8.746188041214484,0.0,0.0,0.0,3.595804826628599,0.19721581572646557,0.3671452662715723,0.701135186143798,0.3964675555554968,0.0,0.7929351111109936,0.19395594558957927,0.19395658680230327,0.19395591184154115,5.698564149552089,0.7826972628346963,0.39134863141734816,0.0,0.09161866564351664,0.09161866564358853,0.09161866564495447,0.23595351294794245,0.0,0.42436762220574115,0.21218381110287057
17.971887550200805,9.455272745538283,0.0,12.439278819376277,14.335205594126995,0.0,0.0,0.0,4.018216216109986e-06,3.0858411369957307e-06,0.0,2.491277104813448e-06,0.0,0.0,0.0,0.0,5.408862946691446e-12,3.378467322247297e-12,2.0701539734237265e-12,0.0,0.0,0.0,4.0369845061358784,4.0369845061358784,4.0369845061358784,8.729182293361115,0.0,0.0,0.0,3.5108530819003025,0.19225478872066784,0.35818470337964964,0.6770685752934174,0.38925880336541785,0.0,0.7785176067308357,0.19813679050974115,0.19813783963423087,0.19813673529266274,5.836471069004828,0.7970266233997977,0.39851331169989884,0.0,0.0914623334072117,0.09146233340724627,0.09146233340790302,0.23557577699948468,0.0,0.4244557663884359,0.21222788319421795
18.072289156626507,9.37120174003654,0.0,12.429621481828471,14.444718636070855,0.0,0.0,0.0,6.429911487960977e-06,4.976377953053705e-06,0.0,3.9868607957177114e-06,0.0,0.0,0.0,0.0,2.349996631626167e-12,1.4684121874858172e-12,8.918210715931809e-13,0.0,0.0,0.0,4.029029922708304,4.029029922708304,4.029029922708304,8.712283173508041,0.0,0.0,0.0,3.4245844845169326,0.18726038285302996,0.3491265879362251,0.6530346774094821,0.38191708451133505,0.0,0.7638341690226701,0.20221959811918103,0.20222131437671806,0.20221950778983697,5.971206139028213,0.8110094287897616,0.4055047143948808,0.0,0.0914583400876976,0.09145834008771264,0.09145834008799855,0.23576196869679644,0.0,0.42515639903915736,0.21257819951957868
18.17269076305221,9.28526049462347,0.0,12.417923686884647,14.549224376069995,0.0,0.0,0.0,1.0295183395060537e-05,8.028047853553756e-06,0.0,6.386328088659689e-06,0.0,0.0,0.0,0.0,1.0719827849088176e-12,6.703190518141967e-13,4.0332561403675486e-13,0.0,0.0,0.0,4.020999807523613,4.020999807523613,4.020999807523613,8.695473308299947,0.0,0.0,0.0,3.337432630374326,0.18225452659878996,0.3400134317875668,0.6291496472523762,0.3744735724159194,0.0,0.7489471448318388,0.20618166324603648,0.20618446984434236,0.20618151553033617,6.1019992338079545,0.8245833603048235,0.41229168015241174,0.0,0.09160592590305713,0.09160592590306402,0.09160592590319491,0.23651085064922667,0.0,0.4264694920156821,0.21323474600784104
18.27309236947791,9.197866113594745,0.0,12.404234811716616,14.648110806225958,0.0,0.0,0.0,1.6492723488779964e-05,1.2954491180624951e-05,0.0,1.0238941186331424e-05,0.0,0.0,0.0,0.0,5.123972215588498e-13,3.2074477833991417e-13,1.9111361903787354e-13,0.0,0.0,0.0,4.012893449198457,4.012893449198457,4.012893449198457,8.678733636359556,0.0,0.0,0.0,3.2498210776725545,0.17725830050697758,0.3308864393652564,0.6055219579055807,0.366959087906447,0.0,0.733918175812894,0.21000038531475024,0.21000497272291888,0.21000014387221505,6.228085455384852,0.8376868517850128,0.4188434258925064,0.0,0.0919045711427785,0.09190457114278182,0.0919045711428447,0.2378232705991343,0.0,0.4283949698264623,0.21419748491323115
18.373493975903614,9.109433923452443,0.0,12.388626323071387,14.740797398218866,0.0,0.0,0.0,2.6440993036947202e-05,2.0913564072872336e-05,0.0,1.643392128722336e-05,0.0,0.0,0.0,0.0,2.0197997209078654e-12,1.2660951227018873e-12,7.467665575618528e-13,0.0,0.0,0.0,4.004712972124385,4.004712972124385,4.004712972124385,8.662044510040184,0.0,0.0,0.0,3.1621592383350015,0.1722917902152584,0.3217851626212455,0.5822516689226073,0.3594038876264002,0.0,0.7188077752528004,0.21365351782951875,0.21366101363893072,0.2136531233132339,6.3487136516105585,0.8502595556509797,0.42512977782548983,0.0,0.0923539895059532,0.09235398950596634,0.09235398950621596,0.23970214723011388,0.0,0.43093266676662895,0.21546633338331447
18.473895582329316,9.020373467009433,0.0,12.371190308882722,14.826740706389389,0.0,0.0,0.0,4.2414414956378683e-05,3.377087462385759e-05,0.0,2.6401809312604536e-05,0.0,0.0,0.0,0.0,3.5275135008705125e-12,2.2150222055204896e-12,1.2927864528109233e-12,0.0,0.0,0.0,3.9964634886158183,3.9964634886158183,3.9964634886158183,8.645386767733712,0.0,0.0,0.0,3.074838902816986,0.16737396684973202,0.3127472136480947,0.5594299077541998,0.3518374824630871,0.0,0.7036749649261742,0.21711940664653756,0.21713164816837177,0.2171187623559147,6.463154545157287,0.8622427650728176,0.4311213825364088,0.0,0.09295411651566435,0.0929541165156875,0.09295411651612719,0.24215245560689316,0.0,0.4340822678939532,0.2170411339469766
18.57429718875502,8.93108415153733,0.0,12.35203709930832,14.905439093650447,0.0,0.0,0.0,6.808480782462217e-05,5.4550711344186894e-05,0.0,4.246038377756399e-05,0.0,0.0,0.0,0.0,5.031362945862905e-12,3.1658666112251347e-12,1.8278046848811666e-12,0.0,0.0,0.0,3.9881531881029564,3.9881531881029564,3.9881531881029564,8.62874285054103,0.0,0.0,0.0,2.988230886075234,0.16252257645146975,0.30380799193265795,0.5371384680553167,0.34428845261043295,0.0,0.6885769052208659,0.22037724161432976,0.22039722406772488,0.2203761899062563,6.570708773478253,0.8735798657467376,0.4367899328733688,0.0,0.09370509213848449,0.09370509213851785,0.09370509213915135,0.2451812244085455,0.0,0.4378432271266199,0.21892161356330994
18.674698795180724,8.841951030448332,0.0,12.331292110831964,14.976435935435832,0.0,0.0,0.0,0.00010936318742525648,8.81399571812458e-05,0.0,6.835585579734859e-05,0.0,0.0,0.0,0.0,6.531053933237853e-12,4.119399981061439e-12,2.3519710326275107e-12,0.0,0.0,0.0,3.979793336188907,3.979793336188907,3.979793336188907,8.612097860870637,0.0,0.0,0.0,2.9026822376895516,0.1577540581691924,0.2950004671452104,0.5154496140519987,0.336784293229295,0.0,0.67356858645859,0.22340729374752216,0.22343989420423516,0.22340557793401095,6.670713952524057,0.8842167409030314,0.4421083704515157,0.0,0.09460723899172338,0.09460723899176716,0.09460723899259915,0.24879756332006403,0.0,0.44221467091465316,0.22110733545732658
18.775100401606426,8.753340417083267,0.0,12.309091709473414,15.039321278964845,0.0,0.0,0.0,0.0001757851784053585,0.00014244706548147712,0.0,0.0001101578900098295,0.0,0.0,0.0,0.0,8.02631682682435e-12,5.07641082302821e-12,2.865507201685478e-12,0.0,0.0,0.0,3.9713981389313653,3.9713981389313653,3.9713981389313653,8.595440441111203,0.0,0.0,0.0,2.8185137991014466,0.1530834787460008,0.2863549947637731,0.49442602479463094,0.32935127369014605,0.0,0.6587025473802921,0.22619114921890598,0.22624430486245972,0.2261883515534558,6.7625509150085055,0.8941021692934439,0.44705108464672194,0.0,0.09566103327735852,0.09566103327741304,0.09566103327844903,0.25301274860648537,0.0,0.4471952817671988,0.2235976408835994
18.87550200803213,8.66559529868599,0.0,12.285577888136787,15.093731382903258,0.0,0.0,0.0,0.0002827356541802387,0.0002302652143573214,0.0,0.0001777055703628041,0.0,0.0,0.0,0.0,9.516908800286157e-12,6.037705766814195e-12,3.368699622315055e-12,0.0,0.0,0.0,3.9629844737944797,3.9629844737944797,3.9629844737944797,8.578763432688826,0.0,0.0,0.0,2.73601818604606,0.14852448900237175,0.27789917385455615,0.47412089495826115,0.3220143202451463,0.0,0.6440286404902926,0.22871193438975307,0.22879855235683394,0.22870737554938037,6.845648635690645,0.9031881918983719,0.4515940959491859,0.0,0.09686706907757259,0.0968670690776382,0.09686706907888465,0.2578404193138792,0.0,0.4527831662012015,0.22639158310060076
18.97590361445783,8.579030150910443,0.0,12.260891199101183,15.139345387810241,0.0,0.0,0.0,0.0004550603743249324,0.00037229732741090395,0.0,0.0002869690827796894,0.0,0.0,0.0,0.0,1.1002614893890279e-11,7.004109570624322e-12,3.86189179190247e-12,0.0,0.0,0.0,3.9545714723817076,3.9545714723817076,3.9545714723817076,8.56206424608609,0.0,0.0,0.0,2.655458070648974,0.144089300023486,0.26965773855476044,0.4545781709244752,0.3147969204889595,0.0,0.629593840977919,0.23095453888439332,0.23109559404668667,0.23094711492848313,6.919487484631625,0.9114304511044222,0.4557152255522111,0.0,0.0982260147635518,0.09822601476362887,0.09822601476509314,0.2632969734551278,0.0,0.4589757066422288,0.2294878533211144
19.076305220883533,8.49392460010533,0.0,12.235161107293443,15.175877969647345,0.0,0.0,0.0,0.000732897672816055,0.0006020390774397514,0.0,0.0004638884173604618,0.0,0.0,0.0,0.0,1.2483247328796458e-11,7.976463493530994e-12,4.345476180119442e-12,0.0,0.0,0.0,3.9461798785932167,3.9461798785932167,3.9461798785932167,8.545344736860295,0.0,0.0,0.0,2.5770646210460817,0.13978867596033007,0.26165247321461765,0.43583290025767324,0.3077210505626752,0.0,0.6154421011253504,0.23290584292846186,0.2331353923940825,0.23289376137763973,6.983600232804066,0.9187884983308876,0.4593942491654438,0.0,0.09973855913444266,0.09973855913453163,0.09973855913622198,0.26940230703253776,0.0,0.465769399390169,0.2328846996950845
19.176706827309236,8.410514922475459,0.0,12.20849225217572,15.203066034661306,0.0,0.0,0.0,0.0011811402669151497,0.0009736933697256354,0.0,0.0007506437567477454,0.0,0.0,0.0,0.0,1.3958642370258951e-11,8.955621478192894e-12,4.819885621922262e-12,0.0,0.0,0.0,3.937831098570156,3.937831098570156,3.937831098570156,8.52861036961334,0.0,0.0,0.0,2.501035833409241,0.13563193967837006,0.25390213436491366,0.41791166989415135,0.3008071247981554,0.0,0.6016142495963108,0.23455496594237202,0.23492826550591528,0.2345353185969224,7.037569951096071,0.9252260697604072,0.4626130348802036,0.0,0.10140534392231,0.10140534392241135,0.10140534392433698,0.2761811447198048,0.0,0.47315967959988664,0.23657983979994332
19.277108433734938,8.32898180882054,0.0,12.180944221726548,15.220646414270966,0.0,0.0,0.0,0.0019047440268774253,0.0015749559800144676,0.0,0.0012158742071947646,0.0,0.0,0.0,0.0,1.5428653633560126e-11,9.942443313176473e-12,5.28558397900378e-12,0.0,0.0,0.0,3.929545785420782,3.929545785420782,3.929545785420782,8.51186829455039,0.0,0.0,0.0,2.4275343678919548,0.13162698537168263,0.24642235449769628,0.4008331027159469,0.2940739674784154,0.0,0.5881479349568308,0.23589356251610888,0.23650018279123403,0.23586163513320757,7.081023487035733,0.9307113282650203,0.46535566413251017,0.0,0.10322687714889037,0.10322687714900464,0.10322687715117562,0.28366536997193537,0.0,0.48114073583442496,0.24057036791721248
19.377510040160644,8.249431752836648,0.0,12.152500772609772,15.228319483373475,0.0,0.0,0.0,0.0030735653617633115,0.002547714548259199,0.0,0.0019713801733156704,0.0,0.0,0.0,0.0,1.689314003502738e-11,1.0937783454304565e-11,5.743055608245471e-12,0.0,0.0,0.0,3.921341692831898,3.921341692831898,3.921341692831898,8.49512373008595,0.0,0.0,0.0,2.3566842547854603,0.12778028911185885,0.23922548739553892,0.38460837381847174,0.28753880563545803,0.0,0.5750776112709161,0.2369162108560003,0.23790122139344505,0.23686436819613477,7.113618394666627,0.9352170720001661,0.46760853600008306,0.0,0.10520341759595189,0.10520341759607965,0.10520341759850699,0.2918980471977718,0.0,0.48970531587534405,0.24485265793767202
19.477911646586346,8.171867928886035,0.0,12.123022047293478,15.225690685571367,0.0,0.0,0.0,0.004962559372876415,0.004121458178281037,0.0,0.0031993682449813644,0.0,0.0,0.0,0.0,1.8351945541930275e-11,1.1942473444549117e-11,6.19279282603302e-12,0.0,0.0,0.0,3.91323037636782,3.91323037636782,3.91323037636782,8.478373712303876,0.0,0.0,0.0,2.288565525480589,0.12409690472233503,0.23232033576024774,0.36924169971883974,0.2812172816376336,0.0,0.5624345632752672,0.23762096474716432,0.23921908738024195,0.2375368530296339,7.1350199966851635,0.9387209089783556,0.4693604544891778,0.0,0.10733481495619748,0.10733481495633937,0.10733481495903494,0.30094027637920595,0.0,0.49884452697434195,0.24942226348717098
19.57831325301205,8.096143774607071,0.0,12.092169129040599,15.212176801546283,0.0,0.0,0.0,0.008016940012509511,0.006667255124954319,0.0,0.005196970662366209,0.0,0.0,0.0,0.0,1.9804866032948626e-11,1.2957294557082938e-11,6.635279956610255e-12,0.0,0.0,0.0,3.9052120346913166,3.9052120346913166,3.9052120346913166,8.461596657592313,0.0,0.0,0.0,2.223205256286454,0.1205804254282262,0.22571166697113756,0.35473073665648186,0.2751234839021451,0.0,0.5502469678042902,0.23801018492760337,0.2406007960689004,0.23787383697279826,7.144863191669722,0.9412053985927675,0.47060269929638376,0.0,0.1096202789868205,0.10962027898697718,0.10962027898995369,0.3108828032174228,0.0,0.5085476329046564,0.2542738164523282
19.67871485943775,8.021888591575838,0.0,12.059284010112378,15.186856162118666,0.0,0.0,0.0,0.01295758262801652,0.010784729783263407,0.0,0.008448868068179018,0.0,0.0,0.0,0.0,2.1251595780668907e-11,1.3982935270311101e-11,7.070971661626581e-12,0.0,0.0,0.0,3.897267365474831,3.897267365474831,3.897267365474831,8.444735286245816,0.0,0.0,0.0,2.160562714785667,0.11723288245782186,0.21939937407421417,0.3410668021415034,0.26926999386458333,0.0,0.5385399877291667,0.23809183142067397,0.24228736121123026,0.23787101406327626,7.142690568598076,0.9426581601907111,0.47132908009535557,0.0,0.11205803418099478,0.11205803418116694,0.112058034184438,0.3218655546421079,0.0,0.5188018514485409,0.2594009257242704
19.779116465863453,7.948388065544907,0.0,12.023197762826458,15.148229571626672,0.0,0.0,0.0,0.02095130451540859,0.017441953857870535,0.0,0.013745638479815539,0.0,0.0,0.0,0.0,2.269164140641356e-11,1.5019924797766104e-11,7.500261780267026e-12,0.0,0.0,0.0,3.889344612736961,3.889344612736961,3.889344612736961,8.427668950691583,0.0,0.0,0.0,2.100504981383495,0.11405453612023543,0.2133770583833984,0.32823479546758483,0.263667947186241,0.0,0.527335894372482,0.2378815043194114,0.24466918280162467,0.23752425808350544,7.12785348149203,0.9430719492613201,0.47153597463066005,0.0,0.11464478734693007,0.11464478734711848,0.11464478735069837,0.3341103619055257,0.0,0.5295921557949488,0.2647960778974744
19.879518072289155,7.874392904410707,0.0,11.981924065483463,15.093839984886799,0.0,0.0,0.0,0.033885033523593164,0.0281995540900489,0.0,0.022376046853997092,0.0,0.0,0.0,0.0,2.4124183873827186e-11,1.6068528541004777e-11,7.923436638866996e-12,0.0,0.0,0.0,3.881338916656707,3.881338916656707,3.881338916656707,8.410169113187667,0.0,0.0,0.0,2.0427674625023027,0.11104349155976442,0.20762969010689133,0.31621263551215784,0.2583271070258368,0.0,0.5166542140516736,0.23740567903461585,0.24837407438009246,0.23682839506906445,7.099355462980964,0.942444701678425,0.4712223508392125,0.0,0.11737488910948887,0.11737488910969433,0.11737488911359804,0.34797548961923597,0.0,0.5409010837532217,0.27045054187661083
19.97991967871486,7.797814232123453,0.0,11.932171705725807,15.019671150925289,0.0,0.0,0.0,0.054804825090081895,0.04556753727104206,0.0,0.036437892555004306,0.0,0.0,0.0,0.0,2.5547857626522634e-11,1.712858281073548e-11,8.340603237677655e-12,0.0,0.0,0.0,3.873059452653247,3.873059452653247,3.873059452653247,8.391828212442807,0.0,0.0,0.0,1.9868908099097067,0.10819503630914289,0.2021298249891711,0.3049699474237261,0.25325594718235617,0.0,0.5065118943647123,0.23670681692156798,0.25440616921869724,0.23577527206382431,7.055606760918331,0.9407795462587097,0.47038977312935487,0.0,0.12023899654920925,0.12023899654943257,0.12023899655367556,0.3640459242204108,0.0,0.552708558909254,0.276354279454627
20.080321285140563,7.7152440297768985,0.0,11.868576653344975,14.919207075219216,0.0,0.0,0.0,0.08861235847561723,0.07356776482289289,0.0,0.0593361685780358,0.0,0.0,0.0,0.0,2.6960398500074728e-11,1.8199232983564185e-11,8.751577334530181e-12,0.0,0.0,0.0,3.864177521964056,3.864177521964056,3.864177521964056,8.371947141707999,0.0,0.0,0.0,1.9321217815242098,0.10550054757096869,0.19683160926863075,0.2944656085293976,0.24846174291484868,0.0,0.49692348582969736,0.23585135780026956,0.26436264631906964,0.23435076366770113,6.994044637928808,0.9380847857178158,0.4690423928589079,0.0,0.12322193223331038,0.12322193223355238,0.12322193223815041,0.38328150615795487,0.0,0.5649917280298048,0.2824958640149024
20.180722891566266,7.621214229942182,0.0,11.78251388788445,14.781988813617616,0.0,0.0,0.0,0.1431527040052434,0.11860593878383618,0.0,0.09656966387190936,0.0,0.0,0.0,0.0,2.8358086612503268e-11,1.9278519741863794e-11,9.155708642828018e-12,0.0,0.0,0.0,3.8541457945965356,3.8541457945965356,3.8541457945965356,8.349360172533526,0.0,0.0,0.0,1.8772609218747067,0.10294575674654619,0.19166151500295422,0.2846436169848032,0.24395066730201345,0.0,0.4879013346040269,0.23494199661932424,0.2807656965599948,0.23253022293823633,6.910558408607319,0.9343738459018011,0.46718692295090053,0.0,0.12629927850552344,0.12629927850578496,0.12629927851075368,0.4072564892374935,0.0,0.5777248191118671,0.28886240955593356
20.281124497991968,7.507088686995643,0.0,11.660316516060446,14.591472805834362,0.0,0.0,0.0,0.23086818599055736,0.19078573140960853,0.0,0.15694194103701042,0.0,0.0,0.0,0.0,2.973487664799626e-11,2.0362731391916256e-11,9.551610054558336e-12,0.0,0.0,0.0,3.842076159185336,3.842076159185336,3.842076159185336,8.322170245216498,0.0,0.0,0.0,1.8204367537839097,0.1005081086911727,0.1865045409458096,0.2754266323237242,0.2397278910996381,0.0,0.4794557821992762,0.2341359755423762,0.3075555206640309,0.23027178895702594,6.798649988726473,0.9296651929872201,0.46483259649361003,0.0,0.1294320652266777,0.1294320652269595,0.12943206523231388,0.4385379158619799,0.0,0.5908790244677189,0.29543951223385945
20.38152610441767,7.35950048537499,0.0,11.480756186870197,14.322040328405121,0.0,0.0,0.0,0.37119692372199997,0.30579313185504925,0.0,0.2543446239324558,0.0,0.0,0.0,0.0,3.108107175049452e-11,2.1445410008557772e-11,9.93674689233632e-12,0.0,0.0,0.0,3.8265642363196997,3.8265642363196997,3.8265642363196997,8.287368891176136,0.0,0.0,0.0,1.7587913382315399,0.09815298752395904,0.18118490505933807,0.26670664889645646,0.23579768417991556,0.0,0.4715953683598311,0.23367093191498595,0.35078368729380316,0.2275071026845219,6.6482871162211294,0.9239822182100177,0.46199110910500885,0.0,0.13255881212302575,0.13255881212332857,0.13255881212908202,0.4812596611751042,0.0,0.6044224131173974,0.3022112065586987
20.481927710843372,7.158388438819998,0.0,11.211861217872555,13.935298371136774,0.0,0.0,0.0,0.593756349940208,0.4873559320094689,0.0,0.41017577731998506,0.0,0.0,0.0,0.0,3.2381383541207976e-11,2.2515882365307003e-11,1.0306838482290496e-11,0.0,0.0,0.0,3.805461201315828,3.805461201315828,3.805461201315828,8.240342340237595,0.0,0.0,0.0,1.688093337623919,0.09582889671753905,0.1754421187628581,0.2583331100958291,0.23216351678730782,0.0,0.46432703357461563,0.23389794023651878,0.41949165222359225,0.22412985013193598,6.444534967724401,0.9173530896305582,0.4586765448152791,0.0,0.13558451364083465,0.135584513641159,0.13558451364732202,0.541932402437141,0.0,0.6183198765119484,0.3091599382559742
20.582329317269075,6.875139957519597,0.0,10.807870703331783,13.376712048302547,0.0,0.0,0.0,0.9418288947257272,0.7698484070143544,0.0,0.6560961024464496,0.0,0.0,0.0,0.0,3.361229899383834e-11,2.355723313041331e-11,1.0655049362718342e-11,0.0,0.0,0.0,3.775638342607875,3.775638342607875,3.775638342607875,8.174362275850289,0.0,0.0,0.0,1.60239052992383,0.0934627290482352,0.16890911909201495,0.2501015044592394,0.2288281590064771,0.0,0.4576563180129542,0.23531518571289056,0.5265841720399842,0.21998523906409617,6.1664241823274315,0.9098105704905654,0.4549052852452827,0.0,0.13836777330327965,0.13836777330362587,0.13836777331020383,0.6304318284259574,0.0,0.632533111240625,0.3162665556203125
20.68273092369478,6.472416935356467,0.0,10.2088372246441,12.575688630850227,0.0,0.0,0.0,1.474331074677391,1.1995340333640183,0.0,1.0358653447481008,0.0,0.0,0.0,0.0,3.4739001774535154e-11,2.4543863838522665e-11,1.0971049550819331e-11,0.0,0.0,0.0,3.732901268783864,3.732901268783864,3.732901268783864,8.080400802133743,0.0,0.0,0.0,1.4940339845728914,0.09095878146066895,0.16111254161628005,0.2417519612237503,0.2257937770131979,0.0,0.4515875540263958,0.2385809390288443,0.6890938325919793,0.21486973410446875,5.787338928233053,0.9013918038877787,0.45069590194388937,0.0,0.1407118671460154,0.1407118671463833,0.14071186715337372,0.7608195828893489,0.0,0.6470206418544109,0.32351032092720544
20.783132530120483,5.909102122849067,0.0,9.348393449993901,11.45577350865293,0.0,0.0,0.0,2.261911991165627,1.830949141546947,0.0,1.6031127177981284,0.0,0.0,0.0,0.0,3.5712926541975136e-11,2.5439383966856693e-11,1.1240280581963461e-11,0.0,0.0,0.0,3.672419946123293,3.672419946123293,3.672419946123293,7.948061477777866,0.0,0.0,0.0,1.3547793952172194,0.08820975639453581,0.15153823833566998,0.23299899705393212,0.22306202484755822,0.0,0.44612404969511643,0.24445832423782796,0.9265029279977529,0.20856123982941085,5.279550145977498,0.8921380637894873,0.4460690318947437,0.0,0.14237501913984044,0.14237501914022932,0.1423750191476178,0.9510445202627114,0.0,0.6617378863060872,0.3308689431530436
20.883534136546185,5.1553863030640095,0.0,8.177800807206193,9.964434711293176,0.0,0.0,0.0,3.3699961142235177,2.7128273209275733,0.0,2.4096409453955596,0.0,0.0,0.0,0.0,3.647252323867996e-11,2.6196709627451948e-11,1.1444224623654185e-11,0.0,0.0,0.0,3.5902668340708255,3.5902668340708255,3.5902668340708255,7.768906304075748,0.0,0.0,0.0,1.1789643134963514,0.08513262174156863,0.13982420632930778,0.22362494604233663,0.22063413061884724,0.0,0.44126826123769447,0.25361899478242583,1.255093662090142,0.20090980176623022,4.626427082024295,0.8820944728307789,0.44104723641538945,0.0,0.14312755248417208,0.1431275524845803,0.14312755249233663,1.2197608389750714,0.0,0.6766372657422121,0.33831863287110603
20.983935742971887,4.219968980706757,0.0,6.709626187875268,8.125534133518949,0.0,0.0,0.0,4.823299634839621,3.8596654713865535,0.0,3.4797075821582384,0.0,0.0,0.0,0.0,3.695128099087477e-11,2.6763442344544425e-11,1.1562919187932498e-11,0.0,0.0,0.0,3.4864787752286994,3.4864787752286994,3.4864787752286994,7.543075050164481,0.0,0.0,0.0,0.9690767329255437,0.08173736188028942,0.12610433043255212,0.21365623645551085,0.2185109762109711,0.0,0.4370219524219422,0.2662613125108753,1.67714835996565,0.19200409948693978,3.842973091959198,0.8713096878857406,0.4356548439428703,0.0,0.14288195404584592,0.1428819540462709,0.14288195405434623,1.5785110923980443,0.0,0.6916683595210871,0.34583417976054354
21.08433734939759,3.17726694043875,0.0,5.061862554866765,6.090079707343349,0.0,0.0,0.0,6.5612811018676185,5.217222914138355,0.0,4.7762768840726,0.0,0.0,0.0,0.0,3.709579892139984e-11,2.709488791708531e-11,1.158055163243142e-11,0.0,0.0,0.0,3.3687191608828244,3.3687191608828244,3.3687191608828244,7.287196675755553,0.0,0.0,0.0,0.7411143823248262,0.0782060100116285,0.11135142862728839,0.2035624906721466,0.21669316970562727,0.0,0.43338633941125454,0.28166382180495314,2.168590226978613,0.18235190574318155,2.9943255829839854,0.8598355550430373,0.42991777752151866,0.0,0.14186967959100083,0.14186967959143912,0.14186967959976696,2.0205596173525056,0.0,0.7067781053908352,0.3533890526954176
21.184738955823292,2.163562614386839,0.0,3.452609793286105,4.125288340099123,0.0,0.0,0.0,8.419746896444197,6.650290927996975,0.0,6.1846359178320895,0.0,0.0,0.0,0.0,3.688920928272699e-11,2.7171714753382876e-11,1.1492644569233346e-11,0.0,0.0,0.0,3.253303441491519,3.253303441491519,3.253303441491519,7.036593558115435,0.0,0.0,0.0,0.5233785759953637,0.07490912189917266,0.09733259460398222,0.19429153389917234,0.21518110987606076,0.0,0.4303622197521215,0.2980451403138429,2.675887812915005,0.17289552596641328,2.1887604247069823,0.8477267363341158,0.4238633681670579,0.0,0.14073015801016475,0.14073015801061228,0.14073015801911565,2.5139902047269818,0.0,0.721911043773684,0.360955521886842
21.285140562248994,1.321189666976783,0.0,2.1111467321030113,2.504198695422629,0.0,0.0,0.0,10.175570975844668,7.9808712980060355,0.0,7.541967161033716,0.0,0.0,0.0,0.0,3.6364831828808596e-11,2.7011273973366656e-11,1.1310150527435153e-11,0.0,0.0,0.0,3.16016928714954,3.16016928714954,3.16016928714954,6.834394566177126,0.0,0.0,0.0,0.34471419268842096,0.07228721738044397,0.08590856614584283,0.18695921530687903,0.21397504222530542,0.0,0.42795008445061083,0.3130640263051169,3.1319681489507745,0.16470065142902965,1.5323576194654578,0.8350403113219337,0.41752015566096684,0.0,0.14033891210670302,0.14033891210715577,0.14033891211575825,3.008810737409239,0.0,0.737009604100758,0.368504802050379
21.3855421686747,0.7259856524562448,0.0,1.1612090162308717,1.3669998417931994,0.0,0.0,0.0,11.638248294096387,9.061543171495789,0.0,8.703718783227128,0.0,0.0,0.0,0.0,3.5596116897310263e-11,2.6661710071204573e-11,1.1056206759691514e-11,0.0,0.0,0.0,3.1034005181322315,3.1034005181322315,3.1034005181322315,6.711047680624609,0.0,0.0,0.0,0.21974822965132615,0.07063936366075284,0.07809480696028151,0.18230879658328342,0.21307510615000788,0.0,0.42615021230001576,0.3247244808933876,3.4840045559961714,0.1584465822037674,1.075447123226799,0.8218353574212436,0.4109176787106218,0.0,0.14139799913977474,0.1413979991402293,0.14139799914886567,3.456876862179362,0.0,0.7520144301641463,0.37600721508207313
21.485943775100402,0.36427637216996395,0.0,0.5830374085148318,0.6809912746075323,0.0,0.0,0.0,12.718829558469299,9.828162805227624,0.0,9.596661933140279,0.0,0.0,0.0,0.0,3.466810639389565e-11,2.618174496585125e-11,1.0757254734636573e-11,0.0,0.0,0.0,3.084472725864213,3.084472725864213,3.084472725864213,6.669730603750569,0.0,0.0,0.0,0.14460299406887392,0.06997974492779897,0.07371090738485273,0.18035218733654043,0.2124813729045246,0.0,0.4249627458090492,0.33199929199192396,3.711805060908154,0.1541147778384382,0.7998048161703786,0.8081725135489863,0.40408625677449317,0.0,0.1440864441071608,0.14408644410761454,0.14408644411623536,3.8296910833107924,0.0,0.7668647405383164,0.3834323702691582
21.586345381526105,0.17050161203611497,0.0,0.272980079117323,0.31627004103525147,0.0,0.0,0.0,13.432338944521662,10.298878997578592,0.0,10.224180550633427,0.0,0.0,0.0,0.0,3.365131895411469e-11,2.5621215741091646e-11,1.0435010172789605e-11,0.0,0.0,0.0,3.0934021325187673,3.0934021325187673,3.0934021325187673,6.688849053498403,0.0,0.0,0.0,0.10495496726877898,0.07007130318933955,0.07181548639331152,0.18046479259376216,0.21219387412141594,0.0,0.4243877482428319,0.3348417264055186,3.825686904920261,0.15111303279947957,0.6504859495782446,0.7941135323555825,0.39705676617779123,0.0,0.14804113677666805,0.1480411367771191,0.14804113678568914,4.122263536097824,0.0,0.7814987193078387,0.3907493596539193
21.686746987951807,0.07610825328065751,0.0,0.12184993015887188,0.14000547915468764,0.0,0.0,0.0,13.854630361651486,10.538139010684132,0.0,10.636704569202834,0.0,0.0,0.0,0.0,3.2591727870590524e-11,2.50129596312957e-11,1.0103454598760082e-11,0.0,0.0,0.0,3.1156808702851895,3.1156808702851895,3.1156808702851895,6.737034803399006,0.0,0.0,0.0,0.08615585171169052,0.07058324842838634,0.07136187859255155,0.18179138374002862,0.21221262071568,0.0,0.42442524143136,0.33384340190320183,3.8520820053549656,0.14867294908995105,0.5732042104355822,0.7797208268260779,0.38986041341303895,0.0,0.15262985259184303,0.15262985259229006,0.15262985260078366,4.34562618781782,0.0,0.7958539316577702,0.3979269658288851
21.78714859437751,0.033011628445094525,0.0,0.052833034624274675,0.060192792138406205,0.0,0.0,0.0,14.076048821744832,10.61972210636896,0.0,10.8979082218615,0.0,0.0,0.0,0.0,3.151406868618433e-11,2.4374623766177117e-11,9.769934445611287e-12,0.0,0.0,0.0,3.139123463631194,3.139123463631194,3.139123463631194,6.787942533147793,0.0,0.0,0.0,0.07800590961527976,0.071241693068657,0.07157990389598815,0.18362901414147687,0.21253761206324484,0.0,0.4250752241264897,0.3298746997329497,3.819733992780863,0.14619789483569107,0.5310798839967834,0.7650570174324277,0.38252850871621386,0.0,0.15726903266397516,0.15726903266441708,0.1572690326728137,4.516947836614206,0.0,0.8098677583643905,0.40493387918219526
21.88755020080321,0.014103997387195893,0.0,0.022556924821661467,0.02547888326267931,0.0,0.0,0.0,14.173676190413799,10.605380262772057,0.0,11.063528862704205,0.0,0.0,0.0,0.0,3.042954789727883e-11,2.371402799731137e-11,9.437587547239148e-12,0.0,0.0,0.0,3.1569201845460158,3.1569201845460158,3.1569201845460158,6.826844694077696,0.0,0.0,0.0,0.07479254338139131,0.07189455879024756,0.07203945801980474,0.1855894628290263,0.21316883540199177,0.0,0.42633767080398355,0.32382875833694574,3.7521518959645346,0.14339069846180955,0.5040825094058661,0.7501844862382663,0.37509224311913314,0.0,0.16159479791539255,0.1615947979158284,0.16159479792410972,4.652672124591085,0.0,0.8234778428883842,0.4117389214441921
21.987951807228917,0.0059877659135683745,0.0,0.009566553212852082,0.01071212512373585,0.0,0.0,0.0,14.20221363471519,10.538387557397012,0.0,11.17373644642135,0.0,0.0,0.0,0.0,2.934234792711195e-11,2.303386948691572e-11,9.10737217488403e-12,0.0,0.0,0.0,3.167109759484313,3.167109759484313,3.167109759484313,6.849488639821848,0.0,0.0,0.0,0.073733365248833,0.07249799160048188,0.07255976028289944,0.18756243588849653,0.21410625545865755,0.0,0.4282125109173151,0.3164708812248557,3.6656162176735196,0.14020007404334706,0.4829337664625758,0.7351649443887168,0.3675824721943584,0.0,0.16546686742475125,0.16546686742518008,0.16546686743332836,4.765451354021609,0.0,0.8366225446312283,0.41831127231561416
22.08835341365462,0.002538910303181723,0.0,0.004050838441925897,0.004496330823402936,0.0,0.0,0.0,14.195694120801823,10.445447714999931,0.0,11.253740990053275,0.0,0.0,0.0,0.0,2.825358498849592e-11,2.2334651435507473e-11,8.779295903660638e-12,0.0,0.0,0.0,3.170561446544247,3.170561446544247,3.170561446544247,6.857734369011627,0.0,0.0,0.0,0.07359766398760996,0.07307100646738558,0.0730973393433968,0.18959913409567317,0.21534979436021146,0.0,0.4306995887204229,0.30837725888735434,3.570141999265886,0.136705430446379,0.4638835956909656,0.720059019252319,0.3600295096261595,0.0,0.1688883695740626,0.16888836957448353,0.16888836958248094,4.863666154635789,0.0,0.8492413919705116,0.4246206959852558
22.188755020080322,0.0010781020055466175,0.0,0.0017171891521476732,0.0018893538497873077,0.0,0.0,0.0,14.17306842064698,10.34139407109133,0.0,11.317578051629898,0.0,0.0,0.0,0.0,2.7163283940876014e-11,2.1616174344952498e-11,8.45302665428482e-12,0.0,0.0,0.0,3.169144605223817,3.169144605223817,3.169144605223817,6.855598835799943,0.0,0.0,0.0,0.07388005701621539,0.07365492119111511,0.07366617798237012,0.19180874763649186,0.21689930194657858,0.0,0.43379860389315716,0.2999392142944198,3.471341129914366,0.1330233239986331,0.4456359523544188,0.7049258671235186,0.3524629335617593,0.0,0.1719217289663521,0.17192172896676414,0.17192172897459265,4.952176564708783,0.0,0.8612755289319984,0.4306377644659992
22.289156626506024,0.00045905799283099756,0.0,0.0007296933015568554,0.0007958306226605753,0.0,0.0,0.0,14.143798722963776,10.23369970516017,0.0,11.37212948958787,0.0,0.0,0.0,0.0,2.6071211340526333e-11,2.087817990107806e-11,8.12814942343137e-12,0.0,0.0,0.0,3.164668498594703,3.164668498594703,3.164668498594703,6.8469653132650645,0.0,0.0,0.0,0.07438657119871855,0.07428994418122874,0.07429477553210323,0.1942988101951657,0.21875451666561005,0.0,0.4375090333312201,0.2914017771180993,3.3721303171123225,0.12925816974998225,0.4278523516786928,0.6898228168541158,0.3449114084270579,0.0,0.1746350281758317,0.1746350281762339,0.17463502818387538,5.033397554367284,0.0,0.8726681497682411,0.43633407488412057
22.389558232931726,0.00019611995242086128,0.0,0.0003110018285188242,0.000336237182798485,0.0,0.0,0.0,14.112046795828364,10.125774857563975,0.0,11.42022572874608,0.0,0.0,0.0,0.0,2.497716037291091e-11,2.0120579145576953e-11,7.804253363492698e-12,0.0,0.0,0.0,3.1584838754245337,3.1584838754245337,3.1584838754245337,6.834723046082418,0.0,0.0,0.0,0.07504798805131521,0.07500632749935476,0.07500841052695278,0.19715259904570775,0.22091501730353985,0.0,0.4418300346070797,0.28290985029618754,3.2739497340575245,0.12548669851927508,0.4105135141302779,0.6748050490834715,0.33740252454173575,0.0,0.1770789720783237,0.1770789720787151,0.17707897208615142,5.108251633055394,0.0,0.8833649162674603,0.44168245813373014
22.48995983935743,8.408734895375749e-05,0.0,0.00013298238697230787,0.0001425313151546408,0.0,0.0,0.0,14.07934126396997,10.01902745026456,0.0,11.462666525622971,0.0,0.0,0.0,0.0,2.3881011984114147e-11,1.9343506169370745e-11,7.480949728560072e-12,0.0,0.0,0.0,3.151455234027569,3.151455234027569,3.151455234027569,6.820708058181259,0.0,0.0,0.0,0.07584170714863869,0.07582365980969756,0.07582456217664461,0.20042721282668047,0.22338016588702622,0.0,0.44676033177405244,0.27454705220302916,3.1775101059113315,0.12175952306048693,0.3936789452888903,0.659925314908154,0.329962657454077,0.0,0.1792828059729073,0.17928280597328694,0.17928280598050012,5.176856539207732,0.0,0.8933143532798161,0.44665717663990806
22.59036144578313,3.618633311282008e-05,0.0,5.705379147708317e-05,6.062862170828899e-05,0.0,0.0,0.0,14.04608031117228,9.914003455486156,0.0,11.499383001344814,0.0,0.0,0.0,0.0,2.2782722790001257e-11,1.8547311632826723e-11,7.157867269057875e-12,0.0,0.0,0.0,3.1440749421317538,3.1440749421317538,3.1440749421317538,6.80595063889263,0.0,0.0,0.0,0.07676115081276345,0.07675329497955907,0.0767536877712193,0.20415963134367943,0.22614904218807128,0.0,0.45229808437614255,0.26636274370349156,3.083198779503507,0.11810821550349075,0.37741028443048663,0.6452336969071361,0.32261684845356803,0.0,0.18125851227031137,0.18125851227067832,0.18125851227765077,5.23895912709375,0.0,0.9024682186823717,0.45123410934118585
22.690763052208837,1.563135900557218e-05,0.0,2.456222439956714e-05,2.588174593258724e-05,0.0,0.0,0.0,14.0122839839392,9.810947326070105,0.0,11.530032067645056,0.0,0.0,0.0,0.0,2.16822995575366e-11,1.773254255457122e-11,6.8346435727247195e-12,0.0,0.0,0.0,3.1365962943773082,3.1365962943773082,3.1365962943773082,6.7909638673043125,0.0,0.0,0.0,0.0778046659908844,0.07780122984031436,0.07780140164784285,0.2083739443388294,0.22922037037191165,0.0,0.4584407407438233,0.258388454660516,2.9912757032712634,0.11455228368100298,0.361754080801419,0.6307774144560689,0.31538870722803447,0.0,0.18300692956302736,0.18300692956338077,0.18300692957009546,5.294179889678129,0.0,0.9107818447690393,0.45539092238451967
22.79116465863454,6.778198259161921e-06,0.0,1.0611368188565786e-05,1.1089114243999699e-05,0.0,0.0,0.0,13.97791971051118,9.710039391592298,0.0,11.554260770958106,0.0,0.0,0.0,0.0,2.0579779019122933e-11,1.6899923470678333e-11,6.510918182385936e-12,0.0,0.0,0.0,3.129138281501112,3.129138281501112,3.129138281501112,6.775971066469138,0.0,0.0,0.0,0.07897189905246652,0.07897038878152818,0.0789704642950751,0.2130870947371476,0.23259243845098673,0.0,0.46518487690197347,0.25064678164782117,2.9019550478220486,0.11110424132286183,0.34674237165469735,0.6166006742622334,0.3083003371311167,0.0,0.1845230054892148,0.18452300548955378,0.18452300549599432,5.342135681351985,0.0,0.9182144488076925,0.45910722440384627
22.89156626506024,2.95081515667113e-06,0.0,4.600883590628067e-06,4.7691791683525375e-06,0.0,0.0,0.0,13.94301201401183,9.611473578907106,0.0,11.571799913412388,0.0,0.0,0.0,0.0,1.9475215832043757e-11,1.6050341582574163e-11,6.1863284014763714e-12,0.0,0.0,0.0,3.1217539641479513,3.1217539641479513,3.1217539641479513,6.761054601725017,0.0,0.0,0.0,0.08026279003999932,0.08026212299039794,0.080262156342878,0.21831263190904948,0.23626301134476982,0.0,0.47252602268953964,0.24315568467773002,2.815431780376327,0.10777273227254068,0.3323965248721006,0.6027445660711279,0.30137228303556396,0.0,0.18579944149333566,0.1857994414936594,0.18579944149981026,5.382492836301813,0.0,0.9247294112139162,0.4623647056069581
22.991967871485944,1.2896577595664311e-06,0.0,2.0020408166854897e-06,2.0589183730786253e-06,0.0,0.0,0.0,13.907657586700452,9.515467147279482,0.0,11.58248069764501,0.0,0.0,0.0,0.0,1.836867667209296e-11,1.518483459460456e-11,5.860507208202972e-12,0.0,0.0,0.0,3.1144694108953734,3.1144694108953734,3.1144694108953734,6.746241005193355,0.0,0.0,0.0,0.08167735965213706,0.08167706361382811,0.08167707841574355,0.22406281269315953,0.2402292384973832,0.0,0.4804584769947664,0.23593030299266815,2.73188562220579,0.10456423356039858,0.31873032980526,0.589247002544863,0.2946235012724315,0.0,0.18682888857634475,0.18682888857665247,0.1868288885824991,5.414984919906794,0.0,0.9302945204373821,0.46514726021869107
23.092369477911646,5.65772556641076e-07,0.0,8.741744391315354e-07,8.921209237225566e-07,0.0,0.0,0.0,13.872007537231196,9.422248082165051,0.0,11.58622334187921,0.0,0.0,0.0,0.0,1.7260237886464296e-11,1.4304579402625682e-11,5.533082520832718e-12,0.0,0.0,0.0,3.1073031313723796,3.1073031313723796,3.1073031313723796,6.731543846551259,0.0,0.0,0.0,0.08321567029696256,0.08321553831200146,0.08321554491124952,0.23034957114098698,0.24448755711336773,0.0,0.48897511422673545,0.22898359627567094,2.651478055631549,0.10148388788851946,0.3057518555117293,0.5761427015264475,0.28807135076322377,0.0,0.18760511335184443,0.18760511335213542,0.1876051133576644,5.439414905156523,0.0,0.9348821842260242,0.4674410921130121
23.19277108433735,2.4925904059251125e-07,0.0,3.8319987189441353e-07,3.881627815801444e-07,0.0,0.0,0.0,13.836244323031883,9.332039833813088,0.0,11.583020032536766,0.0,0.0,0.0,0.0,1.6149984805712223e-11,1.3410880286511826e-11,5.2036772625407975e-12,0.0,0.0,0.0,3.1002742699771266,3.1002742699771266,3.1002742699771266,6.716982186961744,0.0,0.0,0.0,0.08487778868619171,0.08487772954864849,0.08487773250552565,0.23718480467732014,0.2490335924916613,0.0,0.4980671849833226,0.22232652139869602,2.574348868765147,0.09853587153730387,0.29346447708334056,0.5634632080026446,0.2817316040013223,0.0,0.1881235326178467,0.18812353261812031,0.18812353262331938,5.4556519315877186,0.0,0.9384696069952263,0.46923480349761315
23.29317269076305,1.1025484784395291e-07,0.0,1.6859826812182415e-07,1.6955676201534201e-07,0.0,0.0,0.0,13.800562962663106,9.245049894646918,0.0,11.572920342099941,0.0,0.0,0.0,0.0,1.503801161148132e-11,1.250515589887613e-11,4.871909913357873e-12,0.0,0.0,0.0,3.0934051130303346,3.0934051130303346,3.0934051130303346,6.70258660229247,0.0,0.0,0.0,0.08666372344427085,0.08666369682302595,0.0866636981540882,0.2445802855586245,0.2538620565185424,0.0,0.5077241130370848,0.2159680815623715,2.50061422786965,0.09572354754619891,0.28186749702949576,0.5512369527866747,0.27561847639333736,0.0,0.18838140483732138,0.1883814048375771,0.18838140484243537,5.4636270639407805,0.0,0.9410389341592309,0.47051946707961545
23.393574297188756,4.905667648647763e-08,0.0,7.459335282422251e-08,7.449933971167016e-08,0.0,0.0,0.0,13.765158406086677,9.161463193305595,0.0,11.556020932239408,0.0,0.0,0.0,0.0,1.3924421224258332e-11,1.158892480218464e-11,4.537395416565129e-12,0.0,0.0,0.0,3.0867211115525848,3.0867211115525848,3.0867211115525848,6.688399687454718,0.0,0.0,0.0,0.08857334747593552,0.08857333541439699,0.08857333601747391,0.2525473830305053,0.25896664660203006,0.0,0.5179332932040601,0.20991538245619717,2.430366449891217,0.09304953680172243,0.27095662320029024,0.5394893436150688,0.2697446718075344,0.0,0.18837785415782057,0.18837785415805783,0.18837785416256592,5.463329581897688,0.0,0.942577363165486,0.471288681582743
23.49397590361446,2.1905503855302948e-08,0.0,3.311089099680678e-08,3.2850030887648226e-08,0.0,0.0,0.0,13.730217888851953,9.081439225556096,0.0,11.532458793060542,0.0,0.0,0.0,0.0,1.2809325015802932e-11,1.0663789624119794e-11,4.199746397621801e-12,0.0,0.0,0.0,3.0802500892572726,3.0802500892572726,3.0802500892572726,6.674474647181338,0.0,0.0,0.0,0.0906063157593991,0.09060631027215976,0.09060631054652173,0.2610966952276481,0.26433994541918476,0.0,0.5286798908383695,0.2041737327459585,2.3636750323086377,0.09051576961108065,0.26072442509159255,0.5282428848433214,0.2641214424216607,0.0,0.18811382449668798,0.1881138244969064,0.18811382450105632,5.454803995533098,0.0,0.943077224304394,0.471538612152197
23.59437751004016,9.864616240985412e-09,0.0,1.4817894110350925e-08,1.4608012729401048e-08,0.0,0.0,0.0,13.695916676267078,9.0051115303769,0.0,11.502407093912606,0.0,0.0,0.0,0.0,1.1692842357559201e-11,9.731420276408874e-12,3.858574683268163e-12,0.0,0.0,0.0,3.0740213356054853,3.0740213356054853,3.0740213356054853,6.660873501169363,0.0,0.0,0.0,0.09276198109772846,0.0927619785790934,0.09276197870502514,0.2702376205626203,0.2699733144123817,0.0,0.5399466288247634,0.19874677647001757,2.3005883483994443,0.088123535842153,0.25116078608078723,0.5175172999450222,0.2587586499725111,0.0,0.18759201726279928,0.1875920172629985,0.18759201726678387,5.4381478663661005,0.0,0.9425360712176286,0.4712680356088143
23.694779116465863,4.394884611079198e-09,0.0,6.558736558240432e-09,6.426815447755776e-09,0.0,0.0,0.0,13.662416344637405,8.932589372604554,0.0,11.466071482625948,0.0,0.0,0.0,0.0,1.0575099744149459e-11,8.793535008039591e-12,3.51349333138065e-12,0.0,0.0,0.0,3.0680648985887196,3.0680648985887196,3.0680648985887196,6.647665484086446,0.0,0.0,0.0,0.09503933514076113,0.0950393339966418,0.09503933405384776,0.2799779929020035,0.27585683966513597,0.0,0.5517136793302719,0.19363670362008722,2.2411363346678392,0.08587356514388976,0.24225345272427318,0.5073297686856836,0.2536648843428418,0.0,0.1868167745252013,0.1868167745253811,0.1868167745287972,5.4135084697111235,0.0,0.9409565519726608,0.4704782759863304
23.795180722891565,1.942073159899359e-09,0.0,2.8786433625441474e-09,2.8045892840231267e-09,0.0,0.0,0.0,13.629863566037525,8.86395905373656,0.0,11.423688233415183,0.0,0.0,0.0,0.0,9.456230118860649e-12,7.851882710222098e-12,3.1641188054178946e-12,0.0,0.0,0.0,3.0624110976220353,3.0624110976220353,3.0624110976220353,6.634925888003654,0.0,0.0,0.0,0.09743692722036948,0.09743692670472694,0.09743692673050906,0.2903235919435381,0.2819792190170402,0.0,0.5639584380340804,0.18884440871540176,2.1853325186455614,0.08376608714013017,0.23398847019991292,0.497695047613266,0.248847523806633,0.0,0.18579402891996594,0.18579402892012614,0.1857940289231698,5.381081327995615,0.0,0.9383465143423572,0.4691732571711786
23.895582329317268,8.29369483421853e-10,0.0,1.2207007066622148e-09,1.182862085827856e-09,0.0,0.0,0.0,13.59838974152567,8.79928602889049,0.0,11.375521855135773,0.0,0.0,0.0,0.0,8.336371958920167e-12,6.908223878289072e-12,2.810073715385395e-12,0.0,0.0,0.0,3.0570900515926676,3.0570900515926676,3.0570900515926676,6.6227347316861955,0.0,0.0,0.0,0.09995279759735733,0.09995279737272232,0.09995279738395407,0.3012776920027665,0.2883276955246692,0.0,0.5766553910493384,0.18436968280325491,2.13317645226097,0.08180090546337512,0.22635064783147818,0.4886256676592043,0.24431283382960214,0.0,0.1845312044586198,0.18453120445876034,0.18453120446143012,5.3411074765754485,0.0,0.9347189412821445,0.46735947064107225
23.99598393574297,5.089064166095561e-10,0.0,7.435911004441683e-10,7.168739735265441e-10,0.0,0.0,0.0,13.568111134947664,8.738617009566557,0.0,11.32186351770079,0.0,0.0,0.0,0.0,7.215668326934248e-12,5.964311964932643e-12,2.4509898826642773e-12,0.0,0.0,0.0,3.0521316661965248,3.0521316661965248,3.0521316661965248,6.61117633235522,0.0,0.0,0.0,0.1025844128718604,0.10258441273123388,0.1025844127382652,0.31284058299284845,0.29488797346920864,0.0,0.5897759469384173,0.18021139297377323,2.0846558750128397,0.07997747286645394,0.2193239880592881,0.48013209473589397,0.24006604736794698,0.0,0.18303715929319528,0.18303715929331613,0.18303715929561218,5.293871429137548,0.0,0.9300919583172653,0.46504597915863266
24.096385542168676,3.622505638691234e-10,0.0,5.253447772532811e-10,5.040562528044871e-10,0.0,0.0,0.0,13.539129505681734,8.681982807760917,0.0,11.26302791697437,0.0,0.0,0.0,0.0,6.094265820983018e-12,5.0218739606121135e-12,2.086512046747055e-12,0.0,0.0,0.0,3.047564674489595,3.047564674489595,3.047564674489595,6.600336594292549,0.0,0.0,0.0,0.10532860140490424,0.10532860130277279,0.10532860130787935,0.32500911729594073,0.30164421977394046,0.0,0.6032884395478809,0.17636768220851987,2.039749376746005,0.07829496144338906,0.21289209964935746,0.47222301109766857,0.23611150554883428,0.0,0.18132199369707386,0.1813219936971751,0.18132199369909924,5.239696665885066,0.0,0.9244885493468319,0.46224427467341594
24.196787148594378,1.1063128461629544e-10,0.0,1.5920801466873108e-10,1.520790454756803e-10,0.0,0.0,0.0,13.511532321010888,8.629400211778117,0.0,11.19935115256931,0.0,0.0,0.0,0.0,4.972313513358043e-12,4.082592605401794e-12,1.7163017065059193e-12,0.0,0.0,0.0,3.0434172021723422,3.0434172021723422,3.0434172021723422,6.590303596396242,0.0,0.0,0.0,0.10818151319694591,0.10818151316512306,0.1081815131667142,0.33777628758537426,0.30857901606986976,0.0,0.6171580321397395,0.17283614429669794,1.99842829681879,0.0767523467955352,0.20703859383106948,0.46490548811815297,0.23245274405907648,0.0,0.17939700228634814,0.17939700228643002,0.1793970022879855,5.178942925977934,0.0,0.9179364797352166,0.4589682398676083
24.29718875502008,5.2976486937360206e-11,0.0,7.563862906695947e-11,7.19553707577964e-11,0.0,0.0,0.0,13.485394948301565,8.58087504732401,0.0,11.131189731101328,0.0,0.0,0.0,0.0,3.849961917224256e-12,3.148089160186697e-12,1.3400414123159348e-12,0.0,0.0,0.0,3.039716562351014,3.039716562351014,3.039716562351014,6.58116639995965,0.0,0.0,0.0,0.11113856509261029,0.11113856507706447,0.11113856507784177,0.3511307658751414,0.31567334267184144,0.0,0.6313466853436829,0.1696139862473716,1.9606588011341062,0.07534846967438555,0.2017473953208676,0.4581851736362755,0.22909258681813774,0.0,0.17727455866046338,0.1772745586605261,0.17727455866171785,5.112003316138681,0.0,0.9104681410138089,0.45523407050690445
24.397590361445783,5.070276345988138e-11,0.0,7.181211596599496e-11,6.805793081428318e-11,0.0,0.0,0.0,13.460779362515868,8.53640293222907,0.0,11.05891622555221,0.0,0.0,0.0,0.0,2.7273621872384448e-12,2.21990732142951e-12,9.574394862770202e-13,0.0,0.0,0.0,3.036488569922058,3.036488569922058,3.036488569922058,6.573012730156752,0.0,0.0,0.0,0.11419437647942561,0.1141943764642495,0.11419437646500831,0.3650564210347779,0.3229065921002056,0.0,0.6458131842004112,0.16669814903419697,1.9264033679291492,0.07408208488183105,0.19700299908242477,0.45206649337525934,0.22603324668762967,0.0,0.17496795474781915,0.17496795474786306,0.17496795474869734,5.039299578768745,0.0,0.9021203224186921,0.45106016120934606
24.497991967871485,7.426770608298516e-12,0.0,1.0433133055628231e-11,9.853815492238423e-12,0.0,0.0,0.0,13.437736268095238,8.49597199739894,0.0,10.982917725216534,0.0,0.0,0.0,0.0,1.6046650200514885e-12,1.2994982534176127e-12,5.682348812991622e-13,0.0,0.0,0.0,3.0337579487670205,3.0337579487670205,3.0337579487670205,6.56592898292365,0.0,0.0,0.0,0.11734274885577597,0.1173427488535091,0.11734274885362245,0.37953198017949985,0.33025659997603074,0.0,0.6605131999520615,0.16408546163552015,1.8956225592598857,0.07295193018160616,0.19279075658456116,0.446552833699875,0.2232764168499375,0.0,0.1724913029057611,0.1724913029057866,0.17249130290627102,4.961278669405461,0.0,0.8929339663429648,0.4464669831714824
24.598393574297187,9.993325482253508e-12,0.0,1.3922850979053748e-11,1.3109147364702868e-11,0.0,0.0,0.0,13.41630676313739,8.459565142327948,0.0,10.903593737054802,0.0,0.0,0.0,0.0,4.820198327292402e-13,3.8820735301170156e-13,1.7220231477558604e-13,0.0,0.0,0.0,3.0315476922060256,3.0315476922060256,3.0315476922060256,6.559997938888154,0.0,0.0,0.0,0.12057661467258013,0.12057661466947049,0.12057661466962598,0.3945306103847203,0.337699698118866,0.0,0.675399396237732,0.1617727516107802,1.8682765185044121,0.07195676387953642,0.1890970584745093,0.44164671496286306,0.22082335748143153,0.0,0.16985937172694668,0.16985937172695423,0.16985937172709764,4.8784087355233465,0.0,0.8829538887947933,0.44147694439739665
24.698795180722893,6.212528494585744e-12,0.0,8.583356165124209e-12,8.059507904371775e-12,0.0,0.0,0.0,13.396521864947228,8.42716077984756,0.0,10.821352227788516,0.0,0.0,0.0,0.0,6.404260721035965e-13,5.127373065649275e-13,2.3084251420700346e-13,0.0,0.0,0.0,3.029879227937,3.029879227937,3.029879227937,6.555298216416535,0.0,0.0,0.0,0.12388802426265115,0.12388802426068105,0.12388802426077955,0.4100196458011095,0.34521079014135364,0.0,0.6904215802827073,0.159756947417668,1.8443260294743316,0.07109541678310671,0.1859095386068459,0.4373499524842902,0.2186749762421451,0.0,0.16708746521248496,0.16708746521249485,0.16708746521268242,4.791174449281075,0.0,0.8722284672288313,0.43611423361441565
24.799196787148595,2.4317250979719056e-12,0.0,3.331609505660048e-12,3.1207549009763377e-12,0.0,0.0,0.0,13.378405162371022,8.398735375487966,0.0,10.736608325069007,0.0,0.0,0.0,0.0,1.7633138408280177e-12,1.4028596424500971e-12,6.413234033884589e-13,0.0,0.0,0.0,3.028772193975788,3.028772193975788,3.028772193975788,6.551902910357434,0.0,0.0,0.0,0.12726812296016776,0.1272681229593822,0.12726812295942147,0.42596030676553914,0.3527634380501216,0.0,0.7055268761002432,0.15803517632499503,1.823733796414567,0.07036682789922805,0.1832172192465234,0.4336637969442529,0.21683189847212644,0.0,0.16419128475706835,0.16419128475709507,0.16419128475760292,4.700073385722389,0.0,0.8608093269517311,0.43040466347586553
24.899598393574298,1.3508177339430115e-12,0.0,1.835190603749624e-12,1.7154989916455802e-12,0.0,0.0,0.0,13.361973043553872,8.374264411010875,0.0,10.64978028259959,0.0,0.0,0.0,0.0,3.0722427116993176e-12,2.427969699483946e-12,1.1275007353295997e-12,0.0,0.0,0.0,3.028244189254153,3.028244189254153,3.028244189254153,6.549878194689919,0.0,0.0,0.0,0.1307071581445034,0.13070715814405906,0.1307071581440813,0.4423075841332435,0.3603300171595067,0.0,0.7206600343190134,0.1566048421650568,1.8064653496237666,0.06977007861459839,0.18101064508698195,0.43058908089073994,0.21529454044536997,0.0,0.16118676172519164,0.16118676172523738,0.16118676172610635,4.605610726527695,0.0,0.8487508847868342,0.4243754423934171
25.0,1.9400585831153675e-13,0.0,2.6136785145784484e-13,2.4390190997058336e-13,0.0,0.0,0.0,13.347235942107284,8.353723721413173,0.0,10.561287225096603,0.0,0.0,0.0,0.0,5.3411987027362246e-12,4.191674180450047e-12,1.9779334633879233e-12,0.0,0.0,0.0,3.0283108057966537,3.0283108057966537,3.0283108057966537,6.549282639493265,0.0,0.0,0.0,0.13419448177133758,0.13419448177127263,0.13419448177127588,0.45901011649340245,0.36788183120751394,0.0,0.7357636624150279,0.15546369174382724,1.7924898074787536,0.06930442249462059,0.17928198982622193,0.4281263191945439,0.21406315959727196,0.0,0.1580899443985161,0.15808994439859408,0.15808994440007615,4.508295507577429,0.0,0.8361100183873419,0.41805500919367095
