time,1->1,2->1,3->1,4->1,5->1,6->1,7->1,8->1,9->1,1->2,2->2,3->2,4->2,5->2,6->2,7->2,8->2,9->2,1->3,2->3,3->3,4->3,5->3,6->3,7->3,8->3,9->3,1->4,2->4,3->4,4->4,5->4,6->4,7->4,8->4,9->4,1->5,2->5,3->5,4->5,5->5,6->5,7->5,8->5,9->5,1->6,2->6,3->6,4->6,5->6,6->6,7->6,8->6,9->6,1->7,2->7,3->7,4->7,5->7,6->7,7->7,8->7,9->7,1->8,2->8,3->8,4->8,5->8,6->8,7->8,8->8,9->8,1->9,2->9,3->9,4->9,5->9,6->9,7->9,8->9,9->9
0.0,-8.000001002095303,-7.000000000090267,-6.999999999202089,0.0,0.0,0.0,0.0,0.0,0.0,0.0,3.9999990004702113,-1.000000000139778,-1.000000000139778,0.0,0.0,0.0,0.0,0.0,-1.000000000139778,0.0,-2.000001000146412,-1.000000000139778,0.0,0.0,0.0,0.0,0.0,-1.0000000002508003,-1.0000000000287557,0.0,-2.000001000257434,0.0,0.0,0.0,0.0,0.0,0.0,0.0,0.0,0.0,-15.700000989937735,0.0,0.0,13.999999989522394,0.0,0.0,0.0,0.0,0.0,0.0,-7.700000992372225,0.0,12.000000012335477,0.0,0.0,0.0,0.0,0.0,0.0,0.0,-11.700000992931336,12.999999992047151,0.0,0.0,0.009000009000646042,0.0,0.0,0.0,0.0,0.0,0.009999999999940612,0.0,0.0,0.0,0.0,0.009000008999345,0.0,0.0,0.0,0.0,0.009999999999506931
0.10050251256281408,-7.307792539990032,-6.373715603302799,-6.373715604190977,0.0,0.0,0.0,0.0,0.0,0.0,0.0,2.909570925524463,-1.6186160971543018,-1.6186160971543018,0.0,0.0,0.0,0.0,0.0,-0.9417442334846982,0.0,-1.168656717759342,-0.9417442334846982,0.0,0.0,0.0,0.0,0.0,-0.9114516464903133,-0.911451646379291,0.0,-1.8152359944068053,0.0,0.0,0.0,0.0,0.0,0.0,0.0,0.0,0.0,-13.199266216901151,0.0,0.0,12.749975126347124,0.0,0.0,0.0,0.0,0.0,0.0,-14.177541739712751,0.0,15.239112915566011,0.0,0.0,0.0,0.0,0.0,0.0,0.0,-13.636078405987462,13.96838121969779,0.0,0.0,0.023633120106725247,0.0,0.0,0.0,0.0,0.0,0.04240641559433156,0.0,0.0,0.0,0.0,0.007483252532827084,0.0,0.0,0.0,0.0,0.007571830811653468
0.20100502512562815,-6.905819416758163,-5.7462205704794656,-5.7462205704794656,0.0,0.0,0.0,0.0,0.0,0.0,0.0,1.2989062803114848,-2.460016693461853,-2.460016693461853,0.0,0.0,0.0,0.0,0.0,-0.9533605829781244,0.0,-0.4806414866109776,-0.9533605829781244,0.0,0.0,0.0,0.0,0.0,-0.8276987510935641,-0.8276987510935641,0.0,-1.8616357650991233,0.0,0.0,0.0,0.0,0.0,0.0,0.0,0.0,0.0,-12.55434928038035,0.0,0.0,12.428827992128078,0.0,0.0,0.0,0.0,0.0,0.0,-15.864877777271857,0.0,16.08409225406504,0.0,0.0,0.0,0.0,0.0,0.0,0.0,-14.13937053729164,14.221338619835322,0.0,0.0,0.05506567844759669,0.0,0.0,0.0,0.0,0.0,0.1488723906303835,0.0,0.0,0.0,0.0,0.006175266990468553,0.0,0.0,0.0,0.0,0.005670441827459322
0.30150753768844224,-6.521796125369406,-5.030830043217804,-5.030830042329626,0.0,0.0,0.0,0.0,0.0,0.0,0.0,-0.6234561489293355,-3.4236254329300664,-3.4236254329300664,0.0,0.0,0.0,0.0,0.0,-1.036509605700786,0.0,0.1564550693444744,-1.036509605700786,0.0,0.0,0.0,0.0,0.0,-0.7396946767324053,-0.7396946767324053,0.0,-1.9338458291384697,0.0,0.0,0.0,0.0,0.0,0.0,0.0,0.0,0.0,-12.373570922097343,0.0,0.0,12.342464984715917,0.0,0.0,0.0,0.0,0.0,0.0,-16.21627976233775,0.0,16.263819395900825,0.0,0.0,0.0,0.0,0.0,0.0,0.0,-14.262706331535924,14.287032692128498,0.0,0.0,0.10948552514600252,0.0,0.0,0.0,0.0,0.0,0.4012903645211896,0.0,0.0,0.0,0.0,0.004934318052459211,0.0,0.0,0.0,0.0,0.004047226215622701
0.4020100502512563,-6.052664014433162,-4.263246093039186,-4.263246092151007,0.0,0.0,0.0,0.0,0.0,0.0,0.0,-2.4959654636447226,-4.316023211714537,-4.316023212602715,0.0,0.0,0.0,0.0,0.0,-1.2101476145609524,0.0,0.6626872552928376,-1.2101476145609524,0.0,0.0,0.0,0.0,0.0,-0.6537704226872165,-0.6537704226872165,0.0,-1.886811151430301,0.0,0.0,0.0,0.0,0.0,0.0,0.0,0.0,0.0,-12.324916185108004,0.0,0.0,12.327712849584394,0.0,0.0,0.0,0.0,0.0,0.0,-16.29133717095943,0.0,16.31092333365114,0.0,0.0,0.0,0.0,0.0,0.0,0.0,-14.296879734559953,14.313694627093865,0.0,0.0,0.18470307816542686,0.0,0.0,0.0,0.0,0.0,0.8039912372526103,0.0,0.0,0.0,0.0,0.003855853686796258,0.0,0.0,0.0,0.0,0.00279431785718022
0.5025125628140704,-5.506172594316183,-3.5237828308609664,-3.5237828308609664,0.0,0.0,0.0,0.0,0.0,0.0,0.0,-3.996493698643633,-4.9564352000430745,-4.956435200931253,0.0,0.0,0.0,0.0,0.0,-1.5021707322482314,0.0,0.8904231401096752,-1.5021707322482314,0.0,0.0,0.0,0.0,0.0,-0.5814515650071073,-0.5814515650071073,0.0,-1.6431221609991553,0.0,0.0,0.0,0.0,0.0,0.0,0.0,0.0,0.0,-12.321580468654947,0.0,0.0,12.343852815233092,0.0,0.0,0.0,0.0,0.0,0.0,-16.321200535796,0.0,16.34366286185074,0.0,0.0,0.0,0.0,0.0,0.0,0.0,-14.318177391947629,14.342151276214299,0.0,0.0,0.2698304648607319,0.0,0.0,0.0,0.0,0.0,1.2176102573424608,0.0,0.0,0.0,0.0,0.0030507004644903316,0.0,0.0,0.0,0.0,0.0019658058858030084
0.6030150753768845,-4.94791482097412,-2.8717571387559815,-2.8717571387559815,0.0,0.0,0.0,0.0,0.0,0.0,0.0,-5.000332311544398,-5.263813481981572,-5.263813482647706,0.0,0.0,0.0,0.0,0.0,-1.9405860616217296,0.0,0.7149514544835256,-1.9405860616217296,0.0,0.0,0.0,0.0,0.0,-0.5321182844908456,-0.5321182844908456,0.0,-1.1998081894115664,0.0,0.0,0.0,0.0,0.0,0.0,0.0,0.0,0.0,-12.343584006979658,0.0,0.0,12.38162421984823,0.0,0.0,0.0,0.0,0.0,0.0,-16.356325941990768,0.0,16.387995200428662,0.0,0.0,0.0,0.0,0.0,0.0,0.0,-14.349640303668032,14.384652367471773,0.0,0.0,0.34883939892260685,0.0,0.0,0.0,0.0,0.0,1.458483352534401,0.0,0.0,0.0,0.0,0.002555427205724794,0.0,0.0,0.0,0.0,0.0015066922229712947
0.7035175879396985,-4.438175944976308,-2.3259434236422294,-2.3259434236422294,0.0,0.0,0.0,0.0,0.0,0.0,0.0,-5.547635451019772,-5.249724587041982,-5.249724586375848,0.0,0.0,0.0,0.0,0.0,-2.53656351212328,0.0,0.08930678774277112,-2.53656351212328,0.0,0.0,0.0,0.0,0.0,-0.511621765841852,-0.511621765841852,0.0,-0.5989125409083806,0.0,0.0,0.0,0.0,0.0,0.0,0.0,0.0,0.0,-12.387211317799185,0.0,0.0,12.43692549102171,0.0,0.0,0.0,0.0,0.0,0.0,-16.407749028668484,0.0,16.4471942789568,0.0,0.0,0.0,0.0,0.0,0.0,0.0,-14.398355279165997,14.44249747450943,0.0,0.0,0.40234882936474037,0.0,0.0,0.0,0.0,0.0,1.4468035292036774,0.0,0.0,0.0,0.0,0.0023626878392114803,0.0,0.0,0.0,0.0,0.0013392049218164358
0.8040201005025126,-3.995470055695449,-1.8802756414082467,-1.8802756414082467,0.0,0.0,0.0,0.0,0.0,0.0,0.0,-5.7342197408161155,-4.974191385453963,-4.974191385009874,0.0,0.0,0.0,0.0,0.0,-3.260726388454316,0.0,-0.926839002879376,-3.260726388454316,0.0,0.0,0.0,0.0,0.0,-0.5251095823166629,-0.5251095823166629,0.0,0.09531280908969819,0.0,0.0,0.0,0.0,0.0,0.0,0.0,0.0,0.0,-12.448608845971876,0.0,0.0,12.503023406051916,0.0,0.0,0.0,0.0,0.0,0.0,-16.473527351901218,0.0,16.51548267223024,0.0,0.0,0.0,0.0,0.0,0.0,0.0,-14.462524715264102,14.509981339894118,0.0,0.0,0.41377443560364213,0.0,0.0,0.0,0.0,0.0,1.2307432795122253,0.0,0.0,0.0,0.0,0.002489246529117483,0.0,0.0,0.0,0.0,0.0014479375473673388
0.9045226130653267,-3.595872481998441,-1.5226311531613135,-1.5226311531613135,0.0,0.0,0.0,0.0,0.0,0.0,0.0,-5.650787811894986,-4.519638920896796,-4.519638920008617,0.0,0.0,0.0,0.0,0.0,-4.030970255364252,0.0,-2.165111379959228,-4.030970256252431,0.0,0.0,0.0,0.0,0.0,-0.5805387146562424,-0.5805387146562424,0.0,0.7966514975477068,0.0,0.0,0.0,0.0,0.0,0.0,0.0,0.0,0.0,-12.519195735083422,0.0,0.0,12.570262251876407,0.0,0.0,0.0,0.0,0.0,0.0,-16.544694252385028,0.0,16.583011523740865,0.0,0.0,0.0,0.0,0.0,0.0,0.0,-14.53364164005766,14.577485203504104,0.0,0.0,0.38075971986462065,0.0,0.0,0.0,0.0,0.0,0.9232327875530189,0.0,0.0,0.0,0.0,0.003043005060822737,0.0,0.0,0.0,0.0,0.0019565617586378772
1.0050251256281408,-3.195662035881952,-1.2427410363002878,-1.2427410363002878,0.0,0.0,0.0,0.0,0.0,0.0,0.0,-5.377745528001299,-3.9760100047914193,-3.9760100047914193,0.0,0.0,0.0,0.0,0.0,-4.734168959075191,0.0,-3.402635518234831,-4.73416895996337,0.0,0.0,0.0,0.0,0.0,-0.6915555630371273,-0.6915555630371273,0.0,1.398136833641317,0.0,0.0,0.0,0.0,0.0,0.0,0.0,0.0,0.0,-12.587638795968914,0.0,0.0,12.629537505026711,0.0,0.0,0.0,0.0,0.0,0.0,-16.6102957248615,0.0,16.640865960315665,0.0,0.0,0.0,0.0,0.0,0.0,0.0,-14.600627480931827,14.63603185025697,0.0,0.0,0.3184356525687271,0.0,0.0,0.0,0.0,0.0,0.6285537263450713,0.0,0.0,0.0,0.0,0.004319213471040348,0.0,0.0,0.0,0.0,0.0033073582323371598
1.105527638190955,-2.7571791920699695,-1.032014715018903,-1.032014715018903,0.0,0.0,0.0,0.0,0.0,0.0,0.0,-4.994105132993809,-3.4213769586344256,-3.4213769586344256,0.0,0.0,0.0,0.0,0.0,-5.27177180487115,0.0,-4.455137736947279,-5.271771805759329,0.0,0.0,0.0,0.0,0.0,-0.8795784118831307,-0.8795784118831307,0.0,1.7874505036097332,0.0,0.0,0.0,0.0,0.0,0.0,0.0,0.0,0.0,-12.644953579332707,0.0,0.0,12.67578605829156,0.0,0.0,0.0,0.0,0.0,0.0,-16.662837518333085,0.0,16.684727981830516,0.0,0.0,0.0,0.0,0.0,0.0,0.0,-14.655320894729762,14.680969715241687,0.0,0.0,0.2481469153492455,0.0,0.0,0.0,0.0,0.0,0.40050023797366663,0.0,0.0,0.0,0.0,0.0069904974014239896,0.0,0.0,0.0,0.0,0.0068049303566207475
1.206030150753769,-2.2589653694282674,-0.8821480106391277,-0.8821480106391277,0.0,0.0,0.0,0.0,0.0,0.0,0.0,-4.574309448557301,-2.9057319972380924,-2.905731996349914,0.0,0.0,0.0,0.0,0.0,-5.588936351719198,0.0,-5.233929817549665,-5.588936351053064,0.0,0.0,0.0,0.0,0.0,-1.173908103613286,-1.173908103613286,0.0,1.8643027859255312,0.0,0.0,0.0,0.0,0.0,0.0,0.0,0.0,0.0,-12.687643967168594,0.0,0.0,12.708582157405779,0.0,0.0,0.0,0.0,0.0,0.0,-16.70050089835895,0.0,16.715010636325633,0.0,0.0,0.0,0.0,0.0,0.0,0.0,-14.695174184620186,14.712347265355419,0.0,0.0,0.1847866218929184,0.0,0.0,0.0,0.0,0.0,0.24533904308121635,0.0,0.0,0.0,0.0,0.012465082009117945,0.0,0.0,0.0,0.0,0.016177160767211207
1.306532663316583,-1.6913094416093344,-0.7857548622869359,-0.785754863064092,0.0,0.0,0.0,0.0,0.0,0.0,0.0,-4.175709330311861,-2.449597748643839,-2.4495977477556607,0.0,0.0,0.0,0.0,0.0,-5.670200968477257,0.0,-5.732469663344286,-5.670200967811123,0.0,0.0,0.0,0.0,0.0,-1.6063118639664253,-1.6063118639664253,0.0,1.552022662387742,0.0,0.0,0.0,0.0,0.0,0.0,0.0,0.0,0.0,-12.716840370685656,0.0,0.0,12.730296980539846,0.0,0.0,0.0,0.0,0.0,0.0,-16.72546721345758,0.0,16.734610415292117,0.0,0.0,0.0,0.0,0.0,0.0,0.0,-14.721938398881695,14.732845993903343,0.0,0.0,0.13388768892175218,0.0,0.0,0.0,0.0,0.0,0.14698882638830568,0.0,0.0,0.0,0.0,0.023402139363512542,0.0,0.0,0.0,0.0,0.041446665899683155
1.407035175879397,-1.054583158438538,-0.7382697694013896,-0.7382697694013896,0.0,0.0,0.0,0.0,0.0,0.0,0.0,-3.82764360651322,-2.054534840034705,-2.054534840034705,0.0,0.0,0.0,0.0,0.0,-5.523507780935688,0.0,-5.98035147714171,-5.523507781379777,0.0,0.0,0.0,0.0,0.0,-2.1950651438729096,-2.1950651456492665,0.0,0.8170641017102298,0.0,0.0,0.0,0.0,0.0,0.0,0.0,0.0,0.0,-12.735686276896253,0.0,0.0,12.744018514074252,0.0,0.0,0.0,0.0,0.0,0.0,-16.741199282327425,0.0,16.74677494803434,0.0,0.0,0.0,0.0,0.0,0.0,0.0,-14.738968169017431,14.745659462939154,0.0,0.0,0.09527290380229037,0.0,0.0,0.0,0.0,0.0,0.08672424560429715,0.0,0.0,0.0,0.0,0.04400464118092806,0.0,0.0,0.0,0.0,0.10576506524057061
1.5075376884422111,-0.3706876305908935,-0.7397577880263739,-0.7397577886925077,0.0,0.0,0.0,0.0,0.0,0.0,0.0,-3.525963486072925,-1.7156822140762529,-1.7156822140762529,0.0,0.0,0.0,0.0,0.0,-5.175488840158948,0.0,-6.009845688659254,-5.175488840158948,0.0,0.0,0.0,0.0,0.0,-2.91910922101124,-2.9191092192348833,0.0,-0.2936594407643156,0.0,0.0,0.0,0.0,0.0,0.0,0.0,0.0,0.0,-12.74738987382118,0.0,0.0,12.752413878172609,0.0,0.0,0.0,0.0,0.0,0.0,-16.75079330420992,0.0,16.754115606761044,0.0,0.0,0.0,0.0,0.0,0.0,0.0,-14.749427827837058,14.753432854432148,0.0,0.0,0.066887167769758,0.0,0.0,0.0,0.0,0.0,0.05050222902369672,0.0,0.0,0.0,0.0,0.07915399365121534,0.0,0.0,0.0,0.0,0.2487430952047287
1.6080402010050252,0.3009633902095743,-0.7962925997473391,-0.7962925997473391,0.0,0.0,0.0,0.0,0.0,0.0,0.0,-3.236390244243381,-1.4297831403276007,-1.4297831403276007,0.0,0.0,0.0,0.0,0.0,-4.676667268554979,0.0,-5.849783833333788,-4.676667269443158,0.0,0.0,0.0,0.0,0.0,-3.7001556929538992,-3.7001556929538992,0.0,-1.6263881255085266,0.0,0.0,0.0,0.0,0.0,0.0,0.0,0.0,0.0,-12.754459609548574,0.0,0.0,12.757432236082389,0.0,0.0,0.0,0.0,0.0,0.0,-16.75650870186507,0.0,16.758456772965335,0.0,0.0,0.0,0.0,0.0,0.0,0.0,-14.755692272987176,14.758048570609473,0.0,0.0,0.046634501420228514,0.0,0.0,0.0,0.0,0.0,0.02922876833968968,0.0,0.0,0.0,0.0,0.13196401180137762,0.0,0.0,0.0,0.0,0.506593946320022
1.7085427135678393,0.8628164682722428,-0.9210308842266812,-0.9210308842266812,0.0,0.0,0.0,0.0,0.0,0.0,0.0,-2.911863606680498,-1.1967750697117197,-1.1967750697117197,0.0,0.0,0.0,0.0,0.0,-4.098345693037686,0.0,-5.537690046075738,-4.0983456939258645,0.0,0.0,0.0,0.0,0.0,-4.419966774804607,-4.419966773916428,0.0,-2.9577405022962466,0.0,0.0,0.0,0.0,0.0,0.0,0.0,0.0,0.0,-12.75864362971363,0.0,0.0,12.760388743902201,0.0,0.0,0.0,0.0,0.0,0.0,-16.75985753316414,0.0,16.76099570901632,0.0,0.0,0.0,0.0,0.0,0.0,0.0,-14.75937630929236,14.760755082939697,0.0,0.0,0.032747527540372134,0.0,0.0,0.0,0.0,0.0,0.01714105708240654,0.0,0.0,0.0,0.0,0.20161231517601408,0.0,0.0,0.0,0.0,0.8634894064774024
1.8090452261306533,1.2013547827649518,-1.1345595405387598,-1.1345595414269383,0.0,0.0,0.0,0.0,0.0,0.0,0.0,-2.516052302059535,-1.0171316302542976,-1.0171316302542976,0.0,0.0,0.0,0.0,0.0,-3.512393504045974,0.0,-5.128742091464744,-3.5123935049341526,0.0,0.0,0.0,0.0,0.0,-4.969394536757932,-4.969394536757932,0.0,-4.090481247054356,0.0,0.0,0.0,0.0,0.0,0.0,0.0,0.0,0.0,-12.761094331740358,0.0,0.0,12.762131134139501,0.0,0.0,0.0,0.0,0.0,0.0,-16.761811521350673,0.0,16.76248974233699,0.0,0.0,0.0,0.0,0.0,0.0,0.0,-14.761527801290809,14.762347868166326,0.0,0.0,0.023686270899520023,0.0,0.0,0.0,0.0,0.0,0.010522803971929617,0.0,0.0,0.0,0.0,0.2832143436437562,0.0,0.0,0.0,0.0,1.2271861203339007
1.9095477386934674,1.2161506268704159,-1.4626099988923613,-1.4626099988923613,0.0,0.0,0.0,0.0,0.0,0.0,0.0,-2.0342324575928217,-0.8895735883474032,-0.8895735883474032,0.0,0.0,0.0,0.0,0.0,-2.9690547869165584,0.0,-4.686750067151024,-2.969054787804737,0.0,0.0,0.0,0.0,0.0,-5.286029493678512,-5.286029494344646,0.0,-4.924243576009957,0.0,0.0,0.0,0.0,0.0,0.0,0.0,0.0,0.0,-12.762541431307271,0.0,0.0,12.763184218575129,0.0,0.0,0.0,0.0,0.0,0.0,-16.762973536546543,0.0,16.763400261915127,0.0,0.0,0.0,0.0,0.0,0.0,0.0,-14.762802093142534,14.763314552297507,0.0,0.0,0.018133475944773214,0.0,0.0,0.0,0.0,0.0,0.007039562031387059,0.0,0.0,0.0,0.0,0.36760815758096754,0.0,0.0,0.0,0.0,1.4770280601927865
2.0100502512562817,0.8426447335452281,-1.9274963376503251,-1.9274963376503251,0.0,0.0,0.0,0.0,0.0,0.0,0.0,-1.4692819918504796,-0.8116932376234232,-0.8116932376234232,0.0,0.0,0.0,0.0,0.0,-2.4906683533387763,0.0,-4.264060208036824,-2.4906683533387763,0.0,0.0,0.0,0.0,0.0,-5.3552261629619125,-5.355226163517024,0.0,-5.449642902721763,0.0,0.0,0.0,0.0,0.0,0.0,0.0,0.0,0.0,-12.76342760317059,0.0,0.0,12.763860737044844,0.0,0.0,0.0,0.0,0.0,0.0,-16.763702112858674,0.0,16.763998005281216,0.0,0.0,0.0,0.0,0.0,0.0,0.0,-14.763592080219157,14.763942974820727,0.0,0.0,0.015106595330563466,0.0,0.0,0.0,0.0,0.0,0.005347807710553987,0.0,0.0,0.0,0.0,0.43972670460412644,0.0,0.0,0.0,0.0,1.5357957109385367
2.1105527638190957,0.07604859764143157,-2.5305699189459574,-2.5305699189459574,0.0,0.0,0.0,0.0,0.0,0.0,0.0,-0.8393504921863637,-0.7824192418959264,-0.7824192418959264,0.0,0.0,0.0,0.0,0.0,-2.0803913258760076,0.0,-3.8854732533621927,-2.0803913258760076,0.0,0.0,0.0,0.0,0.0,-5.194119683693543,-5.194119682805365,0.0,-5.701229526700047,0.0,0.0,0.0,0.0,0.0,0.0,0.0,0.0,0.0,-12.764011344499304,0.0,0.0,12.764344225545816,0.0,0.0,0.0,0.0,0.0,0.0,-16.76420369980773,0.0,16.764440416592794,0.0,0.0,0.0,0.0,0.0,0.0,0.0,-14.764125157060507,14.764401131077584,0.0,0.0,0.01404363443938128,0.0,0.0,0.0,0.0,0.0,0.004789813096931633,0.0,0.0,0.0,0.0,0.48014632536563795,0.0,0.0,0.0,0.0,1.4013152788150407
2.21105527638191,-1.001958332302877,-3.231559045246968,-3.2315590443587894,0.0,0.0,0.0,0.0,0.0,0.0,0.0,-0.18610796514995087,-0.8044929203920859,-0.8044929203920859,0.0,0.0,0.0,0.0,0.0,-1.7343463190044872,0.0,-3.5430274882841672,-1.7343463190044872,0.0,0.0,0.0,0.0,0.0,-4.842774806945727,-4.842774806057548,0.0,-5.721602578390161,0.0,0.0,0.0,0.0,0.0,0.0,0.0,0.0,0.0,-12.764442180402716,0.0,0.0,12.764748436451882,0.0,0.0,0.0,0.0,0.0,0.0,-16.76459904027296,0.0,16.7648268571065,0.0,0.0,0.0,0.0,0.0,0.0,0.0,-14.764533364238202,14.764794031174155,0.0,0.0,0.014854542418167582,0.0,0.0,0.0,0.0,0.0,0.00520674944826105,0.0,0.0,0.0,0.0,0.47448484141732195,0.0,0.0,0.0,0.0,1.1357502029962774
2.311557788944724,-2.223178499072276,-3.9439148098452392,-3.943914808957061,0.0,0.0,0.0,0.0,0.0,0.0,0.0,0.4167624809703341,-0.8862731231129573,-0.8862731240011357,0.0,0.0,0.0,0.0,0.0,-1.4490747570761187,0.0,-3.203680836616485,-1.4490747570761187,0.0,0.0,0.0,0.0,0.0,-4.3616155158687775,-4.3616155158687775,0.0,-5.553419964776651,0.0,0.0,0.0,0.0,0.0,0.0,0.0,0.0,0.0,-12.764812379696679,0.0,0.0,12.76516189921157,0.0,0.0,0.0,0.0,0.0,0.0,-16.764969092680076,0.0,16.765240269097337,0.0,0.0,0.0,0.0,0.0,0.0,0.0,-14.764901687403139,14.765206552316835,0.0,0.0,0.01803886256947912,0.0,0.0,0.0,0.0,0.0,0.006961498577248704,0.0,0.0,0.0,0.0,0.42482555495659824,0.0,0.0,0.0,0.0,0.8297402104284757
2.412060301507538,-3.3879248482193702,-4.561178719164616,-4.561178720940973,0.0,0.0,0.0,0.0,0.0,0.0,0.0,0.8702824176864965,-1.0427584480332541,-1.0427584489214325,0.0,0.0,0.0,0.0,0.0,-1.2228079577791817,0.0,-2.828187362524659,-1.2228079577791817,0.0,0.0,0.0,0.0,0.0,-3.8213917283869137,-3.8213917274987352,0.0,-5.24672162516282,0.0,0.0,0.0,0.0,0.0,0.0,0.0,0.0,0.0,-12.7651930397878,0.0,0.0,12.765692341461591,0.0,0.0,0.0,0.0,0.0,0.0,-16.76539071940753,0.0,16.765791112425752,0.0,0.0,0.0,0.0,0.0,0.0,0.0,-14.765303682700432,14.765747665721786,0.0,0.0,0.024993499183473267,0.0,0.0,0.0,0.0,0.0,0.011338383759662563,0.0,0.0,0.0,0.0,0.34948677407609097,0.0,0.0,0.0,0.0,0.5580391614357083
2.512562814070352,-4.344227085617547,-4.997743296986101,-4.997743296986101,0.0,0.0,0.0,0.0,0.0,0.0,0.0,1.0720369636452176,-1.295050703120637,-1.295050703120637,0.0,0.0,0.0,0.0,0.0,-1.053688787999718,0.0,-2.389293715987506,-1.053688787999718,0.0,0.0,0.0,0.0,0.0,-3.284171843809247,-3.2841718429210687,0.0,-4.861138683587285,0.0,0.0,0.0,0.0,0.0,0.0,0.0,0.0,0.0,-12.76566743211964,0.0,0.0,12.766538005042419,0.0,0.0,0.0,0.0,0.0,0.0,-16.765979859655403,0.0,16.766694232206103,0.0,0.0,0.0,0.0,0.0,0.0,0.0,-14.765839957046543,14.76662426675747,0.0,0.0,0.03861200505855811,0.0,0.0,0.0,0.0,0.0,0.021720024733634657,0.0,0.0,0.0,0.0,0.27007682745772144,0.0,0.0,0.0,0.0,0.35422370397997227
2.613065326633166,-5.025919695977876,-5.21050884083607,-5.2105088413911815,0.0,0.0,0.0,0.0,0.0,0.0,0.0,0.9399187064218495,-1.6659902977167462,-1.665990299493103,0.0,0.0,0.0,0.0,0.0,-0.9389107141766218,0.0,-1.8775202512699707,-0.9389107149537779,0.0,0.0,0.0,0.0,0.0,-2.7891889828879357,-2.7891889819997573,0.0,-4.454878108184346,0.0,0.0,0.0,0.0,0.0,0.0,0.0,0.0,0.0,-12.766387220346926,0.0,0.0,12.768144006088113,0.0,0.0,0.0,0.0,0.0,0.0,-16.766978342980938,0.0,16.768439498549004,0.0,0.0,0.0,0.0,0.0,0.0,0.0,-14.766710860522615,14.768305828982005,0.0,0.0,0.06410645502635814,0.0,0.0,0.0,0.0,0.0,0.046239955177329595,0.0,0.0,0.0,0.0,0.20037382802984283,0.0,0.0,0.0,0.0,0.21698705385264638
2.71356783919598,-5.433823538902871,-5.194491199178586,-5.194491198734497,0.0,0.0,0.0,0.0,0.0,0.0,0.0,0.43360608614761986,-2.168836261695617,-2.168836261695617,0.0,0.0,0.0,0.0,0.0,-0.8760038794353164,0.0,-1.299216465577846,-0.8760038794353164,0.0,0.0,0.0,0.0,0.0,-2.3527165096126623,-2.3527165096126623,0.0,-4.06876147884816,0.0,0.0,0.0,0.0,0.0,0.0,0.0,0.0,0.0,-12.767719145538592,0.0,0.0,12.771547229485648,0.0,0.0,0.0,0.0,0.0,0.0,-16.768968675626162,0.0,16.772171925659443,0.0,0.0,0.0,0.0,0.0,0.0,0.0,-14.76840023813264,14.771887778583515,0.0,0.0,0.10941767855654483,0.0,0.0,0.0,0.0,0.0,0.10201882033600285,0.0,0.0,0.0,0.0,0.1450276725517563,0.0,0.0,0.0,0.0,0.13022932808526289
2.814070351758794,-5.597987503769275,-4.971860468661049,-4.97186046821696,0.0,0.0,0.0,0.0,0.0,0.0,0.0,-0.4207500348130111,-2.789192511620797,-2.789192511620797,0.0,0.0,0.0,0.0,0.0,-0.8650730555781472,0.0,-0.6792985382531036,-0.8650730555781472,0.0,0.0,0.0,0.0,0.0,-1.9772909594095722,-1.9772909594095722,0.0,-3.7156358980716675,0.0,0.0,0.0,0.0,0.0,0.0,0.0,0.0,0.0,-12.770645278784022,0.0,0.0,12.779027465090188,0.0,0.0,0.0,0.0,0.0,0.0,-16.773381544973876,0.0,16.780395588902874,0.0,0.0,0.0,0.0,0.0,0.0,0.0,-14.772134934296078,14.77977229565053,0.0,0.0,0.18377213337195109,0.0,0.0,0.0,0.0,0.0,0.21698787744384163,0.0,0.0,0.0,0.0,0.103486730615443,0.0,0.0,0.0,0.0,0.07730574003161905
2.9145728643216082,-5.555249982691635,-4.586990885790954,-4.586990885790954,0.0,0.0,0.0,0.0,0.0,0.0,0.0,-1.512962350069813,-3.4704964670950744,-3.470496466206896,0.0,0.0,0.0,0.0,0.0,-0.9107707433786416,0.0,-0.06973104749175008,-0.9107707426014855,0.0,0.0,0.0,0.0,0.0,-1.661197675861814,-1.661197675861814,0.0,-3.3798837044685115,0.0,0.0,0.0,0.0,0.0,0.0,0.0,0.0,0.0,-12.777635597482906,0.0,0.0,12.794972639840196,0.0,0.0,0.0,0.0,0.0,0.0,-16.78343621908107,0.0,16.797872964102734,0.0,0.0,0.0,0.0,0.0,0.0,0.0,-14.780797510688393,14.796553595680662,0.0,0.0,0.2935126088843276,0.0,0.0,0.0,0.0,0.0,0.41799859290536645,0.0,0.0,0.0,0.0,0.07348741593721231,0.0,0.0,0.0,0.0,0.04584204090635202
3.0150753768844223,-5.34734996637809,-4.1014349880796885,-4.10143498719151,0.0,0.0,0.0,0.0,0.0,0.0,0.0,-2.6685425886796565,-4.120901042625746,-4.120901043513925,0.0,0.0,0.0,0.0,0.0,-1.0235779466238881,0.0,0.44824656342257185,-1.0235779466238881,0.0,0.0,0.0,0.0,0.0,-1.4031615545029297,-1.4031615545029297,0.0,-3.0286601395701496,0.0,0.0,0.0,0.0,0.0,0.0,0.0,0.0,0.0,-12.793839749114522,0.0,0.0,12.826323397774342,0.0,0.0,0.0,0.0,0.0,0.0,-16.8051674563352,0.0,16.8319871822753,0.0,0.0,0.0,0.0,0.0,0.0,0.0,-14.800033845518978,14.829420448780883,0.0,0.0,0.43752393730223105,0.0,0.0,0.0,0.0,0.0,0.6998042209049871,0.0,0.0,0.0,0.0,0.052620151607535304,0.0,0.0,0.0,0.0,0.027626319530626997
3.1155778894472363,-5.0254883596778654,-3.580272313286059,-3.580272312397881,0.0,0.0,0.0,0.0,0.0,0.0,0.0,-3.712312934389672,-4.644955680532803,-4.6449556796446245,0.0,0.0,0.0,0.0,0.0,-1.2199870567108917,0.0,0.7773390562348936,-1.2199870567108917,0.0,0.0,0.0,0.0,0.0,-1.2024135165322747,-1.2024135165322747,0.0,-2.6300560258540884,0.0,0.0,0.0,0.0,0.0,0.0,0.0,0.0,0.0,-12.827541124305064,0.0,0.0,12.881611867077147,0.0,0.0,0.0,0.0,0.0,0.0,-16.84736673146503,0.0,16.891524624029763,0.0,0.0,0.0,0.0,0.0,0.0,0.0,-14.838429943209164,14.887056275725286,0.0,0.0,0.6056385680741627,0.0,0.0,0.0,0.0,0.0,1.002177674291893,0.0,0.0,0.0,0.0,0.03872619862461957,0.0,0.0,0.0,0.0,0.017384473758111363
3.2160804020100504,-4.646547984599181,-3.074996213214831,-3.0749962123266528,0.0,0.0,0.0,0.0,0.0,0.0,0.0,-4.5302990030471335,-4.976315221227878,-4.976315221227878,0.0,0.0,0.0,0.0,0.0,-1.5202393397473202,0.0,0.827095889111007,-1.5202393397473202,0.0,0.0,0.0,0.0,0.0,-1.0574282194308893,-1.0574282194308893,0.0,-2.1661688720531203,0.0,0.0,0.0,0.0,0.0,0.0,0.0,0.0,0.0,-12.888624261631065,0.0,0.0,12.968261291046446,0.0,0.0,0.0,0.0,0.0,0.0,-16.919421844896476,0.0,16.98366007341079,0.0,0.0,0.0,0.0,0.0,0.0,0.0,-14.905627545580558,14.976762935825505,0.0,0.0,0.7784964761725632,0.0,0.0,0.0,0.0,0.0,1.2323204288122724,0.0,0.0,0.0,0.0,0.029993259959004703,0.0,0.0,0.0,0.0,0.011823680578018636
3.3165829145728645,-4.259843814580222,-2.6151678920172117,-2.6151678911290333,0.0,0.0,0.0,0.0,0.0,0.0,0.0,-5.083991187281034,-5.088383853203011,-5.088383853765061,0.0,0.0,0.0,0.0,0.0,-1.9411231777510807,0.0,0.5364854516187734,-1.9411231777510807,0.0,0.0,0.0,0.0,0.0,-0.9660993021132214,-0.9660993021132214,0.0,-1.6357513490383724,0.0,0.0,0.0,0.0,0.0,0.0,0.0,0.0,0.0,-12.985044041791127,0.0,0.0,13.08891940943191,0.0,0.0,0.0,0.0,0.0,0.0,-17.027459010776624,0.0,17.110126846908713,0.0,0.0,0.0,0.0,0.0,0.0,0.0,-15.008595602328256,15.100695188730029,0.0,0.0,0.9265037221872774,0.0,0.0,0.0,0.0,0.0,1.3174665502990734,0.0,0.0,0.0,0.0,0.025061817985477797,0.0,0.0,0.0,0.0,0.009017067172795157
3.4170854271356785,-3.8936184409976704,-2.2120213603038508,-2.2120213603038508,0.0,0.0,0.0,0.0,0.0,0.0,0.0,-5.384447872458509,-4.9873790890497816,-4.987379088383648,0.0,0.0,0.0,0.0,0.0,-2.482195632147466,0.0,-0.10390668681026227,-2.482195632147466,0.0,0.0,0.0,0.0,0.0,-0.9274930632963141,-0.9274930632963141,0.0,-1.0543875747920373,0.0,0.0,0.0,0.0,0.0,0.0,0.0,0.0,0.0,-13.11831433747912,0.0,0.0,13.238222053013615,0.0,0.0,0.0,0.0,0.0,0.0,-17.17009524315749,0.0,17.26411249625137,0.0,0.0,0.0,0.0,0.0,0.0,0.0,-15.147245166824419,15.2526874706016,0.0,0.0,1.013462487930994,0.0,0.0,0.0,0.0,0.0,1.2405581890639894,0.0,0.0,0.0,0.0,0.023118296636412405,0.0,0.0,0.0,0.0,0.007978697696454928
3.5175879396984926,-3.54891209219943,-1.8673736148500097,-1.8673736148500097,0.0,0.0,0.0,0.0,0.0,0.0,0.0,-5.462454695681629,-4.704332698501901,-4.7043326980578115,0.0,0.0,0.0,0.0,0.0,-3.1098311641386545,0.0,-1.03099407855467,-3.1098311641386545,0.0,0.0,0.0,0.0,0.0,-0.9439571351244069,-0.9439571351244069,0.0,-0.4596215829044681,0.0,0.0,0.0,0.0,0.0,0.0,0.0,0.0,0.0,-13.279739143889913,0.0,0.0,13.402004863882766,0.0,0.0,0.0,0.0,0.0,0.0,-17.33571136997014,0.0,17.429990967432474,0.0,0.0,0.0,0.0,0.0,0.0,0.0,-15.31122363518378,15.417747112556057,0.0,0.0,1.0119982143397266,0.0,0.0,0.0,0.0,0.0,1.0411039264024424,0.0,0.0,0.0,0.0,0.023965758981503438,0.0,0.0,0.0,0.0,0.008411177936443193
3.6180904522613067,-3.204064709105836,-1.5806633397730252,-1.5806633397730252,0.0,0.0,0.0,0.0,0.0,0.0,0.0,-5.355601683021405,-4.290139743012844,-4.290139742124666,0.0,0.0,0.0,0.0,0.0,-3.752597288020354,0.0,-2.108582823012739,-3.7525972889085324,0.0,0.0,0.0,0.0,0.0,-1.0227239100046859,-1.0227239100046859,0.0,0.08374809867817135,0.0,0.0,0.0,0.0,0.0,0.0,0.0,0.0,0.0,-13.450671191517216,0.0,0.0,13.561017380370188,0.0,0.0,0.0,0.0,0.0,0.0,-17.504287679770414,0.0,17.58782557637062,0.0,0.0,0.0,0.0,0.0,0.0,0.0,-15.481051953925018,15.576207760936711,0.0,0.0,0.9228591604237835,0.0,0.0,0.0,0.0,0.0,0.7896130471696239,0.0,0.0,0.0,0.0,0.02815866199934458,0.0,0.0,0.0,0.0,0.010697325917435885
3.7185929648241207,-2.8288338127513413,-1.3514456909113903,-1.3514456909113903,0.0,0.0,0.0,0.0,0.0,0.0,0.0,-5.108956303345735,-3.8064258207626267,-3.8064258198744483,0.0,0.0,0.0,0.0,0.0,-4.3195156109732125,0.0,-3.167065964149174,-4.319515611861391,0.0,0.0,0.0,0.0,0.0,-1.176588049878191,-1.1765880509884141,0.0,0.4889513880446117,0.0,0.0,0.0,0.0,0.0,0.0,0.0,0.0,0.0,-13.609191287899947,0.0,0.0,13.698255725724806,0.0,0.0,0.0,0.0,0.0,0.0,-17.65502150630205,0.0,17.72117084897218,0.0,0.0,0.0,0.0,0.0,0.0,0.0,-15.635360665955389,15.711340413560038,0.0,0.0,0.7768885316172813,0.0,0.0,0.0,0.0,0.0,0.5515083751905792,0.0,0.0,0.0,0.0,0.037317826613592064,0.0,0.0,0.0,0.0,0.016288207773870744
3.819095477386935,-2.3999633207427706,-1.1789182545740573,-1.1789182545740573,0.0,0.0,0.0,0.0,0.0,0.0,0.0,-4.775219673902598,-3.3102549705787965,-3.310254969690618,0.0,0.0,0.0,0.0,0.0,-4.7318708427113165,0.0,-4.065498827365843,-4.7318708427113165,0.0,0.0,0.0,0.0,0.0,-1.4228378857339408,-1.4228378870662084,0.0,0.6651500012999634,0.0,0.0,0.0,0.0,0.0,0.0,0.0,0.0,0.0,-13.739460743122933,0.0,0.0,13.804959655305815,0.0,0.0,0.0,0.0,0.0,0.0,-17.774927114744266,0.0,17.822692830793407,0.0,0.0,0.0,0.0,0.0,0.0,0.0,-15.759866322739846,15.815162447863074,0.0,0.0,0.6148831533936416,0.0,0.0,0.0,0.0,0.0,0.3627307206821584,0.0,0.0,0.0,0.0,0.05469234012900337,0.0,0.0,0.0,0.0,0.028804892762690493
3.919597989949749,-1.909066748684296,-1.0614974144118605,-1.061497415300039,0.0,0.0,0.0,0.0,0.0,0.0,0.0,-4.40620935293623,-2.8415011223970055,-2.8415011223970055,0.0,0.0,0.0,0.0,0.0,-4.944569796050402,0.0,-4.729274317938348,-4.944569796050402,0.0,0.0,0.0,0.0,0.0,-1.7786363084582035,-1.7786363084582035,0.0,0.5397278446395148,0.0,0.0,0.0,0.0,0.0,0.0,0.0,0.0,0.0,-13.83633671858675,0.0,0.0,13.881224715239782,0.0,0.0,0.0,0.0,0.0,0.0,-17.861673812791246,0.0,17.893893276665906,0.0,0.0,0.0,0.0,0.0,0.0,0.0,-15.851015542689417,15.888564126376181,0.0,0.0,0.4665508626655601,0.0,0.0,0.0,0.0,0.0,0.22942645561130348,0.0,0.0,0.0,0.0,0.08581633676590927,0.0,0.0,0.0,0.0,0.05626799770563906
4.020100502512563,-1.3640273413551007,-0.9978681251299193,-0.9978681242417409,0.0,0.0,0.0,0.0,0.0,0.0,0.0,-4.039749331052889,-2.420602677855044,-2.420602677855044,0.0,0.0,0.0,0.0,0.0,-4.947687414769142,0.0,-5.144099512577327,-4.947687415324253,0.0,0.0,0.0,0.0,0.0,-2.250855558827425,-2.250855558827425,0.0,0.07981708094462192,0.0,0.0,0.0,0.0,0.0,0.0,0.0,0.0,0.0,-13.903170924922659,0.0,0.0,13.932457138376986,0.0,0.0,0.0,0.0,0.0,0.0,-17.92022444374597,0.0,17.94098384855225,0.0,0.0,0.0,0.0,0.0,0.0,0.0,-15.913109013165894,15.937426181777958,0.0,0.0,0.3448346242440614,0.0,0.0,0.0,0.0,0.0,0.14183079199980853,0.0,0.0,0.0,0.0,0.13856690000979555,0.0,0.0,0.0,0.0,0.11403623736971902
4.120603015075377,-0.791739416805548,-0.9889105464788717,-0.9889105464788717,0.0,0.0,0.0,0.0,0.0,0.0,0.0,-3.6902230364788124,-2.054697079589829,-2.054697079589829,0.0,0.0,0.0,0.0,0.0,-4.759220245897922,0.0,-5.328959670425348,-4.759220246342011,0.0,0.0,0.0,0.0,0.0,-2.821607631986467,-2.821607631986467,0.0,-0.6868238893176226,0.0,0.0,0.0,0.0,0.0,0.0,0.0,0.0,0.0,-13.946940942477504,0.0,0.0,13.965454199238447,0.0,0.0,0.0,0.0,0.0,0.0,-17.957954119324217,0.0,17.97096073827276,0.0,0.0,0.0,0.0,0.0,0.0,0.0,-15.953388641187782,15.96867804781743,0.0,0.0,0.2512764792905742,0.0,0.0,0.0,0.0,0.0,0.08674479212711361,0.0,0.0,0.0,0.0,0.22136726818278163,0.0,0.0,0.0,0.0,0.2246414346207537
4.2211055276381915,-0.24331987547032696,-1.0394747810282823,-1.0394747810282823,0.0,0.0,0.0,0.0,0.0,0.0,0.0,-3.3478739580594663,-1.7452577738552577,-1.7452577738552577,0.0,0.0,0.0,0.0,0.0,-4.4191115393665825,0.0,-5.315944731965061,-4.419111540254761,0.0,0.0,0.0,0.0,0.0,-3.4382458693471563,-3.4382458702353347,0.0,-1.6612252995429344,0.0,0.0,0.0,0.0,0.0,0.0,0.0,0.0,0.0,-13.97465884475646,0.0,0.0,13.986169172863772,0.0,0.0,0.0,0.0,0.0,0.0,-17.98158920543469,0.0,17.9896343676933,0.0,0.0,0.0,0.0,0.0,0.0,0.0,-15.97872943073786,15.98820446510607,0.0,0.0,0.18254363676195595,0.0,0.0,0.0,0.0,0.0,0.053159237553557226,0.0,0.0,0.0,0.0,0.33907683977263403,0.0,0.0,0.0,0.0,0.40645342758161007
4.3216080402010055,0.2062612058928437,-1.1593980160373718,-1.1593980160373718,0.0,0.0,0.0,0.0,0.0,0.0,0.0,-2.9880615883826067,-1.492542073933123,-1.492542073933123,0.0,0.0,0.0,0.0,0.0,-3.982399687352256,0.0,-5.144775145460301,-3.9823996882404344,0.0,0.0,0.0,0.0,0.0,-4.020576754193428,-4.020576753305249,0.0,-2.6930945971059828,0.0,0.0,0.0,0.0,0.0,0.0,0.0,0.0,0.0,-13.991889750056275,0.0,0.0,13.999041605206042,0.0,0.0,0.0,0.0,0.0,0.0,-17.996201912770516,0.0,18.001197637118604,0.0,0.0,0.0,0.0,0.0,0.0,0.0,-15.994426858137457,16.00031011586567,0.0,0.0,0.1340749796047147,0.0,0.0,0.0,0.0,0.0,0.033249088746134525,0.0,0.0,0.0,0.0,0.48876325098312634,0.0,0.0,0.0,0.0,0.6499277371840861
4.42211055276382,0.47040702311207383,-1.3631583937190328,-1.3631583937190328,0.0,0.0,0.0,0.0,0.0,0.0,0.0,-2.585999645310366,-1.2964403792725676,-1.2964403792725676,0.0,0.0,0.0,0.0,0.0,-3.506834810096393,0.0,-4.863112089026345,-3.5068348109845715,0.0,0.0,0.0,0.0,0.0,-4.48628307525567,-4.486283076143849,0.0,-3.6321659262483763,0.0,0.0,0.0,0.0,0.0,0.0,0.0,0.0,0.0,-14.002570419016648,0.0,0.0,14.007105450547508,0.0,0.0,0.0,0.0,0.0,0.0,-18.005269689327918,0.0,18.00845507531762,0.0,0.0,0.0,0.0,0.0,0.0,0.0,-16.004158106291968,16.00789928277169,0.0,0.0,0.10143253095784566,0.0,0.0,0.0,0.0,0.0,0.02179002094038207,0.0,0.0,0.0,0.0,0.6580894680308091,0.0,0.0,0.0,0.0,0.9029423438944306
4.522613065326634,0.47114224077660083,-1.6668798665797624,-1.6668798665797624,0.0,0.0,0.0,0.0,0.0,0.0,0.0,-2.1280673248025295,-1.156073988095585,-1.156073988095585,0.0,0.0,0.0,0.0,0.0,-3.039023037665345,0.0,-4.5218222535226005,-3.0390230385535233,0.0,0.0,0.0,0.0,0.0,-4.776895309976936,-4.776895309976936,0.0,-4.376745475820343,0.0,0.0,0.0,0.0,0.0,0.0,0.0,0.0,0.0,-14.00930586143573,0.0,0.0,14.012324083233219,0.0,0.0,0.0,0.0,0.0,0.0,-18.011045757215793,0.0,18.01319404563101,0.0,0.0,0.0,0.0,0.0,0.0,0.0,-16.01032620206222,16.01283426701933,0.0,0.0,0.08080568732540816,0.0,0.0,0.0,0.0,0.0,0.015451010536987608,0.0,0.0,0.0,0.0,0.8254050796185908,0.0,0.0,0.0,0.0,1.0900267861657653
4.623115577889448,0.1603995345433873,-2.0808578575781667,-2.0808578575781667,0.0,0.0,0.0,0.0,0.0,0.0,0.0,-1.61594711844959,-1.0702662189832068,-1.0702662189832068,0.0,0.0,0.0,0.0,0.0,-2.6076175352329756,0.0,-4.163890073627385,-2.6076175352329756,0.0,0.0,0.0,0.0,0.0,-4.867796146362791,-4.867796145294201,0.0,-4.886717367758031,0.0,0.0,0.0,0.0,0.0,0.0,0.0,0.0,0.0,-14.013743181516547,0.0,0.0,14.015925814025305,0.0,0.0,0.0,0.0,0.0,0.0,-18.014934352748174,0.0,18.016521325242564,0.0,0.0,0.0,0.0,0.0,0.0,0.0,-16.014437301543893,16.016272805723098,0.0,0.0,0.06935056489840163,0.0,0.0,0.0,0.0,0.0,0.012259576093881508,0.0,0.0,0.0,0.0,0.9605218012076477,0.0,0.0,0.0,0.0,1.1534456816342242
4.723618090452262,-0.45959818173457734,-2.5973488204655837,-2.5973488204655837,0.0,0.0,0.0,0.0,0.0,0.0,0.0,-1.0686478685538459,-1.0391215180607927,-1.0391215189836656,0.0,0.0,0.0,0.0,0.0,-2.2257780205592326,0.0,-3.813531674445869,-2.2257780205592326,0.0,0.0,0.0,0.0,0.0,-4.764625812114787,-4.764625811004564,0.0,-5.165722962940933,0.0,0.0,0.0,0.0,0.0,0.0,0.0,0.0,0.0,-14.016896398585944,0.0,0.0,14.018677550096948,0.0,0.0,0.0,0.0,0.0,0.0,-18.01779603217285,0.0,18.01912738139469,0.0,0.0,0.0,0.0,0.0,0.0,0.0,-16.017415473267018,16.018937100913817,0.0,0.0,0.06544923050397222,0.0,0.0,0.0,0.0,0.0,0.011220159117780737,0.0,0.0,0.0,0.0,1.0307009468135675,0.0,0.0,0.0,0.0,1.08164911005737
4.824120603015076,-1.3215144551992353,-3.178846400331281,-3.1788464012194595,0.0,0.0,0.0,0.0,0.0,0.0,0.0,-0.5266196287934122,-1.0658332563195927,-1.0658332563195927,0.0,0.0,0.0,0.0,0.0,-1.8979873965818683,0.0,-3.4717869121791978,-1.8979873965818683,0.0,0.0,0.0,0.0,0.0,-4.496964720601682,-4.496964719713503,0.0,-5.2386100981571815,0.0,0.0,0.0,0.0,0.0,0.0,0.0,0.0,0.0,-14.01939704992819,0.0,0.0,14.021095461072553,0.0,0.0,0.0,0.0,0.0,0.0,-18.02017754715113,0.0,18.021485699286355,0.0,0.0,0.0,0.0,0.0,0.0,0.0,-16.01984175110538,16.021317800238993,0.0,0.0,0.06893694474291445,0.0,0.0,0.0,0.0,0.0,0.012107871441568996,0.0,0.0,0.0,0.0,1.0153853144956315,0.0,0.0,0.0,0.0,0.9094073105675449
4.92462311557789,-2.2993098749424234,-3.7578560565521,-3.7578560565521,0.0,0.0,0.0,0.0,0.0,0.0,0.0,-0.053751235018495436,-1.1579471441702793,-1.1579471452805024,0.0,0.0,0.0,0.0,0.0,-1.6256496162547762,0.0,-3.1213626159320995,-1.6256496162547762,0.0,0.0,0.0,0.0,0.0,-4.112206329232038,-4.112206328343859,0.0,-5.140216859267355,0.0,0.0,0.0,0.0,0.0,0.0,0.0,0.0,0.0,-14.021679421532403,0.0,0.0,14.023615188041294,0.0,0.0,0.0,0.0,0.0,0.0,-18.022484137882046,0.0,18.02401753581498,0.0,0.0,0.0,0.0,0.0,0.0,0.0,-16.02213179861464,16.023841365158525,0.0,0.0,0.08147839791750044,0.0,0.0,0.0,0.0,0.0,0.015526236921137304,0.0,0.0,0.0,0.0,0.9204654380923216,0.0,0.0,0.0,0.0,0.6953839959411567
5.025125628140704,-3.2460025805036707,-4.254588700902673,-4.254588700014494,0.0,0.0,0.0,0.0,0.0,0.0,0.0,0.26999521107740065,-1.3275042234361933,-1.3275042234361933,0.0,0.0,0.0,0.0,0.0,-1.409319956291455,0.0,-2.7389049979120728,-1.409319956291455,0.0,0.0,0.0,0.0,0.0,-3.6656753863439917,-3.6656753854558133,0.0,-4.913444695553437,0.0,0.0,0.0,0.0,0.0,0.0,0.0,0.0,0.0,-14.024129337590619,0.0,0.0,14.026771507261172,0.0,0.0,0.0,0.0,0.0,0.0,-18.025130731576244,0.0,18.027272193854582,0.0,0.0,0.0,0.0,0.0,0.0,0.0,-16.02468547096808,16.027049562515607,0.0,0.0,0.10729122235791921,0.0,0.0,0.0,0.0,0.0,0.02339417500690777,0.0,0.0,0.0,0.0,0.7762107049336109,0.0,0.0,0.0,0.0,0.4925632544061642
5.125628140703518,-4.043254520968986,-4.602676981324549,-4.602676981324549,0.0,0.0,0.0,0.0,0.0,0.0,0.0,0.36560267258067825,-1.5891093312347948,-1.5891093312347948,0.0,0.0,0.0,0.0,0.0,-1.2487902258939698,0.0,-2.3076458730564298,-1.2487902258939698,0.0,0.0,0.0,0.0,0.0,-3.2073874400850855,-3.207387439196907,0.0,-4.606562192144281,0.0,0.0,0.0,0.0,0.0,0.0,0.0,0.0,0.0,-14.027249133137522,0.0,0.0,14.031470916477108,0.0,0.0,0.0,0.0,0.0,0.0,-18.028735855393773,0.0,18.032214267202363,0.0,0.0,0.0,0.0,0.0,0.0,0.0,-16.028067056944597,16.031879866942877,0.0,0.0,0.15422028719347392,0.0,0.0,0.0,0.0,0.0,0.04012927681817935,0.0,0.0,0.0,0.0,0.6190933570238144,0.0,0.0,0.0,0.0,0.32995466459073697
5.226130653266332,-4.628276871643244,-4.765316987009882,-4.765316987009882,0.0,0.0,0.0,0.0,0.0,0.0,0.0,0.17551835274076666,-1.954389190927941,-1.954389190927941,0.0,0.0,0.0,0.0,0.0,-1.1432527063925946,0.0,-1.8242729608042296,-1.1432527052823716,0.0,0.0,0.0,0.0,0.0,-2.7724495623715484,-2.77244956148337,0.0,-4.264606299209106,0.0,0.0,0.0,0.0,0.0,0.0,0.0,0.0,0.0,-14.031938013359113,0.0,0.0,14.039495814022196,0.0,0.0,0.0,0.0,0.0,0.0,-18.03447292846039,0.0,18.040763286111815,0.0,0.0,0.0,0.0,0.0,0.0,0.0,-16.033324200165346,16.040188920943276,0.0,0.0,0.23457029413309627,0.0,0.0,0.0,0.0,0.0,0.0746505747217796,0.0,0.0,0.0,0.0,0.4751976498962307,0.0,0.0,0.0,0.0,0.21310368614191333
5.326633165829146,-4.9877768550921076,-4.736666246341059,-4.736666245230836,0.0,0.0,0.0,0.0,0.0,0.0,0.0,-0.3163365560610032,-2.421955074716209,-2.421955074716209,0.0,0.0,0.0,0.0,0.0,-1.0924882893892374,0.0,-1.3015809429972602,-1.0924882893892374,0.0,0.0,0.0,0.0,0.0,-2.379937118934805,-2.379937118934805,0.0,-3.918496557453466,0.0,0.0,0.0,0.0,0.0,0.0,0.0,0.0,0.0,-14.04007771699245,0.0,0.0,14.054407133867741,0.0,0.0,0.0,0.0,0.0,0.0,-18.04477593439491,0.0,18.05675625707326,0.0,0.0,0.0,0.0,0.0,0.0,0.0,-16.0426391316304,16.055687854676925,0.0,0.0,0.36404829362179925,0.0,0.0,0.0,0.0,0.0,0.14206864840105027,0.0,0.0,0.0,0.0,0.35624547362056447,0.0,0.0,0.0,0.0,0.134802034756909
5.42713567839196,-5.137432420365684,-4.536551234224362,-4.536551232892094,0.0,0.0,0.0,0.0,0.0,0.0,0.0,-1.068047358110391,-2.9657508378022612,-2.965750839578618,0.0,0.0,0.0,0.0,0.0,-1.0985781138117545,0.0,-0.7716750258235372,-1.0985781148109552,0.0,0.0,0.0,0.0,0.0,-2.0379665661707236,-2.0379665661707236,0.0,-3.5782362064473716,0.0,0.0,0.0,0.0,0.0,0.0,0.0,0.0,0.0,-14.055686990921412,0.0,0.0,14.08284389459169,0.0,0.0,0.0,0.0,0.0,0.0,-18.06460472753013,0.0,18.08730275254522,0.0,0.0,0.0,0.0,0.0,0.0,0.0,-16.06054444147631,16.085272608434842,0.0,0.0,0.5567670717798734,0.0,0.0,0.0,0.0,0.0,0.2608578952845164,0.0,0.0,0.0,0.0,0.26406894920727453,0.0,0.0,0.0,0.0,0.0846430228129691
5.527638190954774,-5.106840544666369,-4.204561720122513,-4.204561719234334,0.0,0.0,0.0,0.0,0.0,0.0,0.0,-1.977713417922189,-3.530399376394655,-3.5303993772828335,0.0,0.0,0.0,0.0,0.0,-1.167316726613521,0.0,-0.2887931103146002,-1.1673167257253425,0.0,0.0,0.0,0.0,0.0,-1.7495969388825472,-1.7495969388825472,0.0,-3.234155973252939,0.0,0.0,0.0,0.0,0.0,0.0,0.0,0.0,0.0,-14.086643588262504,0.0,0.0,14.135616361876657,0.0,0.0,0.0,0.0,0.0,0.0,-18.10305901550624,0.0,18.143824025762534,0.0,0.0,0.0,0.0,0.0,0.0,0.0,-16.095595473220037,16.140092260696903,0.0,0.0,0.8168438132560851,0.0,0.0,0.0,0.0,0.0,0.44001908527935285,0.0,0.0,0.0,0.0,0.19595650931070185,0.0,0.0,0.0,0.0,0.05355672727525018
5.628140703517588,-4.93444703231205,-3.791873632863485,-3.7918736319753066,0.0,0.0,0.0,0.0,0.0,0.0,0.0,-2.9088744701866176,-4.041996835901784,-4.041996835013606,0.0,0.0,0.0,0.0,0.0,-1.3087019343771544,0.0,0.07454363482040094,-1.3087019332669314,0.0,0.0,0.0,0.0,0.0,-1.5161778641470391,-1.5161778641470391,0.0,-2.8662271960300245,0.0,0.0,0.0,0.0,0.0,0.0,0.0,0.0,0.0,-14.145976334978272,0.0,0.0,14.227189080839864,0.0,0.0,0.0,0.0,0.0,0.0,-18.17412650306771,0.0,18.241264179374994,0.0,0.0,0.0,0.0,0.0,0.0,0.0,-16.161368093348116,16.23488497348724,0.0,0.0,1.1314227317260617,0.0,0.0,0.0,0.0,0.0,0.6603708702090927,0.0,0.0,0.0,0.0,0.14780121217194964,0.0,0.0,0.0,0.0,0.03485382571444262
5.728643216080402,-4.665259439207148,-3.3493444169252484,-3.34934441603707,0.0,0.0,0.0,0.0,0.0,0.0,0.0,-3.735560738515886,-4.430838348223887,-4.430838347335708,0.0,0.0,0.0,0.0,0.0,-1.5357312586061767,0.0,0.24104028284455126,-1.5357312586061767,0.0,0.0,0.0,0.0,0.0,-1.3381517840471702,-1.3381517840471702,0.0,-2.4564873311039293,0.0,0.0,0.0,0.0,0.0,0.0,0.0,0.0,0.0,-14.250686269035029,0.0,0.0,14.372253168026816,0.0,0.0,0.0,0.0,0.0,0.0,-18.294563150389465,0.0,18.394191558579465,0.0,0.0,0.0,0.0,0.0,0.0,0.0,-16.274764700563438,16.384292339743922,0.0,0.0,1.4687857676776161,0.0,0.0,0.0,0.0,0.0,0.8698767381964956,0.0,0.0,0.0,0.0,0.11546488661029475,0.0,0.0,0.0,0.0,0.023961617558188042
5.8291457286432165,-4.3443711339463675,-2.9166099047017724,-2.916609903813594,0.0,0.0,0.0,0.0,0.0,0.0,0.0,-4.377244320341589,-4.650903761671543,-4.650903761671543,0.0,0.0,0.0,0.0,0.0,-1.8602465621242459,0.0,0.14770673750774677,-1.8602465621242459,0.0,0.0,0.0,0.0,0.0,-1.215189234127223,-1.215189234127223,0.0,-1.9978931348196838,0.0,0.0,0.0,0.0,0.0,0.0,0.0,0.0,0.0,-14.41673657076592,0.0,0.0,14.579687044324885,0.0,0.0,0.0,0.0,0.0,0.0,-18.478134321764372,0.0,18.61038590922348,0.0,0.0,0.0,0.0,0.0,0.0,0.0,-16.450573944837288,16.596605719509938,0.0,0.0,1.7797730196278394,0.0,0.0,0.0,0.0,0.0,1.0060326123273455,0.0,0.0,0.0,0.0,0.09541741986113239,0.0,0.0,0.0,0.0,0.017944515616485912
5.9296482412060305,-4.006908583154001,-2.518011728902536,-2.518011728902536,0.0,0.0,0.0,0.0,0.0,0.0,0.0,-4.804080044884529,-4.686147125010365,-4.686147124011164,0.0,0.0,0.0,0.0,0.0,-2.2847370022560654,0.0,-0.23453452513422235,-2.2847370022560654,0.0,0.0,0.0,0.0,0.0,-1.1470477939146129,-1.1470477939146129,0.0,-1.4982554403242254,0.0,0.0,0.0,0.0,0.0,0.0,0.0,0.0,0.0,-14.651187018266398,0.0,0.0,14.846106408672455,0.0,0.0,0.0,0.0,0.0,0.0,-18.727890275904713,0.0,18.884457959611467,0.0,0.0,0.0,0.0,0.0,0.0,0.0,-16.693654411703562,16.867340033588363,0.0,0.0,2.003426563312871,0.0,0.0,0.0,0.0,0.0,1.029076730940659,0.0,0.0,0.0,0.0,0.08515581942369899,0.0,0.0,0.0,0.0,0.015091921642951256
6.030150753768845,-3.6699088958869197,-2.1655183455315807,-2.1655183455315807,0.0,0.0,0.0,0.0,0.0,0.0,0.0,-5.021322542209106,-4.547341041938324,-4.547341041050146,0.0,0.0,0.0,0.0,0.0,-2.791530165247025,0.0,-0.8836889691110628,-2.791530163470668,0.0,0.0,0.0,0.0,0.0,-1.135109294087,-1.1351092930877993,0.0,-0.9830789738096701,0.0,0.0,0.0,0.0,0.0,0.0,0.0,0.0,0.0,-14.944699535668349,0.0,0.0,15.152418864072814,0.0,0.0,0.0,0.0,0.0,0.0,-19.030042179846163,0.0,19.195090202206444,0.0,0.0,0.0,0.0,0.0,0.0,0.0,-16.992176417929272,17.176157319997998,0.0,0.0,2.08446051752631,0.0,0.0,0.0,0.0,0.0,0.940313302333351,0.0,0.0,0.0,0.0,0.08351548650559204,0.0,0.0,0.0,0.0,0.014625577970939219
6.130653266331659,-3.3308011917476676,-1.864239612014984,-1.864239612014984,0.0,0.0,0.0,0.0,0.0,0.0,0.0,-5.052711972819424,-4.266533839558662,-4.266533838670483,0.0,0.0,0.0,0.0,0.0,-3.3357871283001828,0.0,-1.7196710322409103,-3.335787129188361,0.0,0.0,0.0,0.0,0.0,-1.18385616543204,-1.18385616543204,0.0,-0.49848678285169257,0.0,0.0,0.0,0.0,0.0,0.0,0.0,0.0,0.0,-15.269522751104603,0.0,0.0,15.46698599685925,0.0,0.0,0.0,0.0,0.0,0.0,-19.35414433429372,0.0,19.509296777187046,0.0,0.0,0.0,0.0,0.0,0.0,0.0,-17.316826972368915,17.490638094752597,0.0,0.0,2.001154267627925,0.0,0.0,0.0,0.0,0.0,0.7766504235284799,0.0,0.0,0.0,0.0,0.09098312464539404,0.0,0.0,0.0,0.0,0.016591926714493166
6.231155778894473,-2.9738506803766995,-1.6165017462377307,-1.6165017462377307,0.0,0.0,0.0,0.0,0.0,0.0,0.0,-4.93240125454264,-3.8899440264472673,-3.889944025559089,0.0,0.0,0.0,0.0,0.0,-3.8509021633714724,0.0,-2.619917110813219,-3.850902162483294,0.0,0.0,0.0,0.0,0.0,-1.3016100379736883,-1.3016100379736883,0.0,-0.10966684849122998,0.0,0.0,0.0,0.0,0.0,0.0,0.0,0.0,0.0,-15.58737549167688,0.0,0.0,15.75603594439201,0.0,0.0,0.0,0.0,0.0,0.0,-19.662580383883466,0.0,19.793638406540026,0.0,0.0,0.0,0.0,0.0,0.0,0.0,-17.62961638229754,17.777156405163197,0.0,0.0,1.7816165955863994,0.0,0.0,0.0,0.0,0.0,0.5886132803389899,0.0,0.0,0.0,0.0,0.1101924506433094,0.0,0.0,0.0,0.0,0.022051730060035357
6.331658291457287,-2.5814406956481406,-1.4234004124258348,-1.4234004124258348,0.0,0.0,0.0,0.0,0.0,0.0,0.0,-4.701967041498278,-3.467478598473406,-3.4674785975852274,0.0,0.0,0.0,0.0,0.0,-4.2671602726862545,0.0,-3.4575705272210655,-4.267160273574433,0.0,0.0,0.0,0.0,0.0,-1.499848567565465,-1.4998485688977325,0.0,0.10942285344484048,0.0,0.0,0.0,0.0,0.0,0.0,0.0,0.0,0.0,-15.8644609671299,0.0,0.0,15.995759451215008,0.0,0.0,0.0,0.0,0.0,0.0,-19.925097679784898,0.0,20.02607779560961,0.0,0.0,0.0,0.0,0.0,0.0,0.0,-17.898671859750692,18.01286488412046,0.0,0.0,1.4886397945446106,0.0,0.0,0.0,0.0,0.0,0.4169090932482078,0.0,0.0,0.0,0.0,0.14671413016420498,0.0,0.0,0.0,0.0,0.03373977942866535
6.432160804020101,-2.1440098987302036,-1.2851214814535439,-1.2851214814535439,0.0,0.0,0.0,0.0,0.0,0.0,0.0,-4.405372092897153,-3.0415465950284215,-3.041546594140243,0.0,0.0,0.0,0.0,0.0,-4.532219340935839,0.0,-4.13961972700605,-4.532219340935839,0.0,0.0,0.0,0.0,0.0,-1.7900585627117493,-1.7900585627117493,0.0,0.0932138002340821,0.0,0.0,0.0,0.0,0.0,0.0,0.0,0.0,0.0,-16.083074742434533,0.0,0.0,16.178049678128303,0.0,0.0,0.0,0.0,0.0,0.0,-20.12820837915541,0.0,20.200616498655677,0.0,0.0,0.0,0.0,0.0,0.0,0.0,-18.108639277869543,18.190831946984787,0.0,0.0,1.1858939132913804,0.0,0.0,0.0,0.0,0.0,0.2813736483808782,0.0,0.0,0.0,0.0,0.20991384602764285,0.0,0.0,0.0,0.0,0.057359019367542174
6.532663316582915,-1.6653848883274591,-1.201581746768099,-1.201581745657876,0.0,0.0,0.0,0.0,0.0,0.0,0.0,-4.080082563362453,-2.6408364734997747,-2.6408364734997747,0.0,0.0,0.0,0.0,0.0,-4.621383922583912,0.0,-4.621375287737134,-4.621383923610068,0.0,0.0,0.0,0.0,0.0,-2.1770246956265282,-2.1770246956265282,0.0,-0.19646860760502705,0.0,0.0,0.0,0.0,0.0,0.0,0.0,0.0,0.0,-16.24253703536027,0.0,0.0,16.307695630990438,0.0,0.0,0.0,0.0,0.0,0.0,-20.274162329636525,0.0,20.3235082802955,0.0,0.0,0.0,0.0,0.0,0.0,0.0,-18.26050749942354,18.316680864050028,0.0,0.0,0.9148913800993697,0.0,0.0,0.0,0.0,0.0,0.18417239189272294,0.0,0.0,0.0,0.0,0.31291862043203444,0.0,0.0,0.0,0.0,0.10317870360876391
6.633165829145729,-1.1657630093614424,-1.1737639435561305,-1.1737639425135615,0.0,0.0,0.0,0.0,0.0,0.0,0.0,-3.748415879467615,-2.281066135978449,-2.281066135978449,0.0,0.0,0.0,0.0,0.0,-4.537167989537849,0.0,-4.897215538202104,-4.537167990426028,0.0,0.0,0.0,0.0,0.0,-2.6491146130069865,-2.6491146156715217,0.0,-0.7530603065575292,0.0,0.0,0.0,0.0,0.0,0.0,0.0,0.0,0.0,-16.352488741211424,0.0,0.0,16.39569228217841,0.0,0.0,0.0,0.0,0.0,0.0,-20.373745483470707,0.0,20.40632065525294,0.0,0.0,0.0,0.0,0.0,0.0,0.0,-18.36459569293236,18.401745758955812,0.0,0.0,0.6929026914459513,0.0,0.0,0.0,0.0,0.0,0.1186898638261269,0.0,0.0,0.0,0.0,0.46995069907795894,0.0,0.0,0.0,0.0,0.1859097839562729
6.733668341708543,-0.6845229948426734,-1.2051865603268652,-1.2051865603268652,0.0,0.0,0.0,0.0,0.0,0.0,0.0,-3.414009520863459,-1.9696367012933536,-1.9696367012933536,0.0,0.0,0.0,0.0,0.0,-4.304512172481623,0.0,-4.984434851973418,-4.30451217381389,0.0,0.0,0.0,0.0,0.0,-3.170222945492185,-3.170222945492185,0.0,-1.5152701546838898,0.0,0.0,0.0,0.0,0.0,0.0,0.0,0.0,0.0,-16.42559600162352,0.0,0.0,16.453752161638135,0.0,0.0,0.0,0.0,0.0,0.0,-20.439533504057472,0.0,20.460720914883268,0.0,0.0,0.0,0.0,0.0,0.0,0.0,-18.433545443896637,18.45772688374714,0.0,0.0,0.5216230754001572,0.0,0.0,0.0,0.0,0.0,0.07641144006420575,0.0,0.0,0.0,0.0,0.6899981421781831,0.0,0.0,0.0,0.0,0.31861734550719945
6.834170854271357,-0.2800716785156254,-1.3028150300797847,-1.3028150300797847,0.0,0.0,0.0,0.0,0.0,0.0,0.0,-3.0657346061779833,-1.7100348976839541,-1.7100348976839541,0.0,0.0,0.0,0.0,0.0,-3.964405720147113,0.0,-4.912885558372437,-3.964405721035291,0.0,0.0,0.0,0.0,0.0,-3.681258090360018,-3.6812580894718394,0.0,-2.3753671083426298,0.0,0.0,0.0,0.0,0.0,0.0,0.0,0.0,0.0,-16.47329487880489,0.0,0.0,16.491640879578995,0.0,0.0,0.0,0.0,0.0,0.0,-20.482353435380407,0.0,20.4961701456563,0.0,0.0,0.0,0.0,0.0,0.0,0.0,-18.478463455373628,18.494225161758138,0.0,0.0,0.3956460552234642,0.0,0.0,0.0,0.0,0.0,0.05000517142028649,0.0,0.0,0.0,0.0,0.9690885927060577,0.0,0.0,0.0,0.0,0.49887162156814213
6.934673366834171,-0.02222329653633892,-1.4767614562316567,-1.4767614562316567,0.0,0.0,0.0,0.0,0.0,0.0,0.0,-2.6873989444897717,-1.5040441563307638,-1.5040441563307638,0.0,0.0,0.0,0.0,0.0,-3.564655226995228,0.0,-4.720727319273976,-3.5646552278834065,0.0,0.0,0.0,0.0,0.0,-4.114654402975759,-4.114654403863938,0.0,-3.2101154214814187,0.0,0.0,0.0,0.0,0.0,0.0,0.0,0.0,0.0,-16.5043652493313,0.0,0.0,16.516561162943646,0.0,0.0,0.0,0.0,0.0,0.0,-20.51030609739879,0.0,20.51953158904718,0.0,0.0,0.0,0.0,0.0,0.0,0.0,-18.507751843976905,18.51825446130828,0.0,0.0,0.3073419458932136,0.0,0.0,0.0,0.0,0.0,0.03402371720473418,0.0,0.0,0.0,0.0,1.2857326849857742,0.0,0.0,0.0,0.0,0.6966266621333261
7.035175879396985,0.02284955380460474,-1.737886376140807,-1.737886376140807,0.0,0.0,0.0,0.0,0.0,0.0,0.0,-2.268000228289324,-1.3523766755341171,-1.3523766755341171,0.0,0.0,0.0,0.0,0.0,-3.149000020741255,0.0,-4.4501332743251965,-3.149000020741255,0.0,0.0,0.0,0.0,0.0,-4.414245856843024,-4.414245856843024,0.0,-3.918755765663917,0.0,0.0,0.0,0.0,0.0,0.0,0.0,0.0,0.0,-16.524982086041362,0.0,0.0,16.533464728851754,0.0,0.0,0.0,0.0,0.0,0.0,-20.52900195539942,0.0,20.535474665572817,0.0,0.0,0.0,0.0,0.0,0.0,0.0,-18.52726768789004,18.534607530817926,0.0,0.0,0.24920635388614443,0.0,0.0,0.0,0.0,0.0,0.024733923631448107,0.0,0.0,0.0,0.0,1.601018922325892,0.0,0.0,0.0,0.0,0.8601408114650155
7.135678391959799,-0.1892353225230181,-2.0922670187495385,-2.0922670205258953,0.0,0.0,0.0,0.0,0.0,0.0,0.0,-1.8082531374474797,-1.2552150372435733,-1.2552150372435733,0.0,0.0,0.0,0.0,0.0,-2.7494852474774234,0.0,-4.139575329631384,-2.7494852474774234,0.0,0.0,0.0,0.0,0.0,-4.548336817900012,-4.548336816900811,0.0,-4.444156692207102,0.0,0.0,0.0,0.0,0.0,0.0,0.0,0.0,0.0,-16.53926637056047,0.0,0.0,16.54562507512336,0.0,0.0,0.0,0.0,0.0,0.0,-20.54215124806802,0.0,20.54706751593305,0.0,0.0,0.0,0.0,0.0,0.0,0.0,-18.54089919108015,18.546441486411158,0.0,0.0,0.21515857878684486,0.0,0.0,0.0,0.0,0.0,0.019776726159492775,0.0,0.0,0.0,0.0,1.8623324335997893,0.0,0.0,0.0,0.0,0.9409311663155506
7.236180904522613,-0.6637888247951196,-2.5325878167947735,-2.5325878167947735,0.0,0.0,0.0,0.0,0.0,0.0,0.0,-1.324041051464775,-1.2133564622207604,-1.2133564633032279,0.0,0.0,0.0,0.0,0.0,-2.385255731152114,0.0,-3.815171671917028,-2.385255731152114,0.0,0.0,0.0,0.0,0.0,-4.512071395623707,-4.512071394735528,0.0,-4.770088070316092,0.0,0.0,0.0,0.0,0.0,0.0,0.0,0.0,0.0,-16.549899478954245,0.0,0.0,16.555199334924996,0.0,0.0,0.0,0.0,0.0,0.0,-20.552166038412256,0.0,20.556332616716855,0.0,0.0,0.0,0.0,0.0,0.0,0.0,-18.55117402781159,18.555836610381625,0.0,0.0,0.20142385559474008,0.0,0.0,0.0,0.0,0.0,0.017863445250787535,0.0,0.0,0.0,0.0,2.0139822201059587,0.0,0.0,0.0,0.0,0.918603062505241
7.336683417085427,-1.355307779782322,-3.029794352293891,-3.029794352293891,0.0,0.0,0.0,0.0,0.0,0.0,0.0,-0.8491461603865602,-1.229628696475249,-1.229628695365026,0.0,0.0,0.0,0.0,0.0,-2.0660893844670625,0.0,-3.4857725026427033,-2.0660893844670625,0.0,0.0,0.0,0.0,0.0,-4.323798385108546,-4.3237983842203676,0.0,-4.907020816791174,0.0,0.0,0.0,0.0,0.0,0.0,0.0,0.0,0.0,-16.558658513882165,0.0,0.0,16.563708029312952,0.0,0.0,0.0,0.0,0.0,0.0,-20.56067093507419,0.0,20.56471424194406,0.0,0.0,0.0,0.0,0.0,0.0,0.0,-18.559781223337346,18.564269385054622,0.0,0.0,0.2072372362604824,0.0,0.0,0.0,0.0,0.0,0.018591822678604153,0.0,0.0,0.0,0.0,2.0182788227351978,0.0,0.0,0.0,0.0,0.8083441596085095
7.437185929648241,-2.1704563568647472,-3.5318816680174336,-3.531881667129255,0.0,0.0,0.0,0.0,0.0,0.0,0.0,-0.435916893470889,-1.309912122327006,-1.309912123437229,0.0,0.0,0.0,0.0,0.0,-1.7967798959794834,0.0,-3.1447542103713033,-1.7967798959794834,0.0,0.0,0.0,0.0,0.0,-4.0193117523124045,-4.019311751424226,0.0,-4.880418295272193,0.0,0.0,0.0,0.0,0.0,0.0,0.0,0.0,0.0,-16.566854286526045,0.0,0.0,16.572452970639585,0.0,0.0,0.0,0.0,0.0,0.0,-20.568924860256413,0.0,20.57348825956762,0.0,0.0,0.0,0.0,0.0,0.0,0.0,-18.567999806068382,18.573025731452585,0.0,0.0,0.23566044382583584,0.0,0.0,0.0,0.0,0.0,0.02247638615504588,0.0,0.0,0.0,0.0,1.8769859395639799,0.0,0.0,0.0,0.0,0.6493144666386286
7.5376884422110555,-2.992337329921213,-3.974680689466936,-3.9746806903551146,0.0,0.0,0.0,0.0,0.0,0.0,0.0,-0.14974238271570073,-1.4631262381659127,-1.4631262394981803,0.0,0.0,0.0,0.0,0.0,-1.5798487091878144,0.0,-2.7780193037063583,-1.5798487091878144,0.0,0.0,0.0,0.0,0.0,-3.643640196671072,-3.6436401957828934,0.0,-4.725088319723625,0.0,0.0,0.0,0.0,0.0,0.0,0.0,0.0,0.0,-16.57572141948449,0.0,0.0,16.58295942541521,0.0,0.0,0.0,0.0,0.0,0.0,-20.57821683838779,0.0,20.584207136908894,0.0,0.0,0.0,0.0,0.0,0.0,0.0,-18.57709136174335,18.583644397565656,0.0,0.0,0.2947926205920659,0.0,0.0,0.0,0.0,0.0,0.03132170511843668,0.0,0.0,0.0,0.0,1.6327338476784803,0.0,0.0,0.0,0.0,0.48373382188771075
7.63819095477387,-3.7163069142032157,-4.300184898831105,-4.300184899719284,0.0,0.0,0.0,0.0,0.0,0.0,0.0,-0.05608147057856172,-1.6993983442681326,-1.6993983442681326,0.0,0.0,0.0,0.0,0.0,-1.4165377693053927,0.0,-2.374007452621285,-1.4165377693053927,0.0,0.0,0.0,0.0,0.0,-3.240746013766227,-3.240746013766227,0.0,-4.481076272710993,0.0,0.0,0.0,0.0,0.0,0.0,0.0,0.0,0.0,-16.586872930240972,0.0,0.0,16.59759797964511,0.0,0.0,0.0,0.0,0.0,0.0,-20.59036323104335,0.0,20.599343132088332,0.0,0.0,0.0,0.0,0.0,0.0,0.0,-18.588777141503865,18.598550086290633,0.0,0.0,0.39925916917038506,0.0,0.0,0.0,0.0,0.0,0.049077854918921915,0.0,0.0,0.0,0.0,1.3458836449764533,0.0,0.0,0.0,0.0,0.3403572348403827
7.738693467336684,-4.275391974006837,-4.471285295459815,-4.471285294460614,0.0,0.0,0.0,0.0,0.0,0.0,0.0,-0.2033813575330612,-2.0254661960983356,-2.0254661978746924,0.0,0.0,0.0,0.0,0.0,-1.307354186241838,0.0,-1.9310884428191954,-1.307354186241838,0.0,0.0,0.0,0.0,0.0,-2.8450937761270723,-2.8450937761270723,0.0,-4.1869400448923955,0.0,0.0,0.0,0.0,0.0,0.0,0.0,0.0,0.0,-16.60301784733864,0.0,0.0,16.620612215023645,0.0,0.0,0.0,0.0,0.0,0.0,-20.608518947307086,0.0,20.623362767036024,0.0,0.0,0.0,0.0,0.0,0.0,0.0,-18.606006040478018,18.622106312538023,0.0,0.0,0.5708495313117012,0.0,0.0,0.0,0.0,0.0,0.08309502053105433,0.0,0.0,0.0,0.0,1.0671858012845092,0.0,0.0,0.0,0.0,0.23029778262184664
7.839195979899498,-4.643540820303826,-4.4766986374567,-4.476698636457499,0.0,0.0,0.0,0.0,0.0,0.0,0.0,-0.6060408797026184,-2.43708435121448,-2.43708435121448,0.0,0.0,0.0,0.0,0.0,-1.253058194872203,0.0,-1.4616290076041594,-1.253058195982426,0.0,0.0,0.0,0.0,0.0,-2.4788129802111314,-2.4788129802111314,0.0,-3.8714099512837663,0.0,0.0,0.0,0.0,0.0,0.0,0.0,0.0,0.0,-16.62924306466973,0.0,0.0,16.65975610598558,0.0,0.0,0.0,0.0,0.0,0.0,-20.63859023493375,0.0,20.664429678962648,0.0,0.0,0.0,0.0,0.0,0.0,0.0,-18.634307939024986,18.66228853719676,0.0,0.0,0.8357192814445469,0.0,0.0,0.0,0.0,0.0,0.1447477039340228,0.0,0.0,0.0,0.0,0.8256158511299461,0.0,0.0,0.0,0.0,0.15231100536361453
7.939698492462312,-4.824297913152975,-4.328743902881627,-4.328743901549359,0.0,0.0,0.0,0.0,0.0,0.0,0.0,-1.231635258669428,-2.910811442546901,-2.910811442546901,0.0,0.0,0.0,0.0,0.0,-1.255997665927655,0.0,-0.9947539417187734,-1.255997665927655,0.0,0.0,0.0,0.0,0.0,-2.1540137082887156,-2.1540137082887156,0.0,-3.547583760976636,0.0,0.0,0.0,0.0,0.0,0.0,0.0,0.0,0.0,-16.675116478626073,0.0,0.0,16.72836627775176,0.0,0.0,0.0,0.0,0.0,0.0,-20.691398036287723,0.0,20.73650705869401,0.0,0.0,0.0,0.0,0.0,0.0,0.0,-18.68393229420562,18.73277418651398,0.0,0.0,1.2154143040898902,0.0,0.0,0.0,0.0,0.0,0.24662790876206486,0.0,0.0,0.0,0.0,0.6312665154495356,0.0,0.0,0.0,0.0,0.09994139071878294
8.040201005025127,-4.838648140825796,-4.0582195932614695,-4.058219592373291,0.0,0.0,0.0,0.0,0.0,0.0,0.0,-2.000111009259342,-3.4010147578200645,-3.401014758708243,0.0,0.0,0.0,0.0,0.0,-1.3211931962908707,0.0,-0.5774942820613305,-1.3211931962908707,0.0,0.0,0.0,0.0,0.0,-1.876887298468688,-1.876887298468688,0.0,-3.2130099483218544,0.0,0.0,0.0,0.0,0.0,0.0,0.0,0.0,0.0,-16.757220569596498,0.0,0.0,16.846697954653322,0.0,0.0,0.0,0.0,0.0,0.0,-20.78494554469401,0.0,20.860560444369014,0.0,0.0,0.0,0.0,0.0,0.0,0.0,-18.77224293700408,18.854209139274047,0.0,0.0,1.7128884468586847,0.0,0.0,0.0,0.0,0.0,0.3933920236232069,0.0,0.0,0.0,0.0,0.4832373855512273,0.0,0.0,0.0,0.0,0.0661172201987803
8.14070351758794,-4.718111815460446,-3.7070246863279976,-3.7070246854398192,0.0,0.0,0.0,0.0,0.0,0.0,0.0,-2.8023280451705546,-3.8475211967536893,-3.847521195865511,0.0,0.0,0.0,0.0,0.0,-1.4565402515209769,0.0,-0.27085058840192744,-1.4565402515209769,0.0,0.0,0.0,0.0,0.0,-1.6507443987290316,-1.6507443987290316,0.0,-2.8560356768458917,0.0,0.0,0.0,0.0,0.0,0.0,0.0,0.0,0.0,-16.90020983424745,0.0,0.0,17.040263157408475,0.0,0.0,0.0,0.0,0.0,0.0,-20.94464145363517,0.0,21.062478969380294,0.0,0.0,0.0,0.0,0.0,0.0,0.0,-18.924327303881938,19.05232189391981,0.0,0.0,2.300592952142466,0.0,0.0,0.0,0.0,0.0,0.5695646976278113,0.0,0.0,0.0,0.0,0.37586433163094846,0.0,0.0,0.0,0.0,0.044982076174981955
8.241206030150755,-4.500454252820418,-3.318540029884076,-3.3185400289958977,0.0,0.0,0.0,0.0,0.0,0.0,0.0,-3.53269338981832,-4.1919584949923205,-4.191958494104142,0.0,0.0,0.0,0.0,0.0,-1.6714146964247334,0.0,-0.13873112569839918,-1.6714146964247334,0.0,0.0,0.0,0.0,0.0,-1.477360704216224,-1.477360704216224,0.0,-2.465220932057477,0.0,0.0,0.0,0.0,0.0,0.0,0.0,0.0,0.0,-17.133276550396204,0.0,0.0,17.333280847076082,0.0,0.0,0.0,0.0,0.0,0.0,-21.198568035618592,0.0,21.365926591521145,0.0,0.0,0.0,0.0,0.0,0.0,0.0,-19.16880462937698,19.35104488737238,0.0,0.0,2.917013468994867,0.0,0.0,0.0,0.0,0.0,0.7366325780466809,0.0,0.0,0.0,0.0,0.3022076868197665,0.0,0.0,0.0,0.0,0.0322447956946359
8.341708542713569,-4.223704700656583,-2.9288281906403313,-2.928828189752153,0.0,0.0,0.0,0.0,0.0,0.0,0.0,-4.116874692039474,-4.393227969634594,-4.393227969634594,0.0,0.0,0.0,0.0,0.0,-1.972819346995891,0.0,-0.23206628885219516,-1.972819346995891,0.0,0.0,0.0,0.0,0.0,-1.3575984046942935,-1.3575984046942935,0.0,-2.037253969522368,0.0,0.0,0.0,0.0,0.0,0.0,0.0,0.0,0.0,-17.480311234052692,0.0,0.0,17.738014738810648,0.0,0.0,0.0,0.0,0.0,0.0,-21.566940845652027,0.0,21.781329547110317,0.0,0.0,0.0,0.0,0.0,0.0,0.0,-19.527582053591175,19.761650150051935,0.0,0.0,3.4716035246518118,0.0,0.0,0.0,0.0,0.0,0.8479128554839122,0.0,0.0,0.0,0.0,0.25592259736417766,0.0,0.0,0.0,0.0,0.025021535454694543
8.442211055276383,-3.9182773186041686,-2.5625129231876542,-2.5625129231876542,0.0,0.0,0.0,0.0,0.0,0.0,0.0,-4.520099773031028,-4.434566571231979,-4.43456657028829,0.0,0.0,0.0,0.0,0.0,-2.3586839033029605,0.0,-0.5721634561695055,-2.3586839033029605,0.0,0.0,0.0,0.0,0.0,-1.2922817292371214,-1.2922817292371214,0.0,-1.5816439513649527,0.0,0.0,0.0,0.0,0.0,0.0,0.0,0.0,0.0,-17.946097531584826,0.0,0.0,18.24411085671329,0.0,0.0,0.0,0.0,0.0,0.0,-22.049059557716078,0.0,22.29559187227892,0.0,0.0,0.0,0.0,0.0,0.0,0.0,-20.0024356669104,20.272279925848125,0.0,0.0,3.859602323963429,0.0,0.0,0.0,0.0,0.0,0.8720743975842993,0.0,0.0,0.0,0.0,0.232426540985875,0.0,0.0,0.0,0.0,0.021581002360160362
8.542713567839197,-3.600649523871624,-2.233898210413088,-2.233898210413088,0.0,0.0,0.0,0.0,0.0,0.0,0.0,-4.73913959209149,-4.3228467669909065,-4.322846766102728,0.0,0.0,0.0,0.0,0.0,-2.8100053368618205,0.0,-1.1373496082711654,-2.8100053368618205,0.0,0.0,0.0,0.0,0.0,-1.2834397220551352,-1.2834397220551352,0.0,-1.123625420457186,0.0,0.0,0.0,0.0,0.0,0.0,0.0,0.0,0.0,-18.5053758023912,0.0,0.0,18.81423451788322,0.0,0.0,0.0,0.0,0.0,0.0,-22.614711101986984,0.0,22.868902170181116,0.0,0.0,0.0,0.0,0.0,0.0,0.0,-20.56535073968746,20.844221987559308,0.0,0.0,3.9932796616071187,0.0,0.0,0.0,0.0,0.0,0.8078105553366299,0.0,0.0,0.0,0.0,0.22974397302644167,0.0,0.0,0.0,0.0,0.021141043957118022
8.643216080402011,-3.272096586570683,-1.9506067325814058,-1.9506067325814058,0.0,0.0,0.0,0.0,0.0,0.0,0.0,-4.790463506321174,-4.084162224859966,-4.084162223971788,0.0,0.0,0.0,0.0,0.0,-3.286719897133139,0.0,-1.859465687203965,-3.2867198980213175,0.0,0.0,0.0,0.0,0.0,-1.3354181579439128,-1.3354181590541359,0.0,-0.7056062744092984,0.0,0.0,0.0,0.0,0.0,0.0,0.0,0.0,0.0,-19.103866007341708,0.0,0.0,19.39161018604807,0.0,0.0,0.0,0.0,0.0,0.0,-23.20786150722398,0.0,23.443607924278353,0.0,0.0,0.0,0.0,0.0,0.0,0.0,-21.161039400752202,21.420196876675845,0.0,0.0,3.842838218304223,0.0,0.0,0.0,0.0,0.0,0.6812538231315557,0.0,0.0,0.0,0.0,0.2492850104812705,0.0,0.0,0.0,0.0,0.023815068361798808
8.743718592964825,-2.923531609688723,-1.716778876392766,-1.716778876392766,0.0,0.0,0.0,0.0,0.0,0.0,0.0,-4.702364023945194,-3.7571474211794964,-3.757147420291318,0.0,0.0,0.0,0.0,0.0,-3.73282543542075,0.0,-2.6376734920674494,-3.7328254345325718,0.0,0.0,0.0,0.0,0.0,-1.4552427429759263,-1.4552427429759263,0.0,-0.3844127813845688,0.0,0.0,0.0,0.0,0.0,0.0,0.0,0.0,0.0,-19.6755464383358,0.0,0.0,19.91869411632763,0.0,0.0,0.0,0.0,0.0,0.0,-23.764950629612258,0.0,23.96339621402177,0.0,0.0,0.0,0.0,0.0,0.0,0.0,-21.72478497630692,21.943313385897056,0.0,0.0,3.4564164774764095,0.0,0.0,0.0,0.0,0.0,0.5303648187293675,0.0,0.0,0.0,0.0,0.296828199602972,0.0,0.0,0.0,0.0,0.03081813310101822
8.84422110552764,-2.544124258152536,-1.5347293278455965,-1.5347293278455965,0.0,0.0,0.0,0.0,0.0,0.0,0.0,-4.510277440417099,-3.3840453688149807,-3.3840453679268023,0.0,0.0,0.0,0.0,0.0,-4.090619235341819,0.0,-3.367535267084776,-4.090619234453641,0.0,0.0,0.0,0.0,0.0,-1.6515664662541951,-1.651566468030552,0.0,-0.22190863013804574,0.0,0.0,0.0,0.0,0.0,0.0,0.0,0.0,0.0,-20.16738845478372,0.0,0.0,20.356548574351763,0.0,0.0,0.0,0.0,0.0,0.0,-24.237880931199385,0.0,24.391794800404654,0.0,0.0,0.0,0.0,0.0,0.0,0.0,-22.206264318924696,22.375986500122735,0.0,0.0,2.9359041864296387,0.0,0.0,0.0,0.0,0.0,0.38753285691583983,0.0,0.0,0.0,0.0,0.38374950614428194,0.0,0.0,0.0,0.0,0.04504931275239876
8.944723618090453,-2.129439242493092,-1.4056894617198168,-1.4056894617198168,0.0,0.0,0.0,0.0,0.0,0.0,0.0,-4.2513063704952,-3.001833480453797,-3.001833480009708,0.0,0.0,0.0,0.0,0.0,-4.3162258389628505,0.0,-3.9695547084939165,-4.3162258389628505,0.0,0.0,0.0,0.0,0.0,-1.931412568101365,-1.931412568101365,0.0,-0.2703490760147531,0.0,0.0,0.0,0.0,0.0,0.0,0.0,0.0,0.0,-20.55472592132901,0.0,0.0,20.692763938789938,0.0,0.0,0.0,0.0,0.0,0.0,-24.606654276837503,0.0,24.718728118600097,0.0,0.0,0.0,0.0,0.0,0.0,0.0,-22.583391392938523,22.707096675844696,0.0,0.0,2.3872328762664097,0.0,0.0,0.0,0.0,0.0,0.27049534212508775,0.0,0.0,0.0,0.0,0.5278383206630544,0.0,0.0,0.0,0.0,0.07204853574860337
9.045226130653267,-1.686683458179683,-1.330614377570427,-1.3306143787361613,0.0,0.0,0.0,0.0,0.0,0.0,0.0,-3.956840781249582,-2.6371412564785146,-2.6371412564785146,0.0,0.0,0.0,0.0,0.0,-4.388312445466336,0.0,-4.401485095915925,-4.388312446437781,0.0,0.0,0.0,0.0,0.0,-2.2942448256735304,-2.2942448256735304,0.0,-0.5562462872532592,0.0,0.0,0.0,0.0,0.0,0.0,0.0,0.0,0.0,-20.839677177253435,0.0,0.0,20.93601007757684,0.0,0.0,0.0,0.0,0.0,0.0,-24.87611278878532,0.0,24.954227885842784,0.0,0.0,0.0,0.0,0.0,0.0,0.0,-22.859801981356398,22.946072480989343,0.0,0.0,1.88446759130656,0.0,0.0,0.0,0.0,0.0,0.18340035778940944,0.0,0.0,0.0,0.0,0.7518638712733505,0.0,0.0,0.0,0.0,0.12075893729424081
9.145728643216081,-1.2378314367123,-1.3113358255795182,-1.3113358255795182,0.0,0.0,0.0,0.0,0.0,0.0,0.0,-3.6459860712767522,-2.306266943197244,-2.306266943197244,0.0,0.0,0.0,0.0,0.0,-4.308891842219609,0.0,-4.65367985369447,-4.308891843329832,0.0,0.0,0.0,0.0,0.0,-2.7245593416935776,-2.724559342581756,0.0,-1.066722455256297,0.0,0.0,0.0,0.0,0.0,0.0,0.0,0.0,0.0,-21.039615896167874,0.0,0.0,21.105076529082112,0.0,0.0,0.0,0.0,0.0,0.0,-25.064407774388897,0.0,25.117472470137514,0.0,0.0,0.0,0.0,0.0,0.0,0.0,-23.05331219720763,23.111924680518925,0.0,0.0,1.4633068734504207,0.0,0.0,0.0,0.0,0.0,0.12266727611454087,0.0,0.0,0.0,0.0,1.0773664217422763,0.0,0.0,0.0,0.0,0.2022501324194792
9.246231155778895,-0.8212877238289451,-1.351675194438684,-1.3516751956599293,0.0,0.0,0.0,0.0,0.0,0.0,0.0,-3.3232642078218078,-2.0182480544583825,-2.0182480544583825,0.0,0.0,0.0,0.0,0.0,-4.099688279080027,0.0,-4.7381315759764675,-4.0996882799682055,0.0,0.0,0.0,0.0,0.0,-3.187078821298428,-3.187078821298428,0.0,-1.7440818949054915,0.0,0.0,0.0,0.0,0.0,0.0,0.0,0.0,0.0,-21.176000354672375,0.0,0.0,21.220052837445103,0.0,0.0,0.0,0.0,0.0,0.0,-25.192629501069597,0.0,25.228367412699626,0.0,0.0,0.0,0.0,0.0,0.0,0.0,-23.185185276664022,23.224645299468882,0.0,0.0,1.1320720930685368,0.0,0.0,0.0,0.0,0.0,0.08220980673989686,0.0,0.0,0.0,0.0,1.5131761168518665,0.0,0.0,0.0,0.0,0.32372662017721154
9.34673366834171,-0.4900100012417141,-1.4579254472568692,-1.4579254472568692,0.0,0.0,0.0,0.0,0.0,0.0,0.0,-2.982122978778534,-1.778079804726218,-1.778079804726218,0.0,0.0,0.0,0.0,0.0,-3.796078302364947,0.0,-4.679967119614048,-3.7960783032531253,0.0,0.0,0.0,0.0,0.0,-3.629884065325939,-3.6298840662141174,0.0,-2.495774388933114,0.0,0.0,0.0,0.0,0.0,0.0,0.0,0.0,0.0,-21.268065830915006,0.0,0.0,21.2979530610502,0.0,0.0,0.0,0.0,0.0,0.0,-25.279243209164193,0.0,25.303541738019852,0.0,0.0,0.0,0.0,0.0,0.0,0.0,-23.27423509784765,23.301037688439052,0.0,0.0,0.8847185873905872,0.0,0.0,0.0,0.0,0.0,0.05621519838516775,0.0,0.0,0.0,0.0,2.043187584011008,0.0,0.0,0.0,0.0,0.4782756426457979
9.447236180904524,-0.30356000380038495,-1.6380683032224397,-1.6380683045547073,0.0,0.0,0.0,0.0,0.0,0.0,0.0,-2.6126714989249678,-1.5886198605485902,-1.5886198605485902,0.0,0.0,0.0,0.0,0.0,-3.4388025351717033,0.0,-4.512302619996689,-3.4388025360598817,0.0,0.0,0.0,0.0,0.0,-3.9966282430192734,-3.996628243907452,0.0,-3.219945653665235,0.0,0.0,0.0,0.0,0.0,0.0,0.0,0.0,0.0,-21.330719253698227,0.0,0.0,21.351591626528332,0.0,0.0,0.0,0.0,0.0,0.0,-25.33839063312282,0.0,25.35542731829654,0.0,0.0,0.0,0.0,0.0,0.0,0.0,-23.334947410469375,23.353705705941863,0.0,0.0,0.709602814896737,0.0,0.0,0.0,0.0,0.0,0.0400922068322096,0.0,0.0,0.0,0.0,2.620177901313525,0.0,0.0,0.0,0.0,0.6383829211920045
9.547738693467338,-0.3146772025175437,-1.8989988346262976,-1.8989988346262976,0.0,0.0,0.0,0.0,0.0,0.0,0.0,-2.209806719166707,-1.4514735895421182,-1.4514735895421182,0.0,0.0,0.0,0.0,0.0,-3.0652049440860196,0.0,-4.271063319905011,-3.065204944530109,0.0,0.0,0.0,0.0,0.0,-4.24165359635964,-4.24165359635964,0.0,-3.8337806174126854,0.0,0.0,0.0,0.0,0.0,0.0,0.0,0.0,0.0,-21.37463196882905,0.0,0.0,21.390008453359144,0.0,0.0,0.0,0.0,0.0,0.0,-25.380131252861204,0.0,25.392758097431134,0.0,0.0,0.0,0.0,0.0,0.0,0.0,-23.377655900769234,23.39152042030168,0.0,0.0,0.5944515307221288,0.0,0.0,0.0,0.0,0.0,0.030579291099286365,0.0,0.0,0.0,0.0,3.1681359287105693,0.0,0.0,0.0,0.0,0.7631424185916558
9.648241206030152,-0.5537490870288764,-2.241255384394236,-2.241255386170593,0.0,0.0,0.0,0.0,0.0,0.0,0.0,-1.778902330440424,-1.367770202653773,-1.367770202653773,0.0,0.0,0.0,0.0,0.0,-2.703467113285285,0.0,-3.9880844266981796,-2.703467113285285,0.0,0.0,0.0,0.0,0.0,-4.339893813182227,-4.339893812210782,0.0,-4.288814214159498,0.0,0.0,0.0,0.0,0.0,0.0,0.0,0.0,0.0,-21.407122785477295,0.0,0.0,21.419395540400732,0.0,0.0,0.0,0.0,0.0,0.0,-25.411349579618214,0.0,25.42150892531625,0.0,0.0,0.0,0.0,0.0,0.0,0.0,-23.409439096455653,23.42055368981244,0.0,0.0,0.5293420795304815,0.0,0.0,0.0,0.0,0.0,0.0255881810184988,0.0,0.0,0.0,0.0,3.5932103417124495,0.0,0.0,0.0,0.0,0.8174050387665943
9.748743718592966,-1.0150685394449965,-2.65209067507044,-2.65209067507044,0.0,0.0,0.0,0.0,0.0,0.0,0.0,-1.3391990674828638,-1.3392352894537143,-1.3392352894537143,0.0,0.0,0.0,0.0,0.0,-2.371650903221223,0.0,-3.6844700668225983,-2.371650903221223,0.0,0.0,0.0,0.0,0.0,-4.289076586783125,-4.2890765858949464,0.0,-4.569480137162074,0.0,0.0,0.0,0.0,0.0,0.0,0.0,0.0,0.0,-21.433181236457656,0.0,0.0,21.444070439552434,0.0,0.0,0.0,0.0,0.0,0.0,-25.436760874020248,0.0,25.44586026040352,0.0,0.0,0.0,0.0,0.0,0.0,0.0,-23.435133952864895,23.445046798770132,0.0,0.0,0.5087390475000397,0.0,0.0,0.0,0.0,0.0,0.024019870037417235,0.0,0.0,0.0,0.0,3.8071546084594843,0.0,0.0,0.0,0.0,0.7890261617404803
9.84924623115578,-1.6500387500784086,-3.1002993914341914,-3.10029939232237,0.0,0.0,0.0,0.0,0.0,0.0,0.0,-0.9256412116798174,-1.369287184305179,-1.3692871830839337,0.0,0.0,0.0,0.0,0.0,-2.080151785044393,0.0,-3.367518026209382,-2.080151785044393,0.0,0.0,0.0,0.0,0.0,-4.106914062607103,-4.106914061718925,0.0,-4.683415700146298,0.0,0.0,0.0,0.0,0.0,0.0,0.0,0.0,0.0,-21.456409488002095,0.0,0.0,21.467368915284446,0.0,0.0,0.0,0.0,0.0,0.0,-25.459835303831557,0.0,25.469081811058114,0.0,0.0,0.0,0.0,0.0,0.0,0.0,-23.45826600139156,23.46829716590171,0.0,0.0,0.5331414623388486,0.0,0.0,0.0,0.0,0.0,0.025673414283389207,0.0,0.0,0.0,0.0,3.762157836817437,0.0,0.0,0.0,0.0,0.6927026445779916
9.949748743718594,-2.3740565655572254,-3.5378127849483576,-3.537812784060179,0.0,0.0,0.0,0.0,0.0,0.0,0.0,-0.58765464827637,-1.4636048897287424,-1.4636048897287424,0.0,0.0,0.0,0.0,0.0,-1.8348251034083773,0.0,-3.0330827569535757,-1.8348251034083773,0.0,0.0,0.0,0.0,0.0,-3.8256187662177865,-3.825618765329608,0.0,-4.6526562096360635,0.0,0.0,0.0,0.0,0.0,0.0,0.0,0.0,0.0,-21.47987383316341,0.0,0.0,21.492509457710085,0.0,0.0,0.0,0.0,0.0,0.0,-25.483610898657805,0.0,25.494377978330096,0.0,0.0,0.0,0.0,0.0,0.0,0.0,-23.481894614096888,23.493519842099353,0.0,0.0,0.6108408271976451,0.0,0.0,0.0,0.0,0.0,0.03135245513208318,0.0,0.0,0.0,0.0,3.477082957559219,0.0,0.0,0.0,0.0,0.5598930377104239
10.050251256281408,-3.088756146851779,-3.9100615643050673,-3.9100615651932458,0.0,0.0,0.0,0.0,0.0,0.0,0.0,-0.38239983624066554,-1.629559586824314,-1.629559586824314,0.0,0.0,0.0,0.0,0.0,-1.6390724262294043,0.0,-2.672414654236732,-1.6390724262294043,0.0,0.0,0.0,0.0,0.0,-3.4842072373919564,-3.484207236947867,0.0,-4.508036626660328,0.0,0.0,0.0,0.0,0.0,0.0,0.0,0.0,0.0,-21.50699283054447,0.0,0.0,21.523607102003073,0.0,0.0,0.0,0.0,0.0,0.0,-25.511674169920173,0.0,25.525947773774593,0.0,0.0,0.0,0.0,0.0,0.0,0.0,-23.50951445356797,23.524867914570535,0.0,0.0,0.7600121042505847,0.0,0.0,0.0,0.0,0.0,0.04327237546064566,0.0,0.0,0.0,0.0,3.0299520754617504,0.0,0.0,0.0,0.0,0.42297230784527073
10.150753768844222,-3.7094852156638325,-4.170389405366848,-4.170389405366848,0.0,0.0,0.0,0.0,0.0,0.0,0.0,-0.362506716200528,-1.8738326414968753,-1.8738326414968753,0.0,0.0,0.0,0.0,0.0,-1.494872762686228,0.0,-2.28010360014963,-1.494872762686228,0.0,0.0,0.0,0.0,0.0,-3.119967669551471,-3.119967669107382,0.0,-4.284158388934145,0.0,0.0,0.0,0.0,0.0,0.0,0.0,0.0,0.0,-21.542726221901454,0.0,0.0,21.567140821576736,0.0,0.0,0.0,0.0,0.0,0.0,-25.549346217235147,0.0,25.57045080708864,0.0,0.0,0.0,0.0,0.0,0.0,0.0,-23.546280634723082,23.56891802191008,0.0,0.0,1.0103507727121652,0.0,0.0,0.0,0.0,0.0,0.06579492550784494,0.0,0.0,0.0,0.0,2.5194107173831526,0.0,0.0,0.0,0.0,0.30370383852229565
10.251256281407036,-4.182754165360514,-4.2907457361573975,-4.290745735213708,0.0,0.0,0.0,0.0,0.0,0.0,0.0,-0.5611968285634816,-2.197705147644058,-2.197705147644058,0.0,0.0,0.0,0.0,0.0,-1.4035565462089394,0.0,-1.8600888150865913,-1.4035565462089394,0.0,0.0,0.0,0.0,0.0,-2.7622289873185935,-2.7622289873185935,0.0,-4.012909860406921,0.0,0.0,0.0,0.0,0.0,0.0,0.0,0.0,0.0,-21.595442345923033,0.0,0.0,21.63420925982429,0.0,0.0,0.0,0.0,0.0,0.0,-25.605689426888567,0.0,25.639332788207625,0.0,0.0,0.0,0.0,0.0,0.0,0.0,-23.600932098966076,23.63695413032385,0.0,0.0,1.401588327398784,0.0,0.0,0.0,0.0,0.0,0.10614713485956884,0.0,0.0,0.0,0.0,2.02603330023976,0.0,0.0,0.0,0.0,0.21075555722838146
10.35175879396985,-4.487658724072752,-4.265121931301685,-4.2651219303024845,0.0,0.0,0.0,0.0,0.0,0.0,0.0,-0.9785927392869098,-2.590603394914126,-2.590603394914126,0.0,0.0,0.0,0.0,0.0,-1.3668104675845782,0.0,-1.4293183509955787,-1.3668104675845782,0.0,0.0,0.0,0.0,0.0,-2.43057448567896,-2.43057448567896,0.0,-3.716875296433386,0.0,0.0,0.0,0.0,0.0,0.0,0.0,0.0,0.0,-21.67982228473697,0.0,0.0,21.743610389979295,0.0,0.0,0.0,0.0,0.0,0.0,-25.696486136483898,0.0,25.75194230391986,0.0,0.0,0.0,0.0,0.0,0.0,0.0,-23.688739600125075,23.748069041928943,0.0,0.0,1.9745910084800755,0.0,0.0,0.0,0.0,0.0,0.17386124717688745,0.0,0.0,0.0,0.0,1.5965836910325493,0.0,0.0,0.0,0.0,0.14359086231152673
10.452261306532664,-4.627673486190531,-4.107579702594677,-4.1075797017064986,0.0,0.0,0.0,0.0,0.0,0.0,0.0,-1.5739516250334873,-3.0247659656978954,-3.0247659656978954,0.0,0.0,0.0,0.0,0.0,-1.3877471166656719,0.0,-1.0197465117878224,-1.3877471154444265,0.0,0.0,0.0,0.0,0.0,-2.136671578334415,-2.136671578334415,0.0,-3.4056898217116327,0.0,0.0,0.0,0.0,0.0,0.0,0.0,0.0,0.0,-21.820535611727365,0.0,0.0,21.924724121102912,0.0,0.0,0.0,0.0,0.0,0.0,-25.847769745901417,0.0,25.93834117625704,0.0,0.0,0.0,0.0,0.0,0.0,0.0,-23.835106909064763,23.93200976413823,0.0,0.0,2.7526997961047073,0.0,0.0,0.0,0.0,0.0,0.27674216385165096,0.0,0.0,0.0,0.0,1.2486627717356313,0.0,0.0,0.0,0.0,0.09754686547402969
10.552763819095478,-4.621835605789215,-3.8473167784935924,-3.847316777605414,0.0,0.0,0.0,0.0,0.0,0.0,0.0,-2.270093125922301,-3.455667981988597,-3.4556679828767756,0.0,0.0,0.0,0.0,0.0,-1.4715330654002656,0.0,-0.677607000731939,-1.4715330654002656,0.0,0.0,0.0,0.0,0.0,-1.887223093355317,-1.887223093355317,0.0,-3.0774319483839463,0.0,0.0,0.0,0.0,0.0,0.0,0.0,0.0,0.0,-22.054706842133953,0.0,0.0,22.21740779573267,0.0,0.0,0.0,0.0,0.0,0.0,-26.097647499057075,0.0,26.238878126250142,0.0,0.0,0.0,0.0,0.0,0.0,0.0,-24.077694848134712,24.22890179998305,0.0,0.0,3.718667460184122,0.0,0.0,0.0,0.0,0.0,0.41266347228230416,0.0,0.0,0.0,0.0,0.9821185654734776,0.0,0.0,0.0,0.0,0.06721554535182861
10.653266331658292,-4.498758952919957,-3.521509982729043,-3.5215099818408646,0.0,0.0,0.0,0.0,0.0,0.0,0.0,-2.972656427679965,-3.8307459999664673,-3.830745999078289,0.0,0.0,0.0,0.0,0.0,-1.6249919885247266,0.0,-0.4576663987787555,-1.6249919885247266,0.0,0.0,0.0,0.0,0.0,-1.6861714400295824,-1.6861714400295824,0.0,-2.7245998612812627,0.0,0.0,0.0,0.0,0.0,0.0,0.0,0.0,0.0,-22.429011896640816,0.0,0.0,22.665214262751476,0.0,0.0,0.0,0.0,0.0,0.0,-26.492244248998986,0.0,26.69683042633153,0.0,0.0,0.0,0.0,0.0,0.0,0.0,-24.46289527036072,24.682155943089867,0.0,0.0,4.799224487150866,0.0,0.0,0.0,0.0,0.0,0.5621472229933033,0.0,0.0,0.0,0.0,0.78849874729503,0.0,0.0,0.0,0.0,0.04794079000447482
10.753768844221106,-4.291640883113956,-3.1670710232134525,-3.167071022325274,0.0,0.0,0.0,0.0,0.0,0.0,0.0,-3.5963164846108953,-4.102953043982893,-4.102953043094715,0.0,0.0,0.0,0.0,0.0,-1.8545447946216598,0.0,-0.41202621492431035,-1.8545447946216598,0.0,0.0,0.0,0.0,0.0,-1.5358646039409507,-1.5358646039409507,0.0,-2.34175427338279,0.0,0.0,0.0,0.0,0.0,0.0,0.0,0.0,0.0,-22.987425556841856,0.0,0.0,23.300564160777526,0.0,0.0,0.0,0.0,0.0,0.0,-27.072423150364955,0.0,27.343062946272312,0.0,0.0,0.0,0.0,0.0,0.0,0.0,-25.033034272148313,25.323368512353284,0.0,0.0,5.865232107993279,0.0,0.0,0.0,0.0,0.0,0.690700291627877,0.0,0.0,0.0,0.0,0.6569280993629079,0.0,0.0,0.0,0.0,0.036229204192217423
10.85427135678392,-4.032138365861471,-2.8141284031946157,-2.8141284031946157,0.0,0.0,0.0,0.0,0.0,0.0,0.0,-4.083635200879954,-4.241903829638183,-4.241903828638982,0.0,0.0,0.0,0.0,0.0,-2.1619767314184912,0.0,-0.5759326779930518,-2.1619767314184912,0.0,0.0,0.0,0.0,0.0,-1.4378498116585092,-1.4378498116585092,0.0,-1.9317328547874268,0.0,0.0,0.0,0.0,0.0,0.0,0.0,0.0,0.0,-23.75040025981434,0.0,0.0,24.125845484945785,0.0,0.0,0.0,0.0,0.0,0.0,-27.853372490227457,0.0,28.177331603984612,0.0,0.0,0.0,0.0,0.0,0.0,0.0,-25.805708775195058,26.153499744552278,0.0,0.0,6.748354397956291,0.0,0.0,0.0,0.0,0.0,0.7632774892130101,0.0,0.0,0.0,0.0,0.5776470824447877,0.0,0.0,0.0,0.0,0.02972628071473693
10.954773869346734,-3.7438946134393802,-2.483548367848698,-2.483548367848698,0.0,0.0,0.0,0.0,0.0,0.0,0.0,-4.408988895088228,-4.238366722808529,-4.238366721809328,0.0,0.0,0.0,0.0,0.0,-2.5384301567399348,0.0,-0.9542339718393578,-2.5384301567399348,0.0,0.0,0.0,0.0,0.0,-1.3938242941491374,-1.3938242941491374,0.0,-1.5095646777318894,0.0,0.0,0.0,0.0,0.0,0.0,0.0,0.0,0.0,-24.6941026809111,0.0,0.0,25.099713090170894,0.0,0.0,0.0,0.0,0.0,0.0,-28.805905609274873,0.0,29.155614555520515,0.0,0.0,0.0,0.0,0.0,0.0,0.0,-26.7541906211477,27.129757059540793,0.0,0.0,7.278190894410841,0.0,0.0,0.0,0.0,0.0,0.76136970683649,0.0,0.0,0.0,0.0,0.5443505817770422,0.0,0.0,0.0,0.0,0.027078467967900366
11.055276381909549,-3.438486813500674,-2.188165105110329,-2.188165105110329,0.0,0.0,0.0,0.0,0.0,0.0,0.0,-4.5719372658847846,-4.103108098840735,-4.103108097952557,0.0,0.0,0.0,0.0,0.0,-2.9590475056906484,0.0,-1.5129336787822467,-2.9590475056906484,0.0,0.0,0.0,0.0,0.0,-1.4066725632644328,-1.4066725632644328,0.0,-1.1046193293950957,0.0,0.0,0.0,0.0,0.0,0.0,0.0,0.0,0.0,-25.744021366236325,0.0,0.0,26.139425637339286,0.0,0.0,0.0,0.0,0.0,0.0,-29.852991795920047,0.0,30.193910852460704,0.0,0.0,0.0,0.0,0.0,0.0,0.0,-27.802594917858414,28.168712411513752,0.0,0.0,7.341034432783999,0.0,0.0,0.0,0.0,0.0,0.690778602319142,0.0,0.0,0.0,0.0,0.5559483846617752,0.0,0.0,0.0,0.0,0.027834219651357017
11.155778894472363,-3.116009044568102,-1.935501512395632,-1.935501512395632,0.0,0.0,0.0,0.0,0.0,0.0,0.0,-4.588632298130335,-3.8624909928230977,-3.8624909919349193,0.0,0.0,0.0,0.0,0.0,-3.382514027094885,0.0,-2.1816658497542107,-3.3825140279830634,0.0,0.0,0.0,0.0,0.0,-1.4811352853083548,-1.4811352853083548,0.0,-0.7602640748061162,0.0,0.0,0.0,0.0,0.0,0.0,0.0,0.0,0.0,-26.79365162805425,0.0,0.0,27.143846475397027,0.0,0.0,0.0,0.0,0.0,0.0,-30.889787558052717,0.0,31.191914429129497,0.0,0.0,0.0,0.0,0.0,0.0,0.0,-28.84531211222452,29.16967671140469,0.0,0.0,6.934594471985633,0.0,0.0,0.0,0.0,0.0,0.5762387225161092,0.0,0.0,0.0,0.0,0.6182129022591631,0.0,0.0,0.0,0.0,0.0324925790717856
11.256281407035177,-2.7702425908771033,-1.7300321129010143,-1.7300321129010143,0.0,0.0,0.0,0.0,0.0,0.0,0.0,-4.485539690790574,-3.5518121150879267,-3.5518121141997483,0.0,0.0,0.0,0.0,0.0,-3.7583652501282927,0.0,-2.870312824754251,-3.758365251016471,0.0,0.0,0.0,0.0,0.0,-1.6235492075189484,-1.6235492075189484,0.0,-0.5289436424416039,0.0,0.0,0.0,0.0,0.0,0.0,0.0,0.0,0.0,-27.741893418031793,0.0,0.0,28.02715620120466,0.0,0.0,0.0,0.0,0.0,0.0,-31.819746216577016,0.0,32.06608277395162,0.0,0.0,0.0,0.0,0.0,0.0,0.0,-29.783707137021054,30.048063062615427,0.0,0.0,6.17361779564618,0.0,0.0,0.0,0.0,0.0,0.4480742150647643,0.0,0.0,0.0,0.0,0.7455847471637966,0.0,0.0,0.0,0.0,0.04279532883622039
11.35678391959799,-2.3959274542129094,-1.5744672208217736,-1.5744672208217736,0.0,0.0,0.0,0.0,0.0,0.0,0.0,-4.29442277427583,-3.2073757272321757,-3.2073757263439973,0.0,0.0,0.0,0.0,0.0,-4.039616285478331,0.0,-3.493754827665896,-4.039616284590153,0.0,0.0,0.0,0.0,0.0,-1.8400540344742922,-1.8400540344742922,0.0,-0.4619520144188982,0.0,0.0,0.0,0.0,0.0,0.0,0.0,0.0,0.0,-28.525723736017028,0.0,0.0,28.74297503652201,0.0,0.0,0.0,0.0,0.0,0.0,-32.58462901190029,0.0,32.77242784971435,0.0,0.0,0.0,0.0,0.0,0.0,0.0,-30.557341440307084,30.758783888806818,0.0,0.0,5.234229188744166,0.0,0.0,0.0,0.0,0.0,0.3299510495935465,0.0,0.0,0.0,0.0,0.9626717012434227,0.0,0.0,0.0,0.0,0.06230052829181432
11.457286432160805,-1.995078035998965,-1.4705782797053146,-1.4705782797053146,0.0,0.0,0.0,0.0,0.0,0.0,0.0,-4.0465024855329546,-2.8598152419512246,-2.8598152419512246,0.0,0.0,0.0,0.0,0.0,-4.194105236221546,0.0,-3.9915555182234996,-4.194105237109724,0.0,0.0,0.0,0.0,0.0,-2.1327657635517028,-2.1327657653280596,0.0,-0.595926051172313,0.0,0.0,0.0,0.0,0.0,0.0,0.0,0.0,0.0,-29.129024976981555,0.0,0.0,29.286539724004967,0.0,0.0,0.0,0.0,0.0,0.0,-33.171450763092025,0.0,33.30775279586362,0.0,0.0,0.0,0.0,0.0,0.0,0.0,-31.151783385752196,31.297918928530066,0.0,0.0,4.2800103354778685,0.0,0.0,0.0,0.0,0.0,0.23389122549843933,0.0,0.0,0.0,0.0,1.3034996899641271,0.0,0.0,0.0,0.0,0.09701289882535491
11.557788944723619,-1.5811204734095252,-1.4201084389542373,-1.4201084402309938,0.0,0.0,0.0,0.0,0.0,0.0,0.0,-3.7661413263556653,-2.531054414500744,-2.531054414500744,0.0,0.0,0.0,0.0,0.0,-4.209848179836939,0.0,-4.333989116034331,-4.209848180725118,0.0,0.0,0.0,0.0,0.0,-2.4941833154379367,-2.4941833154379367,0.0,-0.939530486743223,0.0,0.0,0.0,0.0,0.0,0.0,0.0,0.0,0.0,-29.569882376012657,0.0,0.0,29.68054721641522,0.0,0.0,0.0,0.0,0.0,0.0,-33.59948100234433,0.0,33.6953467114931,0.0,0.0,0.0,0.0,0.0,0.0,0.0,-31.585752618301655,31.688482339031765,0.0,0.0,3.4192428719492796,0.0,0.0,0.0,0.0,0.0,0.1621453309397225,0.0,0.0,0.0,0.0,1.805026263346221,0.0,0.0,0.0,0.0,0.15516190710052058
11.658291457286433,-1.1811904716552135,-1.4257760266866981,-1.4257760266866981,0.0,0.0,0.0,0.0,0.0,0.0,0.0,-3.4665110608678162,-2.2349794397413802,-2.2349794397413802,0.0,0.0,0.0,0.0,0.0,-4.094657978681582,0.0,-4.516986187308447,-4.09465797956976,0.0,0.0,0.0,0.0,0.0,-2.901893202178485,-2.901893202178485,0.0,-1.464542870088792,0.0,0.0,0.0,0.0,0.0,0.0,0.0,0.0,0.0,-29.88159463779283,0.0,0.0,29.95820561579876,0.0,0.0,0.0,0.0,0.0,0.0,-33.90193500063532,0.0,33.96837598002023,0.0,0.0,0.0,0.0,0.0,0.0,0.0,-31.89249266366545,31.963654743005776,0.0,0.0,2.7025906321753723,0.0,0.0,0.0,0.0,0.0,0.11164019753096,0.0,0.0,0.0,0.0,2.492226642836215,0.0,0.0,0.0,0.0,0.2443679663066689
11.758793969849247,-0.8360919332428551,-1.4919686215364436,-1.4919686215364436,0.0,0.0,0.0,0.0,0.0,0.0,0.0,-3.14950570023953,-1.9798932813230863,-1.9798932813230863,0.0,0.0,0.0,0.0,0.0,-3.872260407433714,0.0,-4.55394816967214,-3.8722604083218926,0.0,0.0,0.0,0.0,0.0,-3.317457732521234,-3.3174577316330556,0.0,-2.106778363319961,0.0,0.0,0.0,0.0,0.0,0.0,0.0,0.0,0.0,-30.098705976033813,0.0,0.0,30.151854326643246,0.0,0.0,0.0,0.0,0.0,0.0,-34.11268110253829,0.0,34.158841831111175,0.0,0.0,0.0,0.0,0.0,0.0,0.0,-32.10618799176501,32.15559527847134,0.0,0.0,2.140897169322642,0.0,0.0,0.0,0.0,0.0,0.07761136933126522,0.0,0.0,0.0,0.0,3.3576532252332925,0.0,0.0,0.0,0.0,0.3651036664109597
11.859296482412061,-0.5960585582887035,-1.6245925205105038,-1.6245925205105038,0.0,0.0,0.0,0.0,0.0,0.0,0.0,-2.8101757649778847,-1.7707882205009184,-1.7707882205009184,0.0,0.0,0.0,0.0,0.0,-3.576084298018145,0.0,-4.469276143836964,-3.5760842989063235,0.0,0.0,0.0,0.0,0.0,-3.69251402476678,-3.692514025210869,0.0,-2.7804097957329077,0.0,0.0,0.0,0.0,0.0,0.0,0.0,0.0,0.0,-30.25038984794115,0.0,0.0,30.288035673953217,0.0,0.0,0.0,0.0,0.0,0.0,-34.2601562495215,0.0,34.29291881573704,0.0,0.0,0.0,0.0,0.0,0.0,0.0,-32.25561386432929,32.290647625776714,0.0,0.0,1.7239112575229143,0.0,0.0,0.0,0.0,0.0,0.05552644566364506,0.0,0.0,0.0,0.0,4.34515395841828,0.0,0.0,0.0,0.0,0.5034617265309294
11.959798994974875,-0.5113927232791582,-1.8295008739066532,-1.8295008739066532,0.0,0.0,0.0,0.0,0.0,0.0,0.0,-2.443589487866049,-1.6107272535759165,-1.6107272535759165,0.0,0.0,0.0,0.0,0.0,-3.241662722697214,0.0,-4.293298575319682,-3.2416627235853923,0.0,0.0,0.0,0.0,0.0,-3.980471257047924,-3.9804712579361023,0.0,-3.4011716398829606,0.0,0.0,0.0,0.0,0.0,0.0,0.0,0.0,0.0,-30.358822721510137,0.0,0.0,30.38663907772854,0.0,0.0,0.0,0.0,0.0,0.0,-34.36590515060178,0.0,34.390180233101475,0.0,0.0,0.0,0.0,0.0,0.0,0.0,-32.36260644368105,32.38853088227689,0.0,0.0,1.4332582198850474,0.0,0.0,0.0,0.0,0.0,0.041789388949275974,0.0,0.0,0.0,0.0,5.346679748718941,0.0,0.0,0.0,0.0,0.6306718933757338
12.06030150753769,-0.6196312622996913,-2.1090146433699886,-2.1090146451463454,0.0,0.0,0.0,0.0,0.0,0.0,0.0,-2.051167517058694,-1.5017083776491802,-1.5017083776491802,0.0,0.0,0.0,0.0,0.0,-2.899892596719411,0.0,-4.056658001072577,-2.899892596719411,0.0,0.0,0.0,0.0,0.0,-4.147857166181268,-4.147857165071045,0.0,-3.9064383541287384,0.0,0.0,0.0,0.0,0.0,0.0,0.0,0.0,0.0,-30.439937471871126,0.0,0.0,30.461889843902412,0.0,0.0,0.0,0.0,0.0,0.0,-34.44538915398088,0.0,34.46461562572889,0.0,0.0,0.0,0.0,0.0,0.0,0.0,-32.442845552260735,32.46334382744909,0.0,0.0,1.250503830263483,0.0,0.0,0.0,0.0,0.0,0.033865446891212514,0.0,0.0,0.0,0.0,6.214604240994959,0.0,0.0,0.0,0.0,0.7136271715779685
12.160804020100503,-0.9325072509724919,-2.456705550102356,-2.456705550102356,0.0,0.0,0.0,0.0,0.0,0.0,0.0,-1.645003470718276,-1.4455459182438624,-1.4455459182438624,0.0,0.0,0.0,0.0,0.0,-2.5735492363843093,0.0,-3.7841664206617054,-2.5735492363843093,0.0,0.0,0.0,0.0,0.0,-4.180361399153121,-4.180361398209431,0.0,-4.26297526529007,0.0,0.0,0.0,0.0,0.0,0.0,0.0,0.0,0.0,-30.504981741952264,0.0,0.0,30.523922479375187,0.0,0.0,0.0,0.0,0.0,0.0,-34.50953904704512,0.0,34.526201317941485,0.0,0.0,0.0,0.0,0.0,0.0,0.0,-32.50740991633805,32.52513674079083,0.0,0.0,1.1624175436653061,0.0,0.0,0.0,0.0,0.0,0.03020617089788402,0.0,0.0,0.0,0.0,6.791525446914193,0.0,0.0,0.0,0.0,0.7305357723197403
12.261306532663317,-1.4267272252510566,-2.852217008353364,-2.852217008353364,0.0,0.0,0.0,0.0,0.0,0.0,0.0,-1.2503014880094199,-1.4448407184008971,-1.4448407184008971,0.0,0.0,0.0,0.0,0.0,-2.277451494059335,0.0,-3.4902885537313466,-2.277451494059335,0.0,0.0,0.0,0.0,0.0,-4.083167558288636,-4.083167557400458,0.0,-4.4633938420801655,0.0,0.0,0.0,0.0,0.0,0.0,0.0,0.0,0.0,-30.562200801886874,0.0,0.0,30.580422278103647,0.0,0.0,0.0,0.0,0.0,0.0,-34.566443948169656,0.0,34.582544037653484,0.0,0.0,0.0,0.0,0.0,0.0,0.0,-32.56445234467442,32.58154822427528,0.0,0.0,1.1647770322698037,0.0,0.0,0.0,0.0,0.0,0.030161984798660058,0.0,0.0,0.0,0.0,6.959091017222363,0.0,0.0,0.0,0.0,0.6807561998556366
12.361809045226131,-2.043665796591654,-3.259671602418024,-3.259671602418024,0.0,0.0,0.0,0.0,0.0,0.0,0.0,-0.9055784566669445,-1.5036884138952544,-1.5036884138952544,0.0,0.0,0.0,0.0,0.0,-2.0206331758920726,0.0,-3.1785064069644875,-2.0206331758920726,0.0,0.0,0.0,0.0,0.0,-3.877567454235731,-3.8775674533475524,0.0,-4.518495926753019,0.0,0.0,0.0,0.0,0.0,0.0,0.0,0.0,0.0,-30.61846754137676,0.0,0.0,30.638247763947746,0.0,0.0,0.0,0.0,0.0,0.0,-34.62290091849063,0.0,34.64046463919068,0.0,0.0,0.0,0.0,0.0,0.0,0.0,-32.620817662532,32.63942299946976,0.0,0.0,1.265619078649749,0.0,0.0,0.0,0.0,0.0,0.03399958070637865,0.0,0.0,0.0,0.0,6.689338567511527,0.0,0.0,0.0,0.0,0.583012793597959
12.462311557788945,-2.7017036288157215,-3.63275070114355,-3.6327507002553716,0.0,0.0,0.0,0.0,0.0,0.0,0.0,-0.658988907442648,-1.6276160297312714,-1.6276160297312714,0.0,0.0,0.0,0.0,0.0,-1.8085851980487178,0.0,-2.8450927447298824,-1.8085851980487178,0.0,0.0,0.0,0.0,0.0,-3.5951706505166214,-3.595170649628443,0.0,-4.45070903420941,0.0,0.0,0.0,0.0,0.0,0.0,0.0,0.0,0.0,-30.68097049396812,0.0,0.0,30.705217308413246,0.0,0.0,0.0,0.0,0.0,0.0,-34.686219503532456,0.0,34.70784175352293,0.0,0.0,0.0,0.0,0.0,0.0,0.0,-32.68374672404928,32.706605366250585,0.0,0.0,1.488506763958064,0.0,0.0,0.0,0.0,0.0,0.04311772872078734,0.0,0.0,0.0,0.0,6.0616930896983945,0.0,0.0,0.0,0.0,0.46468486569750667
12.56281407035176,-3.3178911866826866,-3.9254916739395185,-3.9254916734954293,0.0,0.0,0.0,0.0,0.0,0.0,0.0,-0.5597337575657946,-1.8221952879926562,-1.8221952879926562,0.0,0.0,0.0,0.0,0.0,-1.6447115553930303,0.0,-2.4855464106909864,-1.6447115553930303,0.0,0.0,0.0,0.0,0.0,-3.270630627216775,-3.270630626772686,0.0,-4.288949212227777,0.0,0.0,0.0,0.0,0.0,0.0,0.0,0.0,0.0,-30.759324050277925,0.0,0.0,30.792464925877283,0.0,0.0,0.0,0.0,0.0,0.0,-34.76628723908526,0.0,34.79594670774411,0.0,0.0,0.0,0.0,0.0,0.0,0.0,-32.76300039622981,32.79430327429722,0.0,0.0,1.8752549231226823,0.0,0.0,0.0,0.0,0.0,0.06050409351310293,0.0,0.0,0.0,0.0,5.225748021864263,0.0,0.0,0.0,0.0,0.34986016661520125
12.663316582914574,-3.8280922396438655,-4.10349797186349,-4.103497970975312,0.0,0.0,0.0,0.0,0.0,0.0,0.0,-0.6458687575872091,-2.089860192455717,-2.089860192455717,0.0,0.0,0.0,0.0,0.0,-1.5312351048235584,0.0,-2.1008814515832697,-1.5312351048235584,0.0,0.0,0.0,0.0,0.0,-2.934912271435053,-2.934912271435053,0.0,-4.063183705493856,0.0,0.0,0.0,0.0,0.0,0.0,0.0,0.0,0.0,-30.868616966106543,0.0,0.0,30.917853355072467,0.0,0.0,0.0,0.0,0.0,0.0,-34.87873316321277,0.0,34.922911393620026,0.0,0.0,0.0,0.0,0.0,0.0,0.0,-32.873950898126836,32.920520263601816,0.0,0.0,2.4851731390551635,0.0,0.0,0.0,0.0,0.0,0.09127497047067834,0.0,0.0,0.0,0.0,4.336604278343259,0.0,0.0,0.0,0.0,0.2528048330674437
12.763819095477388,-4.1961164432835485,-4.150513128547972,-4.150513127632038,0.0,0.0,0.0,0.0,0.0,0.0,0.0,-0.9315786750896393,-2.4250304688777646,-2.4250304688777646,0.0,0.0,0.0,0.0,0.0,-1.4700587183669178,0.0,-1.7020895820007986,-1.4700587183669178,0.0,0.0,0.0,0.0,0.0,-2.6114580178315805,-2.6114580178315805,0.0,-3.7984606318097747,0.0,0.0,0.0,0.0,0.0,0.0,0.0,0.0,0.0,-31.033842001981782,0.0,0.0,31.110614558738092,0.0,0.0,0.0,0.0,0.0,0.0,-35.049400435749334,0.0,35.118393715727336,0.0,0.0,0.0,0.0,0.0,0.0,0.0,-33.04203821530294,33.114712607584806,0.0,0.0,3.385101480013475,0.0,0.0,0.0,0.0,0.0,0.14261053138397983,0.0,0.0,0.0,0.0,3.5079090552336822,0.0,0.0,0.0,0.0,0.17809394181611538
12.864321608040202,-4.411575526219735,-4.069394525352266,-4.069394524464087,0.0,0.0,0.0,0.0,0.0,0.0,0.0,-1.397769084032774,-2.809081427024296,-2.8090814283565635,0.0,0.0,0.0,0.0,0.0,-1.463704048437764,0.0,-1.3127048037742117,-1.463704048437764,0.0,0.0,0.0,0.0,0.0,-2.3159011828255416,-2.3159011828255416,0.0,-3.5102793178865,0.0,0.0,0.0,0.0,0.0,0.0,0.0,0.0,0.0,-31.295271744724573,0.0,0.0,31.416085200408617,0.0,0.0,0.0,0.0,0.0,0.0,-35.319615451001596,0.0,35.42825699254237,0.0,0.0,0.0,0.0,0.0,0.0,0.0,-33.308089528727436,33.422494034152095,0.0,0.0,4.624935831643029,0.0,0.0,0.0,0.0,0.0,0.22166288715652627,0.0,0.0,0.0,0.0,2.800596663909971,0.0,0.0,0.0,0.0,0.12421100459292234
12.964824120603016,-4.48283596732324,-3.879203450907198,-3.87920345001902,0.0,0.0,0.0,0.0,0.0,0.0,0.0,-1.9907821209308452,-3.2084021053258027,-3.2084021053258027,0.0,0.0,0.0,0.0,0.0,-1.516025957548628,0.0,-0.9692073229539133,-1.5160259588808955,0.0,0.0,0.0,0.0,0.0,-2.057950956313448,-2.057950956313448,0.0,-3.2035084700510197,0.0,0.0,0.0,0.0,0.0,0.0,0.0,0.0,0.0,-31.712073814915698,0.0,0.0,31.896922120466797,0.0,0.0,0.0,0.0,0.0,0.0,-35.74929382654801,0.0,35.91553220694266,0.0,0.0,0.0,0.0,0.0,0.0,0.0,-33.73167686149259,33.90672371139658,0.0,0.0,6.201560561969188,0.0,0.0,0.0,0.0,0.0,0.33026790990930976,0.0,0.0,0.0,0.0,2.2348083696943633,0.0,0.0,0.0,0.0,0.08715755983601525
13.06532663316583,-4.430450182724144,-3.609804077875367,-3.6098040769871886,0.0,0.0,0.0,0.0,0.0,0.0,0.0,-2.6330381990291585,-3.5786228083090066,-3.578622809197185,0.0,0.0,0.0,0.0,0.0,-1.632218218139414,0.0,-0.7178148757613911,-1.632218218139414,0.0,0.0,0.0,0.0,0.0,-1.8435733624144746,-1.8435733624144746,0.0,-2.8755746113162672,0.0,0.0,0.0,0.0,0.0,0.0,0.0,0.0,0.0,-32.35844040183622,0.0,0.0,32.625134855024385,0.0,0.0,0.0,0.0,0.0,0.0,-36.412222865322974,0.0,36.65202610925178,0.0,0.0,0.0,0.0,0.0,0.0,0.0,-34.38676761646775,34.63929847313807,0.0,0.0,8.026564673357939,0.0,0.0,0.0,0.0,0.0,0.4582978050393649,0.0,0.0,0.0,0.0,1.8068502387613705,0.0,0.0,0.0,0.0,0.06265868468524616
13.165829145728644,-4.281958279062081,-3.294903384354342,-3.2949033839102526,0.0,0.0,0.0,0.0,0.0,0.0,0.0,-3.2432210632649117,-3.874569327599886,-3.8745693267117076,0.0,0.0,0.0,0.0,0.0,-1.8175811837828348,0.0,-0.6065669766464055,-1.8175811837828348,0.0,0.0,0.0,0.0,0.0,-1.676500225755717,-1.676500225755717,0.0,-2.5224741619922497,0.0,0.0,0.0,0.0,0.0,0.0,0.0,0.0,0.0,-33.30610976526316,0.0,0.0,33.661218965974626,0.0,0.0,0.0,0.0,0.0,0.0,-37.37765220179767,0.0,37.69699020850226,0.0,0.0,0.0,0.0,0.0,0.0,0.0,-35.34379512970531,35.68006165899362,0.0,0.0,9.915466257837124,0.0,0.0,0.0,0.0,0.0,0.5816614869758041,0.0,0.0,0.0,0.0,1.5023711456008115,0.0,0.0,0.0,0.0,0.047120604085293394
13.266331658291458,-4.066590313822616,-2.965378431252219,-2.965378431252219,0.0,0.0,0.0,0.0,0.0,0.0,0.0,-3.756245075869913,-4.0612372975701305,-4.061237296681952,0.0,0.0,0.0,0.0,0.0,-2.0745951516687455,0.0,-0.6737440640947057,-2.0745951498923887,0.0,0.0,0.0,0.0,0.0,-1.5591743299792071,-1.5591743299792071,0.0,-2.144965386308151,0.0,0.0,0.0,0.0,0.0,0.0,0.0,0.0,0.0,-34.5933363217199,0.0,0.0,35.02421534129496,0.0,0.0,0.0,0.0,0.0,0.0,-38.67956722025667,0.0,39.06733078551383,0.0,0.0,0.0,0.0,0.0,0.0,0.0,-36.63875122050797,37.04692278816424,0.0,0.0,11.605805772418876,0.0,0.0,0.0,0.0,0.0,0.6698462016174744,0.0,0.0,0.0,0.0,1.304955267733554,0.0,0.0,0.0,0.0,0.03790391145397365
13.366834170854272,-3.8094628647122875,-2.645176425453144,-2.645176425453144,0.0,0.0,0.0,0.0,0.0,0.0,0.0,-4.133468094517923,-4.120759628134518,-4.120759627218584,0.0,0.0,0.0,0.0,0.0,-2.398349386201204,0.0,-0.9354746501877287,-2.398349386201204,0.0,0.0,0.0,0.0,0.0,-1.493598453028433,-1.493598453028433,0.0,-1.7531339586707162,0.0,0.0,0.0,0.0,0.0,0.0,0.0,0.0,0.0,-36.19202832183532,0.0,0.0,36.66591267759145,0.0,0.0,0.0,0.0,0.0,0.0,-40.285576947241,0.0,40.71268698169206,0.0,0.0,0.0,0.0,0.0,0.0,0.0,-38.24126920193294,38.69053311333914,0.0,0.0,12.806713975521689,0.0,0.0,0.0,0.0,0.0,0.6997321762014508,0.0,0.0,0.0,0.0,1.2017484033455261,0.0,0.0,0.0,0.0,0.03331973708053937
13.467336683417086,-3.5268896856344156,-2.350631876257836,-2.350631876257836,0.0,0.0,0.0,0.0,0.0,0.0,0.0,-4.361819494480557,-4.0539483545654065,-4.053948353677228,0.0,0.0,0.0,0.0,0.0,-2.7716765793606157,0.0,-1.3762312387477493,-2.7716765784724373,0.0,0.0,0.0,0.0,0.0,-1.4822452067408953,-1.4822452067408953,0.0,-1.369071643331221,0.0,0.0,0.0,0.0,0.0,0.0,0.0,0.0,0.0,-37.99409007498866,0.0,0.0,38.46677473973159,0.0,0.0,0.0,0.0,0.0,0.0,-42.08559022700342,0.0,42.512524839111165,0.0,0.0,0.0,0.0,0.0,0.0,0.0,-40.042206684631765,40.49083305446288,0.0,0.0,13.282097700795248,0.0,0.0,0.0,0.0,0.0,0.6662460307893525,0.0,0.0,0.0,0.0,1.187436401872688,0.0,0.0,0.0,0.0,0.03256568104070823
13.5678391959799,-3.224940924972941,-2.0920703875937363,-2.0920703875937363,0.0,0.0,0.0,0.0,0.0,0.0,0.0,-4.4474035538755174,-3.8778322246635355,-3.877832223775357,0.0,0.0,0.0,0.0,0.0,-3.1629669265953453,0.0,-1.9467764174052604,-3.1629669265953453,0.0,0.0,0.0,0.0,0.0,-1.5287711753186883,-1.5287711753186883,0.0,-1.027445961754303,0.0,0.0,0.0,0.0,0.0,0.0,0.0,0.0,0.0,-39.83396920759219,0.0,0.0,40.26410396207325,0.0,0.0,0.0,0.0,0.0,0.0,-43.9153575868545,0.0,44.304798176852955,0.0,0.0,0.0,0.0,0.0,0.0,0.0,-41.87671758515421,42.28547816254036,0.0,0.0,12.944763259525871,0.0,0.0,0.0,0.0,0.0,0.5831322305027697,0.0,0.0,0.0,0.0,1.2674479895613544,0.0,0.0,0.0,0.0,0.035729542657847446
13.668341708542714,-2.9021157725850344,-1.8759059725592664,-1.8759059725592664,0.0,0.0,0.0,0.0,0.0,0.0,0.0,-4.408999826122084,-3.6206186622145253,-3.620618661770436,0.0,0.0,0.0,0.0,0.0,-3.529684167613567,0.0,-2.5733526420879116,-3.5296841680576563,0.0,0.0,0.0,0.0,0.0,-1.6380773313340313,-1.6380773313340313,0.0,-0.7726802966345758,0.0,0.0,0.0,0.0,0.0,0.0,0.0,0.0,0.0,-41.54205863038385,0.0,0.0,41.90297334183413,0.0,0.0,0.0,0.0,0.0,0.0,-45.60880932658051,0.0,45.936348712416475,0.0,0.0,0.0,0.0,0.0,0.0,0.0,-43.57707578606096,43.92048193224696,0.0,0.0,11.901773333988785,0.0,0.0,0.0,0.0,0.0,0.4746225368279511,0.0,0.0,0.0,0.0,1.4609353572447858,0.0,0.0,0.0,0.0,0.043954485495767415
13.768844221105528,-2.554946354704768,-1.706183122340832,-1.706183122340832,0.0,0.0,0.0,0.0,0.0,0.0,0.0,-4.272821875428434,-3.315035281392653,-3.3150352805044747,0.0,0.0,0.0,0.0,0.0,-3.827543830325908,0.0,-3.1764782639776,-3.8275438294377295,0.0,0.0,0.0,0.0,0.0,-1.8152064780174726,-1.8152064797938294,0.0,-0.6516323605154639,0.0,0.0,0.0,0.0,0.0,0.0,0.0,0.0,0.0,-42.998388822823586,0.0,0.0,43.28166573230874,0.0,0.0,0.0,0.0,0.0,0.0,-47.04972245406225,0.0,47.30733257218844,0.0,0.0,0.0,0.0,0.0,0.0,0.0,-45.02528786964888,45.295115270960196,0.0,0.0,10.406452513933573,0.0,0.0,0.0,0.0,0.0,0.3643044408363494,0.0,0.0,0.0,0.0,1.8032017299329794,0.0,0.0,0.0,0.0,0.059810591812592406
13.869346733668342,-2.1840560351371607,-1.5855579541534937,-1.5855579541534937,0.0,0.0,0.0,0.0,0.0,0.0,0.0,-4.067324828493923,-2.9917485475650096,-2.9917485475650096,0.0,0.0,0.0,0.0,0.0,-4.0211905794063085,0.0,-3.6905762672567732,-4.021190580294487,0.0,0.0,0.0,0.0,0.0,-2.0626361538766957,-2.0626361538766957,0.0,-0.7025798067772371,0.0,0.0,0.0,0.0,0.0,0.0,0.0,0.0,0.0,-44.15572763605269,0.0,0.0,44.3671545085067,0.0,0.0,0.0,0.0,0.0,0.0,-48.193386723127674,0.0,48.38598404788286,0.0,0.0,0.0,0.0,0.0,0.0,0.0,-46.175442703244585,46.37701204046607,0.0,0.0,8.747899030936424,0.0,0.0,0.0,0.0,0.0,0.2677782298121656,0.0,0.0,0.0,0.0,2.3453272470774778,0.0,0.0,0.0,0.0,0.087754193023315
13.969849246231156,-1.798790976947906,-1.5161400195307095,-1.5161400195307095,0.0,0.0,0.0,0.0,0.0,0.0,0.0,-3.8175633374493145,-2.675070148505654,-2.675070148505654,0.0,0.0,0.0,0.0,0.0,-4.0914397893832,0.0,-4.075002849962539,-4.091439790299134,0.0,0.0,0.0,0.0,0.0,-2.3759822509461515,-2.3759822509461515,0.0,-0.9431756691213877,0.0,0.0,0.0,0.0,0.0,0.0,0.0,0.0,0.0,-45.02808812389958,0.0,0.0,45.180663302168966,0.0,0.0,0.0,0.0,0.0,0.0,-49.05488281092829,0.0,49.1940606410779,0.0,0.0,0.0,0.0,0.0,0.0,0.0,-47.042104911021454,47.187671693649236,0.0,0.0,7.15598285161434,0.0,0.0,0.0,0.0,0.0,0.1914280272075075,0.0,0.0,0.0,0.0,3.1463497807138197,0.0,0.0,0.0,0.0,0.13413112753823953
14.07035175879397,-1.4199980358370334,-1.5003760040349645,-1.5003760053672321,0.0,0.0,0.0,0.0,0.0,0.0,0.0,-3.5404798901517154,-2.381928525085897,-2.381928525085897,0.0,0.0,0.0,0.0,0.0,-4.037316501559474,0.0,-4.314315350084641,-4.037316502447652,0.0,0.0,0.0,0.0,0.0,-2.7393053398938605,-2.739305340782039,0.0,-1.3609162090588711,0.0,0.0,0.0,0.0,0.0,0.0,0.0,0.0,0.0,-45.66304988085079,0.0,0.0,45.77124650584352,0.0,0.0,0.0,0.0,0.0,0.0,-49.68182011566569,0.0,49.78063161686919,0.0,0.0,0.0,0.0,0.0,0.0,0.0,-47.67286304030449,47.776153082601525,0.0,0.0,5.7665380932547805,0.0,0.0,0.0,0.0,0.0,0.13514070307252268,0.0,0.0,0.0,0.0,4.253185013070038,0.0,0.0,0.0,0.0,0.20555182311809972
14.170854271356784,-1.0807332287976479,-1.5417598170364144,-1.5417598170364144,0.0,0.0,0.0,0.0,0.0,0.0,0.0,-3.243176655232105,-2.1232057454412256,-2.1232057454412256,0.0,0.0,0.0,0.0,0.0,-3.8740068495357605,0.0,-4.412531831921029,-3.874006850423939,0.0,0.0,0.0,0.0,0.0,-3.1227573140668596,-3.1227573153991273,0.0,-1.9104811923575937,0.0,0.0,0.0,0.0,0.0,0.0,0.0,0.0,0.0,-46.11724568759357,0.0,0.0,46.19386605630993,0.0,0.0,0.0,0.0,0.0,0.0,-50.13039189671886,0.0,50.20043915626715,0.0,0.0,0.0,0.0,0.0,0.0,0.0,-48.12411467636224,48.19730054839155,0.0,0.0,4.634745629505943,0.0,0.0,0.0,0.0,0.0,0.09571417081133404,0.0,0.0,0.0,0.0,5.669524174578555,0.0,0.0,0.0,0.0,0.30451921695373585
14.271356783919598,-0.8237655557685741,-1.644935153644056,-1.644935153644056,0.0,0.0,0.0,0.0,0.0,0.0,0.0,-2.9251393158791217,-1.9057340645556309,-1.9057340645556309,0.0,0.0,0.0,0.0,0.0,-3.628160182511664,0.0,-4.386766526032204,-3.6281601833998423,0.0,0.0,0.0,0.0,0.0,-3.4855100068398315,-3.485510005951653,0.0,-2.5216902304059374,0.0,0.0,0.0,0.0,0.0,0.0,0.0,0.0,0.0,-46.442213045061465,0.0,0.0,46.4973558429449,0.0,0.0,0.0,0.0,0.0,0.0,-50.45156148764107,0.0,50.50203005918519,0.0,0.0,0.0,0.0,0.0,0.0,0.0,-48.44709499929323,48.49979681775807,0.0,0.0,3.764658173643909,0.0,0.0,0.0,0.0,0.0,0.06921287498684592,0.0,0.0,0.0,0.0,7.325650978273757,0.0,0.0,0.0,0.0,0.4234469432873311
14.371859296482413,-0.6947737940521392,-1.814702107250099,-1.814702109026456,0.0,0.0,0.0,0.0,0.0,0.0,0.0,-2.583451754079036,-1.7338544553435753,-1.7338544553435753,0.0,0.0,0.0,0.0,0.0,-3.3315141214629307,0.0,-4.261959072771049,-3.33151412190702,0.0,0.0,0.0,0.0,0.0,-3.7842277240685007,-3.7842277231803223,0.0,-3.1170130108115757,0.0,0.0,0.0,0.0,0.0,0.0,0.0,0.0,0.0,-46.67925652901417,0.0,0.0,46.720387037568756,0.0,0.0,0.0,0.0,0.0,0.0,-50.68613188807802,0.0,50.72382471227321,0.0,0.0,0.0,0.0,0.0,0.0,0.0,-48.68284477677065,48.722181159144284,0.0,0.0,3.135057598413482,0.0,0.0,0.0,0.0,0.0,0.052124021321375835,0.0,0.0,0.0,0.0,9.065396167073914,0.0,0.0,0.0,0.0,0.5419157709241063
14.472361809045227,-0.7318647305964987,-2.0535007996258514,-2.0535007996258514,0.0,0.0,0.0,0.0,0.0,0.0,0.0,-2.2186973760440765,-1.6104283209195103,-1.6104283209195103,0.0,0.0,0.0,0.0,0.0,-3.0144338114546088,0.0,-4.065775345285516,-3.0144338114546088,0.0,0.0,0.0,0.0,0.0,-3.9834059242238595,-3.983405923335681,0.0,-3.6307419641889993,0.0,0.0,0.0,0.0,0.0,0.0,0.0,0.0,0.0,-46.85928275027784,0.0,0.0,46.89176778915893,0.0,0.0,0.0,0.0,0.0,0.0,-50.86462093895072,0.0,50.89443687844586,0.0,0.0,0.0,0.0,0.0,0.0,0.0,-48.86206673004878,48.89315977640862,0.0,0.0,2.7172616567927577,0.0,0.0,0.0,0.0,0.0,0.041766126113174096,0.0,0.0,0.0,0.0,10.658964278320582,0.0,0.0,0.0,0.0,0.6320678416216197
14.57286432160804,-0.9538642311568424,-2.3573578156188546,-2.3573578156188546,0.0,0.0,0.0,0.0,0.0,0.0,0.0,-1.8396261489139754,-1.5376749870621431,-1.5376749870621431,0.0,0.0,0.0,0.0,0.0,-2.701472614941025,0.0,-3.823106605072013,-2.701472614941025,0.0,0.0,0.0,0.0,0.0,-4.062802561405343,-4.062802560517165,0.0,-4.020638924018272,0.0,0.0,0.0,0.0,0.0,0.0,0.0,0.0,0.0,-47.00484360609103,0.0,0.0,47.032599315599555,0.0,0.0,0.0,0.0,0.0,0.0,-51.00931407264753,0.0,51.03483454371727,0.0,0.0,0.0,0.0,0.0,0.0,0.0,-49.007172984838476,49.03376400222648,0.0,0.0,2.486949462587873,0.0,0.0,0.0,0.0,0.0,0.036357469479497695,0.0,0.0,0.0,0.0,11.844087985934948,0.0,0.0,0.0,0.0,0.6706210058382567
14.673366834170855,-1.3508240472859256,-2.7113673115586323,-2.7113673115586323,0.0,0.0,0.0,0.0,0.0,0.0,0.0,-1.4660116133546897,-1.5180333954312175,-1.5180333954312175,0.0,0.0,0.0,0.0,0.0,-2.410055032431302,0.0,-3.5513671665654556,-2.410055032431302,0.0,0.0,0.0,0.0,0.0,-4.019888791173543,-4.019888790285364,0.0,-4.269179288085567,0.0,0.0,0.0,0.0,0.0,0.0,0.0,0.0,0.0,-47.13286324298238,0.0,0.0,47.15899939888857,0.0,0.0,0.0,0.0,0.0,0.0,-51.136975698140574,0.0,51.16105562108508,0.0,0.0,0.0,0.0,0.0,0.0,0.0,-49.135004276390504,49.16006991306787,0.0,0.0,2.4324472702730304,0.0,0.0,0.0,0.0,0.0,0.034981946894774296,0.0,0.0,0.0,0.0,12.396527750979658,0.0,0.0,0.0,0.0,0.6495941669015792
14.773869346733669,-1.8808851471874277,-3.0872305405438283,-3.087230541876096,0.0,0.0,0.0,0.0,0.0,0.0,0.0,-1.1294776313119925,-1.5548639242801698,-1.5548639229479022,0.0,0.0,0.0,0.0,0.0,-2.1515591384080324,0.0,-3.258539462258625,-2.1515591384080324,0.0,0.0,0.0,0.0,0.0,-3.8681896463721444,-3.868189645483966,0.0,-4.378474753208295,0.0,0.0,0.0,0.0,0.0,0.0,0.0,0.0,0.0,-47.25750878309398,0.0,0.0,47.2849677866094,0.0,0.0,0.0,0.0,0.0,0.0,-51.261727446183514,0.0,51.28707711299363,0.0,0.0,0.0,0.0,0.0,0.0,0.0,-49.259702833204244,49.28606480913977,0.0,0.0,2.5611433447370047,0.0,0.0,0.0,0.0,0.0,0.037590418333621756,0.0,0.0,0.0,0.0,12.213562403218248,0.0,0.0,0.0,0.0,0.5787930064116154
14.874371859296483,-2.4771869076012365,-3.4456984208119934,-3.445698419923815,0.0,0.0,0.0,0.0,0.0,0.0,0.0,-0.8712724699488916,-1.6525841906034344,-1.6525841906034344,0.0,0.0,0.0,0.0,0.0,-1.9332048737386032,0.0,-2.9450073826264855,-1.9332048737386032,0.0,0.0,0.0,0.0,0.0,-3.6328982160327428,-3.6328982151445643,0.0,-4.364080041785456,0.0,0.0,0.0,0.0,0.0,0.0,0.0,0.0,0.0,-47.393246739968475,0.0,0.0,47.42552629299901,0.0,0.0,0.0,0.0,0.0,0.0,-51.398090135323926,0.0,51.4279479855162,0.0,0.0,0.0,0.0,0.0,0.0,0.0,-49.39576332319007,49.42678458208505,0.0,0.0,2.905096588623479,0.0,0.0,0.0,0.0,0.0,0.04513264428851471,0.0,0.0,0.0,0.0,11.362894250410704,0.0,0.0,0.0,0.0,0.4794680705799692
14.974874371859297,-3.064197813706926,-3.744409003303417,-3.744409002859328,0.0,0.0,0.0,0.0,0.0,0.0,0.0,-0.7359208211710211,-1.8157671173302248,-1.8157671191065816,0.0,0.0,0.0,0.0,0.0,-1.7596116852480748,0.0,-2.60840727150935,-1.7596116852480748,0.0,0.0,0.0,0.0,0.0,-3.3447738987391062,-3.344773897850928,0.0,-4.249724921745468,0.0,0.0,0.0,0.0,0.0,0.0,0.0,0.0,0.0,-47.55857495641891,0.0,0.0,47.60066328479695,0.0,0.0,0.0,0.0,0.0,0.0,-51.564755980670895,0.0,51.60375379187343,0.0,0.0,0.0,0.0,0.0,0.0,0.0,-49.56178411275047,49.60226786021593,0.0,0.0,3.525437552109878,0.0,0.0,0.0,0.0,0.0,0.059866027690702595,0.0,0.0,0.0,0.0,10.053855413971746,0.0,0.0,0.0,0.0,0.3741969951676083
15.075376884422111,-3.5763800201316087,-3.947877294407931,-3.947877293741797,0.0,0.0,0.0,0.0,0.0,0.0,0.0,-0.7612209982355012,-2.046788125209531,-2.046788125209531,0.0,0.0,0.0,0.0,0.0,-1.6338363066914496,0.0,-2.249358348693775,-1.6338363066914496,0.0,0.0,0.0,0.0,0.0,-3.0338074417102234,-3.0338074417102234,0.0,-4.062281302896764,0.0,0.0,0.0,0.0,0.0,0.0,0.0,0.0,0.0,-47.78113443792975,0.0,0.0,47.8407620376764,0.0,0.0,0.0,0.0,0.0,0.0,-51.7897398197853,0.0,51.84506472311057,0.0,0.0,0.0,0.0,0.0,0.0,0.0,-49.785599032681205,49.842994332305324,0.0,0.0,4.511972250931251,0.0,0.0,0.0,0.0,0.0,0.08574694687624174,0.0,0.0,0.0,0.0,8.54630776814247,0.0,0.0,0.0,0.0,0.27923126033613244
15.175879396984925,-3.9702454243117913,-4.0350218512008595,-4.03502185025717,0.0,0.0,0.0,0.0,0.0,0.0,0.0,-0.9668858309552775,-2.3419915886613296,-2.3419915886613296,0.0,0.0,0.0,0.0,0.0,-1.5582091345001103,0.0,-1.8761336414430119,-1.5582091345001103,0.0,0.0,0.0,0.0,0.0,-2.724692522715344,-2.724692522715344,0.0,-3.826399481710041,0.0,0.0,0.0,0.0,0.0,0.0,0.0,0.0,0.0,-48.104701889428725,0.0,0.0,48.19376120490659,0.0,0.0,0.0,0.0,0.0,0.0,-52.117392726813705,0.0,52.20010661766139,0.0,0.0,0.0,0.0,0.0,0.0,0.0,-50.11128253773478,50.197051525202596,0.0,0.0,5.970258778908999,0.0,0.0,0.0,0.0,0.0,0.12845647212600397,0.0,0.0,0.0,0.0,7.061144348341486,0.0,0.0,0.0,0.0,0.20227979291576048
15.27638190954774,-4.226463400702762,-4.001972389033881,-4.0019723881457026,0.0,0.0,0.0,0.0,0.0,0.0,0.0,-1.345121364515478,-2.6873429050944253,-2.6873429050944253,0.0,0.0,0.0,0.0,0.0,-1.5351747186184705,0.0,-1.5075826661145597,-1.5351747199784938,0.0,0.0,0.0,0.0,0.0,-2.43525983956161,-2.43525983956161,0.0,-3.5598359739985597,0.0,0.0,0.0,0.0,0.0,0.0,0.0,0.0,0.0,-48.59712980387343,0.0,0.0,48.73248049896972,0.0,0.0,0.0,0.0,0.0,0.0,-52.61623923313863,0.0,52.74203520855281,0.0,0.0,0.0,0.0,0.0,0.0,0.0,-50.60703591652782,50.73743355410443,0.0,0.0,7.987579464519001,0.0,0.0,0.0,0.0,0.0,0.1940748495243838,0.0,0.0,0.0,0.0,5.738926943443801,0.0,0.0,0.0,0.0,0.144422853232129
15.376884422110553,-4.345414118533952,-3.8607622787623086,-3.86076227787413,0.0,0.0,0.0,0.0,0.0,0.0,0.0,-1.8571187756499796,-3.055904274074095,-3.0559042754063626,0.0,0.0,0.0,0.0,0.0,-1.5679842831906043,0.0,-1.1740567850138106,-1.5679842817473144,0.0,0.0,0.0,0.0,0.0,-2.177324942564951,-2.177324942564951,0.0,-3.271317436048804,0.0,0.0,0.0,0.0,0.0,0.0,0.0,0.0,0.0,-49.355019148933366,0.0,0.0,49.55702437747789,0.0,0.0,0.0,0.0,0.0,0.0,-53.383330611112,0.0,53.57118010529405,0.0,0.0,0.0,0.0,0.0,0.0,0.0,-51.36969090635546,51.56436025544053,0.0,0.0,10.5784424206945,0.0,0.0,0.0,0.0,0.0,0.2853771761124335,0.0,0.0,0.0,0.0,4.644477394233348,0.0,0.0,0.0,0.0,0.10322139898377714
15.477386934673367,-4.341204580260438,-3.6352350556434487,-3.6352350551993595,0.0,0.0,0.0,0.0,0.0,0.0,0.0,-2.4390738899704445,-3.4098770069768136,-3.409877007420903,0.0,0.0,0.0,0.0,0.0,-1.660856461471738,0.0,-0.9154113940201825,-1.660856461471738,0.0,0.0,0.0,0.0,0.0,-1.9584624160184916,-1.9584624160184916,0.0,-2.96203789496019,0.0,0.0,0.0,0.0,0.0,0.0,0.0,0.0,0.0,-50.496732514559994,0.0,0.0,50.78383206758019,0.0,0.0,0.0,0.0,0.0,0.0,-54.53660985565989,0.0,54.80377073219245,0.0,0.0,0.0,0.0,0.0,0.0,0.0,-52.51739796641175,52.79416479098131,0.0,0.0,13.628642220098186,0.0,0.0,0.0,0.0,0.0,0.3964753041429958,0.0,0.0,0.0,0.0,3.791157189958483,0.0,0.0,0.0,0.0,0.07511829558382033
15.577889447236181,-4.23641486069215,-3.3551918101615286,-3.35519180927335,0.0,0.0,0.0,0.0,0.0,0.0,0.0,-3.017462552268313,-3.707878572178913,-3.7078785730670916,0.0,0.0,0.0,0.0,0.0,-1.8181516678872356,0.0,-0.7750488777436004,-1.8181516661108788,0.0,0.0,0.0,0.0,0.0,-1.7835527346132807,-1.7835527346132807,0.0,-2.6301768500935907,0.0,0.0,0.0,0.0,0.0,0.0,0.0,0.0,0.0,-52.135130516717254,0.0,0.0,52.51493597668855,0.0,0.0,0.0,0.0,0.0,0.0,-56.18719511346626,0.0,56.54096826646082,0.0,0.0,0.0,0.0,0.0,0.0,0.0,-54.16209127773186,54.528416349342024,0.0,0.0,16.867078151960868,0.0,0.0,0.0,0.0,0.0,0.5097726258895818,0.0,0.0,0.0,0.0,3.1649063123584398,0.0,0.0,0.0,0.0,0.05673588887589176
15.678391959798995,-4.05713254503226,-3.050200202192599,-3.050200202192599,0.0,0.0,0.0,0.0,0.0,0.0,0.0,-3.5271388600932596,-3.9145689387787286,-3.91456893789055,0.0,0.0,0.0,0.0,0.0,-2.0421622055621924,0.0,-0.7903633871819693,-2.0421622055621924,0.0,0.0,0.0,0.0,0.0,-1.6558377746722641,-1.6558377746722641,0.0,-2.2764456888424434,0.0,0.0,0.0,0.0,0.0,0.0,0.0,0.0,0.0,-54.33071992655414,0.0,0.0,54.79182952683459,0.0,0.0,0.0,0.0,0.0,0.0,-58.3926228863163,0.0,58.822781003442515,0.0,0.0,0.0,0.0,0.0,0.0,0.0,-56.36275871978569,56.80784892447832,0.0,0.0,19.88405210795463,0.0,0.0,0.0,0.0,0.0,0.5998626697589771,0.0,0.0,0.0,0.0,2.741774955739018,0.0,0.0,0.0,0.0,0.04539973907924377
15.77889447236181,-3.8277103509010146,-2.7450078898816344,-2.7450078898816344,0.0,0.0,0.0,0.0,0.0,0.0,0.0,-3.9236711627532728,-4.008218976725431,-4.008218975837252,0.0,0.0,0.0,0.0,0.0,-2.3294745976620845,0.0,-0.9817156989555542,-2.3294745976620845,0.0,0.0,0.0,0.0,0.0,-1.577757613002717,-1.577757613002717,0.0,-1.9087430914721537,0.0,0.0,0.0,0.0,0.0,0.0,0.0,0.0,0.0,-57.04243626425409,0.0,0.0,57.55295513054648,0.0,0.0,0.0,0.0,0.0,0.0,-61.10905578182724,0.0,61.58626488783625,0.0,0.0,0.0,0.0,0.0,0.0,0.0,-59.076883523800916,59.57017875957149,0.0,0.0,22.20142966535832,0.0,0.0,0.0,0.0,0.0,0.6439532178603713,0.0,0.0,0.0,0.0,2.4998166709977454,0.0,0.0,0.0,0.0,0.039275421359619145
15.879396984924623,-3.5661354700344816,-2.457769029184931,-2.457769029184931,0.0,0.0,0.0,0.0,0.0,0.0,0.0,-4.18618152453476,-3.9838115442059063,-3.983811543317728,0.0,0.0,0.0,0.0,0.0,-2.666784868488037,0.0,-1.3431123351281826,-2.666784868488037,0.0,0.0,0.0,0.0,0.0,-1.5517725723591946,-1.5517725723591946,0.0,-1.545126717319295,0.0,0.0,0.0,0.0,0.0,0.0,0.0,0.0,0.0,-60.10620055008076,0.0,0.0,60.62165475384518,0.0,0.0,0.0,0.0,0.0,0.0,-64.17120787105546,0.0,64.65415841105937,0.0,0.0,0.0,0.0,0.0,0.0,0.0,-62.139777490699544,62.6384432180771,0.0,0.0,23.395296093298157,0.0,0.0,0.0,0.0,0.0,0.6322609458209172,0.0,0.0,0.0,0.0,2.4274030137050318,0.0,0.0,0.0,0.0,0.037366654215276185
15.979899497487438,-3.2817591062439533,-2.2006811701835716,-2.2006811701835716,0.0,0.0,0.0,0.0,0.0,0.0,0.0,-4.31348791640751,-3.8520464316071923,-3.852046430719014,0.0,0.0,0.0,0.0,0.0,-3.0283493379634763,0.0,-1.8384255611181288,-3.0283493379634763,0.0,0.0,0.0,0.0,0.0,-1.5810447181463516,-1.5810447167030617,0.0,-1.2148180351667648,0.0,0.0,0.0,0.0,0.0,0.0,0.0,0.0,0.0,-63.26524296440539,0.0,0.0,63.742291153801034,0.0,0.0,0.0,0.0,0.0,0.0,-67.32327519642922,0.0,67.77130726121072,0.0,0.0,0.0,0.0,0.0,0.0,0.0,-65.2951812831759,65.75726030533247,0.0,0.0,23.245333252930322,0.0,0.0,0.0,0.0,0.0,0.5715767308345221,0.0,0.0,0.0,0.0,2.5295105905431825,0.0,0.0,0.0,0.0,0.03952141258700692
16.080402010050253,-2.976503316931556,-1.9816415905982154,-1.9816415905982154,0.0,0.0,0.0,0.0,0.0,0.0,0.0,-4.318355867560797,-3.6355189076964223,-3.635518906808244,0.0,0.0,0.0,0.0,0.0,-3.377700230622338,0.0,-2.406659877163264,-3.3777002297341596,0.0,0.0,0.0,0.0,0.0,-1.6696168221308483,-1.6696168221308483,0.0,-0.956395143303368,0.0,0.0,0.0,0.0,0.0,0.0,0.0,0.0,0.0,-66.24625914497528,0.0,0.0,66.65478573708583,0.0,0.0,0.0,0.0,0.0,0.0,-70.29427145965883,0.0,70.6787918929308,0.0,0.0,0.0,0.0,0.0,0.0,0.0,-68.27100110484707,68.66715671804968,0.0,0.0,21.833156687023347,0.0,0.0,0.0,0.0,0.0,0.48050645062858166,0.0,0.0,0.0,0.0,2.832954551834632,0.0,0.0,0.0,0.0,0.04654257779179716
16.180904522613066,-2.6490713500582075,-1.805772475549361,-1.805772475549361,0.0,0.0,0.0,0.0,0.0,0.0,0.0,-4.222282214971784,-3.3631049141114033,-3.363104913667314,0.0,0.0,0.0,0.0,0.0,-3.6744204847671824,0.0,-2.976265351062324,-3.674420485655361,0.0,0.0,0.0,0.0,0.0,-1.8216509019008953,-1.8216509019008953,0.0,-0.8121801946536777,0.0,0.0,0.0,0.0,0.0,0.0,0.0,0.0,0.0,-68.84169210508162,0.0,0.0,69.16955978297779,0.0,0.0,0.0,0.0,0.0,0.0,-72.87909505038215,0.0,73.18826125057853,0.0,0.0,0.0,0.0,0.0,0.0,0.0,-70.86094770514251,71.17918757870711,0.0,0.0,19.509702092079806,0.0,0.0,0.0,0.0,0.0,0.3803831276627534,0.0,0.0,0.0,0.0,3.3903212535157934,0.0,0.0,0.0,0.0,0.0604498819889443
16.28140703517588,-2.3003101838892093,-1.6764902341925847,-1.6764902341925847,0.0,0.0,0.0,0.0,0.0,0.0,0.0,-4.050586127402056,-3.063913997181089,-3.063913997181089,0.0,0.0,0.0,0.0,0.0,-3.8834147189081847,0.0,-3.482663083476112,-3.883414719796363,0.0,0.0,0.0,0.0,0.0,-2.0393424144948824,-2.0393424144948824,0.0,-0.8190900593341155,0.0,0.0,0.0,0.0,0.0,0.0,0.0,0.0,0.0,-70.95315762128962,0.0,0.0,71.20345579281206,0.0,0.0,0.0,0.0,0.0,0.0,-74.98102132075246,0.0,75.21738763571761,0.0,0.0,0.0,0.0,0.0,0.0,0.0,-72.96749167551297,73.21062281562263,0.0,0.0,16.743792290441206,0.0,0.0,0.0,0.0,0.0,0.2876270386309443,0.0,0.0,0.0,0.0,4.2797122086213335,0.0,0.0,0.0,0.0,0.08481456781339602
16.381909547738694,-1.9378306986839178,-1.5963416519770846,-1.5963416519770846,0.0,0.0,0.0,0.0,0.0,0.0,0.0,-3.827280297574731,-2.762675604284226,-2.762675604284226,0.0,0.0,0.0,0.0,0.0,-3.982470790753201,0.0,-3.880741532680254,-3.9824707916413793,0.0,0.0,0.0,0.0,0.0,-2.3194572986717787,-2.3194572986717787,0.0,-0.9979328501330542,0.0,0.0,0.0,0.0,0.0,0.0,0.0,0.0,0.0,-72.58345954497258,0.0,0.0,72.76806744549447,0.0,0.0,0.0,0.0,0.0,0.0,-76.60360162553559,0.0,76.77813848161463,0.0,0.0,0.0,0.0,0.0,0.0,0.0,-74.59381747487726,74.77324640881022,0.0,0.0,13.956418319693853,0.0,0.0,0.0,0.0,0.0,0.21085780410601274,0.0,0.0,0.0,0.0,5.593889379262862,0.0,0.0,0.0,0.0,0.12478406929972152
16.48241206030151,-1.579012747356806,-1.5678103010563493,-1.5678103010563493,0.0,0.0,0.0,0.0,0.0,0.0,0.0,-3.570492307147788,-2.4777952765120403,-2.4777952765120403,0.0,0.0,0.0,0.0,0.0,-3.9655958692375037,0.0,-4.148307920059935,-3.965595870125682,0.0,0.0,0.0,0.0,0.0,-2.649304883473036,-2.649304883473036,0.0,-1.344216343124316,0.0,0.0,0.0,0.0,0.0,0.0,0.0,0.0,0.0,-73.79832105236517,0.0,0.0,73.93191966187374,0.0,0.0,0.0,0.0,0.0,0.0,-77.81268530315799,0.0,77.93910178044428,0.0,0.0,0.0,0.0,0.0,0.0,0.0,-75.80570234821948,75.93561030638796,0.0,0.0,11.431485395618779,0.0,0.0,0.0,0.0,0.0,0.15212348358772942,0.0,0.0,0.0,0.0,7.411408970980915,0.0,0.0,0.0,0.0,0.1859498448553154
16.582914572864322,-1.2520750115596613,-1.5939854716151558,-1.5939854716151558,0.0,0.0,0.0,0.0,0.0,0.0,0.0,-3.290091397545325,-2.2217989439354824,-2.2217989439354824,0.0,0.0,0.0,0.0,0.0,-3.8423041244239897,0.0,-4.282783106157595,-3.842304125312168,0.0,0.0,0.0,0.0,0.0,-3.0041883851694706,-3.0041883851694706,0.0,-1.8241621848602563,0.0,0.0,0.0,0.0,0.0,0.0,0.0,0.0,0.0,-74.68692266510146,0.0,0.0,74.78328091981012,0.0,0.0,0.0,0.0,0.0,0.0,-78.6971422543914,0.0,78.78839070940558,0.0,0.0,0.0,0.0,0.0,0.0,0.0,-76.69217575134724,76.78590745996416,0.0,0.0,9.311958059754488,0.0,0.0,0.0,0.0,0.0,0.10967667218864108,0.0,0.0,0.0,0.0,9.7494727313574,0.0,0.0,0.0,0.0,0.27113244271959047
16.683417085427138,-0.9944281902374286,-1.678754266931648,-1.678754266931648,0.0,0.0,0.0,0.0,0.0,0.0,0.0,-2.988648289070639,-2.00287424423351,-2.00287424423351,0.0,0.0,0.0,0.0,0.0,-3.634044412503812,0.0,-4.295698477374543,-3.6340444133919902,0.0,0.0,0.0,0.0,0.0,-3.348854388462996,-3.348854388462996,0.0,-2.3793382841752475,0.0,0.0,0.0,0.0,0.0,0.0,0.0,0.0,0.0,-75.33600227027648,0.0,0.0,75.40643164372085,0.0,0.0,0.0,0.0,0.0,0.0,-79.34339330972762,0.0,79.4101271583969,0.0,0.0,0.0,0.0,0.0,0.0,0.0,-77.33979760882193,77.40832931002473,0.0,0.0,7.639136771153687,0.0,0.0,0.0,0.0,0.0,0.08034540499579634,0.0,0.0,0.0,0.0,12.513640193390074,0.0,0.0,0.0,0.0,0.3755681809991529
16.78391959798995,-0.847359737266018,-1.826093436241294,-1.8260934377956062,0.0,0.0,0.0,0.0,0.0,0.0,0.0,-2.6653667191123276,-1.8263666548001822,-1.8263666548001822,0.0,0.0,0.0,0.0,0.0,-3.3688052085700804,0.0,-4.207532055655605,-3.368805209458259,0.0,0.0,0.0,0.0,0.0,-3.643827201305072,-3.6438272021932505,0.0,-2.9401155008379476,0.0,0.0,0.0,0.0,0.0,0.0,0.0,0.0,0.0,-75.81827702818345,0.0,0.0,75.87141133758024,0.0,0.0,0.0,0.0,0.0,0.0,-79.82378879400898,0.0,79.87416721455531,0.0,0.0,0.0,0.0,0.0,0.0,0.0,-77.8211064300649,77.87282603555212,0.0,0.0,6.396834122401884,0.0,0.0,0.0,0.0,0.0,0.06092056281659097,0.0,0.0,0.0,0.0,15.469890186636803,0.0,0.0,0.0,0.0,0.48380830719452206
16.884422110552766,-0.8472547112781115,-2.0380912815198826,-2.0380912815198826,0.0,0.0,0.0,0.0,0.0,0.0,0.0,-2.3212615005707704,-1.6958552169210606,-1.6958552169210606,0.0,0.0,0.0,0.0,0.0,-3.0752159325686534,0.0,-4.0428582779306055,-3.0752159325686534,0.0,0.0,0.0,0.0,0.0,-3.854334135633408,-3.85433413474523,0.0,-3.442615771787061,0.0,0.0,0.0,0.0,0.0,0.0,0.0,0.0,0.0,-76.19011667392428,0.0,0.0,76.23232997078233,0.0,0.0,0.0,0.0,0.0,0.0,-80.19445821627613,0.0,80.23450073713079,0.0,0.0,0.0,0.0,0.0,0.0,0.0,-78.1923388979422,78.23344108004449,0.0,0.0,5.545466185363779,0.0,0.0,0.0,0.0,0.0,0.04877152237625637,0.0,0.0,0.0,0.0,18.257464954984925,0.0,0.0,0.0,0.0,0.5725956988555936
16.984924623115578,-1.0152019389586542,-2.3116415421853276,-2.3116415421853276,0.0,0.0,0.0,0.0,0.0,0.0,0.0,-1.9637289994101081,-1.6139899643441424,-1.6139899643441424,0.0,0.0,0.0,0.0,0.0,-2.7779278890527337,0.0,-3.8253185019598845,-2.7779278890527337,0.0,0.0,0.0,0.0,0.0,-3.9578201826984127,-3.9578201818657455,0.0,-3.841272874505197,0.0,0.0,0.0,0.0,0.0,0.0,0.0,0.0,0.0,-76.49393423481143,0.0,0.0,76.52995087958914,0.0,0.0,0.0,0.0,0.0,0.0,-80.49757294514848,0.0,80.53177022970814,0.0,0.0,0.0,0.0,0.0,0.0,0.0,-78.49580081042973,78.53088416531762,0.0,0.0,5.0457630842437595,0.0,0.0,0.0,0.0,0.0,0.04204385106731934,0.0,0.0,0.0,0.0,20.448449834731264,0.0,0.0,0.0,0.0,0.6199664319694875
17.085427135678394,-1.347949083019273,-2.6345660701920792,-2.634566071524347,0.0,0.0,0.0,0.0,0.0,0.0,0.0,-1.6095711059121998,-1.583282649084139,-1.583282649084139,0.0,0.0,0.0,0.0,0.0,-2.4955332902365512,0.0,-3.5731051668541625,-2.4955332902365512,0.0,0.0,0.0,0.0,0.0,-3.947471518772616,-3.9474715178844377,0.0,-4.112792760246897,0.0,0.0,0.0,0.0,0.0,0.0,0.0,0.0,0.0,-76.76228323871825,0.0,0.0,76.79587651043818,0.0,0.0,0.0,0.0,0.0,0.0,-80.76562304193402,0.0,80.7975464067745,0.0,0.0,0.0,0.0,0.0,0.0,0.0,-78.763997354514,78.79673356558925,0.0,0.0,4.875407391136122,0.0,0.0,0.0,0.0,0.0,0.03968947526189481,0.0,0.0,0.0,0.0,21.653707818813928,0.0,0.0,0.0,0.0,0.6151159865908085
17.185929648241206,-1.813769598513204,-2.9830843595313183,-2.9830843595313183,0.0,0.0,0.0,0.0,0.0,0.0,0.0,-1.286117822574262,-1.606763321060356,-1.606763321060356,0.0,0.0,0.0,0.0,0.0,-2.2408365598636237,0.0,-3.2965120997374697,-2.2408365598636237,0.0,0.0,0.0,0.0,0.0,-3.8317536217302717,-3.8317536208420933,0.0,-4.25335592280085,0.0,0.0,0.0,0.0,0.0,0.0,0.0,0.0,0.0,-77.02277283927472,0.0,0.0,77.05743504216045,0.0,0.0,0.0,0.0,0.0,0.0,-81.02616435090582,0.0,81.05913079292648,0.0,0.0,0.0,0.0,0.0,0.0,0.0,-79.02451277796985,79.05830500876121,0.0,0.0,5.041428540852877,0.0,0.0,0.0,0.0,0.0,0.04148162169315128,0.0,0.0,0.0,0.0,21.65412351828877,0.0,0.0,0.0,0.0,0.5625909338391466
17.286432160804022,-2.356567784467245,-3.3230508122983338,-3.3230508140746906,0.0,0.0,0.0,0.0,0.0,0.0,0.0,-1.029711527600341,-1.6881805258162075,-1.6881805244839398,0.0,0.0,0.0,0.0,0.0,-2.022284633529381,0.0,-2.9986859297892465,-2.022284633529381,0.0,0.0,0.0,0.0,0.0,-3.6310648483528496,-3.631064847464671,0.0,-4.273362033568873,0.0,0.0,0.0,0.0,0.0,0.0,0.0,0.0,0.0,-77.30336245792557,0.0,0.0,77.34307801232632,0.0,0.0,0.0,0.0,0.0,0.0,-81.30719002741316,0.0,81.34499179135446,0.0,0.0,0.0,0.0,0.0,0.0,0.0,-79.30532360944653,79.34405858511795,0.0,0.0,5.590141018529948,0.0,0.0,0.0,0.0,0.0,0.0481123598738975,0.0,0.0,0.0,0.0,20.49351354571627,0.0,0.0,0.0,0.0,0.47874253539248457
17.386934673366834,-2.908562791947844,-3.6158985703416135,-3.615898569453435,0.0,0.0,0.0,0.0,0.0,0.0,0.0,-0.8806532152405566,-1.8313377114775875,-1.8313377114775875,0.0,0.0,0.0,0.0,0.0,-1.8454269381518174,0.0,-2.679303300556768,-1.8454269381518174,0.0,0.0,0.0,0.0,0.0,-3.372549855384932,-3.3725498544967536,0.0,-4.192336994002233,0.0,0.0,0.0,0.0,0.0,0.0,0.0,0.0,0.0,-77.63887207179465,0.0,0.0,77.68905625793465,0.0,0.0,0.0,0.0,0.0,0.0,-81.64363640306149,0.0,81.69143841829651,0.0,0.0,0.0,0.0,0.0,0.0,0.0,-79.64131259718954,79.69027651766325,0.0,0.0,6.614287355155568,0.0,0.0,0.0,0.0,0.0,0.06141936381709456,0.0,0.0,0.0,0.0,18.4625621599821,0.0,0.0,0.0,0.0,0.38359694087830576
17.48743718592965,-3.406676158945743,-3.8272362701263773,-3.827236269238199,0.0,0.0,0.0,0.0,0.0,0.0,0.0,-0.8747571915712626,-2.038208605448233,-2.0382086072245897,0.0,0.0,0.0,0.0,0.0,-1.7139940158283906,0.0,-2.339570264187074,-1.7139940158283906,0.0,0.0,0.0,0.0,0.0,-3.084344963877328,-3.084344963877328,0.0,-4.0341358040763,0.0,0.0,0.0,0.0,0.0,0.0,0.0,0.0,0.0,-78.07949977589601,0.0,0.0,78.1482164491365,0.0,0.0,0.0,0.0,0.0,0.0,-82.08593964642574,0.0,82.15143637979594,0.0,0.0,0.0,0.0,0.0,0.0,0.0,-80.08279585158817,80.14986448401373,0.0,0.0,8.252543085340847,0.0,0.0,0.0,0.0,0.0,0.08467318401983448,0.0,0.0,0.0,0.0,15.974839808308161,0.0,0.0,0.0,0.0,0.2934194078818564
17.587939698492463,-3.805079041185877,-3.9342860082003384,-3.9342860074231822,0.0,0.0,0.0,0.0,0.0,0.0,0.0,-1.0332538060708885,-2.3057717535301947,-2.3057717557506408,0.0,0.0,0.0,0.0,0.0,-1.630734273838641,0.0,-1.986730579051077,-1.630734273838641,0.0,0.0,0.0,0.0,0.0,-2.7909750244248244,-2.7909750244248244,0.0,-3.822008811216193,0.0,0.0,0.0,0.0,0.0,0.0,0.0,0.0,0.0,-78.70195853154627,0.0,0.0,78.80122004699786,0.0,0.0,0.0,0.0,0.0,0.0,-82.71114794577983,0.0,82.80581474817694,0.0,0.0,0.0,0.0,0.0,0.0,0.0,-80.70666233450652,80.80357194550913,0.0,0.0,10.670464483553133,0.0,0.0,0.0,0.0,0.0,0.12258827730704525,0.0,0.0,0.0,0.0,13.41870299143011,0.0,0.0,0.0,0.0,0.21740416045190614
17.68844221105528,-4.079570215864692,-3.929551652404051,-3.9295516516268947,0.0,0.0,0.0,0.0,0.0,0.0,0.0,-1.3539032184262112,-2.6222748643611737,-2.622274865249352,0.0,0.0,0.0,0.0,0.0,-1.5981910465728832,0.0,-1.6370961828313102,-1.5981910465728832,0.0,0.0,0.0,0.0,0.0,-2.5111614401218674,-2.5111614401218674,0.0,-3.5741503965347476,0.0,0.0,0.0,0.0,0.0,0.0,0.0,0.0,0.0,-79.62120490212499,0.0,0.0,79.76763832751033,0.0,0.0,0.0,0.0,0.0,0.0,-83.6346135724142,0.0,83.77434265582906,0.0,0.0,0.0,0.0,0.0,0.0,0.0,-81.62806563660752,81.77106869311501,0.0,0.0,14.009983429374984,0.0,0.0,0.0,0.0,0.0,0.18031615311997484,0.0,0.0,0.0,0.0,11.068454417895168,0.0,0.0,0.0,0.0,0.15835212607839821
17.78894472361809,-4.225236595933879,-3.8205751320408154,-3.820575131152637,0.0,0.0,0.0,0.0,0.0,0.0,0.0,-1.8067667428844914,-2.9647393562370894,-2.9647393562370894,0.0,0.0,0.0,0.0,0.0,-1.619345976699993,0.0,-1.317209139539699,-1.619345976699993,0.0,0.0,0.0,0.0,0.0,-2.2579410550171986,-2.2579410550171986,0.0,-3.301197597060934,0.0,0.0,0.0,0.0,0.0,0.0,0.0,0.0,0.0,-80.99595396160453,0.0,0.0,81.2093177167128,0.0,0.0,0.0,0.0,0.0,0.0,-85.01524000337213,0.0,85.21896073077073,0.0,0.0,0.0,0.0,0.0,0.0,0.0,-83.00582750209173,83.21425448443165,0.0,0.0,18.30609998876298,0.0,0.0,0.0,0.0,0.0,0.2605910864872385,0.0,0.0,0.0,0.0,9.071479726507903,0.0,0.0,0.0,0.0,0.11511655895191097
17.889447236180906,-4.251447009551157,-3.6267974139470027,-3.6267974135029135,0.0,0.0,0.0,0.0,0.0,0.0,0.0,-2.3378689433251054,-3.3000272892103055,-3.3000272892103055,0.0,0.0,0.0,0.0,0.0,-1.697823896362749,0.0,-1.0624356789890044,-1.697823896362749,0.0,0.0,0.0,0.0,0.0,-2.039989472679693,-2.039989472679693,0.0,-3.0068046477094157,0.0,0.0,0.0,0.0,0.0,0.0,0.0,0.0,0.0,-83.01537344124199,0.0,0.0,83.31342144529685,0.0,0.0,0.0,0.0,0.0,0.0,-87.04190350883323,0.0,87.3266864722666,0.0,0.0,0.0,0.0,0.0,0.0,0.0,-85.02894196027455,85.32020570228838,0.0,0.0,23.395861482811142,0.0,0.0,0.0,0.0,0.0,0.3593789159594962,0.0,0.0,0.0,0.0,7.478804108451698,0.0,0.0,0.0,0.0,0.08489532543620726
17.98994974874372,-4.176840048053521,-3.374564832903104,-3.3745648320149257,0.0,0.0,0.0,0.0,0.0,0.0,0.0,-2.881195432458128,-3.5904436703759757,-3.5904436694877973,0.0,0.0,0.0,0.0,0.0,-1.8372657126786152,0.0,-0.912138640618565,-1.8372657126786152,0.0,0.0,0.0,0.0,0.0,-1.863041383165509,-1.863041383165509,0.0,-2.6910922688028194,0.0,0.0,0.0,0.0,0.0,0.0,0.0,0.0,0.0,-85.85528220805827,0.0,0.0,86.24541833768262,0.0,0.0,0.0,0.0,0.0,0.0,-89.88924308539481,0.0,90.26239877130138,0.0,0.0,0.0,0.0,0.0,0.0,0.0,-87.87264282261731,88.25409864243738,0.0,0.0,28.864456297128527,0.0,0.0,0.0,0.0,0.0,0.4628543521789652,0.0,0.0,0.0,0.0,6.284258699640333,0.0,0.0,0.0,0.0,0.0646647353441665
18.090452261306535,-4.024580012362833,-3.0915154045629833,-3.0915154045629833,0.0,0.0,0.0,0.0,0.0,0.0,0.0,-3.374539992773151,-3.802023529120291,-3.8020235282321124,0.0,0.0,0.0,0.0,0.0,-2.039524673147497,0.0,-0.9015330135753175,-2.039524673147497,0.0,0.0,0.0,0.0,0.0,-1.7309672659671094,-1.7309672659671094,0.0,-2.355474463922036,0.0,0.0,0.0,0.0,0.0,0.0,0.0,0.0,0.0,-89.60639924993075,0.0,0.0,90.07800157689871,0.0,0.0,0.0,0.0,0.0,0.0,-93.64621880791901,0.0,94.09791135084333,0.0,0.0,0.0,0.0,0.0,0.0,0.0,-91.62674236762314,92.08817313322015,0.0,0.0,34.06394755245401,0.0,0.0,0.0,0.0,0.0,0.5495970540891904,0.0,0.0,0.0,0.0,5.45640662252822,0.0,0.0,0.0,0.0,0.05186406637491814
18.190954773869347,-3.8175140781859795,-2.8020088089775186,-2.8020088089775186,0.0,0.0,0.0,0.0,0.0,0.0,0.0,-3.7719717190798363,-3.911866627293037,-3.911866626515881,0.0,0.0,0.0,0.0,0.0,-2.301628833745184,0.0,-1.0518761071054428,-2.301628831968827,0.0,0.0,0.0,0.0,0.0,-1.646608631555857,-1.646608631555857,0.0,-2.0070936981309018,0.0,0.0,0.0,0.0,0.0,0.0,0.0,0.0,0.0,-94.20146846395028,0.0,0.0,94.72429363199808,0.0,0.0,0.0,0.0,0.0,0.0,-98.24395876734116,0.0,98.745538778644,0.0,0.0,0.0,0.0,0.0,0.0,0.0,-96.2231691943316,96.7351439982167,0.0,0.0,38.21718215135661,0.0,0.0,0.0,0.0,0.0,0.5986212343600528,0.0,0.0,0.0,0.0,4.9613307187001965,0.0,0.0,0.0,0.0,0.04464482872279518
18.291457286432163,-3.573786365063114,-2.5248445392200836,-2.5248445392200836,0.0,0.0,0.0,0.0,0.0,0.0,0.0,-4.0485594500205835,-3.91191989634887,-3.9119198954606915,0.0,0.0,0.0,0.0,0.0,-2.612176391636467,0.0,-1.3617405847377029,-2.612176391636467,0.0,0.0,0.0,0.0,0.0,-1.612542263551564,-1.612542263551564,0.0,-1.661849961545614,0.0,0.0,0.0,0.0,0.0,0.0,0.0,0.0,0.0,-99.3838536018643,0.0,0.0,99.91517385543602,0.0,0.0,0.0,0.0,0.0,0.0,-103.4252399776392,0.0,103.93586703827395,0.0,0.0,0.0,0.0,0.0,0.0,0.0,-101.4049615548629,101.92572781875242,0.0,0.0,40.60522310567194,0.0,0.0,0.0,0.0,0.0,0.5986456912410176,0.0,0.0,0.0,0.0,4.778743285527298,0.0,0.0,0.0,0.0,0.04193081659664699
18.391959798994975,-3.304306044782379,-2.2732497635402638,-2.2732497635402638,0.0,0.0,0.0,0.0,0.0,0.0,0.0,-4.198432732360757,-3.808915844727423,-3.8089158438392445,0.0,0.0,0.0,0.0,0.0,-2.9488896724494396,0.0,-1.8027404817821946,-2.9488896724494396,0.0,0.0,0.0,0.0,0.0,-1.6317103732066407,-1.6317103717633508,0.0,-1.3455873517642658,0.0,0.0,0.0,0.0,0.0,0.0,0.0,0.0,0.0,-104.75153422362382,0.0,0.0,105.2486781034645,0.0,0.0,0.0,0.0,0.0,0.0,-108.78860117458089,0.0,109.26721157744623,0.0,0.0,0.0,0.0,0.0,0.0,0.0,-106.7704228816524,107.25812243350674,0.0,0.0,40.80149259522159,0.0,0.0,0.0,0.0,0.0,0.5525914090753759,0.0,0.0,0.0,0.0,4.913885114810057,0.0,0.0,0.0,0.0,0.04344394133326546
18.49246231155779,-3.0131724830795292,-2.0560992728402283,-2.0560992728402283,0.0,0.0,0.0,0.0,0.0,0.0,0.0,-4.230027544682713,-3.621427073330352,-3.6214270724421738,0.0,0.0,0.0,0.0,0.0,-3.279545865542133,0.0,-2.322818536182325,-3.279545865542133,0.0,0.0,0.0,0.0,0.0,-1.7076265337312435,-1.7076265337312435,0.0,-1.0927804126037444,0.0,0.0,0.0,0.0,0.0,0.0,0.0,0.0,0.0,-109.86808936763737,0.0,0.0,110.30000282374886,0.0,0.0,0.0,0.0,0.0,0.0,-113.8990036295695,0.0,114.31545996032355,0.0,0.0,0.0,0.0,0.0,0.0,0.0,-111.8838303426628,112.30787331584224,0.0,0.0,38.84529595410413,0.0,0.0,0.0,0.0,0.0,0.47494052779484264,0.0,0.0,0.0,0.0,5.406790890116753,0.0,0.0,0.0,0.0,0.04979419099271354
18.592964824120603,-2.700921120979416,-1.87929474826376,-1.87929474826376,0.0,0.0,0.0,0.0,0.0,0.0,0.0,-4.161157833859619,-3.375047544551535,-3.3750475436633565,0.0,0.0,0.0,0.0,0.0,-3.567283080485595,0.0,-2.857640571285458,-3.5672830795974164,0.0,0.0,0.0,0.0,0.0,-1.8437786650782328,-1.8437786650782328,0.0,-0.9419006203881253,0.0,0.0,0.0,0.0,0.0,0.0,0.0,0.0,0.0,-114.38753308112837,0.0,0.0,114.7399910337299,0.0,0.0,0.0,0.0,0.0,0.0,-118.41188308636674,0.0,118.75216603129957,0.0,0.0,0.0,0.0,0.0,0.0,0.0,-116.3999233284585,116.74618615131749,0.0,0.0,35.22962623492276,0.0,0.0,0.0,0.0,0.0,0.3844498408511754,0.0,0.0,0.0,0.0,6.33866236787739,0.0,0.0,0.0,0.0,0.06267962016082151
18.69346733668342,-2.3691841537498703,-1.7468351378724378,-1.7468351378724378,0.0,0.0,0.0,0.0,0.0,0.0,0.0,-4.014328711221538,-3.0969191047169886,-3.0969191047169886,0.0,0.0,0.0,0.0,0.0,-3.7785937736511954,0.0,-3.345919413755283,-3.778593774539374,0.0,0.0,0.0,0.0,0.0,-2.0418957311640895,-2.0418957311640895,0.0,-0.9275467038882823,0.0,0.0,0.0,0.0,0.0,0.0,0.0,0.0,0.0,-118.12813803402378,0.0,0.0,118.40200296120429,0.0,0.0,0.0,0.0,0.0,0.0,-122.14652198849762,0.0,122.41119492983898,0.0,0.0,0.0,0.0,0.0,0.0,0.0,-120.1374876131922,120.40667774471103,0.0,0.0,30.693563129347012,0.0,0.0,0.0,0.0,0.0,0.2970226589127378,0.0,0.0,0.0,0.0,7.831249042133948,0.0,0.0,0.0,0.0,0.08513353844108451
18.79396984924623,-2.0250481294059597,-1.661649231765594,-1.661649231765594,0.0,0.0,0.0,0.0,0.0,0.0,0.0,-3.811976843515197,-2.8112033447769136,-2.8112033447769136,0.0,0.0,0.0,0.0,0.0,-3.890545321683092,0.0,-3.741764709630502,-3.8905453225712705,0.0,0.0,0.0,0.0,0.0,-2.299023830421021,-2.299023830421021,0.0,-1.0709012361331816,0.0,0.0,0.0,0.0,0.0,0.0,0.0,0.0,0.0,-121.07049823839588,0.0,0.0,121.27609969070363,0.0,0.0,0.0,0.0,0.0,0.0,-125.08399082378219,0.0,125.28284597124184,0.0,0.0,0.0,0.0,0.0,0.0,0.0,-123.07735744698789,123.27952929069852,0.0,0.0,25.956580177677324,0.0,0.0,0.0,0.0,0.0,0.2221655854839355,0.0,0.0,0.0,0.0,10.030002876249,0.0,0.0,0.0,0.0,0.12151514727776203
18.894472361809047,-1.6840678334628656,-1.626348078487272,-1.626348078487272,0.0,0.0,0.0,0.0,0.0,0.0,0.0,-3.5721539974886696,-2.536734666325202,-2.536734666325202,0.0,0.0,0.0,0.0,0.0,-3.89463601202511,0.0,-4.019668759902562,-3.8946360129132884,0.0,0.0,0.0,0.0,0.0,-2.6040476517330546,-2.6040476530653223,0.0,-1.3711790498582843,0.0,0.0,0.0,0.0,0.0,0.0,0.0,0.0,0.0,-123.3049058839697,0.0,0.0,123.45627186505226,0.0,0.0,0.0,0.0,0.0,0.0,-127.31466661719537,0.0,127.46115223194465,0.0,0.0,0.0,0.0,0.0,0.0,0.0,-125.30986642289577,125.4587521337669,0.0,0.0,21.545939453915253,0.0,0.0,0.0,0.0,0.0,0.1632394521777769,0.0,0.0,0.0,0.0,13.059971974982432,0.0,0.0,0.0,0.0,0.1765821426857883
18.99497487437186,-1.3714709921619495,-1.6438414340291807,-1.6438414340291807,0.0,0.0,0.0,0.0,0.0,0.0,0.0,-3.3059787911682292,-2.286890781633133,-2.286890781633133,0.0,0.0,0.0,0.0,0.0,-3.7968963428891556,0.0,-4.172935005763989,-3.7968963435552894,0.0,0.0,0.0,0.0,0.0,-2.9352998858200863,-2.9352998858200863,0.0,-1.801332985884585,0.0,0.0,0.0,0.0,0.0,0.0,0.0,0.0,0.0,-124.96987269905446,0.0,0.0,125.08082027373746,0.0,0.0,0.0,0.0,0.0,0.0,-128.97692845115216,0.0,129.08434814562497,0.0,0.0,0.0,0.0,0.0,0.0,0.0,-126.97345763257317,127.08261273708388,0.0,0.0,17.75935301928655,0.0,0.0,0.0,0.0,0.0,0.11960140255951046,0.0,0.0,0.0,0.0,16.952982402784755,0.0,0.0,0.0,0.0,0.2529050107114017
19.095477386934675,-1.120916129693228,-1.7175424020798857,-1.7175424020798857,0.0,0.0,0.0,0.0,0.0,0.0,0.0,-3.017939483873633,-2.0707185750534762,-2.0707185750534762,0.0,0.0,0.0,0.0,0.0,-3.6151117503990804,0.0,-4.20915648691178,-3.615111751287259,0.0,0.0,0.0,0.0,0.0,-3.2613895832867,-3.2613895832867,0.0,-2.3110411428994837,0.0,0.0,0.0,0.0,0.0,0.0,0.0,0.0,0.0,-126.2078748816009,0.0,0.0,126.29014824305784,0.0,0.0,0.0,0.0,0.0,0.0,-130.21304760307828,0.0,130.2927345996352,0.0,0.0,0.0,0.0,0.0,0.0,0.0,-128.21050260747313,128.29146210435738,0.0,0.0,14.712448123788135,0.0,0.0,0.0,0.0,0.0,0.08878983237536886,0.0,0.0,0.0,0.0,21.566962040253657,0.0,0.0,0.0,0.0,0.3469029863367723
19.195979899497488,-0.9700293133185767,-1.8507941919043702,-1.8507941919043702,0.0,0.0,0.0,0.0,0.0,0.0,0.0,-2.708956699848386,-1.894268522706355,-1.894268522706355,0.0,0.0,0.0,0.0,0.0,-3.3741714071666706,0.0,-4.145385259057832,-3.37417140761076,0.0,0.0,0.0,0.0,0.0,-3.5462472496305963,-3.546247248742418,0.0,-2.83755820973397,0.0,0.0,0.0,0.0,0.0,0.0,0.0,0.0,0.0,-127.14295565174893,0.0,0.0,127.20577160330038,0.0,0.0,0.0,0.0,0.0,0.0,-131.14686336557213,0.0,131.20772545605064,0.0,0.0,0.0,0.0,0.0,0.0,0.0,-129.14494046345482,129.20676400618447,0.0,0.0,12.408393156526643,0.0,0.0,0.0,0.0,0.0,0.06797115137402443,0.0,0.0,0.0,0.0,26.53626625104266,0.0,0.0,0.0,0.0,0.4459714268989501
19.296482412060303,-0.9527811468679204,-2.0451983058222822,-2.0451983058222822,0.0,0.0,0.0,0.0,0.0,0.0,0.0,-2.380887339503701,-1.7616567933309568,-1.7616567933309568,0.0,0.0,0.0,0.0,0.0,-3.100726742033544,0.0,-4.003498801807837,-3.100726742033544,0.0,0.0,0.0,0.0,0.0,-3.7568460138359683,-3.7568460131698345,0.0,-3.3205481257958525,0.0,0.0,0.0,0.0,0.0,0.0,0.0,0.0,0.0,-127.87425915483652,0.0,0.0,127.92457283072878,0.0,0.0,0.0,0.0,0.0,0.0,-131.8773579219723,0.0,131.92612220969124,0.0,0.0,0.0,0.0,0.0,0.0,0.0,-129.87583302415118,129.92535976241726,0.0,0.0,10.797620714875222,0.0,0.0,0.0,0.0,0.0,0.054671867033562194,0.0,0.0,0.0,0.0,31.285735595076858,0.0,0.0,0.0,0.0,0.5302371803850292
19.396984924623116,-1.090195552055917,-2.297792553562772,-2.297792553562772,0.0,0.0,0.0,0.0,0.0,0.0,0.0,-2.040799517599723,-1.6758933693017397,-1.6758933693017397,0.0,0.0,0.0,0.0,0.0,-2.8187160787673804,0.0,-3.8055214086618605,-2.8187160787673804,0.0,0.0,0.0,0.0,0.0,-3.870295701147164,-3.8702957002589855,0.0,-3.7142783239074717,0.0,0.0,0.0,0.0,0.0,0.0,0.0,0.0,0.0,-128.4782894552805,0.0,0.0,128.52136666019476,0.0,0.0,0.0,0.0,0.0,0.0,-132.4809046483466,0.0,132.52267425212239,0.0,0.0,0.0,0.0,0.0,0.0,0.0,-130.47962025236615,130.52203205621282,0.0,0.0,9.82155787188077,0.0,0.0,0.0,0.0,0.0,0.04706945322396905,0.0,0.0,0.0,0.0,35.121016459527254,0.0,0.0,0.0,0.0,0.5797388951123139
19.49748743718593,-1.3819796187419797,-2.5976922897186228,-2.5976922910508904,0.0,0.0,0.0,0.0,0.0,0.0,0.0,-1.7039621084125045,-1.6396235115456737,-1.6396235115456737,0.0,0.0,0.0,0.0,0.0,-2.546970524264225,0.0,-3.5693779025791628,-2.546970524264225,0.0,0.0,0.0,0.0,0.0,-3.877743561919722,-3.8777435610870548,0.0,-3.9928039250458625,0.0,0.0,0.0,0.0,0.0,0.0,0.0,0.0,0.0,-129.01519631647318,0.0,0.0,129.05527048978627,0.0,0.0,0.0,0.0,0.0,0.0,-133.0176178493403,0.0,133.0564812516144,0.0,0.0,0.0,0.0,0.0,0.0,0.0,-131.01642426249782,131.0558844620502,0.0,0.0,9.443857563518065,0.0,0.0,0.0,0.0,0.0,0.04407906928349803,0.0,0.0,0.0,0.0,37.39280285941504,0.0,0.0,0.0,0.0,0.5830922376048875
19.597989949748744,-1.8022369707715313,-2.9237614973531834,-2.9237614973531834,0.0,0.0,0.0,0.0,0.0,0.0,0.0,-1.3950582877231277,-1.6557300996922208,-1.6557300981934198,0.0,0.0,0.0,0.0,0.0,-2.298982881843159,0.0,-3.3063424709212086,-2.298982881843159,0.0,0.0,0.0,0.0,0.0,-3.784614208912629,-3.7846142080244505,0.0,-4.148721008734313,0.0,0.0,0.0,0.0,0.0,0.0,0.0,0.0,0.0,-129.53669654169886,0.0,0.0,129.57767219212712,0.0,0.0,0.0,0.0,0.0,0.0,-133.53914128444444,0.0,133.5788945588945,0.0,0.0,0.0,0.0,0.0,0.0,0.0,-131.53793714870687,131.57829249355046,0.0,0.0,9.673347540761768,0.0,0.0,0.0,0.0,0.0,0.04539088305222094,0.0,0.0,0.0,0.0,37.702676372930455,0.0,0.0,0.0,0.0,0.5420818212087397
19.69849246231156,-2.3022073714074054,-3.2453631551021545,-3.245363156434422,0.0,0.0,0.0,0.0,0.0,0.0,0.0,-1.1470010012892828,-1.7275347174994238,-1.7275347174994238,0.0,0.0,0.0,0.0,0.0,-2.083945341846416,0.0,-3.021240065903541,-2.083945341846416,0.0,0.0,0.0,0.0,0.0,-3.6079852265835655,-3.607985225695387,0.0,-4.188869322963029,0.0,0.0,0.0,0.0,0.0,0.0,0.0,0.0,0.0,-130.09522175977395,0.0,0.0,130.1414455463501,0.0,0.0,0.0,0.0,0.0,0.0,-134.0979482025162,0.0,134.14280876222762,0.0,0.0,0.0,0.0,0.0,0.0,0.0,-132.09660521074085,132.1421372688647,0.0,0.0,10.581500268003197,0.0,0.0,0.0,0.0,0.0,0.051556135360897315,0.0,0.0,0.0,0.0,36.0596606725494,0.0,0.0,0.0,0.0,0.46967154077037776
19.798994974874372,-2.8206420097376395,-3.5271786549273543,-3.527178654039176,0.0,0.0,0.0,0.0,0.0,0.0,0.0,-0.9966156675478288,-1.8582434813119164,-1.8582434828662286,0.0,0.0,0.0,0.0,0.0,-1.9080402211546499,0.0,-2.7153475774532865,-1.9080402211546499,0.0,0.0,0.0,0.0,0.0,-3.3720874834664016,-3.372087482578223,0.0,-4.129598103030929,0.0,0.0,0.0,0.0,0.0,0.0,0.0,0.0,0.0,-130.75497052472684,0.0,0.0,130.81216907284698,0.0,0.0,0.0,0.0,0.0,0.0,-134.75830619036344,0.0,134.81383690017168,0.0,0.0,0.0,0.0,0.0,0.0,0.0,-132.75666306356015,132.81301534018297,0.0,0.0,12.313930047191946,0.0,0.0,0.0,0.0,0.0,0.06416642683859664,0.0,0.0,0.0,0.0,32.8796326911629,0.0,0.0,0.0,0.0,0.38343919328553966
19.899497487437188,-3.298176667332342,-3.7366792795534565,-3.736679278665278,0.0,0.0,0.0,0.0,0.0,0.0,0.0,-0.9772364104598807,-2.04932739000796,-2.04932739000796,0.0,0.0,0.0,0.0,0.0,-1.7754897190247476,0.0,-2.390750627245808,-1.7754897190247476,0.0,0.0,0.0,0.0,0.0,-3.1030909104501347,-3.1030909104501347,0.0,-3.992189486989872,0.0,0.0,0.0,0.0,0.0,0.0,0.0,0.0,0.0,-131.60614584784014,0.0,0.0,131.68256733209205,0.0,0.0,0.0,0.0,0.0,0.0,-135.61055464528238,0.0,135.68477172576365,0.0,0.0,0.0,0.0,0.0,0.0,0.0,-133.6083823559875,133.68368558452914,0.0,0.0,15.08871588740135,0.0,0.0,0.0,0.0,0.0,0.08606647838860226,0.0,0.0,0.0,0.0,28.812424314850205,0.0,0.0,0.0,0.0,0.2988019964789146
20.0,-3.6893351437194966,-3.8510805894231837,-3.8510805885350052,0.0,0.0,0.0,0.0,0.0,0.0,0.0,-1.109658779530065,-2.2977939497792477,-2.2977939497792477,0.0,0.0,0.0,0.0,0.0,-1.6893790161232047,0.0,-2.054530485073869,-1.6893790161232047,0.0,0.0,0.0,0.0,0.0,-2.8246908647666658,-2.8246908647666658,0.0,-3.7982572651529267,0.0,0.0,0.0,0.0,0.0,0.0,0.0,0.0,0.0,-132.78256520088405,0.0,0.0,132.89014160555723,0.0,0.0,0.0,0.0,0.0,0.0,-136.78870247524344,0.0,136.89321023946377,0.0,0.0,0.0,0.0,0.0,0.0,0.0,-134.78567817237774,134.89169809055568,0.0,0.0,19.165528135189902,0.0,0.0,0.0,0.0,0.0,0.12132023563538041,0.0,0.0,0.0,0.0,24.50875640391814,0.0,0.0,0.0,0.0,0.22537865262961532
