time,A_1_1,A_1_2,A_1_3,A_1_4,A_1_5,A_1_6,A_1_7,A_1_8,A_1_9,A_1_10,A_2_1,A_2_2,A_2_3,A_2_4,A_2_5,A_2_6,A_2_7,A_2_8,A_2_9,A_2_10,A_3_1,A_3_2,A_3_3,A_3_4,A_3_5,A_3_6,A_3_7,A_3_8,A_3_9,A_3_10,A_4_1,A_4_2,A_4_3,A_4_4,A_4_5,A_4_6,A_4_7,A_4_8,A_4_9,A_4_10,A_5_1,A_5_2,A_5_3,A_5_4,A_5_5,A_5_6,A_5_7,A_5_8,A_5_9,A_5_10,A_6_1,A_6_2,A_6_3,A_6_4,A_6_5,A_6_6,A_6_7,A_6_8,A_6_9,A_6_10,A_7_1,A_7_2,A_7_3,A_7_4,A_7_5,A_7_6,A_7_7,A_7_8,A_7_9,A_7_10,A_8_1,A_8_2,A_8_3,A_8_4,A_8_5,A_8_6,A_8_7,A_8_8,A_8_9,A_8_10,A_9_1,A_9_2,A_9_3,A_9_4,A_9_5,A_9_6,A_9_7,A_9_8,A_9_9,A_9_10,A_10_1,A_10_2,A_10_3,A_10_4,A_10_5,A_10_6,A_10_7,A_10_8,A_10_9,A_10_10
0.0,5.0,0.5,1.0,0.5,0.0,0.0,0.0,0.0,0.0,0.0,0.1,1.0,0.5,0.5,0.0,0.0,0.0,0.05,0.0,0.0,0.2,0.1,1.0,0.1,0.0,0.0,0.0,0.0,0.0,0.0,0.1,0.6,0.5,1.1,0.0,0.0,0.0,0.0,0.05,0.0,0.0,0.0,0.0,0.0,13.999999999999998,0.0,0.0,0.0,0.0,0.0,0.0,0.0,0.0,0.0,0.0,12.0,0.0,0.0,0.0,0.0,0.0,0.0,0.0,0.0,0.0,0.0,13.0,0.0,0.0,0.0,0.0,0.0,0.0,0.0,13.0,13.0,13.0,13.0,0.0,8.450000000000001,0.0,0.0,0.0,0.0,0.0,0.0,0.0,0.0,13.0,0.0,0.0,0.0,0.0,0.0,0.0,0.0,0.0,0.0,0.0,2.0
0.10077519379844961,6.1246167509701595,1.0847703336887111,2.1695406673774222,1.084770333688711,0.0,0.0,0.0,0.0,0.0,0.0,0.29675368050188405,1.771164430030466,1.084770333688711,1.084770333688711,0.0,0.0,0.0,0.2778092164960415,0.0,0.0,0.5935073610037682,0.29675368050188417,1.6754722230774448,0.29675368050188417,0.0,0.0,0.0,0.0,0.0,0.0,0.29675368050188417,1.3815240141905953,1.0847703336887111,2.067918110532351,0.0,0.0,0.0,0.0,0.27780921649604184,0.0,0.0,0.0,0.0,0.0,27.697781885490425,0.0,0.0,0.0,0.0,0.0,0.0,0.0,0.0,0.0,0.0,31.39440303504272,0.0,0.0,0.0,0.0,0.0,0.0,0.0,0.0,0.0,0.0,29.53391113513702,0.0,0.0,0.0,0.0,0.0,0.0,0.0,18.512209311942307,18.512209311942307,18.512209311942307,18.512209311942307,0.0,17.135094680458174,0.0,0.0,0.0,0.0,0.0,0.0,0.0,0.0,10.81550590800524,0.0,0.0,0.0,0.0,0.0,0.0,0.0,0.0,0.0,0.0,1.7647082070391813
0.20155038759689922,6.573588725185949,1.7300269687416767,3.4600539374833525,1.7300269687416758,0.0,0.0,0.0,0.0,0.0,0.0,0.606413269824627,2.6317846173023827,1.7300269687416758,1.7300269687416758,0.0,0.0,0.0,0.9114252096238578,0.0,0.0,1.2128265396492541,0.6064132698246272,2.3041903423168772,0.6064132698246272,0.0,0.0,0.0,0.0,0.0,0.0,0.6064132698246272,2.336440238566304,1.7300269687416767,3.2381978871270105,0.0,0.0,0.0,0.0,0.9114252096238586,0.0,0.0,0.0,0.0,0.0,31.020080042298346,0.0,0.0,0.0,0.0,0.0,0.0,0.0,0.0,0.0,0.0,35.07506692731577,0.0,0.0,0.0,0.0,0.0,0.0,0.0,0.0,0.0,0.0,33.04894083035174,0.0,0.0,0.0,0.0,0.0,0.0,0.0,19.220808661389345,19.220808661389345,19.220808661389345,19.220808661389345,0.0,18.471974279886986,0.0,0.0,0.0,0.0,0.0,0.0,0.0,0.0,9.894831190573186,0.0,0.0,0.0,0.0,0.0,0.0,0.0,0.0,0.0,0.0,2.4166682681003526
0.3023255813953488,6.516703341625505,2.1585124470723698,4.3170248941447396,2.1585124470723698,0.0,0.0,0.0,0.0,0.0,0.0,0.8918238267584391,3.3122766741349885,2.1585124470723698,2.1585124470723698,0.0,0.0,0.0,1.8169786444947809,0.0,0.0,1.7836476535168784,0.8918238267584393,2.6924798695789556,0.8918238267584393,0.0,0.0,0.0,0.0,0.0,0.0,0.8918238267584393,3.0503362738308093,2.1585124470723698,4.2041005008934285,0.0,0.0,0.0,0.0,1.8169786444947822,0.0,0.0,0.0,0.0,0.0,30.823205097992464,0.0,0.0,0.0,0.0,0.0,0.0,0.0,0.0,0.0,0.0,34.808033644987916,0.0,0.0,0.0,0.0,0.0,0.0,0.0,0.0,0.0,0.0,32.81558932434397,0.0,0.0,0.0,0.0,0.0,0.0,0.0,18.611615624012995,18.611615624012995,18.611615624012995,18.611615624012995,0.0,17.319611806800232,0.0,0.0,0.0,0.0,0.0,0.0,0.0,0.0,9.082511059887747,0.0,0.0,0.0,0.0,0.0,0.0,0.0,0.0,0.0,0.0,3.0244488020766873
0.40310077519379844,6.269781408622273,2.3430323240245734,4.686064648049145,2.343032324024572,0.0,0.0,0.0,0.0,0.0,0.0,1.0763009493188391,3.737023942816265,2.343032324024572,2.343032324024572,0.0,0.0,0.0,2.609441982792662,0.0,0.0,2.1526018986376787,1.0763009493188396,2.880101829124825,1.0763009493188396,0.0,0.0,0.0,0.0,0.0,0.0,1.0763009493188396,3.4193332733434127,2.3430323240245734,4.813324892135106,0.0,0.0,0.0,0.0,2.609441982792666,0.0,0.0,0.0,0.0,0.0,30.063730706676978,0.0,0.0,0.0,0.0,0.0,0.0,0.0,0.0,0.0,0.0,34.03454904529118,0.0,0.0,0.0,0.0,0.0,0.0,0.0,0.0,0.0,0.0,32.04833279281275,0.0,0.0,0.0,0.0,0.0,0.0,0.0,17.808143456636344,17.808143456636344,17.808143456636344,17.808143456636344,0.0,15.856498668606992,0.0,0.0,0.0,0.0,0.0,0.0,0.0,0.0,8.285859157839148,0.0,0.0,0.0,0.0,0.0,0.0,0.0,0.0,0.0,0.0,3.1612443939570896
0.5038759689922481,6.016581240460126,2.3936192305182646,4.787238461036528,2.3936192305182638,0.0,0.0,0.0,0.0,0.0,0.0,1.1831233934535639,3.9783709965083234,2.3936192305182638,2.3936192305182638,0.0,0.0,0.0,3.148370573977895,0.0,0.0,2.366246786907128,1.1831233934535643,2.973889047783502,1.1831233934535643,0.0,0.0,0.0,0.0,0.0,0.0,1.1831233934535643,3.576742623971829,2.3936192305182646,5.161494389961889,0.0,0.0,0.0,0.0,3.148370573977898,0.0,0.0,0.0,0.0,0.0,29.366140349011186,0.0,0.0,0.0,0.0,0.0,0.0,0.0,0.0,0.0,0.0,33.339980200886885,0.0,0.0,0.0,0.0,0.0,0.0,0.0,0.0,0.0,0.0,31.35220085650245,0.0,0.0,0.0,0.0,0.0,0.0,0.0,17.162365990601156,17.162365990601156,17.162365990601156,17.162365990601156,0.0,14.72734031976716,0.0,0.0,0.0,0.0,0.0,0.0,0.0,0.0,7.615972267543477,0.0,0.0,0.0,0.0,0.0,0.0,0.0,0.0,0.0,0.0,2.9157391842098104
0.6046511627906976,5.81041314427214,2.3907548340867777,4.781509668173555,2.3907548340867772,0.0,0.0,0.0,0.0,0.0,0.0,1.2491229567645021,4.114603858150026,2.3907548340867772,2.3907548340867772,0.0,0.0,0.0,3.483004946749297,0.0,0.0,2.4982459135290043,1.2491229567645021,3.0358279917768853,1.2491229567645021,0.0,0.0,0.0,0.0,0.0,0.0,1.2491229567645021,3.63987779085128,2.3907548340867777,5.363726814914529,0.0,0.0,0.0,0.0,3.4830049467493,0.0,0.0,0.0,0.0,0.0,28.86386361541823,0.0,0.0,0.0,0.0,0.0,0.0,0.0,0.0,0.0,0.0,32.84475939902803,0.0,0.0,0.0,0.0,0.0,0.0,0.0,0.0,0.0,0.0,30.85363014695632,0.0,0.0,0.0,0.0,0.0,0.0,0.0,16.72392917729856,16.72392917729856,16.72392917729856,16.72392917729856,0.0,13.984490356364908,0.0,0.0,0.0,0.0,0.0,0.0,0.0,0.0,7.111681426079158,0.0,0.0,0.0,0.0,0.0,0.0,0.0,0.0,0.0,0.0,2.5320938978736742
0.7054263565891473,5.651856614276512,2.3699876168149685,4.739975233629938,2.369987616814969,0.0,0.0,0.0,0.0,0.0,0.0,1.295627016882984,4.193290415097249,2.369987616814969,2.369987616814969,0.0,0.0,0.0,3.6866747849181665,0.0,0.0,2.591254033765968,1.2956270168829838,3.089762188228826,1.2956270168829838,0.0,0.0,0.0,0.0,0.0,0.0,1.2956270168829838,3.6656146336979525,2.3699876168149685,5.488917431980232,0.0,0.0,0.0,0.0,3.6866747849181642,0.0,0.0,0.0,0.0,0.0,28.535241598584513,0.0,0.0,0.0,0.0,0.0,0.0,0.0,0.0,0.0,0.0,32.522505246361796,0.0,0.0,0.0,0.0,0.0,0.0,0.0,0.0,0.0,0.0,30.528397428548953,0.0,0.0,0.0,0.0,0.0,0.0,0.0,16.445037002301582,16.445037002301582,16.445037002301582,16.445037002301582,0.0,13.521962100353413,0.0,0.0,0.0,0.0,0.0,0.0,0.0,0.0,6.752277260561877,0.0,0.0,0.0,0.0,0.0,0.0,0.0,0.0,0.0,0.0,2.153955174765829
0.8062015503875969,5.529386110787677,2.34435837622296,4.68871675244592,2.3443583762229596,0.0,0.0,0.0,0.0,0.0,0.0,1.3325141223213564,4.23981673417449,2.3443583762229596,2.3443583762229596,0.0,0.0,0.0,3.810757019404917,0.0,0.0,2.6650282446427127,1.3325141223213566,3.1428578305774395,1.3325141223213566,0.0,0.0,0.0,0.0,0.0,0.0,1.3325141223213566,3.6768724985443164,2.34435837622296,5.572330856495848,0.0,0.0,0.0,0.0,3.810757019404919,0.0,0.0,0.0,0.0,0.0,28.32827105657081,0.0,0.0,0.0,0.0,0.0,0.0,0.0,0.0,0.0,0.0,32.320124853011805,0.0,0.0,0.0,0.0,0.0,0.0,0.0,0.0,0.0,0.0,30.32388547617572,0.0,0.0,0.0,0.0,0.0,0.0,0.0,16.271602767935235,16.271602767935235,16.271602767935235,16.271602767935235,0.0,13.23825283187388,0.0,0.0,0.0,0.0,0.0,0.0,0.0,0.0,6.5027958545276,0.0,0.0,0.0,0.0,0.0,0.0,0.0,0.0,0.0,0.0,1.8298352206764925
0.9069767441860465,5.431999599192569,2.3182324362904936,4.636464872580987,2.3182324362904936,0.0,0.0,0.0,0.0,0.0,0.0,1.3641702246232645,4.267733076849055,2.3182324362904936,2.3182324362904936,0.0,0.0,0.0,3.8865275534411277,0.0,0.0,2.728340449246529,1.3641702246232645,3.196475037352749,1.3641702246232645,0.0,0.0,0.0,0.0,0.0,0.0,1.3641702246232645,3.682402660913758,2.3182324362904936,5.631903301472319,0.0,0.0,0.0,0.0,3.8865275534411277,0.0,0.0,0.0,0.0,0.0,28.19974947245327,0.0,0.0,0.0,0.0,0.0,0.0,0.0,0.0,0.0,0.0,32.19463747461327,0.0,0.0,0.0,0.0,0.0,0.0,0.0,0.0,0.0,0.0,30.19699426646676,0.0,0.0,0.0,0.0,0.0,0.0,0.0,16.164536855033102,16.164536855033102,16.164536855033102,16.164536855033102,0.0,13.064612586886174,0.0,0.0,0.0,0.0,0.0,0.0,0.0,0.0,6.3322179830807706,0.0,0.0,0.0,0.0,0.0,0.0,0.0,0.0,0.0,0.0,1.5654450215362294
1.0077519379844961,5.351653307436368,2.2929472553203225,4.585894510640646,2.292947255320323,0.0,0.0,0.0,0.0,0.0,0.0,1.3925982886143107,4.284558665514015,2.292947255320323,2.292947255320323,0.0,0.0,0.0,3.9326770651684444,0.0,0.0,2.7851965772286214,1.3925982886143105,3.250272425543371,1.3925982886143105,0.0,0.0,0.0,0.0,0.0,0.0,1.3925982886143105,3.6855455439346327,2.2929472553203225,5.677156954128325,0.0,0.0,0.0,0.0,3.932677065168442,0.0,0.0,0.0,0.0,0.0,28.120453994994286,0.0,0.0,0.0,0.0,0.0,0.0,0.0,0.0,0.0,0.0,32.1172787708005,0.0,0.0,0.0,0.0,0.0,0.0,0.0,0.0,0.0,0.0,30.11874183830242,0.0,0.0,0.0,0.0,0.0,0.0,0.0,16.098735519978906,16.098735519978906,16.098735519978906,16.098735519978906,0.0,12.958464267111523,0.0,0.0,0.0,0.0,0.0,0.0,0.0,0.0,6.216955272220015,0.0,0.0,0.0,0.0,0.0,0.0,0.0,0.0,0.0,0.0,1.3528840011744616
1.1085271317829457,5.282960047635698,2.268842454647577,4.537684909295155,2.2688424546475776,0.0,0.0,0.0,0.0,0.0,0.0,1.4187685054642298,4.294642462160888,2.2688424546475776,2.2688424546475776,0.0,0.0,0.0,3.96050937468584,0.0,0.0,2.8375370109284592,1.4187685054642296,3.3035776970136035,1.4187685054642296,0.0,0.0,0.0,0.0,0.0,0.0,1.4187685054642296,3.687610960111807,2.268842454647577,5.713410967625117,0.0,0.0,0.0,0.0,3.960509374685838,0.0,0.0,0.0,0.0,0.0,28.071855754333505,0.0,0.0,0.0,0.0,0.0,0.0,0.0,0.0,0.0,0.0,32.06990430380823,0.0,0.0,0.0,0.0,0.0,0.0,0.0,0.0,0.0,0.0,30.070802810655188,0.0,0.0,0.0,0.0,0.0,0.0,0.0,16.058588629903724,16.058588629903724,16.058588629903724,16.058588629903724,0.0,12.89391343922366,0.0,0.0,0.0,0.0,0.0,0.0,0.0,0.0,6.139983144697235,0.0,0.0,0.0,0.0,0.0,0.0,0.0,0.0,0.0,0.0,1.1818912476707437
1.2093023255813953,5.222434383133263,2.2459506913863883,4.491901382772777,2.245950691386389,0.0,0.0,0.0,0.0,0.0,0.0,1.4431855590810911,4.300581925241737,2.245950691386389,2.245950691386389,0.0,0.0,0.0,3.976964188088667,0.0,0.0,2.886371118162182,1.4431855590810907,3.355791342121611,1.4431855590810907,0.0,0.0,0.0,0.0,0.0,0.0,1.4431855590810907,3.689136250467479,2.2459506913863883,5.743767484322826,0.0,0.0,0.0,0.0,3.976964188088664,0.0,0.0,0.0,0.0,0.0,28.042402804921764,0.0,0.0,0.0,0.0,0.0,0.0,0.0,0.0,0.0,0.0,32.041220155220074,0.0,0.0,0.0,0.0,0.0,0.0,0.0,0.0,0.0,0.0,30.04176433122269,0.0,0.0,0.0,0.0,0.0,0.0,0.0,16.034424442951128,16.034424442951128,16.034424442951128,16.034424442951128,0.0,12.85513836083543,0.0,0.0,0.0,0.0,0.0,0.0,0.0,0.0,6.089265080995241,0.0,0.0,0.0,0.0,0.0,0.0,0.0,0.0,0.0,0.0,1.0433307071900924
1.3100775193798448,5.167849291580884,2.224222896090113,4.448445792180227,2.2242228960901143,0.0,0.0,0.0,0.0,0.0,0.0,1.4661326228847742,4.303962384726795,2.2242228960901143,2.2242228960901143,0.0,0.0,0.0,3.986349803968141,0.0,0.0,2.932265245769548,1.4661326228847738,3.4064717388970416,1.4661326228847738,0.0,0.0,0.0,0.0,0.0,0.0,1.4661326228847738,3.6903555189748865,2.224222896090113,5.770095007611567,0.0,0.0,0.0,0.0,3.986349803968136,0.0,0.0,0.0,0.0,0.0,28.024897027585812,0.0,0.0,0.0,0.0,0.0,0.0,0.0,0.0,0.0,0.0,32.02419634428532,0.0,0.0,0.0,0.0,0.0,0.0,0.0,0.0,0.0,0.0,30.02451845825019,0.0,0.0,0.0,0.0,0.0,0.0,0.0,16.020223687739364,16.020223687739364,16.020223687739364,16.020223687739364,0.0,12.83237835026027,0.0,0.0,0.0,0.0,0.0,0.0,0.0,0.0,6.05638353798937,0.0,0.0,0.0,0.0,0.0,0.0,0.0,0.0,0.0,0.0,0.9299046887384466
1.4108527131782946,5.1177831855309,2.2035969397472157,4.4071938794944305,2.2035969397472153,0.0,0.0,0.0,0.0,0.0,0.0,1.487781609424323,4.305764546605391,2.2035969397472153,2.2035969397472153,0.0,0.0,0.0,3.991359412936276,0.0,0.0,2.9755632188486465,1.4877816094243235,3.455325049292978,1.4877816094243235,0.0,0.0,0.0,0.0,0.0,0.0,1.4877816094243235,3.691378549171539,2.2035969397472157,5.7935461560297155,0.0,0.0,0.0,0.0,3.991359412936278,0.0,0.0,0.0,0.0,0.0,28.01483740552869,0.0,0.0,0.0,0.0,0.0,0.0,0.0,0.0,0.0,0.0,32.01443884150934,0.0,0.0,0.0,0.0,0.0,0.0,0.0,0.0,0.0,0.0,30.01462153663677,0.0,0.0,0.0,0.0,0.0,0.0,0.0,16.01222144311206,16.01222144311206,16.01222144311206,16.01222144311206,0.0,12.819561777162887,0.0,0.0,0.0,0.0,0.0,0.0,0.0,0.0,6.035503374308744,0.0,0.0,0.0,0.0,0.0,0.0,0.0,0.0,0.0,0.0,0.836012445019854
1.5116279069767442,5.071321383775067,2.184015366247475,4.368030732494949,2.184015366247474,0.0,0.0,0.0,0.0,0.0,0.0,1.5082460546082828,4.306600195434082,2.184015366247474,2.184015366247474,0.0,0.0,0.0,3.9936837542764536,0.0,0.0,3.016492109216566,1.5082460546082832,3.50217337612938,1.5082460546082832,0.0,0.0,0.0,0.0,0.0,0.0,1.5082460546082832,3.6922614208557585,2.184015366247475,5.8148462500423665,0.0,0.0,0.0,0.0,3.993683754276458,0.0,0.0,0.0,0.0,0.0,28.009394914682346,0.0,0.0,0.0,0.0,0.0,0.0,0.0,0.0,0.0,0.0,32.00917968773739,0.0,0.0,0.0,0.0,0.0,0.0,0.0,0.0,0.0,0.0,30.009278812350004,0.0,0.0,0.0,0.0,0.0,0.0,0.0,16.00805285507829,16.00805285507829,16.00805285507829,16.00805285507829,0.0,12.81288781054901,0.0,0.0,0.0,0.0,0.0,0.0,0.0,0.0,6.022613108027874,0.0,0.0,0.0,0.0,0.0,0.0,0.0,0.0,0.0,0.0,0.7574128233311688
1.6124031007751938,5.027866764134916,2.1654278357875962,4.3308556715751925,2.1654278357875962,0.0,0.0,0.0,0.0,0.0,0.0,1.527607642234761,4.30685206544087,2.1654278357875962,2.1654278357875962,0.0,0.0,0.0,3.99438450285227,0.0,0.0,3.055215284469522,1.527607642234761,3.546923876240425,1.527607642234761,0.0,0.0,0.0,0.0,0.0,0.0,1.527607642234761,3.6930354780223573,2.1654278357875962,5.834459707675631,0.0,0.0,0.0,0.0,3.99438450285227,0.0,0.0,0.0,0.0,0.0,28.006795884272712,0.0,0.0,0.0,0.0,0.0,0.0,0.0,0.0,0.0,0.0,32.00669770621129,0.0,0.0,0.0,0.0,0.0,0.0,0.0,0.0,0.0,0.0,30.00674243904746,0.0,0.0,0.0,0.0,0.0,0.0,0.0,16.00623151863701,16.00623151863701,16.00623151863701,16.00623151863701,0.0,12.809972371410439,0.0,0.0,0.0,0.0,0.0,0.0,0.0,0.0,6.014980589317368,0.0,0.0,0.0,0.0,0.0,0.0,0.0,0.0,0.0,0.0,0.6908994932084959
1.7131782945736433,4.987019817763242,2.147789760818888,4.295579521637776,2.147789760818888,0.0,0.0,0.0,0.0,0.0,0.0,1.5459304272449002,4.306760027639525,2.147789760818888,2.147789760818888,0.0,0.0,0.0,3.994128427297229,0.0,0.0,3.0918608544898003,1.5459304272449002,3.5895439200781354,1.5459304272449002,0.0,0.0,0.0,0.0,0.0,0.0,1.5459304272449002,3.693720188063788,2.147789760818888,5.852690454884425,0.0,0.0,0.0,0.0,3.994128427297229,0.0,0.0,0.0,0.0,0.0,28.005919615426933,0.0,0.0,0.0,0.0,0.0,0.0,0.0,0.0,0.0,0.0,32.005891038233976,0.0,0.0,0.0,0.0,0.0,0.0,0.0,0.0,0.0,0.0,30.005903672452366,0.0,0.0,0.0,0.0,0.0,0.0,0.0,16.00582231614254,16.00582231614254,16.00582231614254,16.00582231614254,0.0,12.809317400796331,0.0,0.0,0.0,0.0,0.0,0.0,0.0,0.0,6.0107621866113945,0.0,0.0,0.0,0.0,0.0,0.0,0.0,0.0,0.0,0.0,0.6340380960819221
1.813953488372093,4.9485039105745,2.1310603562400146,4.262120712480029,2.1310603562400146,0.0,0.0,0.0,0.0,0.0,0.0,1.563268409362918,4.3064740267985515,2.1310603562400146,2.1310603562400146,0.0,0.0,0.0,3.993332760792912,0.0,0.0,3.126536818725836,1.563268409362918,3.6300425815526336,1.563268409362918,0.0,0.0,0.0,0.0,0.0,0.0,1.563268409362918,3.6943287656029327,2.1310603562400146,5.86974243616147,0.0,0.0,0.0,0.0,3.993332760792912,0.0,0.0,0.0,0.0,0.0,28.006063937303463,0.0,0.0,0.0,0.0,0.0,0.0,0.0,0.0,0.0,0.0,32.006076261942894,0.0,0.0,0.0,0.0,0.0,0.0,0.0,0.0,0.0,0.0,30.006070095516794,0.0,0.0,0.0,0.0,0.0,0.0,0.0,16.006238070747727,16.006238070747727,16.006238070747727,16.006238070747727,0.0,12.809982858872699,0.0,0.0,0.0,0.0,0.0,0.0,0.0,0.0,6.008724885287267,0.0,0.0,0.0,0.0,0.0,0.0,0.0,0.0,0.0,0.0,0.5849663624992235
1.9147286821705427,4.912118914984632,2.1152012600063728,4.2304025200127455,2.1152012600063728,0.0,0.0,0.0,0.0,0.0,0.0,1.5796697445369607,4.306087243844728,2.1152012600063728,2.1152012600063728,0.0,0.0,0.0,3.992256882258122,0.0,0.0,3.1593394890739215,1.5796697445369607,3.6684573606700512,1.5796697445369607,0.0,0.0,0.0,0.0,0.0,0.0,1.5796697445369607,3.6948710045433337,2.1152012600063728,5.885756988381689,0.0,0.0,0.0,0.0,3.992256882258122,0.0,0.0,0.0,0.0,0.0,28.006788447008837,0.0,0.0,0.0,0.0,0.0,0.0,0.0,0.0,0.0,0.0,32.006823761585345,0.0,0.0,0.0,0.0,0.0,0.0,0.0,0.0,0.0,0.0,30.00680704978919,0.0,0.0,0.0,0.0,0.0,0.0,0.0,16.007111881490793,16.007111881490793,16.007111881490793,16.007111881490793,0.0,12.811381539328188,0.0,0.0,0.0,0.0,0.0,0.0,0.0,0.0,6.008052187995249,0.0,0.0,0.0,0.0,0.0,0.0,0.0,0.0,0.0,0.0,0.5422472316401453
2.0155038759689923,4.877712314267424,2.1001756239111753,4.200351247822351,2.1001756239111753,0.0,0.0,0.0,0.0,0.0,0.0,1.5951790481103207,4.305657014186982,2.1001756239111753,2.1001756239111753,0.0,0.0,0.0,3.9910603790664654,0.0,0.0,3.1903580962206415,1.5951790481103207,3.7048446795791303,1.5951790481103207,0.0,0.0,0.0,0.0,0.0,0.0,1.5951790481103207,3.6953546720214963,2.1001756239111753,5.900836062297303,0.0,0.0,0.0,0.0,3.9910603790664654,0.0,0.0,0.0,0.0,0.0,28.00781894749304,0.0,0.0,0.0,0.0,0.0,0.0,0.0,0.0,0.0,0.0,32.00786575566627,0.0,0.0,0.0,0.0,0.0,0.0,0.0,0.0,0.0,0.0,30.007843815724158,0.0,0.0,0.0,0.0,0.0,0.0,0.0,16.008216049184945,16.008216049184945,16.008216049184945,16.008216049184945,0.0,12.813149053869124,0.0,0.0,0.0,0.0,0.0,0.0,0.0,0.0,6.008208469293323,0.0,0.0,0.0,0.0,0.0,0.0,0.0,0.0,0.0,0.0,0.5047608787505458
2.1162790697674416,4.84516137909502,2.0859476084121047,4.171895216824209,2.0859476084121047,0.0,0.0,0.0,0.0,0.0,0.0,1.6098386307924195,4.305218021038791,2.0859476084121047,2.0859476084121047,0.0,0.0,0.0,3.989839750349431,0.0,0.0,3.219677261584839,1.6098386307924195,3.7392731864575515,1.6098386307924195,0.0,0.0,0.0,0.0,0.0,0.0,1.6098386307924195,3.695786239204524,2.0859476084121047,5.915056651831211,0.0,0.0,0.0,0.0,3.989839750349431,0.0,0.0,0.0,0.0,0.0,28.008986638849766,0.0,0.0,0.0,0.0,0.0,0.0,0.0,0.0,0.0,0.0,32.00903941360329,0.0,0.0,0.0,0.0,0.0,0.0,0.0,0.0,0.0,0.0,30.009014696889498,0.0,0.0,0.0,0.0,0.0,0.0,0.0,16.00941095011715,16.00941095011715,16.00941095011715,16.00941095011715,0.0,12.815061948486544,0.0,0.0,0.0,0.0,0.0,0.0,0.0,0.0,6.008845972040128,0.0,0.0,0.0,0.0,0.0,0.0,0.0,0.0,0.0,0.0,0.471626001954626
2.2170542635658914,4.8143622685443805,2.072482147660388,4.144964295320776,2.0724821476603874,0.0,0.0,0.0,0.0,0.0,0.0,1.6236891269558917,4.30479060788876,2.0724821476603874,2.0724821476603874,0.0,0.0,0.0,3.9886515591776255,0.0,0.0,3.247378253911784,1.6236891269558922,3.771819061257925,1.6236891269558922,0.0,0.0,0.0,0.0,0.0,0.0,1.6236891269558922,3.69617127461628,2.072482147660388,5.928479734844654,0.0,0.0,0.0,0.0,3.9886515591776277,0.0,0.0,0.0,0.0,0.0,28.010188670646176,0.0,0.0,0.0,0.0,0.0,0.0,0.0,0.0,0.0,0.0,32.01024078112872,0.0,0.0,0.0,0.0,0.0,0.0,0.0,0.0,0.0,0.0,30.010216427373376,0.0,0.0,0.0,0.0,0.0,0.0,0.0,16.010612807754487,16.010612807754487,16.010612807754487,16.010612807754487,0.0,12.816986123991601,0.0,0.0,0.0,0.0,0.0,0.0,0.0,0.0,6.009741886125184,0.0,0.0,0.0,0.0,0.0,0.0,0.0,0.0,0.0,0.0,0.4421423673187676
2.317829457364341,4.785223279289657,2.059744872421404,4.119489744842807,2.059744872421403,0.0,0.0,0.0,0.0,0.0,0.0,1.6367698035263822,4.304386132484003,2.059744872421403,2.059744872421403,0.0,0.0,0.0,3.9875273512754568,0.0,0.0,3.273539607052765,1.6367698035263825,3.802562672465967,1.6367698035263825,0.0,0.0,0.0,0.0,0.0,0.0,1.6367698035263825,3.6965146759477863,2.059744872421404,5.941155936010388,0.0,0.0,0.0,0.0,3.987527351275462,0.0,0.0,0.0,0.0,0.0,28.01136530308377,0.0,0.0,0.0,0.0,0.0,0.0,0.0,0.0,0.0,0.0,32.01141686317987,0.0,0.0,0.0,0.0,0.0,0.0,0.0,0.0,0.0,0.0,30.01139282899907,0.0,0.0,0.0,0.0,0.0,0.0,0.0,16.011772941699753,16.011772941699753,16.011772941699753,16.011772941699753,0.0,12.818843636827419,0.0,0.0,0.0,0.0,0.0,0.0,0.0,0.0,6.010755532678273,0.0,0.0,0.0,0.0,0.0,0.0,0.0,0.0,0.0,0.0,0.4157482502889768
2.4186046511627906,4.757660797129176,2.0477021229546977,4.095404245909395,2.0477021229546977,0.0,0.0,0.0,0.0,0.0,0.0,1.6491186786615186,4.304010332536324,2.0477021229546977,2.0477021229546977,0.0,0.0,0.0,3.986483033899105,0.0,0.0,3.2982373573230372,1.6491186786615186,3.8315862445657842,1.6491186786615186,0.0,0.0,0.0,0.0,0.0,0.0,1.6491186786615186,3.6968208016162163,2.0477021229546977,5.953129011197842,0.0,0.0,0.0,0.0,3.986483033899105,0.0,0.0,0.0,0.0,0.0,28.01248211935058,0.0,0.0,0.0,0.0,0.0,0.0,0.0,0.0,0.0,0.0,32.012530934055754,0.0,0.0,0.0,0.0,0.0,0.0,0.0,0.0,0.0,0.0,30.012508185976458,0.0,0.0,0.0,0.0,0.0,0.0,0.0,16.01286474178982,16.01286474178982,16.01286474178982,16.01286474178982,0.0,12.820591861942777,0.0,0.0,0.0,0.0,0.0,0.0,0.0,0.0,6.011799956077702,0.0,0.0,0.0,0.0,0.0,0.0,0.0,0.0,0.0,0.0,0.3919888981063408
2.5193798449612403,4.731596856651461,2.0363210062279746,4.072642012455949,2.0363210062279746,0.0,0.0,0.0,0.0,0.0,0.0,1.6607725500633412,4.303665481063562,2.0363210062279746,2.0363210062279746,0.0,0.0,0.0,3.9855248802518846,0.0,0.0,3.3215451001266825,1.6607725500633412,3.8589722118758067,1.6607725500633412,0.0,0.0,0.0,0.0,0.0,0.0,1.6607725500633412,3.697093556291316,2.0363210062279746,5.964438031126903,0.0,0.0,0.0,0.0,3.9855248802518846,0.0,0.0,0.0,0.0,0.0,28.01352177870051,0.0,0.0,0.0,0.0,0.0,0.0,0.0,0.0,0.0,0.0,32.013567157475286,0.0,0.0,0.0,0.0,0.0,0.0,0.0,0.0,0.0,0.0,30.013546004205757,0.0,0.0,0.0,0.0,0.0,0.0,0.0,16.013875312934807,16.013875312934807,16.013875312934807,16.013875312934807,0.0,12.822210126911145,0.0,0.0,0.0,0.0,0.0,0.0,0.0,0.0,6.012823013604015,0.0,0.0,0.0,0.0,0.0,0.0,0.0,0.0,0.0,0.0,0.3704928865248056
2.6201550387596897,4.706957715296745,2.025569471871912,4.051138943743824,2.025569471871912,0.0,0.0,0.0,0.0,0.0,0.0,1.6717669776240922,4.303351749452061,2.025569471871912,2.025569471871912,0.0,0.0,0.0,3.984653325062737,0.0,0.0,3.3435339552481844,1.6717669776240922,3.884802068148289,1.6717669776240922,0.0,0.0,0.0,0.0,0.0,0.0,1.6717669776240922,3.6973364494960044,2.025569471871912,5.975118727076152,0.0,0.0,0.0,0.0,3.984653325062737,0.0,0.0,0.0,0.0,0.0,28.01447703998893,0.0,0.0,0.0,0.0,0.0,0.0,0.0,0.0,0.0,0.0,32.01451850132059,0.0,0.0,0.0,0.0,0.0,0.0,0.0,0.0,0.0,0.0,30.014499219155724,0.0,0.0,0.0,0.0,0.0,0.0,0.0,16.01480020320431,16.01480020320431,16.01480020320431,16.01480020320431,0.0,12.82369127742764,0.0,0.0,0.0,0.0,0.0,0.0,0.0,0.0,6.013794992433268,0.0,0.0,0.0,0.0,0.0,0.0,0.0,0.0,0.0,0.0,0.3509544685788394
2.7209302325581395,4.683673011996539,2.0154163853621117,4.030832770724223,2.0154163853621117,0.0,0.0,0.0,0.0,0.0,0.0,1.6821362547479382,4.303068083958721,2.0154163853621117,2.0154163853621117,0.0,0.0,0.0,3.983865403778299,0.0,0.0,3.3642725094958763,1.6821362547479382,3.909155565115791,1.6821362547479382,0.0,0.0,0.0,0.0,0.0,0.0,1.6821362547479382,3.69755264011005,2.0154163853621117,5.98520433870666,0.0,0.0,0.0,0.0,3.983865403778299,0.0,0.0,0.0,0.0,0.0,28.015346845339614,0.0,0.0,0.0,0.0,0.0,0.0,0.0,0.0,0.0,0.0,32.015385314904556,0.0,0.0,0.0,0.0,0.0,0.0,0.0,0.0,0.0,0.0,30.015367248686342,0.0,0.0,0.0,0.0,0.0,0.0,0.0,16.01564000359739,16.01564000359739,16.01564000359739,16.01564000359739,0.0,12.825036236241452,0.0,0.0,0.0,0.0,0.0,0.0,0.0,0.0,6.014700373426618,0.0,0.0,0.0,0.0,0.0,0.0,0.0,0.0,0.0,0.0,0.33311984807549805
2.8217054263565893,4.66167530767538,2.005831595184396,4.011663190368792,2.005831595184396,0.0,0.0,0.0,0.0,0.0,0.0,1.6919133764487864,4.302812750347121,2.005831595184396,2.005831595184396,0.0,0.0,0.0,3.9831562671595147,0.0,0.0,3.3838267528975727,1.6919133764487861,3.93211016749984,1.6919133764487861,0.0,0.0,0.0,0.0,0.0,0.0,1.6919133764487861,3.697744971633182,2.005831595184396,5.994726126795906,0.0,0.0,0.0,0.0,3.9831562671595124,0.0,0.0,0.0,0.0,0.0,28.016133703975015,0.0,0.0,0.0,0.0,0.0,0.0,0.0,0.0,0.0,0.0,32.01616599549544,0.0,0.0,0.0,0.0,0.0,0.0,0.0,0.0,0.0,0.0,30.016151654442325,0.0,0.0,0.0,0.0,0.0,0.0,0.0,16.016398239565014,16.016398239565014,16.016398239565014,16.016398239565014,0.0,12.826250628417064,0.0,0.0,0.0,0.0,0.0,0.0,0.0,0.0,6.015532565761419,0.0,0.0,0.0,0.0,0.0,0.0,0.0,0.0,0.0,0.0,0.31677688734087994
2.9224806201550386,4.640899823177376,1.9967859862907718,3.9935719725815435,1.9967859862907718,0.0,0.0,0.0,0.0,0.0,0.0,1.7011300144792014,4.3025836849968435,1.9967859862907718,1.9967859862907718,0.0,0.0,0.0,3.982520156852271,0.0,0.0,3.402260028958403,1.7011300144792014,3.9537406800733716,1.7011300144792014,0.0,0.0,0.0,0.0,0.0,0.0,1.7011300144792014,3.697916000769973,1.9967859862907718,6.0037136994760445,0.0,0.0,0.0,0.0,3.982520156852271,0.0,0.0,0.0,0.0,0.0,28.01684228095833,0.0,0.0,0.0,0.0,0.0,0.0,0.0,0.0,0.0,0.0,32.01687548207616,0.0,0.0,0.0,0.0,0.0,0.0,0.0,0.0,0.0,0.0,30.01685916221769,0.0,0.0,0.0,0.0,0.0,0.0,0.0,16.017079983340597,16.017079983340597,16.017079983340597,16.017079983340597,0.0,12.8273425596365,0.0,0.0,0.0,0.0,0.0,0.0,0.0,0.0,6.016290382243496,0.0,0.0,0.0,0.0,0.0,0.0,0.0,0.0,0.0,0.0,0.3017468771515399
3.0232558139534884,4.621284319838679,1.9882515196886037,3.9765030393772074,1.9882515196886037,0.0,0.0,0.0,0.0,0.0,0.0,1.7098165051765228,4.3023786940640125,1.9882515196886037,1.9882515196886037,0.0,0.0,0.0,3.9819509581891093,0.0,0.0,3.4196330103530457,1.7098165051765228,3.9741190321892277,1.7098165051765228,0.0,0.0,0.0,0.0,0.0,0.0,1.7098165051765228,3.6980680248651265,1.9882515196886037,6.012195199240535,0.0,0.0,0.0,0.0,3.9819509581891093,0.0,0.0,0.0,0.0,0.0,28.017478065837302,0.0,0.0,0.0,0.0,0.0,0.0,0.0,0.0,0.0,0.0,32.017504901005964,0.0,0.0,0.0,0.0,0.0,0.0,0.0,0.0,0.0,0.0,30.01749262258556,0.0,0.0,0.0,0.0,0.0,0.0,0.0,16.01769109047794,16.01769109047794,16.01769109047794,16.01769109047794,0.0,12.828321393498818,0.0,0.0,0.0,0.0,0.0,0.0,0.0,0.0,6.0169759680311214,0.0,0.0,0.0,0.0,0.0,0.0,0.0,0.0,0.0,0.0,0.2878785096682698
3.1240310077519378,4.602769015309994,1.9802012591045401,3.9604025182090803,1.9802012591045401,0.0,0.0,0.0,0.0,0.0,0.0,1.7180018466695033,4.302195596863283,1.9802012591045401,1.9802012591045401,0.0,0.0,0.0,3.9814425977459273,0.0,0.0,3.4360036933390066,1.7180018466695033,3.993314129934243,1.7180018466695033,0.0,0.0,0.0,0.0,0.0,0.0,1.7180018466695033,3.698203105774043,1.9802012591045401,6.020197443532786,0.0,0.0,0.0,0.0,3.9814425977459273,0.0,0.0,0.0,0.0,0.0,28.01804716660709,0.0,0.0,0.0,0.0,0.0,0.0,0.0,0.0,0.0,0.0,32.01807192106851,0.0,0.0,0.0,0.0,0.0,0.0,0.0,0.0,0.0,0.0,30.01806044987669,0.0,0.0,0.0,0.0,0.0,0.0,0.0,16.018237605689578,16.018237605689578,16.018237605689578,16.018237605689578,0.0,12.82919679961639,0.0,0.0,0.0,0.0,0.0,0.0,0.0,0.0,6.017593240356239,0.0,0.0,0.0,0.0,0.0,0.0,0.0,0.0,0.0,0.0,0.2750427352968153
3.2248062015503876,4.585296551825033,1.9726093846928352,3.9452187693856704,1.9726093846928352,0.0,0.0,0.0,0.0,0.0,0.0,1.7257137070967508,4.302032294743728,1.9726093846928352,1.9726093846928352,0.0,0.0,0.0,3.9809892338845625,0.0,0.0,3.4514274141935015,1.7257137070967508,4.011391800115605,1.7257137070967508,0.0,0.0,0.0,0.0,0.0,0.0,1.7257137070967508,3.698323091789586,1.9726093846928352,6.0277460018404785,0.0,0.0,0.0,0.0,3.9809892338845625,0.0,0.0,0.0,0.0,0.0,28.01855549426368,0.0,0.0,0.0,0.0,0.0,0.0,0.0,0.0,0.0,0.0,32.01857569315088,0.0,0.0,0.0,0.0,0.0,0.0,0.0,0.0,0.0,0.0,30.01856683731933,0.0,0.0,0.0,0.0,0.0,0.0,0.0,16.018725498910282,16.018725498910282,16.018725498910282,16.018725498910282,0.0,12.829978330471924,0.0,0.0,0.0,0.0,0.0,0.0,0.0,0.0,6.018147060064395,0.0,0.0,0.0,0.0,0.0,0.0,0.0,0.0,0.0,0.0,0.26312890515241677
3.3255813953488373,4.568811965798116,1.965451195617529,3.9309023912350574,1.9654511956175285,0.0,0.0,0.0,0.0,0.0,0.0,1.7329784421531453,4.301886815064379,1.9654511956175285,1.9654511956175285,0.0,0.0,0.0,3.980585378162767,0.0,0.0,3.465956884306291,1.7329784421531458,4.028414778567833,1.7329784421531458,0.0,0.0,0.0,0.0,0.0,0.0,1.7329784421531458,3.6984296377706745,1.965451195617529,6.034865257217525,0.0,0.0,0.0,0.0,3.980585378162769,0.0,0.0,0.0,0.0,0.0,28.019008948536268,0.0,0.0,0.0,0.0,0.0,0.0,0.0,0.0,0.0,0.0,32.01902902040811,0.0,0.0,0.0,0.0,0.0,0.0,0.0,0.0,0.0,0.0,30.019019487725775,0.0,0.0,0.0,0.0,0.0,0.0,0.0,16.01916045999376,16.01916045999376,16.01916045999376,16.01916045999376,0.0,12.830675092151376,0.0,0.0,0.0,0.0,0.0,0.0,0.0,0.0,6.018642647818351,0.0,0.0,0.0,0.0,0.0,0.0,0.0,0.0,0.0,0.0,0.2520416277713454
3.4263565891472867,4.553262661388029,1.9587031034308415,3.9174062068616826,1.958703103430841,0.0,0.0,0.0,0.0,0.0,0.0,1.7398211202035883,4.301757331156786,1.958703103430841,1.958703103430841,0.0,0.0,0.0,3.9802259501319486,0.0,0.0,3.479642240407177,1.7398211202035885,4.044442738790504,1.7398211202035885,0.0,0.0,0.0,0.0,0.0,0.0,1.7398211202035885,3.69852422363443,1.9587031034308415,6.041578451360375,0.0,0.0,0.0,0.0,3.9802259501319512,0.0,0.0,0.0,0.0,0.0,28.01941290612781,0.0,0.0,0.0,0.0,0.0,0.0,0.0,0.0,0.0,0.0,32.01943027646481,0.0,0.0,0.0,0.0,0.0,0.0,0.0,0.0,0.0,0.0,30.0194222725046,0.0,0.0,0.0,0.0,0.0,0.0,0.0,16.019547814837086,16.019547814837086,16.019547814837086,16.019547814837086,0.0,12.831295609592585,0.0,0.0,0.0,0.0,0.0,0.0,0.0,0.0,6.019085244169807,0.0,0.0,0.0,0.0,0.0,0.0,0.0,0.0,0.0,0.0,0.24169823112507466
3.5271317829457365,4.538598379583012,1.952342617495474,3.904685234990948,1.952342617495474,0.0,0.0,0.0,0.0,0.0,0.0,1.7462655543840957,4.30164216837985,1.952342617495474,1.952342617495474,0.0,0.0,0.0,3.979906293605394,0.0,0.0,3.4925311087681914,1.7462655543840957,4.059532350738976,1.7462655543840957,0.0,0.0,0.0,0.0,0.0,0.0,1.7462655543840957,3.69860817187957,1.952342617495474,6.047907722763945,0.0,0.0,0.0,0.0,3.979906293605394,0.0,0.0,0.0,0.0,0.0,28.019772449886258,0.0,0.0,0.0,0.0,0.0,0.0,0.0,0.0,0.0,0.0,32.01978799076159,0.0,0.0,0.0,0.0,0.0,0.0,0.0,0.0,0.0,0.0,30.019780728001276,0.0,0.0,0.0,0.0,0.0,0.0,0.0,16.01989248315402,16.01989248315402,16.01989248315402,16.01989248315402,0.0,12.831847758590735,0.0,0.0,0.0,0.0,0.0,0.0,0.0,0.0,6.01947991880636,0.0,0.0,0.0,0.0,0.0,0.0,0.0,0.0,0.0,0.0,0.2320267423133673
3.627906976744186,4.524771157590194,1.9463483236363055,3.8926966472726106,1.946348323636305,0.0,0.0,0.0,0.0,0.0,0.0,1.752334339214231,4.301539803557475,1.946348323636305,1.946348323636305,0.0,0.0,0.0,3.9796221746409723,0.0,0.0,3.5046686784284624,1.7523343392142312,4.073737357410965,1.7523343392142312,0.0,0.0,0.0,0.0,0.0,0.0,1.7523343392142312,3.698682662850537,1.9463483236363055,6.053874142771707,0.0,0.0,0.0,0.0,3.9796221746409746,0.0,0.0,0.0,0.0,0.0,28.020092248088748,0.0,0.0,0.0,0.0,0.0,0.0,0.0,0.0,0.0,0.0,32.020107094966974,0.0,0.0,0.0,0.0,0.0,0.0,0.0,0.0,0.0,0.0,30.020099833550365,0.0,0.0,0.0,0.0,0.0,0.0,0.0,16.020198957840588,16.020198957840588,16.020198957840588,16.020198957840588,0.0,12.832338732439835,0.0,0.0,0.0,0.0,0.0,0.0,0.0,0.0,6.019831447665871,0.0,0.0,0.0,0.0,0.0,0.0,0.0,0.0,0.0,0.0,0.22296421375980602
3.7286821705426356,4.511735282392383,1.9406998582149102,3.8813997164298195,1.940699858214909,0.0,0.0,0.0,0.0,0.0,0.0,1.7580488910688694,4.301448858909643,1.940699858214909,1.940699858214909,0.0,0.0,0.0,3.979369764316896,0.0,0.0,3.5160977821377397,1.75804889106887,4.087108666716801,1.75804889106887,0.0,0.0,0.0,0.0,0.0,0.0,1.75804889106887,3.69874874928378,1.9406998582149102,6.059497749978514,0.0,0.0,0.0,0.0,3.9793697643169015,0.0,0.0,0.0,0.0,0.0,28.020376497211153,0.0,0.0,0.0,0.0,0.0,0.0,0.0,0.0,0.0,0.0,32.020389287922754,0.0,0.0,0.0,0.0,0.0,0.0,0.0,0.0,0.0,0.0,30.020383238771608,0.0,0.0,0.0,0.0,0.0,0.0,0.0,16.020471319140114,16.020471319140114,16.020471319140114,16.020471319140114,0.0,12.83277506436955,0.0,0.0,0.0,0.0,0.0,0.0,0.0,0.0,6.020144257971775,0.0,0.0,0.0,0.0,0.0,0.0,0.0,0.0,0.0,0.0,0.21445535053312528
3.8294573643410854,4.499447236872318,1.9353778781394153,3.87075575627883,1.9353778781394149,0.0,0.0,0.0,0.0,0.0,0.0,1.7634294913757593,4.301368093127692,1.9353778781394149,1.9353778781394149,0.0,0.0,0.0,3.979145613650516,0.0,0.0,3.526858982751519,1.7634294913757598,4.09969445347678,1.7634294913757598,0.0,0.0,0.0,0.0,0.0,0.0,1.7634294913757598,3.6988073695151753,1.9353778781394153,6.064797584503453,0.0,0.0,0.0,0.0,3.9791456136505183,0.0,0.0,0.0,0.0,0.0,28.020629018520307,0.0,0.0,0.0,0.0,0.0,0.0,0.0,0.0,0.0,0.0,32.02063958098998,0.0,0.0,0.0,0.0,0.0,0.0,0.0,0.0,0.0,0.0,30.020634805015657,0.0,0.0,0.0,0.0,0.0,0.0,0.0,16.020713254027342,16.020713254027342,16.020713254027342,16.020713254027342,0.0,12.833162658388368,0.0,0.0,0.0,0.0,0.0,0.0,0.0,0.0,6.0204224099087025,0.0,0.0,0.0,0.0,0.0,0.0,0.0,0.0,0.0,0.0,0.20645138274581848
3.9302325581395348,4.487865638355795,1.9303640274344418,3.860728054868883,1.9303640274344414,0.0,0.0,0.0,0.0,0.0,0.0,1.76849533176404,4.301296391176414,1.9303640274344414,1.9303640274344414,0.0,0.0,0.0,3.978946625043124,0.0,0.0,3.5369906635280803,1.7684953317640404,4.111540268166344,1.7684953317640404,0.0,0.0,0.0,0.0,0.0,0.0,1.7684953317640404,3.698859359198482,1.9303640274344418,6.0697917229404545,0.0,0.0,0.0,0.0,3.978946625043127,0.0,0.0,0.0,0.0,0.0,28.020853283996704,0.0,0.0,0.0,0.0,0.0,0.0,0.0,0.0,0.0,0.0,32.02086298707737,0.0,0.0,0.0,0.0,0.0,0.0,0.0,0.0,0.0,0.0,30.020858405579844,0.0,0.0,0.0,0.0,0.0,0.0,0.0,16.020928080002225,16.020928080002225,16.020928080002225,16.020928080002225,0.0,12.83350682723019,0.0,0.0,0.0,0.0,0.0,0.0,0.0,0.0,6.02066959909954,0.0,0.0,0.0,0.0,0.0,0.0,0.0,0.0,0.0,0.0,0.19890914420270336
4.0310077519379846,4.476951172584882,1.925640902172949,3.8512818043458976,1.9256409021729484,0.0,0.0,0.0,0.0,0.0,0.0,1.7732645599155394,4.30123275403321,1.9256409021729484,1.9256409021729484,0.0,0.0,0.0,3.978770023599994,0.0,0.0,3.5465291198310798,1.77326455991554,4.122689148251213,1.77326455991554,0.0,0.0,0.0,0.0,0.0,0.0,1.77326455991554,3.698905462088489,1.925640902172949,6.0744973139487515,0.0,0.0,0.0,0.0,3.9787700235999988,0.0,0.0,0.0,0.0,0.0,28.021052387370954,0.0,0.0,0.0,0.0,0.0,0.0,0.0,0.0,0.0,0.0,32.02106130477707,0.0,0.0,0.0,0.0,0.0,0.0,0.0,0.0,0.0,0.0,30.021057012748717,0.0,0.0,0.0,0.0,0.0,0.0,0.0,16.02111877358558,16.02111877358558,16.02111877358558,16.02111877358558,0.0,12.833812337866817,0.0,0.0,0.0,0.0,0.0,0.0,0.0,0.0,6.020889167790035,0.0,0.0,0.0,0.0,0.0,0.0,0.0,0.0,0.0,0.0,0.1917902844693657
4.131782945736434,4.46666652374966,1.9211920139817005,3.8423840279634005,1.9211920139817,0.0,0.0,0.0,0.0,0.0,0.0,1.7777543258540367,4.301176288327218,1.9211920139817,1.9211920139817,0.0,0.0,0.0,3.978613328213896,0.0,0.0,3.555508651708074,1.777754325854037,4.133181731422192,1.777754325854037,0.0,0.0,0.0,0.0,0.0,0.0,1.777754325854037,3.6989463398357376,1.9211920139817005,6.078930614181256,0.0,0.0,0.0,0.0,3.978613328213898,0.0,0.0,0.0,0.0,0.0,28.021229090673984,0.0,0.0,0.0,0.0,0.0,0.0,0.0,0.0,0.0,0.0,32.021236625638586,0.0,0.0,0.0,0.0,0.0,0.0,0.0,0.0,0.0,0.0,30.02123318211361,0.0,0.0,0.0,0.0,0.0,0.0,0.0,16.021288000301723,16.021288000301723,16.021288000301723,16.021288000301723,0.0,12.8340834594306,0.0,0.0,0.0,0.0,0.0,0.0,0.0,0.0,6.021084125853308,0.0,0.0,0.0,0.0,0.0,0.0,0.0,0.0,0.0,0.0,0.18506061261277906
4.232558139534883,4.456976301490357,1.9170017526699223,3.834003505339844,1.9170017526699217,0.0,0.0,0.0,0.0,0.0,0.0,1.7819808281391933,4.301126196315875,1.9170017526699217,1.9170017526699217,0.0,0.0,0.0,3.9784743236186983,0.0,0.0,3.563961656278387,1.781980828139194,4.143056368970404,1.781980828139194,0.0,0.0,0.0,0.0,0.0,0.0,1.781980828139194,3.6989825808091163,1.9170017526699223,6.083107024455071,0.0,0.0,0.0,0.0,3.9784743236187037,0.0,0.0,0.0,0.0,0.0,28.021385876584343,0.0,0.0,0.0,0.0,0.0,0.0,0.0,0.0,0.0,0.0,32.02139237672037,0.0,0.0,0.0,0.0,0.0,0.0,0.0,0.0,0.0,0.0,30.021389473303728,0.0,0.0,0.0,0.0,0.0,0.0,0.0,16.02143814257651,16.02143814257651,16.02143814257651,16.02143814257651,0.0,12.834324007820275,0.0,0.0,0.0,0.0,0.0,0.0,0.0,0.0,6.0212571756147035,0.0,0.0,0.0,0.0,0.0,0.0,0.0,0.0,0.0,0.0,0.17868954696130135
4.333333333333333,4.447846965739404,1.9130553484569093,3.826110696913818,1.9130553484569086,0.0,0.0,0.0,0.0,0.0,0.0,1.7859593594956509,4.301081766510113,1.9130553484569086,1.9130553484569086,0.0,0.0,0.0,3.978351034270209,0.0,0.0,3.571918718991302,1.7859593594956515,4.152349237816917,1.7859593594956515,0.0,0.0,0.0,0.0,0.0,0.0,1.7859593594956515,3.6990147079525606,1.9130553484569093,6.087041126005767,0.0,0.0,0.0,0.0,3.9783510342702137,0.0,0.0,0.0,0.0,0.0,28.02152496505704,0.0,0.0,0.0,0.0,0.0,0.0,0.0,0.0,0.0,0.0,32.02153103131927,0.0,0.0,0.0,0.0,0.0,0.0,0.0,0.0,0.0,0.0,30.02152817347289,0.0,0.0,0.0,0.0,0.0,0.0,0.0,16.021571326484594,16.021571326484594,16.021571326484594,16.021571326484594,0.0,12.834537388481667,0.0,0.0,0.0,0.0,0.0,0.0,0.0,0.0,6.021410737354161,0.0,0.0,0.0,0.0,0.0,0.0,0.0,0.0,0.0,0.0,0.17264965473876076
4.434108527131783,4.439246750747425,1.9093388343486666,3.8186776686973323,1.909338834348666,0.0,0.0,0.0,0.0,0.0,0.0,1.7897043515102553,4.301042364962469,1.909338834348666,1.909338834348666,0.0,0.0,0.0,3.9782417000884767,0.0,0.0,3.579408703020511,1.7897043515102558,4.161094450242348,1.7897043515102558,0.0,0.0,0.0,0.0,0.0,0.0,1.7897043515102558,3.6990431858589226,1.9093388343486666,6.090746716472726,0.0,0.0,0.0,0.0,3.9782417000884793,0.0,0.0,0.0,0.0,0.0,28.021648331283433,0.0,0.0,0.0,0.0,0.0,0.0,0.0,0.0,0.0,0.0,32.02165368732474,0.0,0.0,0.0,0.0,0.0,0.0,0.0,0.0,0.0,0.0,30.021651186688192,0.0,0.0,0.0,0.0,0.0,0.0,0.0,16.021689447412516,16.021689447412516,16.021689447412516,16.021689447412516,0.0,12.834726637466481,0.0,0.0,0.0,0.0,0.0,0.0,0.0,0.0,6.021546974621357,0.0,0.0,0.0,0.0,0.0,0.0,0.0,0.0,0.0,0.0,0.16691625389181153
4.534883720930233,4.431145588962501,1.9058390089664863,3.811678017932972,1.9058390089664858,0.0,0.0,0.0,0.0,0.0,0.0,1.7932294181638575,4.3010074273202,1.9058390089664858,1.9058390089664858,0.0,0.0,0.0,3.9781447543405215,0.0,0.0,3.5864588363277154,1.793229418163858,4.1693241605982365,1.793229418163858,0.0,0.0,0.0,0.0,0.0,0.0,1.793229418163858,3.699068427130344,1.9058390089664863,6.094236845484058,0.0,0.0,0.0,0.0,3.9781447543405237,0.0,0.0,0.0,0.0,0.0,28.0217577344836,0.0,0.0,0.0,0.0,0.0,0.0,0.0,0.0,0.0,0.0,32.02176240935598,0.0,0.0,0.0,0.0,0.0,0.0,0.0,0.0,0.0,0.0,30.021760268842566,0.0,0.0,0.0,0.0,0.0,0.0,0.0,16.02179419365187,16.02179419365187,16.02179419365187,16.02179419365187,0.0,12.834894459186842,0.0,0.0,0.0,0.0,0.0,0.0,0.0,0.0,6.021667818427796,0.0,0.0,0.0,0.0,0.0,0.0,0.0,0.0,0.0,0.0,0.16146707671397692
4.635658914728682,4.423515035394142,1.9025434000115184,3.8050868000230356,1.9025434000115173,0.0,0.0,0.0,0.0,0.0,0.0,1.796547398124008,4.300976451506506,1.9025434000115173,1.9025434000115173,0.0,0.0,0.0,3.9780588032799624,0.0,0.0,3.5930947962480166,1.7965473981240088,4.177068668894316,1.7965473981240088,0.0,0.0,0.0,0.0,0.0,0.0,1.7965473981240088,3.6990907981355274,1.9025434000115184,6.097523849630517,0.0,0.0,0.0,0.0,3.9780588032799673,0.0,0.0,0.0,0.0,0.0,28.021854740189674,0.0,0.0,0.0,0.0,0.0,0.0,0.0,0.0,0.0,0.0,32.02185839676745,0.0,0.0,0.0,0.0,0.0,0.0,0.0,0.0,0.0,0.0,30.021856938407172,0.0,0.0,0.0,0.0,0.0,0.0,0.0,16.02188706785365,16.02188706785365,16.02188706785365,16.02188706785365,0.0,12.835043260752805,0.0,0.0,0.0,0.0,0.0,0.0,0.0,0.0,6.021774990213183,0.0,0.0,0.0,0.0,0.0,0.0,0.0,0.0,0.0,0.0,0.15628197825838727
4.736434108527131,4.416328192893802,1.8994402285436536,3.7988804570873063,1.899440228543653,0.0,0.0,0.0,0.0,0.0,0.0,1.799670395621288,4.30094899106455,1.899440228543653,1.899440228543653,0.0,0.0,0.0,3.977982607636969,0.0,0.0,3.599340791242577,1.7996703956212887,4.18435652075902,1.7996703956212887,0.0,0.0,0.0,0.0,0.0,0.0,1.7996703956212887,3.699110624164942,1.8994402285436536,6.100619386685841,0.0,0.0,0.0,0.0,3.977982607636974,0.0,0.0,0.0,0.0,0.0,28.02194074803698,0.0,0.0,0.0,0.0,0.0,0.0,0.0,0.0,0.0,0.0,32.02194510082691,0.0,0.0,0.0,0.0,0.0,0.0,0.0,0.0,0.0,0.0,30.021942781344762,0.0,0.0,0.0,0.0,0.0,0.0,0.0,16.021969406544134,16.021969406544134,16.021969406544134,16.021969406544134,0.0,12.83517518321181,0.0,0.0,0.0,0.0,0.0,0.0,0.0,0.0,6.021870023181529,0.0,0.0,0.0,0.0,0.0,0.0,0.0,0.0,0.0,0.0,0.151342687270631
4.837209302325581,4.409559638747071,1.896518374239446,3.7930367484788916,1.8965183742394456,0.0,0.0,0.0,0.0,0.0,0.0,1.8026098196379525,4.300924649197671,1.8965183742394456,1.8965183742394456,0.0,0.0,0.0,3.977915066048878,0.0,0.0,3.6052196392759055,1.802609819637953,4.191214603060358,1.802609819637953,0.0,0.0,0.0,0.0,0.0,0.0,1.802609819637953,3.699128193877399,1.896518374239446,6.103534468835624,0.0,0.0,0.0,0.0,3.9779150660488796,0.0,0.0,0.0,0.0,0.0,28.022016993311492,0.0,0.0,0.0,0.0,0.0,0.0,0.0,0.0,0.0,0.0,32.022020637039645,0.0,0.0,0.0,0.0,0.0,0.0,0.0,0.0,0.0,0.0,30.02201878883081,0.0,0.0,0.0,0.0,0.0,0.0,0.0,16.02204239780353,16.02204239780353,16.02204239780353,16.02204239780353,0.0,12.835292129850698,0.0,0.0,0.0,0.0,0.0,0.0,0.0,0.0,6.021954281848896,0.0,0.0,0.0,0.0,0.0,0.0,0.0,0.0,0.0,0.0,0.1466325943445354
4.937984496124031,4.403185353031232,1.893767341778321,3.7875346835566415,1.8937673417783203,0.0,0.0,0.0,0.0,0.0,0.0,1.80537642146953,4.3009030734411775,1.8937673417783203,1.8937673417783203,0.0,0.0,0.0,3.9778552002502887,0.0,0.0,3.6107528429390605,1.8053764214695307,4.197668235348159,1.8053764214695307,0.0,0.0,0.0,0.0,0.0,0.0,1.8053764214695307,3.699143763247852,1.893767341778321,6.106279494910709,0.0,0.0,0.0,0.0,3.977855200250291,0.0,0.0,0.0,0.0,0.0,28.022084578510984,0.0,0.0,0.0,0.0,0.0,0.0,0.0,0.0,0.0,0.0,32.02208725181378,0.0,0.0,0.0,0.0,0.0,0.0,0.0,0.0,0.0,0.0,30.022086131191422,0.0,0.0,0.0,0.0,0.0,0.0,0.0,16.022107097304783,16.022107097304783,16.022107097304783,16.022107097304783,0.0,12.835395791875214,0.0,0.0,0.0,0.0,0.0,0.0,0.0,0.0,6.022028979778547,0.0,0.0,0.0,0.0,0.0,0.0,0.0,0.0,0.0,0.0,0.1421365667407193
5.038759689922481,4.397182649342869,1.8911772285353299,3.7823544570706593,1.8911772285353292,0.0,0.0,0.0,0.0,0.0,0.0,1.8079803309049898,4.3008839508132635,1.8911772285353292,1.8911772285353292,0.0,0.0,0.0,3.9778021415981524,0.0,0.0,3.61596066180998,1.8079803309049902,4.203741257801468,1.8079803309049902,0.0,0.0,0.0,0.0,0.0,0.0,1.8079803309049902,3.6991575594403203,1.8911772285353299,6.108864281718255,0.0,0.0,0.0,0.0,3.977802141598154,0.0,0.0,0.0,0.0,0.0,28.022144484236616,0.0,0.0,0.0,0.0,0.0,0.0,0.0,0.0,0.0,0.0,32.02214728819759,0.0,0.0,0.0,0.0,0.0,0.0,0.0,0.0,0.0,0.0,30.02214589053546,0.0,0.0,0.0,0.0,0.0,0.0,0.0,16.022164442716406,16.022164442716406,16.022164442716406,16.022164442716406,0.0,12.835487671472297,0.0,0.0,0.0,0.0,0.0,0.0,0.0,0.0,6.02209519562383,0.0,0.0,0.0,0.0,0.0,0.0,0.0,0.0,0.0,0.0,0.1378407858147698
5.1395348837209305,4.391530107465103,1.8887386933800951,3.77747738676019,1.8887386933800947,0.0,0.0,0.0,0.0,0.0,0.0,1.8104310905946521,4.3008670034379435,1.8887386933800947,1.8887386933800947,0.0,0.0,0.0,3.9777551189109723,0.0,0.0,3.6208621811893043,1.8104310905946523,4.209456114656567,1.8104310905946523,0.0,0.0,0.0,0.0,0.0,0.0,1.8104310905946523,3.6991697839747477,1.8887386933800951,6.1112980940325965,0.0,0.0,0.0,0.0,3.9777551189109754,0.0,0.0,0.0,0.0,0.0,28.022197578461537,0.0,0.0,0.0,0.0,0.0,0.0,0.0,0.0,0.0,0.0,32.022200512832946,0.0,0.0,0.0,0.0,0.0,0.0,0.0,0.0,0.0,0.0,30.02219885593431,0.0,0.0,0.0,0.0,0.0,0.0,0.0,16.02221526657482,16.02221526657482,16.02221526657482,16.02221526657482,0.0,12.83556910242316,0.0,0.0,0.0,0.0,0.0,0.0,0.0,0.0,6.022153887705733,0.0,0.0,0.0,0.0,0.0,0.0,0.0,0.0,0.0,0.0,0.13373260600481937
5.240310077519379,4.386207508369655,1.88644292676662,3.77288585353324,1.88644292676662,0.0,0.0,0.0,0.0,0.0,0.0,1.8127376888288766,4.300851984697385,1.88644292676662,1.88644292676662,0.0,0.0,0.0,3.97771344778038,0.0,0.0,3.6254753776577533,1.8127376888288766,4.214833933552409,1.8127376888288766,0.0,0.0,0.0,0.0,0.0,0.0,1.8127376888288766,3.6991806155954965,1.88644292676662,6.113589673526262,0.0,0.0,0.0,0.0,3.97771344778038,0.0,0.0,0.0,0.0,0.0,28.022244631803428,0.0,0.0,0.0,0.0,0.0,0.0,0.0,0.0,0.0,0.0,32.0222471030149,0.0,0.0,0.0,0.0,0.0,0.0,0.0,0.0,0.0,0.0,30.022245748201748,0.0,0.0,0.0,0.0,0.0,0.0,0.0,16.02226030791134,16.02226030791134,16.02226030791134,16.02226030791134,0.0,12.835641268723558,0.0,0.0,0.0,0.0,0.0,0.0,0.0,0.0,6.0222059071509095,0.0,0.0,0.0,0.0,0.0,0.0,0.0,0.0,0.0,0.0,0.1298004321216268
5.341085271317829,4.3811957716624015,1.8842816220683536,3.7685632441367076,1.8842816220683538,0.0,0.0,0.0,0.0,0.0,0.0,1.8149085906640121,4.3008386757238695,1.8842816220683538,1.8842816220683538,0.0,0.0,0.0,3.977676520827793,0.0,0.0,3.629817181328024,1.814908590664012,4.219894600809566,1.814908590664012,0.0,0.0,0.0,0.0,0.0,0.0,1.814908590664012,3.6991902127323657,1.8842816220683536,6.1157472663878805,0.0,0.0,0.0,0.0,3.9776765208277904,0.0,0.0,0.0,0.0,0.0,28.022286330861757,0.0,0.0,0.0,0.0,0.0,0.0,0.0,0.0,0.0,0.0,32.02228806956384,0.0,0.0,0.0,0.0,0.0,0.0,0.0,0.0,0.0,0.0,30.022287296552697,0.0,0.0,0.0,0.0,0.0,0.0,0.0,16.02230022257757,16.02230022257757,16.02230022257757,16.02230022257757,0.0,12.835705221120463,0.0,0.0,0.0,0.0,0.0,0.0,0.0,0.0,6.022252009646723,0.0,0.0,0.0,0.0,0.0,0.0,0.0,0.0,0.0,0.0,0.12603361211304878
5.441860465116279,4.376476895729349,1.882246948321447,3.764493896642895,1.8822469483214477,0.0,0.0,0.0,0.0,0.0,0.0,1.8169517675476858,4.300826882367826,1.8822469483214477,1.8822469483214477,0.0,0.0,0.0,3.977643799284154,0.0,0.0,3.6339035350953712,1.8169517675476854,4.224656832844573,1.8169517675476854,0.0,0.0,0.0,0.0,0.0,0.0,1.8169517675476854,3.6991987158691324,1.882246948321447,6.11777864991551,0.0,0.0,0.0,0.0,3.977643799284151,0.0,0.0,0.0,0.0,0.0,28.02232328269881,0.0,0.0,0.0,0.0,0.0,0.0,0.0,0.0,0.0,0.0,32.022324792005946,0.0,0.0,0.0,0.0,0.0,0.0,0.0,0.0,0.0,0.0,30.022324136695094,0.0,0.0,0.0,0.0,0.0,0.0,0.0,16.022335592566378,16.022335592566378,16.022335592566378,16.022335592566378,0.0,12.83576189204097,0.0,0.0,0.0,0.0,0.0,0.0,0.0,0.0,6.022292865971149,0.0,0.0,0.0,0.0,0.0,0.0,0.0,0.0,0.0,0.0,0.12242234268760369
5.542635658914729,4.372033900151605,1.8803315240865222,3.7606630481730448,1.8803315240865226,0.0,0.0,0.0,0.0,0.0,0.0,1.8188747254463697,4.3008164324190625,1.8803315240865226,1.8803315240865226,0.0,0.0,0.0,3.9776148052739027,0.0,0.0,3.637749450892739,1.8188747254463693,4.229138243929454,1.8188747254463693,0.0,0.0,0.0,0.0,0.0,0.0,1.8188747254463693,3.6992062495328915,1.8803315240865222,6.1196911578654305,0.0,0.0,0.0,0.0,3.9776148052739,0.0,0.0,0.0,0.0,0.0,28.02235602615849,0.0,0.0,0.0,0.0,0.0,0.0,0.0,0.0,0.0,0.0,32.022357529772165,0.0,0.0,0.0,0.0,0.0,0.0,0.0,0.0,0.0,0.0,30.02235678874487,0.0,0.0,0.0,0.0,0.0,0.0,0.0,16.022366934124083,16.022366934124083,16.022366934124083,16.022366934124083,0.0,12.835812108585637,0.0,0.0,0.0,0.0,0.0,0.0,0.0,0.0,6.022329071372345,0.0,0.0,0.0,0.0,0.0,0.0,0.0,0.0,0.0,0.0,0.11895758492569464
5.6434108527131785,4.36785077086615,1.8785283926602365,3.757056785320473,1.8785283926602365,0.0,0.0,0.0,0.0,0.0,0.0,1.8206845314576996,4.3008071731528545,1.8785283926602365,1.8785283926602365,0.0,0.0,0.0,3.977589115001619,0.0,0.0,3.641369062915399,1.8206845314576996,4.233355410172886,1.8206845314576996,0.0,0.0,0.0,0.0,0.0,0.0,1.8206845314576996,3.699212924117936,1.8785283926602365,6.121491704610554,0.0,0.0,0.0,0.0,3.977589115001619,0.0,0.0,0.0,0.0,0.0,28.022385039689848,0.0,0.0,0.0,0.0,0.0,0.0,0.0,0.0,0.0,0.0,32.022386339755435,0.0,0.0,0.0,0.0,0.0,0.0,0.0,0.0,0.0,0.0,30.022385711729903,0.0,0.0,0.0,0.0,0.0,0.0,0.0,16.022394705066457,16.022394705066457,16.022394705066457,16.022394705066457,0.0,12.835856604247082,0.0,0.0,0.0,0.0,0.0,0.0,0.0,0.0,6.022361153922674,0.0,0.0,0.0,0.0,0.0,0.0,0.0,0.0,0.0,0.0,0.11563099078272929
5.7441860465116275,4.363912407801175,1.8768309984895009,3.7536619969790017,1.8768309984895009,0.0,0.0,0.0,0.0,0.0,0.0,1.8223878389949915,4.30079896914148,1.8768309984895009,1.8768309984895009,0.0,0.0,0.0,3.9775663526762366,0.0,0.0,3.644775677989983,1.8223878389949915,4.237323929973816,1.8223878389949915,0.0,0.0,0.0,0.0,0.0,0.0,1.8223878389949915,3.6992188374844925,1.8768309984895009,6.123186808136472,0.0,0.0,0.0,0.0,3.9775663526762366,0.0,0.0,0.0,0.0,0.0,28.02241074752323,0.0,0.0,0.0,0.0,0.0,0.0,0.0,0.0,0.0,0.0,32.02241179917248,0.0,0.0,0.0,0.0,0.0,0.0,0.0,0.0,0.0,0.0,30.0224113384404,0.0,0.0,0.0,0.0,0.0,0.0,0.0,16.022419311385633,16.022419311385633,16.022419311385633,16.022419311385633,0.0,12.835896029493163,0.0,0.0,0.0,0.0,0.0,0.0,0.0,0.0,6.022389582013655,0.0,0.0,0.0,0.0,0.0,0.0,0.0,0.0,0.0,0.0,0.11243483812513096
5.844961240310077,4.360204574908218,1.8752331647411375,3.750466329482275,1.8752331647411375,0.0,0.0,0.0,0.0,0.0,0.0,1.8239909116299107,4.3007917003082605,1.8752331647411375,1.8752331647411375,0.0,0.0,0.0,3.9775461851089213,0.0,0.0,3.6479818232598213,1.8239909116299107,4.241058481160981,1.8239909116299107,0.0,0.0,0.0,0.0,0.0,0.0,1.8239909116299107,3.699224076371048,1.8752331647411375,6.124782611938171,0.0,0.0,0.0,0.0,3.9775461851089213,0.0,0.0,0.0,0.0,0.0,28.02243352545161,0.0,0.0,0.0,0.0,0.0,0.0,0.0,0.0,0.0,0.0,32.02243448709274,0.0,0.0,0.0,0.0,0.0,0.0,0.0,0.0,0.0,0.0,30.02243405129294,0.0,0.0,0.0,0.0,0.0,0.0,0.0,16.02244111311094,16.02244111311094,16.02244111311094,16.02244111311094,0.0,12.835930961155388,0.0,0.0,0.0,0.0,0.0,0.0,0.0,0.0,6.022414771061599,0.0,0.0,0.0,0.0,0.0,0.0,0.0,0.0,0.0,0.0,0.10936197272808541
5.945736434108527,4.35671385257494,1.873729072005636,3.747458144011272,1.873729072005636,0.0,0.0,0.0,0.0,0.0,0.0,1.8254996456409949,4.300785260198372,1.873729072005636,1.873729072005636,0.0,0.0,0.0,3.9775283169130535,0.0,0.0,3.6509992912819897,1.8254996456409949,4.244572874947015,1.8254996456409949,0.0,0.0,0.0,0.0,0.0,0.0,1.8254996456409949,3.6992287176466307,1.873729072005636,6.126284905839366,0.0,0.0,0.0,0.0,3.9775283169130535,0.0,0.0,0.0,0.0,0.0,28.022453706762583,0.0,0.0,0.0,0.0,0.0,0.0,0.0,0.0,0.0,0.0,32.02245461581304,0.0,0.0,0.0,0.0,0.0,0.0,0.0,0.0,0.0,0.0,30.02245417520863,0.0,0.0,0.0,0.0,0.0,0.0,0.0,16.022460429451034,16.022460429451034,16.022460429451034,16.022460429451034,0.0,12.835961910666212,0.0,0.0,0.0,0.0,0.0,0.0,0.0,0.0,6.02243708945816,0.0,0.0,0.0,0.0,0.0,0.0,0.0,0.0,0.0,0.0,0.10640575642141535
6.046511627906977,4.353427592405934,1.872313238116898,3.744626476233796,1.872313238116898,0.0,0.0,0.0,0.0,0.0,0.0,1.8269195913134464,4.30077955444335,1.872313238116898,1.872313238116898,0.0,0.0,0.0,3.9775124862421283,0.0,0.0,3.653839182626893,1.8269195913134464,4.2478801068191565,1.8269195913134464,0.0,0.0,0.0,0.0,0.0,0.0,1.8269195913134464,3.6992328294303443,1.872313238116898,6.127699145756797,0.0,0.0,0.0,0.0,3.9775124862421283,0.0,0.0,0.0,0.0,0.0,28.022471587172326,0.0,0.0,0.0,0.0,0.0,0.0,0.0,0.0,0.0,0.0,32.0224723701004,0.0,0.0,0.0,0.0,0.0,0.0,0.0,0.0,0.0,0.0,30.022472000730595,0.0,0.0,0.0,0.0,0.0,0.0,0.0,16.02247754336695,16.02247754336695,16.02247754336695,16.02247754336695,0.0,12.835989331384912,0.0,0.0,0.0,0.0,0.0,0.0,0.0,0.0,6.022456863842565,0.0,0.0,0.0,0.0,0.0,0.0,0.0,0.0,0.0,0.0,0.1035600208966571
6.147286821705427,4.350333874295869,1.87098049904325,3.7419609980864994,1.8709804990432497,0.0,0.0,0.0,0.0,0.0,0.0,1.8282559730452173,4.3007744993965105,1.8709804990432497,1.8709804990432497,0.0,0.0,0.0,3.9774984610022592,0.0,0.0,3.6565119460904345,1.8282559730452175,4.250992404511699,1.8282559730452175,0.0,0.0,0.0,0.0,0.0,0.0,1.8282559730452175,3.6992364720884674,1.87098049904325,6.129030472441729,0.0,0.0,0.0,0.0,3.9774984610022615,0.0,0.0,0.0,0.0,0.0,28.022487428751216,0.0,0.0,0.0,0.0,0.0,0.0,0.0,0.0,0.0,0.0,32.022488091435,0.0,0.0,0.0,0.0,0.0,0.0,0.0,0.0,0.0,0.0,30.02248779378707,0.0,0.0,0.0,0.0,0.0,0.0,0.0,16.02249270567709,16.02249270567709,16.02249270567709,16.02249270567709,0.0,12.83601362517378,0.0,0.0,0.0,0.0,0.0,0.0,0.0,0.0,6.022474383792846,0.0,0.0,0.0,0.0,0.0,0.0,0.0,0.0,0.0,0.0,0.10081902655149091
6.2480620155038755,4.347421465688435,1.8697259907935224,3.7394519815870444,1.869725990793522,0.0,0.0,0.0,0.0,0.0,0.0,1.8295137083217217,4.300770020919612,1.869725990793522,1.869725990793522,0.0,0.0,0.0,3.977486035484652,0.0,0.0,3.6590274166434438,1.829513708321722,4.253921273220106,1.829513708321722,0.0,0.0,0.0,0.0,0.0,0.0,1.829513708321722,3.6992396991152443,1.8697259907935224,6.130283729241334,0.0,0.0,0.0,0.0,3.977486035484654,0.0,0.0,0.0,0.0,0.0,28.022501463655708,0.0,0.0,0.0,0.0,0.0,0.0,0.0,0.0,0.0,0.0,32.02250206691725,0.0,0.0,0.0,0.0,0.0,0.0,0.0,0.0,0.0,0.0,30.022501788037914,0.0,0.0,0.0,0.0,0.0,0.0,0.0,16.022506138708223,16.022506138708223,16.022506138708223,16.022506138708223,0.0,12.836035148247134,0.0,0.0,0.0,0.0,0.0,0.0,0.0,0.0,6.022489906009222,0.0,0.0,0.0,0.0,0.0,0.0,0.0,0.0,0.0,0.0,0.09817742563965043
6.348837209302325,4.344679782931285,1.8685451322913593,3.7370902645827186,1.8685451322913593,0.0,0.0,0.0,0.0,0.0,0.0,1.830697425619844,4.3007660533055025,1.8685451322913593,1.8685451322913593,0.0,0.0,0.0,3.9774750273755846,0.0,0.0,3.661394851239688,1.830697425619844,4.2566775382092645,1.830697425619844,0.0,0.0,0.0,0.0,0.0,0.0,1.830697425619844,3.6992425579112034,1.8685451322913593,6.131463478925347,0.0,0.0,0.0,0.0,3.9774750273755846,0.0,0.0,0.0,0.0,0.0,28.022513897706023,0.0,0.0,0.0,0.0,0.0,0.0,0.0,0.0,0.0,0.0,32.02251444858392,0.0,0.0,0.0,0.0,0.0,0.0,0.0,0.0,0.0,0.0,30.022514185811858,0.0,0.0,0.0,0.0,0.0,0.0,0.0,16.022518039514303,16.022518039514303,16.022518039514303,16.022518039514303,0.0,12.836054216328064,0.0,0.0,0.0,0.0,0.0,0.0,0.0,0.0,6.022503658034377,0.0,0.0,0.0,0.0,0.0,0.0,0.0,0.0,0.0,0.0,0.09563022912421476
6.449612403100775,4.342098854655189,1.867433609179576,3.7348672183591525,1.8674336091795762,0.0,0.0,0.0,0.0,0.0,0.0,1.8318114812954993,4.300762538322889,1.8674336091795762,1.8674336091795762,0.0,0.0,0.0,3.97746527510543,0.0,0.0,3.663622962590998,1.8318114812954989,4.259271384952647,1.8318114812954989,0.0,0.0,0.0,0.0,0.0,0.0,1.8318114812954989,3.699245090475075,1.867433609179576,6.132574019618387,0.0,0.0,0.0,0.0,3.977465275105428,0.0,0.0,0.0,0.0,0.0,28.022524913395564,0.0,0.0,0.0,0.0,0.0,0.0,0.0,0.0,0.0,0.0,32.02252539032439,0.0,0.0,0.0,0.0,0.0,0.0,0.0,0.0,0.0,0.0,30.022525168000346,0.0,0.0,0.0,0.0,0.0,0.0,0.0,16.02252858272844,16.02252858272844,16.02252858272844,16.02252858272844,0.0,12.836071109217494,0.0,0.0,0.0,0.0,0.0,0.0,0.0,0.0,6.022515841551233,0.0,0.0,0.0,0.0,0.0,0.0,0.0,0.0,0.0,0.0,0.09317277682396555
6.550387596899225,4.339669287101352,1.8663873585145752,3.7327747170291508,1.8663873585145756,0.0,0.0,0.0,0.0,0.0,0.0,1.8328599755048913,4.30075942436898,1.8663873585145756,1.8663873585145756,0.0,0.0,0.0,3.9774566354971306,0.0,0.0,3.665719951009782,1.832859975504891,4.261712396930488,1.832859975504891,0.0,0.0,0.0,0.0,0.0,0.0,1.832859975504891,3.699247334019466,1.8663873585145752,6.13361939987387,0.0,0.0,0.0,0.0,3.977456635497129,0.0,0.0,0.0,0.0,0.0,28.022534672413638,0.0,0.0,0.0,0.0,0.0,0.0,0.0,0.0,0.0,0.0,32.02253508642443,0.0,0.0,0.0,0.0,0.0,0.0,0.0,0.0,0.0,0.0,30.022534897593605,0.0,0.0,0.0,0.0,0.0,0.0,0.0,16.02253792310655,16.02253792310655,16.02253792310655,16.02253792310655,0.0,12.83608607486938,0.0,0.0,0.0,0.0,0.0,0.0,0.0,0.0,6.022526635306556,0.0,0.0,0.0,0.0,0.0,0.0,0.0,0.0,0.0,0.0,0.0908007105257532
6.651162790697675,4.337382231309331,1.8654025543066046,3.7308051086132092,1.8654025543066048,0.0,0.0,0.0,0.0,0.0,0.0,1.8338467672095655,4.300756665716993,1.8654025543066048,1.8654025543066048,0.0,0.0,0.0,3.9774489816779823,0.0,0.0,3.6676935344191306,1.833846767209565,4.264009591214198,1.833846767209565,0.0,0.0,0.0,0.0,0.0,0.0,1.833846767209565,3.6992493215161697,1.8654025543066046,6.134603432926557,0.0,0.0,0.0,0.0,3.9774489816779792,0.0,0.0,0.0,0.0,0.0,28.022543317996718,0.0,0.0,0.0,0.0,0.0,0.0,0.0,0.0,0.0,0.0,32.02254369211457,0.0,0.0,0.0,0.0,0.0,0.0,0.0,0.0,0.0,0.0,30.022543517888884,0.0,0.0,0.0,0.0,0.0,0.0,0.0,16.02254619778906,16.02254619778906,16.02254619778906,16.02254619778906,0.0,12.836099333014236,0.0,0.0,0.0,0.0,0.0,0.0,0.0,0.0,6.022536197708203,0.0,0.0,0.0,0.0,0.0,0.0,0.0,0.0,0.0,0.0,0.08850994973378955
6.751937984496124,4.335229352076637,1.8644755938623765,3.7289511877247534,1.8644755938623767,0.0,0.0,0.0,0.0,0.0,0.0,1.8347754883158136,4.300754221848185,1.8644755938623767,1.8644755938623767,0.0,0.0,0.0,3.977442201226027,0.0,0.0,3.6695509766316268,1.8347754883158132,4.2661714519630145,1.8347754883158132,0.0,0.0,0.0,0.0,0.0,0.0,1.8347754883158132,3.69925108217819,1.8644755938623765,6.135529710163997,0.0,0.0,0.0,0.0,3.9774422012260247,0.0,0.0,0.0,0.0,0.0,28.022550977098287,0.0,0.0,0.0,0.0,0.0,0.0,0.0,0.0,0.0,0.0,32.02255131277824,0.0,0.0,0.0,0.0,0.0,0.0,0.0,0.0,0.0,0.0,30.022551154374103,0.0,0.0,0.0,0.0,0.0,0.0,0.0,16.022553528301067,16.022553528301067,16.022553528301067,16.022553528301067,0.0,12.83611107836365,0.0,0.0,0.0,0.0,0.0,0.0,0.0,0.0,6.022544669133576,0.0,0.0,0.0,0.0,0.0,0.0,0.0,0.0,0.0,0.0,0.08629666973661083
6.852713178294573,4.333202798607444,1.8636030848901541,3.7272061697803083,1.8636030848901541,0.0,0.0,0.0,0.0,0.0,0.0,1.8356495569969646,4.300752056859785,1.8636030848901541,1.8636030848901541,0.0,0.0,0.0,3.977436194527121,0.0,0.0,3.6712991139939293,1.8356495569969646,4.268205961952788,1.8356495569969646,0.0,0.0,0.0,0.0,0.0,0.0,1.8356495569969646,3.699252641887119,1.8636030848901541,6.13640161385675,0.0,0.0,0.0,0.0,3.977436194527121,0.0,0.0,0.0,0.0,0.0,28.022557762239686,0.0,0.0,0.0,0.0,0.0,0.0,0.0,0.0,0.0,0.0,32.02255805489624,0.0,0.0,0.0,0.0,0.0,0.0,0.0,0.0,0.0,0.0,30.022557919033467,0.0,0.0,0.0,0.0,0.0,0.0,0.0,16.02256002232339,16.02256002232339,16.02256002232339,16.02256002232339,0.0,12.836121483447787,0.0,0.0,0.0,0.0,0.0,0.0,0.0,0.0,6.022552173978026,0.0,0.0,0.0,0.0,0.0,0.0,0.0,0.0,0.0,0.0,0.084157281722576
6.953488372093023,4.3312951767719845,1.862781833329394,3.725563666658788,1.8627818333293942,0.0,0.0,0.0,0.0,0.0,0.0,1.8364721902434493,4.300750138940387,1.8627818333293942,1.8627818333293942,0.0,0.0,0.0,3.9774308733192067,0.0,0.0,3.672944380486898,1.836472190243449,4.2701206322483936,1.836472190243449,0.0,0.0,0.0,0.0,0.0,0.0,1.836472190243449,3.699254023572843,1.862781833329394,6.137222329183835,0.0,0.0,0.0,0.0,3.9774308733192036,0.0,0.0,0.0,0.0,0.0,28.022563773104647,0.0,0.0,0.0,0.0,0.0,0.0,0.0,0.0,0.0,0.0,32.02256403034396,0.0,0.0,0.0,0.0,0.0,0.0,0.0,0.0,0.0,0.0,30.022563911912112,0.0,0.0,0.0,0.0,0.0,0.0,0.0,16.022565775266248,16.022565775266248,16.022565775266248,16.022565775266248,0.0,12.836130701136666,0.0,0.0,0.0,0.0,0.0,0.0,0.0,0.0,6.022558822469928,0.0,0.0,0.0,0.0,0.0,0.0,0.0,0.0,0.0,0.0,0.08208841472858655
7.054263565891473,4.329499522898801,1.8620088318674908,3.7240176637349816,1.862008831867491,0.0,0.0,0.0,0.0,0.0,0.0,1.8372464156827633,4.300748439904642,1.862008831867491,1.862008831867491,0.0,0.0,0.0,3.977426159401165,0.0,0.0,3.6744928313655265,1.837246415682763,4.271922530124779,1.837246415682763,0.0,0.0,0.0,0.0,0.0,0.0,1.837246415682763,3.699255247550254,1.8620088318674908,6.137994855587404,0.0,0.0,0.0,0.0,3.977426159401162,0.0,0.0,0.0,0.0,0.0,28.022569098001053,0.0,0.0,0.0,0.0,0.0,0.0,0.0,0.0,0.0,0.0,32.02256932884728,0.0,0.0,0.0,0.0,0.0,0.0,0.0,0.0,0.0,0.0,30.02256922112421,0.0,0.0,0.0,0.0,0.0,0.0,0.0,16.022570871666705,16.022570871666705,16.022570871666705,16.022570871666705,0.0,12.836138866879118,0.0,0.0,0.0,0.0,0.0,0.0,0.0,0.0,6.022564712279554,0.0,0.0,0.0,0.0,0.0,0.0,0.0,0.0,0.0,0.0,0.0800868992361124
7.155038759689923,4.327809279022453,1.8612812491070032,3.7225624982140064,1.8612812491070032,0.0,0.0,0.0,0.0,0.0,0.0,1.8379750827101444,4.30074693478041,1.8612812491070032,1.8612812491070032,0.0,0.0,0.0,3.977421983487263,0.0,0.0,3.675950165420289,1.8379750827101444,4.27361830533744,1.8379750827101444,0.0,0.0,0.0,0.0,0.0,0.0,1.8379750827101444,3.6992563318171476,1.8612812491070032,6.138722017490554,0.0,0.0,0.0,0.0,3.977421983487263,0.0,0.0,0.0,0.0,0.0,28.02257381518299,0.0,0.0,0.0,0.0,0.0,0.0,0.0,0.0,0.0,0.0,32.02257402057396,0.0,0.0,0.0,0.0,0.0,0.0,0.0,0.0,0.0,0.0,30.022573924297646,0.0,0.0,0.0,0.0,0.0,0.0,0.0,16.02257538642604,16.02257538642604,16.02257538642604,16.02257538642604,0.0,12.836146100685282,0.0,0.0,0.0,0.0,0.0,0.0,0.0,0.0,6.022569929946693,0.0,0.0,0.0,0.0,0.0,0.0,0.0,0.0,0.0,0.0,0.07814975224172949
7.255813953488372,4.326218269512313,1.8605964193486415,3.721192838697283,1.8605964193486415,0.0,0.0,0.0,0.0,0.0,0.0,1.838660872969407,4.300745601442766,1.8605964193486415,1.8605964193486415,0.0,0.0,0.0,3.977418284191611,0.0,0.0,3.677321745938814,1.838660872969407,4.275214214838919,1.838660872969407,0.0,0.0,0.0,0.0,0.0,0.0,1.838660872969407,3.6992572923180482,1.8605964193486415,6.139406474412173,0.0,0.0,0.0,0.0,3.977418284191611,0.0,0.0,0.0,0.0,0.0,28.022577993992435,0.0,0.0,0.0,0.0,0.0,0.0,0.0,0.0,0.0,0.0,32.022578174117314,0.0,0.0,0.0,0.0,0.0,0.0,0.0,0.0,0.0,0.0,30.02257809055778,0.0,0.0,0.0,0.0,0.0,0.0,0.0,16.022579385905736,16.022579385905736,16.022579385905736,16.022579385905736,0.0,12.836152508882572,0.0,0.0,0.0,0.0,0.0,0.0,0.0,0.0,6.022574552147492,0.0,0.0,0.0,0.0,0.0,0.0,0.0,0.0,0.0,0.0,0.07627416364460102
7.3565891472868215,4.324720679011544,1.8599518329570728,3.7199036659141456,1.8599518329570728,0.0,0.0,0.0,0.0,0.0,0.0,1.839306310221262,4.300744420289781,1.8599518329570728,1.8599518329570728,0.0,0.0,0.0,3.977415007128544,0.0,0.0,3.678612620442524,1.839306310221262,4.2767161460325305,1.839306310221262,0.0,0.0,0.0,0.0,0.0,0.0,1.839306310221262,3.6992581431783345,1.8599518329570728,6.140050730511042,0.0,0.0,0.0,0.0,3.977415007128544,0.0,0.0,0.0,0.0,0.0,28.022581695857316,0.0,0.0,0.0,0.0,0.0,0.0,0.0,0.0,0.0,0.0,32.02258185508126,0.0,0.0,0.0,0.0,0.0,0.0,0.0,0.0,0.0,0.0,30.022581781382964,0.0,0.0,0.0,0.0,0.0,0.0,0.0,16.022582928899883,16.022582928899883,16.022582928899883,16.022582928899883,0.0,12.8361581856737,0.0,0.0,0.0,0.0,0.0,0.0,0.0,0.0,6.022578646817528,0.0,0.0,0.0,0.0,0.0,0.0,0.0,0.0,0.0,0.0,0.07445748381506868
7.457364341085271,4.32331103161844,1.859345127278006,3.718690254556012,1.859345127278006,0.0,0.0,0.0,0.0,0.0,0.0,1.839913769634266,4.3007433739551155,1.859345127278006,1.859345127278006,0.0,0.0,0.0,3.9774121041151727,0.0,0.0,3.679827539268532,1.839913769634266,4.27812963864946,1.839913769634266,0.0,0.0,0.0,0.0,0.0,0.0,1.839913769634266,3.699258896912272,1.859345127278006,6.140657143589381,0.0,0.0,0.0,0.0,3.9774121041151727,0.0,0.0,0.0,0.0,0.0,28.022584975195375,0.0,0.0,0.0,0.0,0.0,0.0,0.0,0.0,0.0,0.0,32.02258511734897,0.0,0.0,0.0,0.0,0.0,0.0,0.0,0.0,0.0,0.0,30.022585051017252,0.0,0.0,0.0,0.0,0.0,0.0,0.0,16.022586067497777,16.022586067497777,16.022586067497777,16.022586067497777,0.0,12.836163214518695,0.0,0.0,0.0,0.0,0.0,0.0,0.0,0.0,6.022582274146768,0.0,0.0,0.0,0.0,0.0,0.0,0.0,0.0,0.0,0.0,0.07269721223129616
7.558139534883721,4.321984171242779,1.8587740780756783,3.7175481561513557,1.8587740780756776,0.0,0.0,0.0,0.0,0.0,0.0,1.8404854865293503,4.300742447053411,1.8587740780756776,1.8587740780756776,0.0,0.0,0.0,3.9774095324649177,0.0,0.0,3.6809709730587015,1.840485486529351,4.279459905324791,1.840485486529351,0.0,0.0,0.0,0.0,0.0,0.0,1.840485486529351,3.699259564605029,1.8587740780756783,6.141227933582764,0.0,0.0,0.0,0.0,3.9774095324649226,0.0,0.0,0.0,0.0,0.0,28.022587880222883,0.0,0.0,0.0,0.0,0.0,0.0,0.0,0.0,0.0,0.0,32.02258800624302,0.0,0.0,0.0,0.0,0.0,0.0,0.0,0.0,0.0,0.0,30.022587947396556,0.0,0.0,0.0,0.0,0.0,0.0,0.0,16.0225888478478,16.0225888478478,16.0225888478478,16.0225888478478,0.0,12.836167669358836,0.0,0.0,0.0,0.0,0.0,0.0,0.0,0.0,6.022585487461322,0.0,0.0,0.0,0.0,0.0,0.0,0.0,0.0,0.0,0.0,0.07099098705585928
7.658914728682171,4.320735243078224,1.8582365914635544,3.716473182927108,1.8582365914635535,0.0,0.0,0.0,0.0,0.0,0.0,1.8410235646135011,4.300741625954588,1.8582365914635535,1.8582365914635535,0.0,0.0,0.0,3.977407254361287,0.0,0.0,3.682047129227003,1.8410235646135018,4.2807118509586575,1.8410235646135018,0.0,0.0,0.0,0.0,0.0,0.0,1.8410235646135018,3.699260156077056,1.8582365914635544,6.1417651905680914,0.0,0.0,0.0,0.0,3.977407254361292,0.0,0.0,0.0,0.0,0.0,28.02259045365899,0.0,0.0,0.0,0.0,0.0,0.0,0.0,0.0,0.0,0.0,32.022590564638335,0.0,0.0,0.0,0.0,0.0,0.0,0.0,0.0,0.0,0.0,30.022590513130325,0.0,0.0,0.0,0.0,0.0,0.0,0.0,16.022591310833757,16.022591310833757,16.022591310833757,16.022591310833757,0.0,12.836171615700273,0.0,0.0,0.0,0.0,0.0,0.0,0.0,0.0,6.022588334005173,0.0,0.0,0.0,0.0,0.0,0.0,0.0,0.0,0.0,0.0,0.06933657560172159
7.75968992248062,4.3195596761274935,1.8577306962994098,3.7154613925988187,1.8577306962994091,0.0,0.0,0.0,0.0,0.0,0.0,1.8415299837292924,4.300740898583611,1.8577306962994091,1.8577306962994091,0.0,0.0,0.0,3.97740523630229,0.0,0.0,3.6830599674585853,1.841529983729293,4.281890090927762,1.841529983729293,0.0,0.0,0.0,0.0,0.0,0.0,1.841529983729293,3.699260680028703,1.8577306962994098,6.142270882312906,0.0,0.0,0.0,0.0,3.9774052363022947,0.0,0.0,0.0,0.0,0.0,28.022592733346045,0.0,0.0,0.0,0.0,0.0,0.0,0.0,0.0,0.0,0.0,32.02259283166743,0.0,0.0,0.0,0.0,0.0,0.0,0.0,0.0,0.0,0.0,30.022592786027815,0.0,0.0,0.0,0.0,0.0,0.0,0.0,16.02259349267485,16.02259349267485,16.02259349267485,16.02259349267485,0.0,12.836175111575324,0.0,0.0,0.0,0.0,0.0,0.0,0.0,0.0,6.022590855633294,0.0,0.0,0.0,0.0,0.0,0.0,0.0,0.0,0.0,0.0,0.06773186557604836
7.8604651162790695,4.318453166723291,1.857254537019005,3.71450907403801,1.857254537019005,0.0,0.0,0.0,0.0,0.0,0.0,1.8420066071485288,4.300740254243008,1.857254537019005,1.857254537019005,0.0,0.0,0.0,3.977403448608008,0.0,0.0,3.6840132142970576,1.8420066071485288,4.282998968215411,1.8420066071485288,0.0,0.0,0.0,0.0,0.0,0.0,1.8420066071485288,3.699261144167534,1.857254537019005,6.142746861391537,0.0,0.0,0.0,0.0,3.977403448608008,0.0,0.0,0.0,0.0,0.0,28.022594752807272,0.0,0.0,0.0,0.0,0.0,0.0,0.0,0.0,0.0,0.0,32.022594840289344,0.0,0.0,0.0,0.0,0.0,0.0,0.0,0.0,0.0,0.0,30.02259479949608,0.0,0.0,0.0,0.0,0.0,0.0,0.0,16.022595425458118,16.022595425458118,16.022595425458118,16.022595425458118,0.0,12.83617820839557,0.0,0.0,0.0,0.0,0.0,0.0,0.0,0.0,6.022593089426064,0.0,0.0,0.0,0.0,0.0,0.0,0.0,0.0,0.0,0.0,0.06617485702747468
7.961240310077519,4.317411662991276,1.8568063668841477,3.7136127337682954,1.856806366884148,0.0,0.0,0.0,0.0,0.0,0.0,1.842455188436967,4.3007396834558,1.856806366884148,1.856806366884148,0.0,0.0,0.0,3.977401864984787,0.0,0.0,3.6849103768739337,1.8424551884369667,4.284042569524896,1.8424551884369667,0.0,0.0,0.0,0.0,0.0,0.0,1.8424551884369667,3.6992615553211143,1.8568063668841477,6.143194871892765,0.0,0.0,0.0,0.0,3.9774018649847847,0.0,0.0,0.0,0.0,0.0,28.022596541743365,0.0,0.0,0.0,0.0,0.0,0.0,0.0,0.0,0.0,0.0,32.02259661919586,0.0,0.0,0.0,0.0,0.0,0.0,0.0,0.0,0.0,0.0,30.02259658310161,0.0,0.0,0.0,0.0,0.0,0.0,0.0,16.02259713761002,16.02259713761002,16.02259713761002,16.02259713761002,0.0,12.836180951707442,0.0,0.0,0.0,0.0,0.0,0.0,0.0,0.0,6.022595068233716,0.0,0.0,0.0,0.0,0.0,0.0,0.0,0.0,0.0,0.0,0.06466365493191922
8.062015503875969,4.316431350203844,1.8563845416220184,3.712769083244037,1.856384541622019,0.0,0.0,0.0,0.0,0.0,0.0,1.842877377915574,4.300739177826495,1.856384541622019,1.856384541622019,0.0,0.0,0.0,3.977400462139567,0.0,0.0,3.685754755831147,1.8428773779155734,4.285024740437588,1.8428773779155734,0.0,0.0,0.0,0.0,0.0,0.0,1.8428773779155734,3.6992619195375918,1.8563845416220184,6.143616555742066,0.0,0.0,0.0,0.0,3.977400462139562,0.0,0.0,0.0,0.0,0.0,28.02259812646734,0.0,0.0,0.0,0.0,0.0,0.0,0.0,0.0,0.0,0.0,32.02259819485714,0.0,0.0,0.0,0.0,0.0,0.0,0.0,0.0,0.0,0.0,30.022598163092248,0.0,0.0,0.0,0.0,0.0,0.0,0.0,16.02259865431355,16.02259865431355,16.02259865431355,16.02259865431355,0.0,12.836183381860522,0.0,0.0,0.0,0.0,0.0,0.0,0.0,0.0,6.022596821158595,0.0,0.0,0.0,0.0,0.0,0.0,0.0,0.0,0.0,0.0,0.06319646236259499
8.162790697674419,4.315508636974943,1.8559875134332817,3.7119750268665648,1.8559875134332828,0.0,0.0,0.0,0.0,0.0,0.0,1.8432747287416718,4.3007387299177795,1.8559875134332828,1.8559875134332828,0.0,0.0,0.0,3.9773992194377388,0.0,0.0,3.686549457483342,1.8432747287416706,4.285949099672258,1.8432747287416706,0.0,0.0,0.0,0.0,0.0,0.0,1.8432747287416706,3.699262242174952,1.8559875134332817,6.144013458659448,0.0,0.0,0.0,0.0,3.977399219437734,0.0,0.0,0.0,0.0,0.0,28.02259953028822,0.0,0.0,0.0,0.0,0.0,0.0,0.0,0.0,0.0,0.0,32.02259959091788,0.0,0.0,0.0,0.0,0.0,0.0,0.0,0.0,0.0,0.0,30.022599562733692,0.0,0.0,0.0,0.0,0.0,0.0,0.0,16.02259999787762,16.02259999787762,16.02259999787762,16.02259999787762,0.0,12.836185534599394,0.0,0.0,0.0,0.0,0.0,0.0,0.0,0.0,6.022598373982335,0.0,0.0,0.0,0.0,0.0,0.0,0.0,0.0,0.0,0.0,0.06177157419185841
8.263565891472869,4.31464014224869,1.8556138253478343,3.711227650695669,1.8556138253478345,0.0,0.0,0.0,0.0,0.0,0.0,1.84364870263191,4.300738333141108,1.8556138253478345,1.8556138253478345,0.0,0.0,0.0,3.9773981185995972,0.0,0.0,3.68729740526382,1.8436487026319097,4.286819052498304,1.8436487026319097,0.0,0.0,0.0,0.0,0.0,0.0,1.8436487026319097,3.699262527979744,1.8556138253478343,6.1443870357730175,0.0,0.0,0.0,0.0,3.977398118599595,0.0,0.0,0.0,0.0,0.0,28.02260077385414,0.0,0.0,0.0,0.0,0.0,0.0,0.0,0.0,0.0,0.0,32.02260082768789,0.0,0.0,0.0,0.0,0.0,0.0,0.0,0.0,0.0,0.0,30.022600802602835,0.0,0.0,0.0,0.0,0.0,0.0,0.0,16.022601188064964,16.022601188064964,16.022601188064964,16.022601188064964,0.0,12.836187441589042,0.0,0.0,0.0,0.0,0.0,0.0,0.0,0.0,6.022599749544478,0.0,0.0,0.0,0.0,0.0,0.0,0.0,0.0,0.0,0.0,0.06038737127511588
8.364341085271318,4.313822683037532,1.8552621059085102,3.710524211817021,1.855262105908511,0.0,0.0,0.0,0.0,0.0,0.0,1.8440006752481386,4.300737981659802,1.855262105908511,1.855262105908511,0.0,0.0,0.0,3.9773971434314777,0.0,0.0,3.6880013504962763,1.8440006752481377,4.287637803353171,1.8440006752481377,0.0,0.0,0.0,0.0,0.0,0.0,1.8440006752481377,3.699262781156648,1.8552621059085102,6.144738656907938,0.0,0.0,0.0,0.0,3.9773971434314728,0.0,0.0,0.0,0.0,0.0,28.022601875457546,0.0,0.0,0.0,0.0,0.0,0.0,0.0,0.0,0.0,0.0,32.02260192310613,0.0,0.0,0.0,0.0,0.0,0.0,0.0,0.0,0.0,0.0,30.022601900922947,0.0,0.0,0.0,0.0,0.0,0.0,0.0,16.02260224238308,16.02260224238308,16.02260224238308,16.02260224238308,0.0,12.836189130880966,0.0,0.0,0.0,0.0,0.0,0.0,0.0,0.0,6.022600968078175,0.0,0.0,0.0,0.0,0.0,0.0,0.0,0.0,0.0,0.0,0.05904231507283627
8.465116279069766,4.313053262868178,1.8549310641641796,3.7098621283283597,1.8549310641641803,0.0,0.0,0.0,0.0,0.0,0.0,1.8443319412661343,4.300737670303316,1.8549310641641803,1.8549310641641803,0.0,0.0,0.0,3.977396279587889,0.0,0.0,3.6886638825322677,1.8443319412661336,4.288408367711626,1.8443319412661336,0.0,0.0,0.0,0.0,0.0,0.0,1.8443319412661336,3.6992630054303133,1.8549310641641796,6.145069611569448,0.0,0.0,0.0,0.0,3.977396279587884,0.0,0.0,0.0,0.0,0.0,28.022602851303798,0.0,0.0,0.0,0.0,0.0,0.0,0.0,0.0,0.0,0.0,32.022602893443064,0.0,0.0,0.0,0.0,0.0,0.0,0.0,0.0,0.0,0.0,30.022602873858016,0.0,0.0,0.0,0.0,0.0,0.0,0.0,16.022603176341555,16.022603176341555,16.022603176341555,16.022603176341555,0.0,12.836190627325525,0.0,0.0,0.0,0.0,0.0,0.0,0.0,0.0,6.022602047507612,0.0,0.0,0.0,0.0,0.0,0.0,0.0,0.0,0.0,0.0,0.0577349426728747
8.565891472868216,4.312329060895386,1.8546194849544326,3.7092389699088653,1.8546194849544329,0.0,0.0,0.0,0.0,0.0,0.0,1.8446437191458167,4.300737394491298,1.8546194849544329,1.8546194849544329,0.0,0.0,0.0,3.9773955143608237,0.0,0.0,3.689287438291633,1.8446437191458163,4.2891335832514965,1.8446437191458163,0.0,0.0,0.0,0.0,0.0,0.0,1.8446437191458163,3.699263204100249,1.8546194849544326,6.1453811136371135,0.0,0.0,0.0,0.0,3.9773955143608206,0.0,0.0,0.0,0.0,0.0,28.02260371574833,0.0,0.0,0.0,0.0,0.0,0.0,0.0,0.0,0.0,0.0,32.022603753106985,0.0,0.0,0.0,0.0,0.0,0.0,0.0,0.0,0.0,0.0,30.022603735728918,0.0,0.0,0.0,0.0,0.0,0.0,0.0,16.022604003679778,16.022604003679778,16.022604003679778,16.022604003679778,0.0,12.836191952936762,0.0,0.0,0.0,0.0,0.0,0.0,0.0,0.0,6.022603003711402,0.0,0.0,0.0,0.0,0.0,0.0,0.0,0.0,0.0,0.0,0.05646386217936647
8.666666666666666,4.311647421645682,1.8543262244690002,3.7086524489380013,1.854326224469001,0.0,0.0,0.0,0.0,0.0,0.0,1.844937155620382,4.300737150166227,1.854326224469001,1.854326224469001,0.0,0.0,0.0,3.977394836492845,0.0,0.0,3.6898743112407635,1.8449371556203813,4.289816120357584,1.8449371556203813,0.0,0.0,0.0,0.0,0.0,0.0,1.8449371556203813,3.6992633800893815,1.8543262244690002,6.145674305786606,0.0,0.0,0.0,0.0,3.97739483649284,0.0,0.0,0.0,0.0,0.0,28.02260448150772,0.0,0.0,0.0,0.0,0.0,0.0,0.0,0.0,0.0,0.0,32.02260451463964,0.0,0.0,0.0,0.0,0.0,0.0,0.0,0.0,0.0,0.0,30.022604499209653,0.0,0.0,0.0,0.0,0.0,0.0,0.0,16.02260473656872,16.02260473656872,16.02260473656872,16.02260473656872,0.0,12.83619312721572,0.0,0.0,0.0,0.0,0.0,0.0,0.0,0.0,6.022603850755843,0.0,0.0,0.0,0.0,0.0,0.0,0.0,0.0,0.0,0.0,0.05522774843699912
8.767441860465116,4.311005845355212,1.854050206066102,3.7081004121322043,1.8540502060661024,0.0,0.0,0.0,0.0,0.0,0.0,1.8452133299208784,4.300736933733698,1.8540502060661024,1.8540502060661024,0.0,0.0,0.0,3.9773942360114285,0.0,0.0,3.6904266598417563,1.845213329920878,4.2904584920030215,1.845213329920878,0.0,0.0,0.0,0.0,0.0,0.0,1.845213329920878,3.69926353598698,1.854050206066102,6.145950263654575,0.0,0.0,0.0,0.0,3.9773942360114263,0.0,0.0,0.0,0.0,0.0,28.022605159847185,0.0,0.0,0.0,0.0,0.0,0.0,0.0,0.0,0.0,0.0,32.02260518917547,0.0,0.0,0.0,0.0,0.0,0.0,0.0,0.0,0.0,0.0,30.022605175527396,0.0,0.0,0.0,0.0,0.0,0.0,0.0,16.02260538579012,16.02260538579012,16.02260538579012,16.02260538579012,0.0,12.836194167437526,0.0,0.0,0.0,0.0,0.0,0.0,0.0,0.0,6.022604601101688,0.0,0.0,0.0,0.0,0.0,0.0,0.0,0.0,0.0,0.0,0.05402533906203785
8.868217054263566,4.310401978868004,1.853790416334838,3.7075808326696764,1.8537904163348384,0.0,0.0,0.0,0.0,0.0,0.0,1.8454732577518596,4.30073674200957,1.8537904163348384,1.8537904163348384,0.0,0.0,0.0,3.977393704082306,0.0,0.0,3.6909465155037187,1.845473257751859,4.291063063045194,1.845473257751859,0.0,0.0,0.0,0.0,0.0,0.0,1.845473257751859,3.699263674086697,1.853790416334838,6.146209999761428,0.0,0.0,0.0,0.0,3.977393704082303,0.0,0.0,0.0,0.0,0.0,28.022605760746305,0.0,0.0,0.0,0.0,0.0,0.0,0.0,0.0,0.0,0.0,32.022605786706045,0.0,0.0,0.0,0.0,0.0,0.0,0.0,0.0,0.0,0.0,30.022605774635114,0.0,0.0,0.0,0.0,0.0,0.0,0.0,16.022605960895163,16.022605960895163,16.022605960895163,16.022605960895163,0.0,12.836195088905662,0.0,0.0,0.0,0.0,0.0,0.0,0.0,0.0,6.022605265787431,0.0,0.0,0.0,0.0,0.0,0.0,0.0,0.0,0.0,0.0,0.05285543075442532
8.968992248062015,4.3098336070627195,1.8535459013875646,3.707091802775129,1.8535459013875646,0.0,0.0,0.0,0.0,0.0,0.0,1.845717895032783,4.300736572173169,1.8535459013875646,1.8535459013875646,0.0,0.0,0.0,3.9773932328796406,0.0,0.0,3.691435790065566,1.845717895032783,4.2916320589710955,1.845717895032783,0.0,0.0,0.0,0.0,0.0,0.0,1.845717895032783,3.6992637964203476,1.8535459013875646,6.1464544672059525,0.0,0.0,0.0,0.0,3.9773932328796406,0.0,0.0,0.0,0.0,0.0,28.022606293045513,0.0,0.0,0.0,0.0,0.0,0.0,0.0,0.0,0.0,0.0,32.02260631605605,0.0,0.0,0.0,0.0,0.0,0.0,0.0,0.0,0.0,0.0,30.022606305349345,0.0,0.0,0.0,0.0,0.0,0.0,0.0,16.02260647034488,16.02260647034488,16.02260647034488,16.02260647034488,0.0,12.83619590517688,0.0,0.0,0.0,0.0,0.0,0.0,0.0,0.0,6.022605854591664,0.0,0.0,0.0,0.0,0.0,0.0,0.0,0.0,0.0,0.0,0.051716875868003984
9.069767441860465,4.309298644777646,1.8533157633688946,3.706631526737789,1.8533157633688946,0.0,0.0,0.0,0.0,0.0,0.0,1.8459481414189272,4.300736421725822,1.8533157633688946,1.8533157633688946,0.0,0.0,0.0,3.977392815470974,0.0,0.0,3.6918962828378543,1.8459481414189272,4.292167574124841,1.8459481414189272,0.0,0.0,0.0,0.0,0.0,0.0,1.8459481414189272,3.6992639047878217,1.8533157633688946,6.146684563144749,0.0,0.0,0.0,0.0,3.977392815470974,0.0,0.0,0.0,0.0,0.0,28.022606764576043,0.0,0.0,0.0,0.0,0.0,0.0,0.0,0.0,0.0,0.0,32.02260678497024,0.0,0.0,0.0,0.0,0.0,0.0,0.0,0.0,0.0,0.0,30.022606775475975,0.0,0.0,0.0,0.0,0.0,0.0,0.0,16.022606921634388,16.022606921634388,16.022606921634388,16.022606921634388,0.0,12.83619662826031,0.0,0.0,0.0,0.0,0.0,0.0,0.0,0.0,6.022606376176805,0.0,0.0,0.0,0.0,0.0,0.0,0.0,0.0,0.0,0.0,0.050608579218060376
9.170542635658915,4.308795129205313,1.8530991571687492,3.706198314337499,1.8530991571687494,0.0,0.0,0.0,0.0,0.0,0.0,1.8461648436147973,4.300736288454084,1.8530991571687494,1.8530991571687494,0.0,0.0,0.0,3.9773924457152043,0.0,0.0,3.692329687229594,1.8461648436147968,4.292671579448104,1.8461648436147968,0.0,0.0,0.0,0.0,0.0,0.0,1.8461648436147968,3.699264000783546,1.8530991571687492,6.14690113206888,0.0,0.0,0.0,0.0,3.977392445715202,0.0,0.0,0.0,0.0,0.0,28.02260718227514,0.0,0.0,0.0,0.0,0.0,0.0,0.0,0.0,0.0,0.0,32.0226072003316,0.0,0.0,0.0,0.0,0.0,0.0,0.0,0.0,0.0,0.0,30.022607191930287,0.0,0.0,0.0,0.0,0.0,0.0,0.0,16.022607321403164,16.022607321403164,16.022607321403164,16.022607321403164,0.0,12.836197268794116,0.0,0.0,0.0,0.0,0.0,0.0,0.0,0.0,6.0226068382164435,0.0,0.0,0.0,0.0,0.0,0.0,0.0,0.0,0.0,0.0,0.049529495107157824
9.271317829457365,4.30832121272981,1.8528952873276514,3.7057905746553024,1.852895287327651,0.0,0.0,0.0,0.0,0.0,0.0,1.846368798492269,4.300736170397173,1.852895287327651,1.852895287327651,0.0,0.0,0.0,3.9773921181722294,0.0,0.0,3.6927375969845384,1.8463687984922694,4.293145929762431,1.8463687984922694,0.0,0.0,0.0,0.0,0.0,0.0,1.8463687984922694,3.699264085819921,1.8528952873276514,6.147104968889444,0.0,0.0,0.0,0.0,3.9773921181722316,0.0,0.0,0.0,0.0,0.0,28.022607552288175,0.0,0.0,0.0,0.0,0.0,0.0,0.0,0.0,0.0,0.0,32.022607568277905,0.0,0.0,0.0,0.0,0.0,0.0,0.0,0.0,0.0,0.0,30.022607560840648,0.0,0.0,0.0,0.0,0.0,0.0,0.0,16.022607675532814,16.022607675532814,16.022607675532814,16.022607675532814,0.0,12.836197836202153,0.0,0.0,0.0,0.0,0.0,0.0,0.0,0.0,6.022607247508207,0.0,0.0,0.0,0.0,0.0,0.0,0.0,0.0,0.0,0.0,0.048478624551894195
9.372093023255815,4.307875156181338,1.8527034051231022,3.7054068102462034,1.8527034051231013,0.0,0.0,0.0,0.0,0.0,0.0,1.8465607560250004,4.3007360658181355,1.8527034051231013,1.8527034051231013,0.0,0.0,0.0,3.977391828022952,0.0,0.0,3.693121512050001,1.8465607560250008,4.2935923706206935,1.8465607560250008,0.0,0.0,0.0,0.0,0.0,0.0,1.8465607560250008,3.699264161148103,1.8527034051231022,6.147296821843137,0.0,0.0,0.0,0.0,3.9773918280229545,0.0,0.0,0.0,0.0,0.0,28.022607880059056,0.0,0.0,0.0,0.0,0.0,0.0,0.0,0.0,0.0,0.0,32.022607894229395,0.0,0.0,0.0,0.0,0.0,0.0,0.0,0.0,0.0,0.0,30.022607887635417,0.0,0.0,0.0,0.0,0.0,0.0,0.0,16.02260798923358,16.02260798923358,16.02260798923358,16.02260798923358,0.0,12.836198338832588,0.0,0.0,0.0,0.0,0.0,0.0,0.0,0.0,6.022607610073775,0.0,0.0,0.0,0.0,0.0,0.0,0.0,0.0,0.0,0.0,0.04745501269492847
9.472868217054263,4.307455322483993,1.852522805826525,3.70504561165305,1.852522805826525,0.0,0.0,0.0,0.0,0.0,0.0,1.846741422049943,4.300735973178301,1.852522805826525,1.852522805826525,0.0,0.0,0.0,3.9773915709984053,0.0,0.0,3.693482844099886,1.846741422049943,4.294012544753302,1.846741422049943,0.0,0.0,0.0,0.0,0.0,0.0,1.846741422049943,3.6992642278764682,1.852522805826525,6.147477395228244,0.0,0.0,0.0,0.0,3.9773915709984053,0.0,0.0,0.0,0.0,0.0,28.022608170410244,0.0,0.0,0.0,0.0,0.0,0.0,0.0,0.0,0.0,0.0,32.022608182965406,0.0,0.0,0.0,0.0,0.0,0.0,0.0,0.0,0.0,0.0,30.022608177121874,0.0,0.0,0.0,0.0,0.0,0.0,0.0,16.022608267120933,16.022608267120933,16.022608267120933,16.022608267120933,0.0,12.836198784080606,0.0,0.0,0.0,0.0,0.0,0.0,0.0,0.0,6.022607931247464,0.0,0.0,0.0,0.0,0.0,0.0,0.0,0.0,0.0,0.0,0.04645774638811391
9.573643410852712,4.307060170673825,1.8523528261207343,3.7047056522414685,1.8523528261207343,0.0,0.0,0.0,0.0,0.0,0.0,1.8469114608660016,4.300735891114657,1.8523528261207343,1.8523528261207343,0.0,0.0,0.0,3.9773913433169747,0.0,0.0,3.693822921732003,1.8469114608660016,4.294407998132901,1.8469114608660016,0.0,0.0,0.0,0.0,0.0,0.0,1.8469114608660016,3.699264286986736,1.8523528261207343,6.147647351980659,0.0,0.0,0.0,0.0,3.9773913433169747,0.0,0.0,0.0,0.0,0.0,28.022608427613665,0.0,0.0,0.0,0.0,0.0,0.0,0.0,0.0,0.0,0.0,32.022608438731666,0.0,0.0,0.0,0.0,0.0,0.0,0.0,0.0,0.0,0.0,30.022608433558887,0.0,0.0,0.0,0.0,0.0,0.0,0.0,16.022608513283423,16.022608513283423,16.022608513283423,16.022608513283423,0.0,12.83619917849712,0.0,0.0,0.0,0.0,0.0,0.0,0.0,0.0,6.0226082157546434,0.0,0.0,0.0,0.0,0.0,0.0,0.0,0.0,0.0,0.0,0.045485951931810965
9.674418604651162,4.306688250266342,1.8521928416688187,3.7043856833376374,1.8521928416688187,0.0,0.0,0.0,0.0,0.0,0.0,1.8470714976797762,4.300735818419808,1.8521928416688187,1.8521928416688187,0.0,0.0,0.0,3.977391141628799,0.0,0.0,3.6941429953595524,1.8470714976797762,4.294780185680956,1.8470714976797762,0.0,0.0,0.0,0.0,0.0,0.0,1.8470714976797762,3.699264339348595,1.8521928416688187,6.147807316099584,0.0,0.0,0.0,0.0,3.977391141628799,0.0,0.0,0.0,0.0,0.0,28.02260865545353,0.0,0.0,0.0,0.0,0.0,0.0,0.0,0.0,0.0,0.0,32.0226086653011,0.0,0.0,0.0,0.0,0.0,0.0,0.0,0.0,0.0,0.0,30.022608660719904,0.0,0.0,0.0,0.0,0.0,0.0,0.0,16.022608731342807,16.022608731342807,16.022608731342807,16.022608731342807,0.0,12.836199527885137,0.0,0.0,0.0,0.0,0.0,0.0,0.0,0.0,6.022608467781237,0.0,0.0,0.0,0.0,0.0,0.0,0.0,0.0,0.0,0.0,0.04453879296229892
9.775193798449612,4.306338195952733,1.8520422648253971,3.7040845296507943,1.8520422648253971,0.0,0.0,0.0,0.0,0.0,0.0,1.847222120907108,4.300735754024195,1.8520422648253971,1.8520422648253971,0.0,0.0,0.0,3.9773909629664383,0.0,0.0,3.694444241814216,1.847222120907108,4.295130476636849,1.847222120907108,0.0,0.0,0.0,0.0,0.0,0.0,1.847222120907108,3.699264385732505,1.8520422648253971,6.147957874931302,0.0,0.0,0.0,0.0,3.9773909629664383,0.0,0.0,0.0,0.0,0.0,28.02260885728205,0.0,0.0,0.0,0.0,0.0,0.0,0.0,0.0,0.0,0.0,32.0226088660077,0.0,0.0,0.0,0.0,0.0,0.0,0.0,0.0,0.0,0.0,30.022608861947297,0.0,0.0,0.0,0.0,0.0,0.0,0.0,16.022608924507413,16.022608924507413,16.022608924507413,16.022608924507413,0.0,12.83619983738523,0.0,0.0,0.0,0.0,0.0,0.0,0.0,0.0,6.022608691035282,0.0,0.0,0.0,0.0,0.0,0.0,0.0,0.0,0.0,0.0,0.0436154684734679
9.875968992248062,4.30600872260587,1.8519005424819792,3.703801084963959,1.8519005424819797,0.0,0.0,0.0,0.0,0.0,0.0,1.8473638843389855,4.300735696980344,1.8519005424819797,1.8519005424819797,0.0,0.0,0.0,3.977390804701175,0.0,0.0,3.6947277686779705,1.847363884338985,4.295460159609591,1.847363884338985,0.0,0.0,0.0,0.0,0.0,0.0,1.847363884338985,3.6992644268209642,1.8519005424819792,6.148099581319328,0.0,0.0,0.0,0.0,3.9773908047011717,0.0,0.0,0.0,0.0,0.0,28.02260903606874,0.0,0.0,0.0,0.0,0.0,0.0,0.0,0.0,0.0,0.0,32.02260904379868,0.0,0.0,0.0,0.0,0.0,0.0,0.0,0.0,0.0,0.0,30.02260904020144,0.0,0.0,0.0,0.0,0.0,0.0,0.0,16.022609095619288,16.022609095619288,16.022609095619288,16.022609095619288,0.0,12.836200111551097,0.0,0.0,0.0,0.0,0.0,0.0,0.0,0.0,6.022608888801514,0.0,0.0,0.0,0.0,0.0,0.0,0.0,0.0,0.0,0.0,0.04271521096318244
9.976744186046512,4.3056986205781715,1.8517671540386549,3.70353430807731,1.8517671540386553,0.0,0.0,0.0,0.0,0.0,0.0,1.8474973091798699,4.300735646448936,1.8517671540386553,1.8517671540386553,0.0,0.0,0.0,3.977390664504354,0.0,0.0,3.6949946183597397,1.8474973091798697,4.295770447331088,1.8474973091798697,0.0,0.0,0.0,0.0,0.0,0.0,1.8474973091798697,3.6992644632185243,1.8517671540386549,6.148232955628805,0.0,0.0,0.0,0.0,3.9773906645043517,0.0,0.0,0.0,0.0,0.0,28.022609194444154,0.0,0.0,0.0,0.0,0.0,0.0,0.0,0.0,0.0,0.0,32.022609201290194,0.0,0.0,0.0,0.0,0.0,0.0,0.0,0.0,0.0,0.0,30.02260919810497,0.0,0.0,0.0,0.0,0.0,0.0,0.0,16.022609247196073,16.022609247196073,16.022609247196073,16.022609247196073,0.0,12.836200354416656,0.0,0.0,0.0,0.0,0.0,0.0,0.0,0.0,6.022609063989706,0.0,0.0,0.0,0.0,0.0,0.0,0.0,0.0,0.0,0.0,0.041837284695294415
10.077519379844961,4.305406751274467,1.8516416094947417,3.7032832189894833,1.8516416094947417,0.0,0.0,0.0,0.0,0.0,0.0,1.847622885965966,4.300735601686477,1.8516416094947417,1.8516416094947417,0.0,0.0,0.0,3.9773905403131935,0.0,0.0,3.695245771931932,1.847622885965966,4.296062481128682,1.847622885965966,0.0,0.0,0.0,0.0,0.0,0.0,1.847622885965966,3.6992644954607075,1.8516416094947417,6.148358487652443,0.0,0.0,0.0,0.0,3.9773905403131935,0.0,0.0,0.0,0.0,0.0,28.022609334738547,0.0,0.0,0.0,0.0,0.0,0.0,0.0,0.0,0.0,0.0,32.022609340802866,0.0,0.0,0.0,0.0,0.0,0.0,0.0,0.0,0.0,0.0,30.022609337981386,0.0,0.0,0.0,0.0,0.0,0.0,0.0,16.02260938146801,16.02260938146801,16.02260938146801,16.02260938146801,0.0,12.83620056955533,0.0,0.0,0.0,0.0,0.0,0.0,0.0,0.0,6.02260921917747,0.0,0.0,0.0,0.0,0.0,0.0,0.0,0.0,0.0,0.0,0.04098098406925307
10.178294573643411,4.305132042983809,1.8515234476514122,3.7030468953028244,1.8515234476514122,0.0,0.0,0.0,0.0,0.0,0.0,1.8477410763705038,4.3007355620343635,1.8515234476514122,1.8515234476514122,0.0,0.0,0.0,3.9773904303004275,0.0,0.0,3.6954821527410076,1.8477410763705038,4.296337335133604,1.8477410763705038,0.0,0.0,0.0,0.0,0.0,0.0,1.8477410763705038,3.699264524021916,1.8515234476514122,6.148476638404867,0.0,0.0,0.0,0.0,3.9773904303004275,0.0,0.0,0.0,0.0,0.0,28.022609459016135,0.0,0.0,0.0,0.0,0.0,0.0,0.0,0.0,0.0,0.0,32.02260946438896,0.0,0.0,0.0,0.0,0.0,0.0,0.0,0.0,0.0,0.0,30.022609461888802,0.0,0.0,0.0,0.0,0.0,0.0,0.0,16.022609500410695,16.022609500410695,16.022609500410695,16.022609500410695,0.0,12.836200760132554,0.0,0.0,0.0,0.0,0.0,0.0,0.0,0.0,6.022609356648144,0.0,0.0,0.0,0.0,0.0,0.0,0.0,0.0,0.0,0.0,0.04014563208961773
10.279069767441861,4.3048734869551595,1.8514122344197437,3.702824468839488,1.851412234419744,0.0,0.0,0.0,0.0,0.0,0.0,1.8478523149026582,4.300735526909176,1.851412234419744,1.851412234419744,0.0,0.0,0.0,3.9773903328473894,0.0,0.0,3.6957046298053164,1.847852314902658,4.296596020240892,1.847852314902658,0.0,0.0,0.0,0.0,0.0,0.0,1.847852314902658,3.6992645493224017,1.8514122344197437,6.148587841811834,0.0,0.0,0.0,0.0,3.977390332847387,0.0,0.0,0.0,0.0,0.0,28.022609569105466,0.0,0.0,0.0,0.0,0.0,0.0,0.0,0.0,0.0,0.0,32.0226095738649,0.0,0.0,0.0,0.0,0.0,0.0,0.0,0.0,0.0,0.0,30.022609571650182,0.0,0.0,0.0,0.0,0.0,0.0,0.0,16.02260960577417,16.02260960577417,16.02260960577417,16.02260960577417,0.0,12.836200928952337,0.0,0.0,0.0,0.0,0.0,0.0,0.0,0.0,6.02260947842438,0.0,0.0,0.0,0.0,0.0,0.0,0.0,0.0,0.0,0.0,0.039330578928231934
10.37984496124031,4.304630133702747,1.8513075612280279,3.702615122456056,1.8513075612280283,0.0,0.0,0.0,0.0,0.0,0.0,1.847957010506402,4.300735495794094,1.8513075612280283,1.8513075612280283,0.0,0.0,0.0,3.9773902465201845,0.0,0.0,3.695914021012804,1.8479570105064018,4.296839487835539,1.8479570105064018,0.0,0.0,0.0,0.0,0.0,0.0,1.8479570105064018,3.69926457173443,1.8513075612280279,6.148692506300495,0.0,0.0,0.0,0.0,3.9773902465201822,0.0,0.0,0.0,0.0,0.0,28.022609666626327,0.0,0.0,0.0,0.0,0.0,0.0,0.0,0.0,0.0,0.0,32.0226096708419,0.0,0.0,0.0,0.0,0.0,0.0,0.0,0.0,0.0,0.0,30.022609668880502,0.0,0.0,0.0,0.0,0.0,0.0,0.0,16.022609699108713,16.022609699108713,16.022609699108713,16.022609699108713,0.0,12.83620107849863,0.0,0.0,0.0,0.0,0.0,0.0,0.0,0.0,6.022609586297923,0.0,0.0,0.0,0.0,0.0,0.0,0.0,0.0,0.0,0.0,0.03853520057248732
10.480620155038759,4.304401089527763,1.851209043522549,3.702418087045098,1.8512090435225492,0.0,0.0,0.0,0.0,0.0,0.0,1.8480555480652066,4.300735468231298,1.8512090435225492,1.8512090435225492,0.0,0.0,0.0,3.977390170048616,0.0,0.0,3.6961110961304127,1.848055548065206,4.2970686332987365,1.848055548065206,0.0,0.0,0.0,0.0,0.0,0.0,1.848055548065206,3.699264591587755,1.851209043522549,6.148791016296503,0.0,0.0,0.0,0.0,3.977390170048613,0.0,0.0,0.0,0.0,0.0,28.02260975301361,0.0,0.0,0.0,0.0,0.0,0.0,0.0,0.0,0.0,0.0,32.022609756747954,0.0,0.0,0.0,0.0,0.0,0.0,0.0,0.0,0.0,0.0,30.022609755010425,0.0,0.0,0.0,0.0,0.0,0.0,0.0,16.022609781787608,16.022609781787608,16.022609781787608,16.022609781787608,0.0,12.836201210971797,0.0,0.0,0.0,0.0,0.0,0.0,0.0,0.0,6.022609681855977,0.0,0.0,0.0,0.0,0.0,0.0,0.0,0.0,0.0,0.0,0.03775889755375121
10.581395348837209,4.304185513243796,1.8511163193563676,3.7022326387127356,1.851116319356368,0.0,0.0,0.0,0.0,0.0,0.0,1.8481482898181263,4.300735443815238,1.851116319356368,1.851116319356368,0.0,0.0,0.0,3.9773901023075084,0.0,0.0,3.696296579636252,1.848148289818126,4.297284299307213,1.848148289818126,0.0,0.0,0.0,0.0,0.0,0.0,1.848148289818126,3.6992646091744934,1.8511163193563676,6.1488837336333635,0.0,0.0,0.0,0.0,3.977390102307506,0.0,0.0,0.0,0.0,0.0,28.022609829538403,0.0,0.0,0.0,0.0,0.0,0.0,0.0,0.0,0.0,0.0,32.0226098328467,0.0,0.0,0.0,0.0,0.0,0.0,0.0,0.0,0.0,0.0,30.022609831307264,0.0,0.0,0.0,0.0,0.0,0.0,0.0,16.02260985502739,16.02260985502739,16.02260985502739,16.02260985502739,0.0,12.836201328321042,0.0,0.0,0.0,0.0,0.0,0.0,0.0,0.0,6.02260976650455,0.0,0.0,0.0,0.0,0.0,0.0,0.0,0.0,0.0,0.0,0.0370010937505043
10.682170542635658,4.303982613094078,1.851029048060925,3.702058096121851,1.8510290480609257,0.0,0.0,0.0,0.0,0.0,0.0,1.848235576692493,4.300735422186672,1.8510290480609257,1.8510290480609257,0.0,0.0,0.0,3.977390042300158,0.0,0.0,3.6964711533849854,1.8482355766924927,4.29748727893792,1.8482355766924927,0.0,0.0,0.0,0.0,0.0,0.0,1.8482355766924927,3.6992646247534178,1.851029048060925,6.148970998879164,0.0,0.0,0.0,0.0,3.977390042300156,0.0,0.0,0.0,0.0,0.0,28.022609897326657,0.0,0.0,0.0,0.0,0.0,0.0,0.0,0.0,0.0,0.0,32.02260990025721,0.0,0.0,0.0,0.0,0.0,0.0,0.0,0.0,0.0,0.0,30.022609898893585,0.0,0.0,0.0,0.0,0.0,0.0,0.0,16.022609919905662,16.022609919905662,16.022609919905662,16.022609919905662,0.0,12.836201432272967,0.0,0.0,0.0,0.0,0.0,0.0,0.0,0.0,6.022609841489128,0.0,0.0,0.0,0.0,0.0,0.0,0.0,0.0,0.0,0.0,0.03626123526110184
10.782945736434108,4.303791643849372,1.8509469089956316,3.7018938179912633,1.8509469089956316,0.0,0.0,0.0,0.0,0.0,0.0,1.8483177295581212,4.30073540302736,1.8509469089956316,1.8509469089956316,0.0,0.0,0.0,3.97738998914363,0.0,0.0,3.6966354591162425,1.8483177295581212,4.297678318589558,1.8483177295581212,0.0,0.0,0.0,0.0,0.0,0.0,1.8483177295581212,3.699264638553753,1.8509469089956316,6.149053132585482,0.0,0.0,0.0,0.0,3.97738998914363,0.0,0.0,0.0,0.0,0.0,28.02260995737578,0.0,0.0,0.0,0.0,0.0,0.0,0.0,0.0,0.0,0.0,32.02260995997159,0.0,0.0,0.0,0.0,0.0,0.0,0.0,0.0,0.0,0.0,30.0226099587638,0.0,0.0,0.0,0.0,0.0,0.0,0.0,16.022609977377012,16.022609977377012,16.022609977377012,16.022609977377012,0.0,12.836201524357069,0.0,0.0,0.0,0.0,0.0,0.0,0.0,0.0,6.022609907913001,0.0,0.0,0.0,0.0,0.0,0.0,0.0,0.0,0.0,0.0,0.03553878934143753
10.883720930232558,4.303611904075966,1.8508696003708753,3.7017392007417507,1.8508696003708753,0.0,0.0,0.0,0.0,0.0,0.0,1.8483950504076756,4.300735386055397,1.8508696003708753,1.8508696003708753,0.0,0.0,0.0,3.9773899420557877,0.0,0.0,3.696790100815351,1.8483950504076756,4.29785812073179,1.8483950504076756,0.0,0.0,0.0,0.0,0.0,0.0,1.8483950504076756,3.699264650778551,1.8508696003708753,6.149130436463072,0.0,0.0,0.0,0.0,3.9773899420557877,0.0,0.0,0.0,0.0,0.0,28.0226100105693,0.0,0.0,0.0,0.0,0.0,0.0,0.0,0.0,0.0,0.0,32.0226100128688,0.0,0.0,0.0,0.0,0.0,0.0,0.0,0.0,0.0,0.0,30.022610011798854,0.0,0.0,0.0,0.0,0.0,0.0,0.0,16.02261002828707,16.02261002828707,16.02261002828707,16.02261002828707,0.0,12.836201605928267,0.0,0.0,0.0,0.0,0.0,0.0,0.0,0.0,6.022609966753506,0.0,0.0,0.0,0.0,0.0,0.0,0.0,0.0,0.0,0.0,0.03483324340317125
10.984496124031008,4.3034427335638155,1.8507968381401463,3.7015936762802926,1.8507968381401463,0.0,0.0,0.0,0.0,0.0,0.0,1.8484678234675376,4.3007353710210605,1.8507968381401463,1.8507968381401463,0.0,0.0,0.0,3.977389900343792,0.0,0.0,3.696935646935075,1.8484678234675376,4.298027346492335,1.8484678234675376,0.0,0.0,0.0,0.0,0.0,0.0,1.8484678234675376,3.6992646616076836,1.8507968381401463,6.149203194488598,0.0,0.0,0.0,0.0,3.977389900343792,0.0,0.0,0.0,0.0,0.0,28.02261005768991,0.0,0.0,0.0,0.0,0.0,0.0,0.0,0.0,0.0,0.0,32.02261005972698,0.0,0.0,0.0,0.0,0.0,0.0,0.0,0.0,0.0,0.0,30.0226100587791,0.0,0.0,0.0,0.0,0.0,0.0,0.0,16.02261007338491,16.02261007338491,16.02261007338491,16.02261007338491,0.0,12.836201678186782,0.0,0.0,0.0,0.0,0.0,0.0,0.0,0.0,6.022610018876406,0.0,0.0,0.0,0.0,0.0,0.0,0.0,0.0,0.0,0.0,0.034144104068530697
11.085271317829458,4.303283510905508,1.8507283549572233,3.701456709914447,1.8507283549572238,0.0,0.0,0.0,0.0,0.0,0.0,1.8485363162432695,4.300735357703143,1.8507283549572238,1.8507283549572238,0.0,0.0,0.0,3.9773898633939133,0.0,0.0,3.6970726324865386,1.848536316243269,4.29818661809152,1.848536316243269,0.0,0.0,0.0,0.0,0.0,0.0,1.848536316243269,3.6992646712004924,1.8507283549572233,6.149271673946411,0.0,0.0,0.0,0.0,3.9773898633939115,0.0,0.0,0.0,0.0,0.0,28.02261009943094,0.0,0.0,0.0,0.0,0.0,0.0,0.0,0.0,0.0,0.0,32.02261010123541,0.0,0.0,0.0,0.0,0.0,0.0,0.0,0.0,0.0,0.0,30.02261010039578,0.0,0.0,0.0,0.0,0.0,0.0,0.0,16.0226101133341,16.0226101133341,16.0226101133341,16.0226101133341,0.0,12.83620174219581,0.0,0.0,0.0,0.0,0.0,0.0,0.0,0.0,6.022610065048625,0.0,0.0,0.0,0.0,0.0,0.0,0.0,0.0,0.0,0.0,0.033470896277994815
11.186046511627907,4.303133651217201,1.8506638991946003,3.701327798389201,1.8506638991946005,0.0,0.0,0.0,0.0,0.0,0.0,1.8486007805035243,4.300735345905686,1.8506638991946005,1.8506638991946005,0.0,0.0,0.0,3.977389830662474,0.0,0.0,3.6972015610070486,1.848600780503524,4.298336521133295,1.848600780503524,0.0,0.0,0.0,0.0,0.0,0.0,1.848600780503524,3.6992646796981243,1.8506638991946003,6.149336126409209,0.0,0.0,0.0,0.0,3.977389830662471,0.0,0.0,0.0,0.0,0.0,28.022610136406538,0.0,0.0,0.0,0.0,0.0,0.0,0.0,0.0,0.0,0.0,32.02261013800495,0.0,0.0,0.0,0.0,0.0,0.0,0.0,0.0,0.0,0.0,30.02261013726123,0.0,0.0,0.0,0.0,0.0,0.0,0.0,16.022610148722425,16.022610148722425,16.022610148722425,16.022610148722425,0.0,12.836201798897143,0.0,0.0,0.0,0.0,0.0,0.0,0.0,0.0,6.02261010594953,0.0,0.0,0.0,0.0,0.0,0.0,0.0,0.0,0.0,0.0,0.032813162447429454
11.286821705426357,4.302992603993249,1.850603234019573,3.7012064680391465,1.8506032340195735,0.0,0.0,0.0,0.0,0.0,0.0,1.8486614532060366,4.300735335455103,1.8506032340195735,1.8506032340195735,0.0,0.0,0.0,3.9773898016678686,0.0,0.0,3.6973229064120727,1.8486614532060361,4.298477606761197,1.8486614532060361,0.0,0.0,0.0,0.0,0.0,0.0,1.8486614532060361,3.699264687225609,1.850603234019573,6.1493967886611385,0.0,0.0,0.0,0.0,3.977389801667867,0.0,0.0,0.0,0.0,0.0,28.02261016916076,0.0,0.0,0.0,0.0,0.0,0.0,0.0,0.0,0.0,0.0,32.02261017057671,0.0,0.0,0.0,0.0,0.0,0.0,0.0,0.0,0.0,0.0,30.022610169917872,0.0,0.0,0.0,0.0,0.0,0.0,0.0,16.022610180070586,16.022610180070586,16.022610180070586,16.022610180070586,0.0,12.836201849125079,0.0,0.0,0.0,0.0,0.0,0.0,0.0,0.0,6.022610142180922,0.0,0.0,0.0,0.0,0.0,0.0,0.0,0.0,0.0,0.0,0.03217046167149543
11.387596899224807,4.302859851086697,1.8505461365246014,3.701092273049203,1.8505461365246014,0.0,0.0,0.0,0.0,0.0,0.0,1.8487185573691065,4.300735326197626,1.8505461365246014,1.8505461365246014,0.0,0.0,0.0,3.9773897759834727,0.0,0.0,3.697437114738213,1.8487185573691065,4.298610393687256,1.8487185573691065,0.0,0.0,0.0,0.0,0.0,0.0,1.8487185573691065,3.699264693893708,1.8505461365246014,6.149453883566732,0.0,0.0,0.0,0.0,3.9773897759834727,0.0,0.0,0.0,0.0,0.0,28.022610198175546,0.0,0.0,0.0,0.0,0.0,0.0,0.0,0.0,0.0,0.0,32.02261019942987,0.0,0.0,0.0,0.0,0.0,0.0,0.0,0.0,0.0,0.0,30.02261019884622,0.0,0.0,0.0,0.0,0.0,0.0,0.0,16.02261020783983,16.02261020783983,16.02261020783983,16.02261020783983,0.0,12.836201893618657,0.0,0.0,0.0,0.0,0.0,0.0,0.0,0.0,6.0226101742759015,0.0,0.0,0.0,0.0,0.0,0.0,0.0,0.0,0.0,0.0,0.03154236897040629
11.488372093023255,4.302734904808262,1.850492396908754,3.700984793817508,1.8504923969087537,0.0,0.0,0.0,0.0,0.0,0.0,1.848772302891783,4.3007353179970425,1.8504923969087537,1.8504923969087537,0.0,0.0,0.0,3.9773897532313756,0.0,0.0,3.6975446057835666,1.8487723028917835,4.298735370101319,1.8487723028917835,0.0,0.0,0.0,0.0,0.0,0.0,1.8487723028917835,3.6992646998005374,1.850492396908754,6.149507620888826,0.0,0.0,0.0,0.0,3.9773897532313782,0.0,0.0,0.0,0.0,0.0,28.022610223877816,0.0,0.0,0.0,0.0,0.0,0.0,0.0,0.0,0.0,0.0,32.02261022498892,0.0,0.0,0.0,0.0,0.0,0.0,0.0,0.0,0.0,0.0,30.022610224471922,0.0,0.0,0.0,0.0,0.0,0.0,0.0,16.022610232438762,16.022610232438762,16.022610232438762,16.022610232438762,0.0,12.836201933032568,0.0,0.0,0.0,0.0,0.0,0.0,0.0,0.0,6.022610202706709,0.0,0.0,0.0,0.0,0.0,0.0,0.0,0.0,0.0,0.0,0.03092847457728522
11.589147286821705,4.3026173061368755,1.8504418177072428,3.700883635414485,1.8504418177072424,0.0,0.0,0.0,0.0,0.0,0.0,1.8488228873257577,4.30073531073269,1.8504418177072424,1.8504418177072424,0.0,0.0,0.0,3.9773897330768024,0.0,0.0,3.697645774651516,1.848822887325758,4.29885299546785,1.848822887325758,0.0,0.0,0.0,0.0,0.0,0.0,1.848822887325758,3.6992647050330008,1.8504418177072428,6.149558198058449,0.0,0.0,0.0,0.0,3.9773897330768047,0.0,0.0,0.0,0.0,0.0,28.02261024664575,0.0,0.0,0.0,0.0,0.0,0.0,0.0,0.0,0.0,0.0,32.02261024762999,0.0,0.0,0.0,0.0,0.0,0.0,0.0,0.0,0.0,0.0,30.02261024717203,0.0,0.0,0.0,0.0,0.0,0.0,0.0,16.02261025422933,16.02261025422933,16.02261025422933,16.02261025422933,0.0,12.836201967946748,0.0,0.0,0.0,0.0,0.0,0.0,0.0,0.0,6.022610227891675,0.0,0.0,0.0,0.0,0.0,0.0,0.0,0.0,0.0,0.0,0.030328383263398526
11.689922480620154,4.302506623035267,1.8503942130662385,3.700788426132477,1.8503942130662385,0.0,0.0,0.0,0.0,0.0,0.0,1.8488704966018485,4.300735304297685,1.8503942130662385,1.8503942130662385,0.0,0.0,0.0,3.9773897152232127,0.0,0.0,3.697740993203697,1.8488704966018485,4.298963702216896,1.8488704966018485,0.0,0.0,0.0,0.0,0.0,0.0,1.8488704966018485,3.6992647096680873,1.8503942130662385,6.149605800899534,0.0,0.0,0.0,0.0,3.9773897152232127,0.0,0.0,0.0,0.0,0.0,28.022610266814358,0.0,0.0,0.0,0.0,0.0,0.0,0.0,0.0,0.0,0.0,32.02261026768625,0.0,0.0,0.0,0.0,0.0,0.0,0.0,0.0,0.0,0.0,30.022610267280545,0.0,0.0,0.0,0.0,0.0,0.0,0.0,16.02261027353214,16.02261027353214,16.02261027353214,16.02261027353214,0.0,12.836201998874888,0.0,0.0,0.0,0.0,0.0,0.0,0.0,0.0,6.022610250201361,0.0,0.0,0.0,0.0,0.0,0.0,0.0,0.0,0.0,0.0,0.029741713699409315
11.790697674418604,4.302402448864429,1.8503494080602902,3.7006988161205805,1.8503494080602902,0.0,0.0,0.0,0.0,0.0,0.0,1.8489153057137102,4.300735298597344,1.8503494080602902,1.8503494080602902,0.0,0.0,0.0,3.977389699407908,0.0,0.0,3.6978306114274204,1.8489153057137102,4.29906789733542,1.8489153057137102,0.0,0.0,0.0,0.0,0.0,0.0,1.8489153057137102,3.6992647137740002,1.8503494080602902,6.149650604311054,0.0,0.0,0.0,0.0,3.977389699407908,0.0,0.0,0.0,0.0,0.0,28.022610284680376,0.0,0.0,0.0,0.0,0.0,0.0,0.0,0.0,0.0,0.0,32.02261028545272,0.0,0.0,0.0,0.0,0.0,0.0,0.0,0.0,0.0,0.0,30.022610285093343,0.0,0.0,0.0,0.0,0.0,0.0,0.0,16.022610290631203,16.022610290631203,16.022610290631203,16.022610290631203,0.0,12.836202026272046,0.0,0.0,0.0,0.0,0.0,0.0,0.0,0.0,6.022610269964026,0.0,0.0,0.0,0.0,0.0,0.0,0.0,0.0,0.0,0.0,0.029168097850028593
11.891472868217054,4.3023044008911375,1.8503072380498506,3.7006144760997013,1.8503072380498506,0.0,0.0,0.0,0.0,0.0,0.0,1.848957479361307,4.300735293547793,1.8503072380498506,1.8503072380498506,0.0,0.0,0.0,3.9773896853981885,0.0,0.0,3.697914958722614,1.848957479361307,4.299165963864872,1.848957479361307,0.0,0.0,0.0,0.0,0.0,0.0,1.848957479361307,3.6992647174111575,1.8503072380498506,6.1496927729091,0.0,0.0,0.0,0.0,3.9773896853981885,0.0,0.0,0.0,0.0,0.0,28.022610300506678,0.0,0.0,0.0,0.0,0.0,0.0,0.0,0.0,0.0,0.0,32.022610301190845,0.0,0.0,0.0,0.0,0.0,0.0,0.0,0.0,0.0,0.0,30.022610300872504,0.0,0.0,0.0,0.0,0.0,0.0,0.0,16.022610305778127,16.022610305778127,16.022610305778127,16.022610305778127,0.0,12.836202050541372,0.0,0.0,0.0,0.0,0.0,0.0,0.0,0.0,6.022610287470453,0.0,0.0,0.0,0.0,0.0,0.0,0.0,0.0,0.0,0.0,0.028607180400110357
11.992248062015504,4.302212118883115,1.8502675480765582,3.7005350961531165,1.8502675480765582,0.0,0.0,0.0,0.0,0.0,0.0,1.8489971725565137,4.300735289074731,1.8502675480765582,1.8502675480765582,0.0,0.0,0.0,3.9773896729879077,0.0,0.0,3.6979943451130275,1.8489971725565137,4.299258262310562,1.8489971725565137,0.0,0.0,0.0,0.0,0.0,0.0,1.8489971725565137,3.6992647206330718,1.8502675480765582,6.1497324616312445,0.0,0.0,0.0,0.0,3.9773896729879077,0.0,0.0,0.0,0.0,0.0,28.02261031452615,0.0,0.0,0.0,0.0,0.0,0.0,0.0,0.0,0.0,0.0,32.0226103151322,0.0,0.0,0.0,0.0,0.0,0.0,0.0,0.0,0.0,0.0,30.02261031485021,0.0,0.0,0.0,0.0,0.0,0.0,0.0,16.022610319195774,16.022610319195774,16.022610319195774,16.022610319195774,0.0,12.836202072039946,0.0,0.0,0.0,0.0,0.0,0.0,0.0,0.0,6.022610302978227,0.0,0.0,0.0,0.0,0.0,0.0,0.0,0.0,0.0,0.0,0.028058618210316442
12.093023255813954,4.302125263786684,1.8502301922940647,3.7004603845881294,1.8502301922940647,0.0,0.0,0.0,0.0,0.0,0.0,1.8490345311930854,4.300735285112345,1.8502301922940647,1.8502301922940647,0.0,0.0,0.0,3.9773896619944717,0.0,0.0,3.6980690623861707,1.8490345311930854,4.299345131968019,1.8490345311930854,0.0,0.0,0.0,0.0,0.0,0.0,1.8490345311930854,3.69926472348715,1.8502301922940647,6.14976981630543,0.0,0.0,0.0,0.0,3.9773896619944717,0.0,0.0,0.0,0.0,0.0,28.02261032694507,0.0,0.0,0.0,0.0,0.0,0.0,0.0,0.0,0.0,0.0,32.02261032748194,0.0,0.0,0.0,0.0,0.0,0.0,0.0,0.0,0.0,0.0,30.022610327232126,0.0,0.0,0.0,0.0,0.0,0.0,0.0,16.022610331081577,16.022610331081577,16.022610331081577,16.022610331081577,0.0,12.836202091084104,0.0,0.0,0.0,0.0,0.0,0.0,0.0,0.0,6.022610316715531,0.0,0.0,0.0,0.0,0.0,0.0,0.0,0.0,0.0,0.0,0.027522079800623073
12.193798449612403,4.302043516482092,1.8501950334323092,3.7003900668646184,1.8501950334323092,0.0,0.0,0.0,0.0,0.0,0.0,1.8490696925830776,4.30073528160233,1.8501950334323092,1.8501950334323092,0.0,0.0,0.0,3.9773896522561167,0.0,0.0,3.6981393851661553,1.8490696925830776,4.2994268921712555,1.8490696925830776,0.0,0.0,0.0,0.0,0.0,0.0,1.8490696925830776,3.699264726015387,1.8501950334323092,6.1498049741854075,0.0,0.0,0.0,0.0,3.9773896522561167,0.0,0.0,0.0,0.0,0.0,28.02261033794616,0.0,0.0,0.0,0.0,0.0,0.0,0.0,0.0,0.0,0.0,32.022610338421735,0.0,0.0,0.0,0.0,0.0,0.0,0.0,0.0,0.0,0.0,30.022610338200444,0.0,0.0,0.0,0.0,0.0,0.0,0.0,16.022610341610417,16.022610341610417,16.022610341610417,16.022610341610417,0.0,12.836202107954055,0.0,0.0,0.0,0.0,0.0,0.0,0.0,0.0,6.022610328884494,0.0,0.0,0.0,0.0,0.0,0.0,0.0,0.0,0.0,0.0,0.026997244860015035
12.294573643410853,4.301966576611905,1.8501619422932774,3.7003238845865547,1.8501619422932774,0.0,0.0,0.0,0.0,0.0,0.0,1.8491027859617075,4.300735278493045,1.8501619422932774,1.8501619422932774,0.0,0.0,0.0,3.9773896436295644,0.0,0.0,3.698205571923415,1.8491027859617075,4.29950384346749,1.8491027859617075,0.0,0.0,0.0,0.0,0.0,0.0,1.8491027859617075,3.6992647282549846,1.8501619422932774,6.149838064454753,0.0,0.0,0.0,0.0,3.9773896436295644,0.0,0.0,0.0,0.0,0.0,28.022610347691288,0.0,0.0,0.0,0.0,0.0,0.0,0.0,0.0,0.0,0.0,32.022610348112565,0.0,0.0,0.0,0.0,0.0,0.0,0.0,0.0,0.0,0.0,30.022610347916544,0.0,0.0,0.0,0.0,0.0,0.0,0.0,16.02261035093721,16.02261035093721,16.02261035093721,16.02261035093721,0.0,12.836202122898014,0.0,0.0,0.0,0.0,0.0,0.0,0.0,0.0,6.0226103396641655,0.0,0.0,0.0,0.0,0.0,0.0,0.0,0.0,0.0,0.0,0.02648380378080798
12.395348837209303,4.3018941614782475,1.8501307972764005,3.700261594552801,1.8501307972764005,0.0,0.0,0.0,0.0,0.0,0.0,1.8491339329624932,4.3007352757387345,1.8501307972764005,1.8501307972764005,0.0,0.0,0.0,3.9773896359878713,0.0,0.0,3.6982678659249864,1.8491339329624932,4.2995762687227215,1.8491339329624932,0.0,0.0,0.0,0.0,0.0,0.0,1.8491339329624932,3.6992647302388937,1.8501307972764005,6.149869208701228,0.0,0.0,0.0,0.0,3.9773896359878713,0.0,0.0,0.0,0.0,0.0,28.022610356323845,0.0,0.0,0.0,0.0,0.0,0.0,0.0,0.0,0.0,0.0,32.02261035669704,0.0,0.0,0.0,0.0,0.0,0.0,0.0,0.0,0.0,0.0,30.022610356523387,0.0,0.0,0.0,0.0,0.0,0.0,0.0,16.02261035919919,16.02261035919919,16.02261035919919,16.02261035919919,0.0,12.836202136135862,0.0,0.0,0.0,0.0,0.0,0.0,0.0,0.0,6.022610349213156,0.0,0.0,0.0,0.0,0.0,0.0,0.0,0.0,0.0,0.0,0.0259814572161586
12.496124031007751,4.301826005004797,1.8501014839318515,3.700202967863703,1.8501014839318513,0.0,0.0,0.0,0.0,0.0,0.0,1.8491632480644555,4.300735273298875,1.8501014839318513,1.8501014839318513,0.0,0.0,0.0,3.977389629218606,0.0,0.0,3.6983264961289115,1.849163248064456,4.2996444341622,1.849163248064456,0.0,0.0,0.0,0.0,0.0,0.0,1.849163248064456,3.6992647319963075,1.8501014839318515,6.1498985213633315,0.0,0.0,0.0,0.0,3.9773896292186084,0.0,0.0,0.0,0.0,0.0,28.022610363970855,0.0,0.0,0.0,0.0,0.0,0.0,0.0,0.0,0.0,0.0,32.02261036430144,0.0,0.0,0.0,0.0,0.0,0.0,0.0,0.0,0.0,0.0,30.022610364147617,0.0,0.0,0.0,0.0,0.0,0.0,0.0,16.022610366517934,16.022610366517934,16.022610366517934,16.022610366517934,0.0,12.836202147862402,0.0,0.0,0.0,0.0,0.0,0.0,0.0,0.0,6.0226103576719705,0.0,0.0,0.0,0.0,0.0,0.0,0.0,0.0,0.0,0.0,0.02548991565943197
12.5968992248062,4.301761856759767,1.8500738945400959,3.7001477890801917,1.8500738945400959,0.0,0.0,0.0,0.0,0.0,0.0,1.8491908390129852,4.300735271137566,1.8500738945400959,1.8500738945400959,0.0,0.0,0.0,3.977389623222167,0.0,0.0,3.6983816780259704,1.8491908390129852,4.299708590349633,1.8491908390129852,0.0,0.0,0.0,0.0,0.0,0.0,1.8491908390129852,3.699264733553081,1.8500738945400959,6.149926110150552,0.0,0.0,0.0,0.0,3.977389623222167,0.0,0.0,0.0,0.0,0.0,28.022610370744832,0.0,0.0,0.0,0.0,0.0,0.0,0.0,0.0,0.0,0.0,32.02261037103767,0.0,0.0,0.0,0.0,0.0,0.0,0.0,0.0,0.0,0.0,30.022610370901415,0.0,0.0,0.0,0.0,0.0,0.0,0.0,16.022610373001122,16.022610373001122,16.022610373001122,16.022610373001122,0.0,12.836202158250158,0.0,0.0,0.0,0.0,0.0,0.0,0.0,0.0,6.022610365165068,0.0,0.0,0.0,0.0,0.0,0.0,0.0,0.0,0.0,0.0,0.025008899044180997
12.69767441860465,4.301701481036291,1.8500479277161628,3.700095855432326,1.8500479277161632,0.0,0.0,0.0,0.0,0.0,0.0,1.8492168072159623,4.300735269223009,1.8500479277161632,1.8500479277161632,0.0,0.0,0.0,3.9773896179103256,0.0,0.0,3.6984336144319236,1.8492168072159616,4.299768973108755,1.8492168072159616,0.0,0.0,0.0,0.0,0.0,0.0,1.8492168072159616,3.6992647349321244,1.8500479277161628,6.14995207643897,0.0,0.0,0.0,0.0,3.9773896179103234,0.0,0.0,0.0,0.0,0.0,28.02261037674545,0.0,0.0,0.0,0.0,0.0,0.0,0.0,0.0,0.0,0.0,32.02261037700485,0.0,0.0,0.0,0.0,0.0,0.0,0.0,0.0,0.0,0.0,30.022610376884156,0.0,0.0,0.0,0.0,0.0,0.0,0.0,16.022610378744144,16.022610378744144,16.022610378744144,16.022610378744144,0.0,12.83620216745198,0.0,0.0,0.0,0.0,0.0,0.0,0.0,0.0,6.022610371802707,0.0,0.0,0.0,0.0,0.0,0.0,0.0,0.0,0.0,0.0,0.024538136363565922
12.7984496124031,4.301644655986828,1.8500234880371718,3.7000469760743435,1.8500234880371718,0.0,0.0,0.0,0.0,0.0,0.0,1.849241248116554,4.300735267527028,1.8500234880371718,1.8500234880371718,0.0,0.0,0.0,3.977389613204913,0.0,0.0,3.698482496233108,1.849241248116554,4.299825804390627,1.849241248116554,0.0,0.0,0.0,0.0,0.0,0.0,1.849241248116554,3.699264736153726,1.8500234880371718,6.149976515643582,0.0,0.0,0.0,0.0,3.977389613204913,0.0,0.0,0.0,0.0,0.0,28.02261038206099,0.0,0.0,0.0,0.0,0.0,0.0,0.0,0.0,0.0,0.0,32.022610382290786,0.0,0.0,0.0,0.0,0.0,0.0,0.0,0.0,0.0,0.0,30.022610382183863,0.0,0.0,0.0,0.0,0.0,0.0,0.0,16.022610383831502,16.022610383831502,16.022610383831502,16.022610383831502,0.0,12.836202175603255,0.0,0.0,0.0,0.0,0.0,0.0,0.0,0.0,6.022610377682546,0.0,0.0,0.0,0.0,0.0,0.0,0.0,0.0,0.0,0.0,0.02407736530811464
12.89922480620155,4.301591172808427,1.8500004856917636,3.700000971383527,1.8500004856917636,0.0,0.0,0.0,0.0,0.0,0.0,1.8492642515440982,4.300735266024672,1.8500004856917636,1.8500004856917636,0.0,0.0,0.0,3.9773896090367047,0.0,0.0,3.6985285030881965,1.8492642515440982,4.299879293089902,1.8492642515440982,0.0,0.0,0.0,0.0,0.0,0.0,1.8492642515440982,3.699264737235862,1.8500004856917636,6.14999951756877,0.0,0.0,0.0,0.0,3.9773896090367047,0.0,0.0,0.0,0.0,0.0,28.022610386769678,0.0,0.0,0.0,0.0,0.0,0.0,0.0,0.0,0.0,0.0,32.02261038697324,0.0,0.0,0.0,0.0,0.0,0.0,0.0,0.0,0.0,0.0,30.022610386878515,0.0,0.0,0.0,0.0,0.0,0.0,0.0,16.02261038833805,16.02261038833805,16.02261038833805,16.02261038833805,0.0,12.836202182823923,0.0,0.0,0.0,0.0,0.0,0.0,0.0,0.0,6.022610382891103,0.0,0.0,0.0,0.0,0.0,0.0,0.0,0.0,0.0,0.0,0.023626331920798393
13.0,4.301540834971569,1.8499788361482778,3.6999576722965557,1.8499788361482778,0.0,0.0,0.0,0.0,0.0,0.0,1.8492859020461798,4.300735264693832,1.8499788361482778,1.8499788361482778,0.0,0.0,0.0,3.9773896053443565,0.0,0.0,3.6985718040923596,1.8492859020461798,4.299929635817353,1.8492859020461798,0.0,0.0,0.0,0.0,0.0,0.0,1.8492859020461798,3.699264738194458,1.8499788361482778,6.150021166740012,0.0,0.0,0.0,0.0,3.9773896053443565,0.0,0.0,0.0,0.0,0.0,28.022610390940798,0.0,0.0,0.0,0.0,0.0,0.0,0.0,0.0,0.0,0.0,32.02261039112111,0.0,0.0,0.0,0.0,0.0,0.0,0.0,0.0,0.0,0.0,30.02261039103721,0.0,0.0,0.0,0.0,0.0,0.0,0.0,16.02261039233011,16.02261039233011,16.02261039233011,16.02261039233011,0.0,12.836202189220245,0.0,0.0,0.0,0.0,0.0,0.0,0.0,0.0,6.022610387505031,0.0,0.0,0.0,0.0,0.0,0.0,0.0,0.0,0.0,0.0,0.02318479026700506
