time,1->1,2->1,3->1,4->1,5->1,6->1,7->1,8->1,9->1,10->1,1->2,2->2,3->2,4->2,5->2,6->2,7->2,8->2,9->2,10->2,1->3,2->3,3->3,4->3,5->3,6->3,7->3,8->3,9->3,10->3,1->4,2->4,3->4,4->4,5->4,6->4,7->4,8->4,9->4,10->4,1->5,2->5,3->5,4->5,5->5,6->5,7->5,8->5,9->5,10->5,1->6,2->6,3->6,4->6,5->6,6->6,7->6,8->6,9->6,10->6,1->7,2->7,3->7,4->7,5->7,6->7,7->7,8->7,9->7,10->7,1->8,2->8,3->8,4->8,5->8,6->8,7->8,8->8,9->8,10->8,1->9,2->9,3->9,4->9,5->9,6->9,7->9,8->9,9->9,10->9,1->10,2->10,3->10,4->10,5->10,6->10,7->10,8->10,9->10,10->10
0.0,-2.200001000929319,-0.5000000005139782,-0.9999999992515995,-0.5000000005139782,0.0,0.0,0.0,0.0,0.0,0.0,-0.10000000028043132,5.399998999067179,-0.10000000028043132,-0.5999999999062311,0.0,0.0,0.0,0.0,0.0,0.0,-0.20000000056086265,-0.4999999996257998,4.999998999721811,-0.4999999996257998,0.0,0.0,0.0,0.0,0.0,0.0,-0.10000000028043132,-0.4999999996257998,-0.10000000028043132,5.299998899310765,0.0,0.0,0.0,0.0,0.0,0.0,0.0,0.0,0.0,0.0,-3.000000987185558,0.0,0.0,13.999999964653398,0.0,0.0,0.0,0.0,0.0,0.0,0.0,4.999999021038093,0.0,11.999999969702912,0.0,0.0,0.0,0.0,0.0,0.0,0.0,0.0,0.9999990027154126,12.999999967178155,0.0,0.0,0.0,-1.9500019732276996,0.0,0.0,0.0,0.0,0.0,-6.050001005064587,0.0,0.0,0.0,0.0,0.0,-1.9500019448059902,0.0,0.0,0.0,0.0,-16.05000099402787,0.0,0.0,0.0,0.0,0.0,0.0,0.0,0.0,2.600000097885413,0.0,-8.55000100052905
0.10077519379844961,-4.84274186440814,-1.026162524730978,-2.169540667118497,-1.026162524730978,0.0,0.0,0.0,0.0,0.0,0.0,-0.3137023441013298,3.076146125380319,-0.3137023441013298,-1.3815240134107398,0.0,0.0,0.0,0.0,0.0,0.0,-0.5935073605911612,-1.026162524730978,2.4795138857669485,-1.026162524730978,0.0,0.0,0.0,0.0,0.0,0.0,-0.31370234232497296,-1.0847703322269808,-0.3137023441013298,2.779392278995374,0.0,0.0,0.0,0.0,0.0,0.0,0.0,0.0,0.0,0.0,-24.883355479232705,0.0,0.0,27.6977819169133,0.0,0.0,0.0,0.0,0.0,0.0,0.0,-28.276597788590152,0.0,31.394403180229347,0.0,0.0,0.0,0.0,0.0,0.0,0.0,0.0,-26.555613985124182,29.533911259704837,0.0,0.0,0.0,-8.710990119453754,0.0,0.0,0.0,0.0,0.0,-17.302228858540047,0.0,0.0,0.0,0.0,0.0,-5.089277197001252,0.0,0.0,0.0,0.0,-11.90882202273258,0.0,0.0,0.0,0.0,0.0,0.0,0.0,0.0,3.26686486129546,0.0,0.6056772638984853
0.20155038759689922,-6.360004990879631,-1.514679965231025,-3.4600539369211702,-1.5146799658971588,0.0,0.0,0.0,0.0,0.0,0.0,-0.6926290270214963,0.3999895286099786,-0.6926290261333179,-2.336440238615012,0.0,0.0,0.0,0.0,0.0,0.0,-1.2128265396427196,-1.5146799672294264,-0.06843562250224977,-1.514679966341248,0.0,0.0,0.0,0.0,0.0,0.0,-0.6926290279096747,-1.7300269696818305,-0.6926290252451395,-0.20642397480230557,0.0,0.0,0.0,0.0,0.0,0.0,0.0,0.0,0.0,0.0,-30.819352454969362,0.0,0.0,31.020080074384282,0.0,0.0,0.0,0.0,0.0,0.0,0.0,-34.929326105270775,0.0,35.07506708810837,0.0,0.0,0.0,0.0,0.0,0.0,0.0,0.0,-32.87707391574912,33.048940982105535,0.0,0.0,0.0,-19.96934259107519,0.0,0.0,0.0,0.0,0.0,-19.353043552605698,0.0,0.0,0.0,0.0,0.0,-10.280174856269753,0.0,0.0,0.0,0.0,-10.701088582365514,0.0,0.0,0.0,0.0,0.0,0.0,0.0,0.0,4.645031958183665,0.0,0.6386367417121619
0.3023255813953488,-6.817055337782207,-1.754609256776618,-4.3170248955615165,-1.7546092574427519,0.0,0.0,0.0,0.0,0.0,0.0,-1.097117676707171,-1.6748906217500803,-1.097117676707171,-3.0503362768996567,0.0,0.0,0.0,0.0,0.0,0.0,-1.7836476540189494,-1.7546092552223058,-1.7019856359823393,-1.7546092574427519,0.0,0.0,0.0,0.0,0.0,0.0,-1.097117676707171,-2.1585124461154237,-1.097117676707171,-2.5667147198760176,0.0,0.0,0.0,0.0,0.0,0.0,0.0,0.0,0.0,0.0,-31.034795603623877,0.0,0.0,30.823205129593134,0.0,0.0,0.0,0.0,0.0,0.0,0.0,-35.00445257742513,0.0,34.80803355770945,0.0,0.0,0.0,0.0,0.0,0.0,0.0,0.0,-33.01956394174965,32.81558924150829,0.0,0.0,0.0,-30.62870794767747,0.0,0.0,0.0,0.0,0.0,-19.04021091192476,0.0,0.0,0.0,0.0,0.0,-14.946879675292735,0.0,0.0,0.0,0.0,-9.982001756725367,0.0,0.0,0.0,0.0,0.0,0.0,0.0,0.0,5.628988014372283,0.0,-1.7292868004226136
0.40310077519379844,-6.692165717137044,-1.8057608897059652,-4.686064649206401,-1.805760891482322,0.0,0.0,0.0,0.0,0.0,0.0,-1.3965347949174145,-2.893382159196989,-1.3965347949174145,-3.4193332747456395,0.0,0.0,0.0,0.0,0.0,0.0,-2.1526018991746554,-1.8057608919264112,-2.446269304012816,-1.8057608905941436,0.0,0.0,0.0,0.0,0.0,0.0,-1.3965347949174145,-2.343032325935468,-1.3965347949174145,-3.969683397109236,0.0,0.0,0.0,0.0,0.0,0.0,0.0,0.0,0.0,0.0,-30.31931898789253,0.0,0.0,30.063730737772687,0.0,0.0,0.0,0.0,0.0,0.0,0.0,-34.260955548148786,0.0,34.03454895867242,0.0,0.0,0.0,0.0,0.0,0.0,0.0,0.0,-32.288523048151774,32.048332825773684,0.0,0.0,0.0,-37.304547995553605,0.0,0.0,0.0,0.0,0.0,-18.225729915499755,0.0,0.0,0.0,0.0,0.0,-17.357240579052302,0.0,0.0,0.0,0.0,-9.181161291671458,0.0,0.0,0.0,0.0,0.0,0.0,0.0,0.0,5.6295895300984,0.0,-3.4659911225531914
0.5038759689922481,-6.399410268809191,-1.7892645058914525,-4.7872384616454156,-1.7892645058914525,0.0,0.0,0.0,0.0,0.0,0.0,-1.58274357886512,-3.533485620987875,-1.582743580641477,-3.576742625854834,0.0,0.0,0.0,0.0,0.0,0.0,-2.366246787288695,-1.789264506113497,-2.7350175596518866,-1.789264506113497,0.0,0.0,0.0,0.0,0.0,0.0,-1.58274357886512,-2.393619231266797,-1.58274357886512,-4.716609308674791,0.0,0.0,0.0,0.0,0.0,0.0,0.0,0.0,0.0,0.0,-29.56991573732637,0.0,0.0,29.366140378961347,0.0,0.0,0.0,0.0,0.0,0.0,0.0,-33.51759532677079,0.0,33.339980117119694,0.0,0.0,0.0,0.0,0.0,0.0,0.0,0.0,-31.54203675403977,31.352200888790094,0.0,0.0,0.0,-40.74544703769334,0.0,0.0,0.0,0.0,0.0,-17.47310357380627,0.0,0.0,0.0,0.0,0.0,-18.081201350383935,0.0,0.0,0.0,0.0,-8.38031611039014,0.0,0.0,0.0,0.0,0.0,0.0,0.0,0.0,5.0040984542754074,0.0,-4.104139051719358
0.6046511627906976,-6.119073203025849,-1.763941485322107,-4.781509668871919,-1.7639414877645976,0.0,0.0,0.0,0.0,0.0,0.0,-1.6929964907763662,-3.8690865076240755,-1.6929964907763662,-3.6398777922830305,0.0,0.0,0.0,0.0,0.0,0.0,-2.498245913251651,-1.7639414873205084,-2.8531666494968633,-1.7639414873205084,0.0,0.0,0.0,0.0,0.0,0.0,-1.6929964907763662,-2.390754834991071,-1.6929964916645446,-5.118209768673054,0.0,0.0,0.0,0.0,0.0,0.0,0.0,0.0,0.0,0.0,-29.003799083326953,0.0,0.0,28.86386364497895,0.0,0.0,0.0,0.0,0.0,0.0,0.0,-32.96559053778125,0.0,32.844759549455205,0.0,0.0,0.0,0.0,0.0,0.0,0.0,0.0,-30.98333214790472,30.853630178739877,0.0,0.0,0.0,-42.47034046844789,0.0,0.0,0.0,0.0,0.0,-16.930864318531746,0.0,0.0,0.0,0.0,0.0,-18.06008193749875,0.0,0.0,0.0,0.0,-7.7063687999867625,0.0,0.0,0.0,0.0,0.0,0.0,0.0,0.0,4.234656031609774,0.0,-4.079698442183144
0.7054263565891473,-5.894968263087108,-1.7462892871744629,-4.7399752345356205,-1.7462892860642398,0.0,0.0,0.0,0.0,0.0,0.0,-1.7583684495114937,-4.052196464376934,-1.7583684512878506,-3.6656146334967943,0.0,0.0,0.0,0.0,0.0,0.0,-2.591254033568191,-1.7462892858421952,-2.9195006077120667,-1.7462892858421952,0.0,0.0,0.0,0.0,0.0,0.0,-1.7583684513988729,-2.3699876167126988,-1.7583684505106945,-5.347823790358142,0.0,0.0,0.0,0.0,0.0,0.0,0.0,0.0,0.0,0.0,-28.625447224150946,0.0,0.0,28.53524162782506,0.0,0.0,0.0,0.0,0.0,0.0,0.0,-32.59997440840934,0.0,32.522505394982915,0.0,0.0,0.0,0.0,0.0,0.0,0.0,0.0,-30.611758885967788,30.528397460205525,0.0,0.0,0.0,-43.37466169035409,0.0,0.0,0.0,0.0,0.0,-16.57674980659607,0.0,0.0,0.0,0.0,0.0,-17.809491202669392,0.0,0.0,0.0,0.0,-7.19123030723523,0.0,0.0,0.0,0.0,0.0,0.0,0.0,0.0,3.542187364313776,0.0,-3.785949247880893
0.8062015503875969,-5.723801467016898,-1.7378074441687374,-4.6887167537423835,-1.7378074441687374,0.0,0.0,0.0,0.0,0.0,0.0,-1.7976045953993491,-4.156506967445406,-1.7976045953993491,-3.6768725001357083,0.0,0.0,0.0,0.0,0.0,0.0,-2.6650282468621,-1.7378074445018044,-2.9744334167913777,-1.7378074445018044,0.0,0.0,0.0,0.0,0.0,0.0,-1.7976045954548603,-2.344358377370792,-1.7976045945111707,-5.4890214045699715,0.0,0.0,0.0,0.0,0.0,0.0,0.0,0.0,0.0,0.0,-28.384940374381884,0.0,0.0,28.328271085786838,0.0,0.0,0.0,0.0,0.0,0.0,0.0,-32.36864785627347,0.0,32.32012477161206,0.0,0.0,0.0,0.0,0.0,0.0,0.0,0.0,-30.376169215751148,30.32388550727738,0.0,0.0,0.0,-43.87487218759922,0.0,0.0,0.0,0.0,0.0,-16.353963572024455,0.0,0.0,0.0,0.0,0.0,-17.534187692014314,0.0,0.0,0.0,0.0,-6.8163497295437026,0.0,0.0,0.0,0.0,0.0,0.0,0.0,0.0,2.977435281437124,0.0,-3.4214186079850606
0.9069767441860465,-5.592340648452598,-1.73632511257793,-4.636464873919444,-1.73632511257793,0.0,0.0,0.0,0.0,0.0,0.0,-1.8213545620315852,-4.217869815192898,-1.8213545620315852,-3.6824026611037564,0.0,0.0,0.0,0.0,0.0,0.0,-2.728340450008915,-1.7363251113566847,-3.029415947652936,-1.7363251113566847,0.0,0.0,0.0,0.0,0.0,0.0,-1.8213545620315852,-2.3182324352666317,-1.8213545620315852,-5.582040359747298,0.0,0.0,0.0,0.0,0.0,0.0,0.0,0.0,0.0,0.0,-28.234963118878298,0.0,0.0,28.199749501411908,0.0,0.0,0.0,0.0,0.0,0.0,0.0,-32.224739012876036,0.0,32.194637393345715,0.0,0.0,0.0,0.0,0.0,0.0,0.0,0.0,-30.229452708918636,30.196994297515545,0.0,0.0,0.0,-44.162039787853935,0.0,0.0,0.0,0.0,0.0,-16.215602280156283,0.0,0.0,0.0,0.0,0.0,-17.29982521303519,0.0,0.0,0.0,0.0,-6.550964520624092,0.0,0.0,0.0,0.0,0.0,0.0,0.0,0.0,2.530469452644013,0.0,-3.0662784546997557
1.0077519379844961,-5.488504192907584,-1.7394331183195888,-4.5858945120214045,-1.7394331183195888,0.0,0.0,0.0,0.0,0.0,0.0,-1.8357442949368252,-4.254663875574716,-1.8357442949368252,-3.6855455433915107,0.0,0.0,0.0,0.0,0.0,0.0,-2.785196577370641,-1.7394331175424327,-3.0864403621766456,-1.7394331175424327,0.0,0.0,0.0,0.0,0.0,0.0,-1.8357442968242044,-2.2929472552057906,-1.8357442958805148,-5.647262489721916,0.0,0.0,0.0,0.0,0.0,0.0,0.0,0.0,0.0,0.0,-28.14217349900172,0.0,0.0,28.120454023894403,0.0,0.0,0.0,0.0,0.0,0.0,0.0,-32.13582294048223,0.0,32.11727891794247,0.0,0.0,0.0,0.0,0.0,0.0,0.0,0.0,-30.13874918755821,30.118741869311627,0.0,0.0,0.0,-44.32975318213739,0.0,0.0,0.0,0.0,0.0,-16.130149121718063,0.0,0.0,0.0,0.0,0.0,-17.11911426260926,0.0,0.0,0.0,0.0,-6.366588610529078,0.0,0.0,0.0,0.0,0.0,0.0,0.0,0.0,2.177972244332693,0.0,-2.747304736594458
1.1085271317829457,-5.403458106956194,-1.7452668993334086,-4.537684909933226,-1.7452668981121633,0.0,0.0,0.0,0.0,0.0,0.0,-1.8443953885144415,-4.276896885022086,-1.8443953885144415,-3.687610959424159,0.0,0.0,0.0,0.0,0.0,0.0,-2.8375370121347387,-1.7452669001105647,-3.1448413067014513,-1.7452668986672748,0.0,0.0,0.0,0.0,0.0,0.0,-1.8443953885144415,-2.2688424563682696,-1.8443953885144415,-5.695665720339971,0.0,0.0,0.0,0.0,0.0,0.0,0.0,0.0,0.0,0.0,-28.085123907672926,0.0,0.0,28.07185578318494,0.0,0.0,0.0,0.0,0.0,0.0,0.0,-32.08122089670695,0.0,32.069904222831184,0.0,0.0,0.0,0.0,0.0,0.0,0.0,0.0,-30.08301802237545,30.07080284156416,0.0,0.0,0.0,-44.42759051803691,0.0,0.0,0.0,0.0,0.0,-16.077687651050443,0.0,0.0,0.0,0.0,0.0,-16.98683884387986,0.0,0.0,0.0,0.0,-6.240476664975958,0.0,0.0,0.0,0.0,0.0,0.0,0.0,0.0,1.897950597795628,0.0,-2.4698700551439856
1.2093023255813953,-5.331240885086963,-1.7525400090034893,-4.491901383629759,-1.7525400090034893,0.0,0.0,0.0,0.0,0.0,0.0,-1.8495004918614444,-4.290301101550487,-1.8495004899532486,-3.6891362523994164,0.0,0.0,0.0,0.0,0.0,0.0,-2.886371120225384,-1.7525400086704224,-3.203485067437839,-1.7525400101137123,0.0,0.0,0.0,0.0,0.0,0.0,-1.8495004899532486,-2.245950691211196,-1.8495004899532486,-5.733486996409298,0.0,0.0,0.0,0.0,0.0,0.0,0.0,0.0,0.0,0.0,-28.050382195721202,0.0,0.0,28.042402833744486,0.0,0.0,0.0,0.0,0.0,0.0,0.0,-32.04801678657887,0.0,32.04122030198153,0.0,0.0,0.0,0.0,0.0,0.0,0.0,0.0,-30.049105250368193,30.041764362109813,0.0,0.0,0.0,-44.483524162558524,0.0,0.0,0.0,0.0,0.0,-16.04581409048178,0.0,0.0,0.0,0.0,0.0,-16.89315205793962,0.0,0.0,0.0,0.0,-6.155495350990137,0.0,0.0,0.0,0.0,0.0,0.0,0.0,0.0,1.6729207925614276,0.0,-2.2315240526538105
1.3100775193798448,-5.267964829580585,-1.7604132569459807,-4.448445792837319,-1.7604132557247354,0.0,0.0,0.0,0.0,0.0,0.0,-1.8524092216740118,-4.298281289030065,-1.8524092197623465,-3.690355519184174,0.0,0.0,0.0,0.0,0.0,0.0,-2.9322652454477627,-1.7604132560022911,-3.2613902734568434,-1.7604132575010922,0.0,0.0,0.0,0.0,0.0,0.0,-1.852409219758877,-2.224222895721301,-1.8524092207164444,-5.764414252183021,0.0,0.0,0.0,0.0,0.0,0.0,0.0,0.0,0.0,0.0,-28.02957139624862,0.0,0.0,28.024897056388998,0.0,0.0,0.0,0.0,0.0,0.0,0.0,-32.0281699199565,0.0,32.02419649098176,0.0,0.0,0.0,0.0,0.0,0.0,0.0,0.0,-30.02881425964721,30.02451848910237,0.0,0.0,0.0,-44.51402545206651,0.0,0.0,0.0,0.0,0.0,-16.02679819591446,0.0,0.0,0.0,0.0,0.0,-16.828354977960203,0.0,0.0,0.0,0.0,-6.099117880797866,0.0,0.0,0.0,0.0,0.0,0.0,0.0,0.0,1.4897281603865054,0.0,-2.0274320280400104
1.4108527131782946,-5.211130590654367,-1.7683604444096446,-4.407193878896987,-1.7683604432439104,0.0,0.0,0.0,0.0,0.0,0.0,-1.8539608323490249,-4.302908642983203,-1.8539608323490249,-3.691378548047186,0.0,0.0,0.0,0.0,0.0,0.0,-2.975563219209665,-1.7683604431883992,-3.317844978534268,-1.7683604431883992,0.0,0.0,0.0,0.0,0.0,0.0,-1.8539608342624248,-2.203596939047772,-1.8539608323507595,-5.790690597516981,0.0,0.0,0.0,0.0,0.0,0.0,0.0,0.0,0.0,0.0,-28.017454396747635,0.0,0.0,28.014837434323095,0.0,0.0,0.0,0.0,0.0,0.0,0.0,-32.016657159072984,0.0,32.01443898816214,0.0,0.0,0.0,0.0,0.0,0.0,0.0,0.0,-30.017022661019134,30.0146215674868,0.0,0.0,0.0,-44.529057435835355,0.0,0.0,0.0,0.0,0.0,-16.015803315623522,0.0,0.0,0.0,0.0,0.0,-16.78438419899786,0.0,0.0,0.0,0.0,-6.062367162412707,0.0,0.0,0.0,0.0,0.0,0.0,0.0,0.0,1.3386416821692393,0.0,-1.8524641123285335
1.5116279069767442,-5.15913587750827,-1.7760646729980678,-4.368030733503669,-1.7760646741082908,0.0,0.0,0.0,0.0,0.0,0.0,-1.8546805247718694,-4.305462812326244,-1.8546805247718694,-3.69226142219771,0.0,0.0,0.0,0.0,0.0,0.0,-3.016492109930713,-1.7760646736642016,-3.3723784852446315,-1.7760646736642016,0.0,0.0,0.0,0.0,0.0,0.0,-1.8546805247727367,-2.184015366797805,-1.8546805247727367,-5.8137092179434,0.0,0.0,0.0,0.0,0.0,0.0,0.0,0.0,0.0,0.0,-28.01073800308418,0.0,0.0,28.009394943469268,0.0,0.0,0.0,0.0,0.0,0.0,0.0,-32.01030743957973,0.0,32.009179606919126,0.0,0.0,0.0,0.0,0.0,0.0,0.0,0.0,-30.010505800474874,30.009278843196043,0.0,0.0,0.0,-44.53474613988831,0.0,0.0,0.0,0.0,0.0,-16.009790480889937,0.0,0.0,0.0,0.0,0.0,-16.755038753216155,0.0,0.0,0.0,0.0,-6.038910971173372,0.0,0.0,0.0,0.0,0.0,0.0,0.0,0.0,1.212470491340767,0.0,-1.7019388356409593
1.6124031007751938,-5.11094981342497,-1.7833460675409363,-4.33085567225211,-1.7833460675409363,0.0,0.0,0.0,0.0,0.0,0.0,-1.8548974716404336,-4.306740609506105,-1.8548974716404336,-3.6930354787133717,0.0,0.0,0.0,0.0,0.0,0.0,-3.055215284930579,-1.7833460683736035,-3.424704421384206,-1.7833460683736035,0.0,0.0,0.0,0.0,0.0,0.0,-1.8548974716404336,-2.165427837181309,-1.8548974716404336,-5.834348606686838,0.0,0.0,0.0,0.0,0.0,0.0,0.0,0.0,0.0,0.0,-28.007361278697964,0.0,0.0,28.006795913061712,0.0,0.0,0.0,0.0,0.0,0.0,0.0,-32.007164812976335,0.0,32.006697625401245,0.0,0.0,0.0,0.0,0.0,0.0,0.0,0.0,-30.007254390304258,30.00674246989195,0.0,0.0,0.0,-44.53488791422017,0.0,0.0,0.0,0.0,0.0,-16.00684855657987,0.0,0.0,0.0,0.0,0.0,-16.735762321036518,0.0,0.0,0.0,0.0,-6.024346682328985,0.0,0.0,0.0,0.0,0.0,0.0,0.0,0.0,1.1058697615418112,0.0,-1.5718276145104682
1.7131782945736433,-5.065901490741709,-1.7901126664887634,-4.295579520363635,-1.7901126664887634,0.0,0.0,0.0,0.0,0.0,0.0,-1.8548181958959362,-4.307241243944795,-1.8548181920704372,-3.6937201886508286,0.0,0.0,0.0,0.0,0.0,0.0,-3.09186085839519,-1.7901126672104084,-3.474668362313249,-1.7901126672104084,0.0,0.0,0.0,0.0,0.0,0.0,-1.8548181958959362,-2.1477897614911,-1.8548181930267036,-5.853172030058709,0.0,0.0,0.0,0.0,0.0,0.0,0.0,0.0,0.0,0.0,-28.006017943500545,0.0,0.0,28.0059196442156,0.0,0.0,0.0,0.0,0.0,0.0,0.0,-32.005960679518026,0.0,32.00589095742708,0.0,0.0,0.0,0.0,0.0,0.0,0.0,0.0,-30.005986059606848,30.00590370329714,0.0,0.0,0.0,-44.531845958798236,0.0,0.0,0.0,0.0,0.0,-16.00577407603551,0.0,0.0,0.0,0.0,0.0,-16.723310483149344,0.0,0.0,0.0,0.0,-6.015653801361848,0.0,0.0,0.0,0.0,0.0,0.0,0.0,0.0,1.0148301436974094,0.0,-1.4587597920723283
1.813953488372093,-5.023545640581162,-1.7963279912991403,-4.262120711973072,-1.7963279912991403,0.0,0.0,0.0,0.0,0.0,0.0,-1.8545718541221334,-4.307277819801722,-1.8545718541221334,-3.694328767006074,0.0,0.0,0.0,0.0,0.0,0.0,-3.126536818387482,-1.7963279920207853,-3.5222068793250294,-1.7963279920207853,0.0,0.0,0.0,0.0,0.0,0.0,-1.8545718541221334,-2.1310603574155147,-1.8545718541221334,-5.870546592396612,0.0,0.0,0.0,0.0,0.0,0.0,0.0,0.0,0.0,0.0,-28.00589083264832,0.0,0.0,28.00606396609253,0.0,0.0,0.0,0.0,0.0,0.0,0.0,-32.00591537233077,0.0,32.006076181135406,0.0,0.0,0.0,0.0,0.0,0.0,0.0,0.0,-30.005903151130756,30.006070126361273,0.0,0.0,0.0,-44.527088321263435,0.0,0.0,0.0,0.0,0.0,-16.005809918741807,0.0,0.0,0.0,0.0,0.0,-16.71542195868202,0.0,0.0,0.0,0.0,-6.0107835322086025,0.0,0.0,0.0,0.0,0.0,0.0,0.0,0.0,0.9363111156401871,0.0,-1.3599508667527793
1.9147286821705427,-4.98357831973939,-1.8019898798127265,-4.230402520677412,-1.8019898798127265,0.0,0.0,0.0,0.0,0.0,0.0,-1.8542387364220425,-4.307046492834157,-1.85423873450951,-3.6948710066785075,0.0,0.0,0.0,0.0,0.0,0.0,-3.1593394912432515,-1.801989881089483,-3.5673182418594074,-1.801989881089483,0.0,0.0,0.0,0.0,0.0,0.0,-1.8542387364220425,-2.1152012623848124,-1.85423873546621,-5.886716604930863,0.0,0.0,0.0,0.0,0.0,0.0,0.0,0.0,0.0,0.0,-28.006466041315473,0.0,0.0,28.0067884757991,0.0,0.0,0.0,0.0,0.0,0.0,0.0,-32.00653656087148,0.0,32.006823908197966,0.0,0.0,0.0,0.0,0.0,0.0,0.0,0.0,-30.006503248932933,30.006807080635788,0.0,0.0,0.0,-44.52152067218989,0.0,0.0,0.0,0.0,0.0,-16.00648166169387,0.0,0.0,0.0,0.0,0.0,-16.710548520757538,0.0,0.0,0.0,0.0,-6.00836225908845,0.0,0.0,0.0,0.0,0.0,0.0,0.0,0.0,0.8679812366074735,0.0,-1.2731139245603096
2.0155038759689923,-4.945783725451847,-1.8071166517641402,-4.200351248984102,-1.8071166517641402,0.0,0.0,0.0,0.0,0.0,0.0,-1.8538682338472419,-4.306669700997711,-1.8538682319347093,-3.6953546739939074,0.0,0.0,0.0,0.0,0.0,0.0,-3.1903580987591162,-1.807116653151919,-3.6100416074824615,-1.807116653151919,0.0,0.0,0.0,0.0,0.0,0.0,-1.8538682338463746,-2.1001756257323785,-1.8538682328905418,-5.9018491197432645,0.0,0.0,0.0,0.0,0.0,0.0,0.0,0.0,0.0,0.0,-28.00742287459128,0.0,0.0,28.00781897628439,0.0,0.0,0.0,0.0,0.0,0.0,0.0,-32.007516381335826,0.0,32.007865902284465,0.0,0.0,0.0,0.0,0.0,0.0,0.0,0.0,-30.00747261310867,30.007843846571042,0.0,0.0,0.0,-44.51569517657621,0.0,0.0,0.0,0.0,0.0,-16.007493493891758,0.0,0.0,0.0,0.0,0.0,-16.70764410589831,0.0,0.0,0.0,0.0,-6.0074783184930345,0.0,0.0,0.0,0.0,0.0,0.0,0.0,0.0,0.8080321460823825,0.0,-1.1963737041598144
2.1162790697674416,-4.91000102048611,-1.8117382030169438,-4.171895215676624,-1.8117382030169438,0.0,0.0,0.0,0.0,0.0,0.0,-1.8534902194054446,-4.306223281884229,-1.8534902194054446,-3.695786240102278,0.0,0.0,0.0,0.0,0.0,0.0,-3.2196772590808997,-1.8117382027948992,-3.650442590263925,-1.8117382027948992,0.0,0.0,0.0,0.0,0.0,0.0,-1.8534902194054446,-2.085947608274595,-1.8534902203612773,-5.916062286683531,0.0,0.0,0.0,0.0,0.0,0.0,0.0,0.0,0.0,0.0,-28.00856335637321,0.0,0.0,28.008986667641192,0.0,0.0,0.0,0.0,0.0,0.0,0.0,-32.008668796275344,0.0,32.009039560226135,0.0,0.0,0.0,0.0,0.0,0.0,0.0,0.0,-30.008619474509654,30.009014727737373,0.0,0.0,0.0,-44.5099403011337,0.0,0.0,0.0,0.0,0.0,-16.008662667038944,0.0,0.0,0.0,0.0,0.0,-16.70600976503428,0.0,0.0,0.0,0.0,-6.007532695270421,0.0,0.0,0.0,0.0,0.0,0.0,0.0,0.0,0.7550454724225553,0.0,-1.1281910559102215
2.2170542635658914,-4.876103791684461,-1.815890338430215,-4.144964295849096,-1.8158903363207912,0.0,0.0,0.0,0.0,0.0,0.0,-1.8531222199186586,-4.3057534909957464,-1.8531222180069933,-3.6961712748615625,0.0,0.0,0.0,0.0,0.0,0.0,-3.2473782559661046,-1.8158903389853265,-3.6886034149863356,-1.8158903389853265,0.0,0.0,0.0,0.0,0.0,0.0,-1.8531222180069933,-2.0724821497017722,-1.8531222180069933,-5.929442994293162,0.0,0.0,0.0,0.0,0.0,0.0,0.0,0.0,0.0,0.0,-28.009765562331257,0.0,0.0,28.010188699439944,0.0,0.0,0.0,0.0,0.0,0.0,0.0,-32.00986967368501,0.0,32.01024092775763,0.0,0.0,0.0,0.0,0.0,0.0,0.0,0.0,-30.00982107784038,30.01021645822333,0.0,0.0,0.0,-44.50444378759078,0.0,0.0,0.0,0.0,0.0,-16.009878191143926,0.0,0.0,0.0,0.0,0.0,-16.70518320138169,0.0,0.0,0.0,0.0,-6.008136332268446,0.0,0.0,0.0,0.0,0.0,0.0,0.0,0.0,0.7078970481466662,0.0,-1.0672996103022747
2.317829457364341,-4.843987166325281,-1.8196111405965887,-4.119489745435523,-1.8196111427060124,0.0,0.0,0.0,0.0,0.0,0.0,-1.8527739975306678,-4.305287941517438,-1.8527739994423331,-3.696514676687201,0.0,0.0,0.0,0.0,0.0,0.0,-3.2735396066629896,-1.8196111423729455,-3.7246160869419676,-1.8196111423729455,0.0,0.0,0.0,0.0,0.0,0.0,-1.8527739975311015,-2.0597448726609495,-1.8527739994423331,-5.942058125799846,0.0,0.0,0.0,0.0,0.0,0.0,0.0,0.0,0.0,0.0,-28.01095869326212,0.0,0.0,28.011365331878995,0.0,0.0,0.0,0.0,0.0,0.0,0.0,-32.01106170384015,0.0,32.011417009814025,0.0,0.0,0.0,0.0,0.0,0.0,0.0,0.0,-30.011013747149182,30.011392859848748,0.0,0.0,0.0,-44.49930521086866,0.0,0.0,0.0,0.0,0.0,-16.01107425113456,0.0,0.0,0.0,0.0,0.0,-16.704861216776045,0.0,0.0,0.0,0.0,-6.0090394174722865,0.0,0.0,0.0,0.0,0.0,0.0,0.0,0.0,0.665686679723887,0.0,-1.0126538641797023
2.4186046511627906,-4.813559952299151,-1.822938766327109,-4.09540424384236,-1.822938766327109,0.0,0.0,0.0,0.0,0.0,0.0,-1.8524504933207024,-4.304842467290921,-1.8524504933207024,-3.6968208000517055,0.0,0.0,0.0,0.0,0.0,0.0,-3.2982373556755817,-1.822938765549953,-3.7585777356019534,-1.822938765549953,0.0,0.0,0.0,0.0,0.0,0.0,-1.8524504933207024,-2.047702121702171,-1.8524504933207024,-5.953961528798804,0.0,0.0,0.0,0.0,0.0,0.0,0.0,0.0,0.0,0.0,-28.012100525706686,0.0,0.0,28.012482148146933,0.0,0.0,0.0,0.0,0.0,0.0,0.0,-32.01219804549981,0.0,32.01253108069298,0.0,0.0,0.0,0.0,0.0,0.0,0.0,0.0,-30.01215266101344,30.0125082168274,0.0,0.0,0.0,-44.49456912818638,0.0,0.0,0.0,0.0,0.0,-16.012213533938073,0.0,0.0,0.0,0.0,0.0,-16.70484657988365,0.0,0.0,0.0,0.0,-6.010083946893577,0.0,0.0,0.0,0.0,0.0,0.0,0.0,0.0,0.6276865414100996,0.0,-0.9633869339775725
2.5193798449612403,-4.784739814134298,-1.8259100792450411,-4.072642011021532,-1.8259100792450411,0.0,0.0,0.0,0.0,0.0,0.0,-1.8521536575915287,-4.304425519020307,-1.852153655680297,-3.6970935585927194,0.0,0.0,0.0,0.0,0.0,0.0,-3.321545100631873,-1.8259100804107753,-3.790587433272208,-1.8259100804107753,0.0,0.0,0.0,0.0,0.0,0.0,-1.8521536575915287,-2.036321008093336,-1.852153656635696,-5.965198455416734,0.0,0.0,0.0,0.0,0.0,0.0,0.0,0.0,0.0,0.0,-28.013169273262417,0.0,0.0,28.01352180749686,0.0,0.0,0.0,0.0,0.0,0.0,0.0,-32.013259921189615,0.0,32.01356730411949,0.0,0.0,0.0,0.0,0.0,0.0,0.0,0.0,-30.013217726328897,30.013546035058056,0.0,0.0,0.0,-44.490246928319266,0.0,0.0,0.0,0.0,0.0,-16.013276522583094,0.0,0.0,0.0,0.0,0.0,-16.70501208917048,0.0,0.0,0.0,0.0,-6.011171908300306,0.0,0.0,0.0,0.0,0.0,0.0,0.0,0.0,0.5933027072413388,0.0,-0.9187766458473856
2.6201550387596897,-4.757450386499995,-1.828559907074423,-4.051138944721755,-1.828559907074423,0.0,0.0,0.0,0.0,0.0,0.0,-1.8518836284024156,-4.304040949001681,-1.8518836284024156,-3.697336447663121,0.0,0.0,0.0,0.0,0.0,0.0,-3.343533956062794,-1.8285599056033774,-3.8207440771209633,-1.8285599056033774,0.0,0.0,0.0,0.0,0.0,0.0,-1.8518836284024156,-2.0255694706621497,-1.8518836284024156,-5.975808315438532,0.0,0.0,0.0,0.0,0.0,0.0,0.0,0.0,0.0,0.0,-28.014154905570827,0.0,0.0,28.01447706878707,0.0,0.0,0.0,0.0,0.0,0.0,0.0,-32.01423771860904,0.0,32.01451864796867,0.0,0.0,0.0,0.0,0.0,0.0,0.0,0.0,-30.014199265959718,30.01449925000947,0.0,0.0,0.0,-44.48632977432747,0.0,0.0,0.0,0.0,0.0,-16.014254747932778,0.0,0.0,0.0,0.0,0.0,-16.705276608762478,0.0,0.0,0.0,0.0,-6.0122443107692165,0.0,0.0,0.0,0.0,0.0,0.0,0.0,0.0,0.5620465882705261,0.0,-0.8782186594613606
2.7209302325581395,-4.7316195341262635,-1.8309206434030667,-4.030832772894399,-1.8309206434030667,0.0,0.0,0.0,0.0,0.0,0.0,-1.8516394954802042,-4.303689808628826,-1.8516394954802042,-3.6975526441283653,0.0,0.0,0.0,0.0,0.0,0.0,-3.3642725130456075,-1.8309206444577786,-3.8491449049493642,-1.8309206444577786,0.0,0.0,0.0,0.0,0.0,0.0,-1.8516394954802042,-2.0154163880800082,-1.8516394945248054,-5.9858264555927825,0.0,0.0,0.0,0.0,0.0,0.0,0.0,0.0,0.0,0.0,-28.015054715880424,0.0,0.0,28.01534687413808,0.0,0.0,0.0,0.0,0.0,0.0,0.0,-32.015131545380314,0.0,32.01538546155659,0.0,0.0,0.0,0.0,0.0,0.0,0.0,0.0,-30.015095524631164,30.01536727953967,0.0,0.0,0.0,-44.48279767416304,0.0,0.0,0.0,0.0,0.0,-16.01514642743558,0.0,0.0,0.0,0.0,0.0,-16.705589008660095,0.0,0.0,0.0,0.0,-6.013267151471977,0.0,0.0,0.0,0.0,0.0,0.0,0.0,0.0,0.5335127734040768,0.0,-0.8412044602279511
2.8217054263565893,-4.70717836889567,-1.833022088004732,-4.011663191583192,-1.833022088004732,0.0,0.0,0.0,0.0,0.0,0.0,-1.851419756540053,-4.303371472929013,-1.851419754629255,-3.697744971279532,0.0,0.0,0.0,0.0,0.0,0.0,-3.383826754799202,-1.8330220893647553,-3.8758845294084576,-1.833022087616154,0.0,0.0,0.0,0.0,0.0,0.0,-1.8514197584508507,-2.0058315972318503,-1.851419756540053,-5.995285243053528,0.0,0.0,0.0,0.0,0.0,0.0,0.0,0.0,0.0,0.0,-28.015870197183567,0.0,0.0,28.016133732774488,0.0,0.0,0.0,0.0,0.0,0.0,0.0,-32.015934670593346,0.0,32.016166142150546,0.0,0.0,0.0,0.0,0.0,0.0,0.0,0.0,-30.015906100174483,30.016151685297903,0.0,0.0,0.0,-44.479624534151874,0.0,0.0,0.0,0.0,0.0,-16.015953762753103,0.0,0.0,0.0,0.0,0.0,-16.70591764114937,0.0,0.0,0.0,0.0,-6.014222399522776,0.0,0.0,0.0,0.0,0.0,0.0,0.0,0.0,0.5073624947671274,0.0,-0.8073041460332497
2.9224806201550386,-4.684060675969048,-1.8348914429533458,-3.993571974530985,-1.8348914429533458,0.0,0.0,0.0,0.0,0.0,0.0,-1.8512226356388537,-4.303084371365135,-1.8512226375496517,-3.697916000022783,0.0,0.0,0.0,0.0,0.0,0.0,-3.402260027984827,-1.8348914410382111,-3.9010543332607117,-1.8348914410382111,0.0,0.0,0.0,0.0,0.0,0.0,-1.8512226356388537,-1.9967859849223148,-1.8512226375496517,-6.004214781839875,0.0,0.0,0.0,0.0,0.0,0.0,0.0,0.0,0.0,0.0,-28.016605607375514,0.0,0.0,28.0168423097589,0.0,0.0,0.0,0.0,0.0,0.0,0.0,-32.01667189997766,0.0,32.01687562873462,0.0,0.0,0.0,0.0,0.0,0.0,0.0,0.0,-30.016639371950248,30.016859193074225,0.0,0.0,0.0,-44.476781924879774,0.0,0.0,0.0,0.0,0.0,-16.016681139998344,0.0,0.0,0.0,0.0,0.0,-16.706243299960054,0.0,0.0,0.0,0.0,-6.0151019221797375,0.0,0.0,0.0,0.0,0.0,0.0,0.0,0.0,0.4833104031987112,0.0,-0.7761521944316119
3.0232558139534884,-4.662202650690395,-1.8365533976383297,-3.9765030386829103,-1.8365533976383297,0.0,0.0,0.0,0.0,0.0,0.0,-1.8510462433446364,-4.3028264135945395,-1.8510462423894545,-3.698068025505914,0.0,0.0,0.0,0.0,0.0,0.0,-3.4196330123970053,-1.8365533968056624,-3.924742107835888,-1.8365533968056624,0.0,0.0,0.0,0.0,0.0,0.0,-1.8510462433446364,-1.988251519612289,-1.8510462423894545,-6.012643316900086,0.0,0.0,0.0,0.0,0.0,0.0,0.0,0.0,0.0,0.0,-28.017266069997603,0.0,0.0,28.01747809463764,0.0,0.0,0.0,0.0,0.0,0.0,0.0,-32.01731963069828,0.0,32.01750482016968,0.0,0.0,0.0,0.0,0.0,0.0,0.0,0.0,-30.017295185548985,30.017492653442584,0.0,0.0,0.0,-44.47424071694125,0.0,0.0,0.0,0.0,0.0,-16.017334155610417,0.0,0.0,0.0,0.0,0.0,-16.70655501517012,0.0,0.0,0.0,0.0,-6.015903895092295,0.0,0.0,0.0,0.0,0.0,0.0,0.0,0.0,0.46111491910916236,0.0,-0.7474366261472909
3.1240310077519378,-4.641542724614922,-1.838030254830425,-3.9604025188488823,-1.838030254830425,0.0,0.0,0.0,0.0,0.0,0.0,-1.85088869661767,-4.3025953001020465,-1.8508886956622712,-3.698203106751582,0.0,0.0,0.0,0.0,0.0,0.0,-3.436003695650447,-1.8380302552467587,-3.9470317821643786,-1.8380302543585803,0.0,0.0,0.0,0.0,0.0,0.0,-1.85088869661767,-1.980201259847497,-1.8508886956622712,-6.020597546337525,0.0,0.0,0.0,0.0,0.0,0.0,0.0,0.0,0.0,0.0,-28.01785775632601,0.0,0.0,28.018047195408485,0.0,0.0,0.0,0.0,0.0,0.0,0.0,-32.017907155610686,0.0,32.01807184022992,0.0,0.0,0.0,0.0,0.0,0.0,0.0,0.0,-30.01788432492082,30.018060480733848,0.0,0.0,0.0,-44.47197267734397,0.0,0.0,0.0,0.0,0.0,-16.01791882559038,0.0,0.0,0.0,0.0,0.0,-16.70684684091945,0.0,0.0,0.0,0.0,-6.016630079298813,0.0,0.0,0.0,0.0,0.0,0.0,0.0,0.0,0.44057000254948964,0.0,-0.7208896712490587
3.2248062015503876,-4.622021518491115,-1.839342099269059,-3.9452187715061093,-1.839342099269059,0.0,0.0,0.0,0.0,0.0,0.0,-1.8507481865453428,-4.302388681878432,-1.8507481875007417,-3.6983230919404675,0.0,0.0,0.0,0.0,0.0,0.0,-3.4514274142583012,-1.8393420987139475,-3.968003370158346,-1.8393420987139475,0.0,0.0,0.0,0.0,0.0,0.0,-1.8507481865453428,-1.9726093844843213,-1.8507481875007417,-6.028102790473769,0.0,0.0,0.0,0.0,0.0,0.0,0.0,0.0,0.0,0.0,-28.018386518418282,0.0,0.0,28.018555523065363,0.0,0.0,0.0,0.0,0.0,0.0,0.0,-32.01842680655275,0.0,32.01857561231127,0.0,0.0,0.0,0.0,0.0,0.0,0.0,0.0,-30.018409206585865,30.01856686817711,0.0,0.0,0.0,-44.46995104922993,0.0,0.0,0.0,0.0,0.0,-16.018441248172138,0.0,0.0,0.0,0.0,0.0,-16.707116021383825,0.0,0.0,0.0,0.0,-6.0172843548544215,0.0,0.0,0.0,0.0,0.0,0.0,0.0,0.0,0.4214989841044847,0.0,-0.696280479620115
3.3255813953488373,-4.60358181653131,-1.8405069647786654,-3.930902391785507,-1.8405069647786654,0.0,0.0,0.0,0.0,0.0,0.0,-1.850623016263868,-4.302204268500851,-1.85062301721905,-3.6984296385017545,0.0,0.0,0.0,0.0,0.0,0.0,-3.465956882997556,-1.840506964667643,-3.987732948934619,-1.8405069637794647,0.0,0.0,0.0,0.0,0.0,0.0,-1.85062301721905,-1.9654511959333028,-1.85062301721905,-6.035183113910908,0.0,0.0,0.0,0.0,0.0,0.0,0.0,0.0,0.0,0.0,-28.018858465880296,0.0,0.0,28.019008977338625,0.0,0.0,0.0,0.0,0.0,0.0,0.0,-32.018898499982726,0.0,32.01902916707706,0.0,0.0,0.0,0.0,0.0,0.0,0.0,0.0,-30.018879546315702,30.019019518583853,0.0,0.0,0.0,-44.46815089621456,0.0,0.0,0.0,0.0,0.0,-16.018907314617124,0.0,0.0,0.0,0.0,0.0,-16.70736181080563,0.0,0.0,0.0,0.0,-6.017871674640109,0.0,0.0,0.0,0.0,0.0,0.0,0.0,0.0,0.4037495405506686,0.0,-0.673409163196026
3.4263565891472867,-4.586168563830428,-1.8415410107386343,-3.9174062081426264,-1.841541011737835,0.0,0.0,0.0,0.0,0.0,0.0,-1.8505116142239313,-4.302039886549224,-1.8505116142239313,-3.6985242249253005,0.0,0.0,0.0,0.0,0.0,0.0,-3.4796422415384054,-1.8415410112937458,-4.0062926849882,-1.8415410112937458,0.0,0.0,0.0,0.0,0.0,0.0,-1.8505116142239313,-1.9587031038943714,-1.8505116142239313,-6.041861412024426,0.0,0.0,0.0,0.0,0.0,0.0,0.0,0.0,0.0,0.0,-28.019279026221188,0.0,0.0,28.019412934930394,0.0,0.0,0.0,0.0,0.0,0.0,0.0,-32.01931365725153,0.0,32.01943042313539,0.0,0.0,0.0,0.0,0.0,0.0,0.0,0.0,-30.019297761030728,30.019422303362905,0.0,0.0,0.0,-44.4665492714642,0.0,0.0,0.0,0.0,0.0,-16.01932259627341,0.0,0.0,0.0,0.0,0.0,-16.707584613039757,0.0,0.0,0.0,0.0,-6.018397439313227,0.0,0.0,0.0,0.0,0.0,0.0,0.0,0.0,0.38718964921746757,0.0,-0.6521018529048739
3.5271317829457365,-4.569728868558665,-1.8424586946674815,-3.904685233646621,-1.8424586946674815,0.0,0.0,0.0,0.0,0.0,0.0,-1.8504125338483,-4.301893509240512,-1.8504125338483,-3.6986081706224825,0.0,0.0,0.0,0.0,0.0,0.0,-3.4925311075684196,-1.8424586938903253,-4.023750937026671,-1.8424586938903253,0.0,0.0,0.0,0.0,0.0,0.0,-1.8504125338483,-1.9523426164375515,-1.8504125338483,-6.048159469378492,0.0,0.0,0.0,0.0,0.0,0.0,0.0,0.0,0.0,0.0,-28.019653445421692,0.0,0.0,28.01977247868931,0.0,0.0,0.0,0.0,0.0,0.0,0.0,-32.019684417527316,0.0,32.019787909919486,0.0,0.0,0.0,0.0,0.0,0.0,0.0,0.0,-30.019670003707517,30.019780758860396,0.0,0.0,0.0,-44.4651251035968,0.0,0.0,0.0,0.0,0.0,-16.019692276381114,0.0,0.0,0.0,0.0,0.0,-16.707785529838578,0.0,0.0,0.0,0.0,-6.018867132059729,0.0,0.0,0.0,0.0,0.0,0.0,0.0,0.0,0.37170435857047934,0.0,-0.6322067258590636
3.627906976744186,-4.554211994245438,-1.8432729303463624,-3.8926966509922334,-1.8432729303463624,0.0,0.0,0.0,0.0,0.0,0.0,-1.8503244675456771,-4.301763270566825,-1.850324470411115,-3.698682662458793,0.0,0.0,0.0,0.0,0.0,0.0,-3.504668678155909,-1.8432729299022732,-4.040172362662631,-1.8432729290140948,0.0,0.0,0.0,0.0,0.0,0.0,-1.850324468500751,-1.9463483237069663,-1.850324470411115,-6.054098017647513,0.0,0.0,0.0,0.0,0.0,0.0,0.0,0.0,0.0,0.0,-28.019986567140272,0.0,0.0,28.020092276891987,0.0,0.0,0.0,0.0,0.0,0.0,0.0,-32.02001615125027,0.0,32.02010701412435,0.0,0.0,0.0,0.0,0.0,0.0,0.0,0.0,-30.020001740119294,30.020099864409673,0.0,0.0,0.0,-44.463859483559204,0.0,0.0,0.0,0.0,0.0,-16.020021106789763,0.0,0.0,0.0,0.0,0.0,-16.707966017116046,0.0,0.0,0.0,0.0,-6.019286070814076,0.0,0.0,0.0,0.0,0.0,0.0,0.0,0.0,0.35719311769488726,0.0,-0.6135906953086412
3.7286821705426356,-4.539569347566941,-1.843995237615914,-3.881399718796974,-1.843995237615914,0.0,0.0,0.0,0.0,0.0,0.0,-1.8502462278041687,-4.3016474677043,-1.850246229714316,-3.698748747848666,0.0,0.0,0.0,0.0,0.0,0.0,-3.5160977824855166,-1.8439952377824476,-4.055618050446963,-1.8439952359783351,0.0,0.0,0.0,0.0,0.0,0.0,-1.8502462297144244,-1.940699858541859,-1.8502462297144244,-6.059696767632297,0.0,0.0,0.0,0.0,0.0,0.0,0.0,0.0,0.0,0.0,-28.02028270408553,0.0,0.0,28.020376526014925,0.0,0.0,0.0,0.0,0.0,0.0,0.0,-32.02030817586179,0.0,32.02038920707912,0.0,0.0,0.0,0.0,0.0,0.0,0.0,0.0,-30.020296189262748,30.02038326963127,0.0,0.0,0.0,-44.46273530779631,0.0,0.0,0.0,0.0,0.0,-16.02031341906528,0.0,0.0,0.0,0.0,0.0,-16.70812769731002,0.0,0.0,0.0,0.0,-6.019659281101837,0.0,0.0,0.0,0.0,0.0,0.0,0.0,0.0,0.3435675905716362,0.0,-0.5961366365270226
3.8294573643410854,-4.525754457126996,-1.8446358887730385,-3.870755757001687,-1.8446358877738378,0.0,0.0,0.0,0.0,0.0,0.0,-1.8501767471246038,-4.30154455637185,-1.8501767471246038,-3.69880736833441,0.0,0.0,0.0,0.0,0.0,0.0,-3.5268589824999363,-1.8446358881207825,-4.070145663795377,-1.8446358872187263,0.0,0.0,0.0,0.0,0.0,0.0,-1.8501767471246038,-1.935377878201387,-1.8501767471246038,-6.064974457429423,0.0,0.0,0.0,0.0,0.0,0.0,0.0,0.0,0.0,0.0,-28.02054581181688,0.0,0.0,28.02062904732434,0.0,0.0,0.0,0.0,0.0,0.0,0.0,-32.02056682710848,0.0,32.020639500145776,0.0,0.0,0.0,0.0,0.0,0.0,0.0,0.0,-30.020557386863622,30.02063483587567,0.0,0.0,0.0,-44.46173704930048,0.0,0.0,0.0,0.0,0.0,-16.020573138173912,0.0,0.0,0.0,0.0,0.0,-16.70827221427135,0.0,0.0,0.0,0.0,-6.019991434309119,0.0,0.0,0.0,0.0,0.0,0.0,0.0,0.0,0.3307498513821505,0.0,-0.5797411069402569
3.9302325581395348,-4.512722940872016,-1.8452040290578564,-3.860728056956364,-1.8452040290578564,0.0,0.0,0.0,0.0,0.0,0.0,-1.8501150649989424,-4.301453142152557,-1.8501150649989424,-3.698859359559429,0.0,0.0,0.0,0.0,0.0,0.0,-3.536990665437001,-1.8452040293215344,-4.083809591770571,-1.8452040293215344,0.0,0.0,0.0,0.0,0.0,0.0,-1.8501150659539076,-1.9303640277603318,-1.8501150649988338,-6.069948885105729,0.0,0.0,0.0,0.0,0.0,0.0,0.0,0.0,0.0,0.0,-28.020779516794992,0.0,0.0,28.02085331280119,0.0,0.0,0.0,0.0,0.0,0.0,0.0,-32.02079881330783,0.0,32.02086313375437,0.0,0.0,0.0,0.0,0.0,0.0,0.0,0.0,-30.020789762017465,30.020858436439948,0.0,0.0,0.0,-44.46085088206367,0.0,0.0,0.0,0.0,0.0,-16.02080380151607,0.0,0.0,0.0,0.0,0.0,-16.708401172269276,0.0,0.0,0.0,0.0,-6.020286824083391,0.0,0.0,0.0,0.0,0.0,0.0,0.0,0.0,0.31867091974946415,0.0,-0.5643124610238415
4.0310077519379846,-4.500432465623372,-1.845707801456653,-3.851281806674378,-1.845707801456653,0.0,0.0,0.0,0.0,0.0,0.0,-1.8500603196443168,-4.301371970756129,-1.8500603215543558,-3.6989054616646353,0.0,0.0,0.0,0.0,0.0,0.0,-3.5465291183117698,-1.8457078014011419,-4.096661101418708,-1.8457078014011419,0.0,0.0,0.0,0.0,0.0,0.0,-1.8500603196443168,-1.9256409019238232,-1.8500603215544642,-6.07463694276601,0.0,0.0,0.0,0.0,0.0,0.0,0.0,0.0,0.0,0.0,-28.020987029960715,0.0,0.0,28.021052416175387,0.0,0.0,0.0,0.0,0.0,0.0,0.0,-32.02100475512329,0.0,32.02106122393166,0.0,0.0,0.0,0.0,0.0,0.0,0.0,0.0,-30.02099628277217,30.021057043609073,0.0,0.0,0.0,-44.46006459062741,0.0,0.0,0.0,0.0,0.0,-16.02100858724004,0.0,0.0,0.0,0.0,0.0,-16.708516098863125,0.0,0.0,0.0,0.0,-6.020549360021693,0.0,0.0,0.0,0.0,0.0,0.0,0.0,0.0,0.30726950268900044,0.0,-0.5497692309175406
4.131782945736434,-4.488842699823525,-1.846154448079118,-3.842384029076329,-1.846154449064441,0.0,0.0,0.0,0.0,0.0,0.0,-1.850011746387355,-4.301299917091336,-1.850011747342429,-3.698946341035704,0.0,0.0,0.0,0.0,0.0,0.0,-3.555508650915362,-1.8461544483705516,-4.108748491382652,-1.8461544474546177,0.0,0.0,0.0,0.0,0.0,0.0,-1.8500117454323899,-1.9211920147507766,-1.8500117473425373,-6.0790546576496975,0.0,0.0,0.0,0.0,0.0,0.0,0.0,0.0,0.0,0.0,-28.021171209850802,0.0,0.0,28.021229119478633,0.0,0.0,0.0,0.0,0.0,0.0,0.0,-32.021186170129795,0.0,32.021236544792785,0.0,0.0,0.0,0.0,0.0,0.0,0.0,0.0,-30.021179394786003,30.02123321297419,0.0,0.0,0.0,-44.45936685740942,0.0,0.0,0.0,0.0,0.0,-16.021190345286367,0.0,0.0,0.0,0.0,0.0,-16.70861842407675,0.0,0.0,0.0,0.0,-6.020782580762156,0.0,0.0,0.0,0.0,0.0,0.0,0.0,0.0,0.2964909469604926,0.0,-0.5360387659858468
4.232558139534883,-4.477915259884502,-1.8465504052767034,-3.834003505329142,-1.8465504052767034,0.0,0.0,0.0,0.0,0.0,0.0,-1.8499686561408148,-4.3012359740420765,-1.8499686561408148,-3.698982581758312,0.0,0.0,0.0,0.0,0.0,0.0,-3.563961656280479,-1.846550405179559,-4.120117243863741,-1.846550406095493,0.0,0.0,0.0,0.0,0.0,0.0,-1.8499686551857955,-1.9170017526135052,-1.8499686561408692,-6.083217216537552,0.0,0.0,0.0,0.0,0.0,0.0,0.0,0.0,0.0,0.0,-28.02133463939674,0.0,0.0,28.021385905389277,0.0,0.0,0.0,0.0,0.0,0.0,0.0,-32.02134753001813,0.0,32.02139229587409,0.0,0.0,0.0,0.0,0.0,0.0,0.0,0.0,-30.02134183489164,30.021389504164468,0.0,0.0,0.0,-44.45874791008156,0.0,0.0,0.0,0.0,0.0,-16.02135162524104,0.0,0.0,0.0,0.0,0.0,-16.708709448562225,0.0,0.0,0.0,0.0,-6.0209896756897345,0.0,0.0,0.0,0.0,0.0,0.0,0.0,0.0,0.2862863613464772,0.0,-0.5230560859714739
4.333333333333333,-4.467613651082392,-1.846901395791134,-3.826110699683971,-1.8469013977617799,0.0,0.0,0.0,0.0,0.0,0.0,-1.849930436130325,-4.301179241573961,-1.849930438040364,-3.6990147091320447,0.0,0.0,0.0,0.0,0.0,0.0,-3.571918718817124,-1.8469013951250002,-4.130810173127997,-1.8469013951250002,0.0,0.0,0.0,0.0,0.0,0.0,-1.849930436130325,-1.9130553477401513,-1.849930438040364,-6.087139018200866,0.0,0.0,0.0,0.0,0.0,0.0,0.0,0.0,0.0,0.0,-28.021479632434282,0.0,0.0,28.021524993862005,0.0,0.0,0.0,0.0,0.0,0.0,0.0,-32.02149165530753,0.0,32.021531177999286,0.0,0.0,0.0,0.0,0.0,0.0,0.0,0.0,-30.021486051322107,30.021528204333656,0.0,0.0,0.0,-44.45819902723332,0.0,0.0,0.0,0.0,0.0,-16.021494703708733,0.0,0.0,0.0,0.0,0.0,-16.708790377640334,0.0,0.0,0.0,0.0,-6.021173509820161,0.0,0.0,0.0,0.0,0.0,0.0,0.0,0.0,0.2766118846267429,0.0,-0.5107629208606079
4.434108527131783,-4.457903205148939,-1.8472125012380936,-3.8186776672860523,-1.8472125012380936,0.0,0.0,0.0,0.0,0.0,0.0,-1.8498965423148908,-4.301128916385066,-1.8498965413598714,-3.6990431860464477,0.0,0.0,0.0,0.0,0.0,0.0,-3.5794087035467825,-1.8472125024732167,-4.140867569765727,-1.8472125024732167,0.0,0.0,0.0,0.0,0.0,0.0,-1.8498965432699643,-1.9093388350676679,-1.8498965413598714,-6.090833683473321,0.0,0.0,0.0,0.0,0.0,0.0,0.0,0.0,0.0,0.0,-28.021608243959143,0.0,0.0,28.021648360088527,0.0,0.0,0.0,0.0,0.0,0.0,0.0,-32.02161884639028,0.0,32.0216538340053,0.0,0.0,0.0,0.0,0.0,0.0,0.0,0.0,-30.02161395682492,30.021651217549156,0.0,0.0,0.0,-44.4577122685585,0.0,0.0,0.0,0.0,0.0,-16.021621611382987,0.0,0.0,0.0,0.0,0.0,-16.708862279802293,0.0,0.0,0.0,0.0,-6.021336650172734,0.0,0.0,0.0,0.0,0.0,0.0,0.0,0.0,0.2674280467143686,0.0,-0.49910687048571045
4.534883720930233,-4.448751014879404,-1.847488236714212,-3.8116780165659003,-1.847488236714212,0.0,0.0,0.0,0.0,0.0,0.0,-1.8498664892731298,-4.301084282371947,-1.8498664883181104,-3.699068428149072,0.0,0.0,0.0,0.0,0.0,0.0,-3.5864588378009543,-1.8474882369362566,-4.150327339705329,-1.8474882369362566,0.0,0.0,0.0,0.0,0.0,0.0,-1.8498664902281494,-1.9058390096086584,-1.8498664883181104,-6.0943141178447995,0.0,0.0,0.0,0.0,0.0,0.0,0.0,0.0,0.0,0.0,-28.021722304120416,0.0,0.0,28.021757763288786,0.0,0.0,0.0,0.0,0.0,0.0,0.0,-32.02173154421315,0.0,32.02176232850883,0.0,0.0,0.0,0.0,0.0,0.0,0.0,0.0,-30.021727374894343,30.021760299703704,0.0,0.0,0.0,-44.45728059763218,0.0,0.0,0.0,0.0,0.0,-16.02173415811393,0.0,0.0,0.0,0.0,0.0,-16.70892614894122,0.0,0.0,0.0,0.0,-6.021481392037712,0.0,0.0,0.0,0.0,0.0,0.0,0.0,0.0,0.2586992353947881,0.0,-0.48804069411462203
4.635658914728682,-4.4401258676579625,-1.8477326069743505,-3.805086802116664,-1.8477326079596734,0.0,0.0,0.0,0.0,0.0,0.0,-1.8498398422724431,-4.301044701749746,-1.8498398451374474,-3.699090798536407,0.0,0.0,0.0,0.0,0.0,0.0,-3.5930947954454506,-1.8477326065302613,-4.159225138397615,-1.8477326046706377,0.0,0.0,0.0,0.0,0.0,0.0,-1.8498398441824822,-1.9025434004824582,-1.8498398451375015,-6.097592519420619,0.0,0.0,0.0,0.0,0.0,0.0,0.0,0.0,0.0,0.0,-28.021823441331,0.0,0.0,28.021854768994878,0.0,0.0,0.0,0.0,0.0,0.0,0.0,-32.02183064483387,0.0,32.0218583159201,0.0,0.0,0.0,0.0,0.0,0.0,0.0,0.0,-30.021827839821842,30.02185696926831,0.0,0.0,0.0,-44.45689794175731,0.0,0.0,0.0,0.0,0.0,-16.02183395545695,0.0,0.0,0.0,0.0,0.0,-16.708982845426835,0.0,0.0,0.0,0.0,-6.021609784548094,0.0,0.0,0.0,0.0,0.0,0.0,0.0,0.0,0.2503932284500521,0.0,-0.4775216956506845
4.736434108527131,-4.431998177650831,-1.8479491664252778,-3.798880456401532,-1.847949168382046,0.0,0.0,0.0,0.0,0.0,0.0,-1.849816222994848,-4.301009606895207,-1.8498162220398828,-3.6991106249730694,0.0,0.0,0.0,0.0,0.0,0.0,-3.599340791526906,-1.847949166813856,-4.167594499185356,-1.847949166813856,0.0,0.0,0.0,0.0,0.0,0.0,-1.8498162220398828,-1.8994402281747995,-1.8498162220398828,-6.100680422129162,0.0,0.0,0.0,0.0,0.0,0.0,0.0,0.0,0.0,0.0,-28.021913118335103,0.0,0.0,28.021940776842317,0.0,0.0,0.0,0.0,0.0,0.0,0.0,-32.02192171426212,0.0,32.021945247508874,0.0,0.0,0.0,0.0,0.0,0.0,0.0,0.0,-30.02191718700655,30.021942812205996,0.0,0.0,0.0,-44.4565587909984,0.0,0.0,0.0,0.0,0.0,-16.021922437195055,0.0,0.0,0.0,0.0,0.0,-16.709033176982597,0.0,0.0,0.0,0.0,-6.021723654841714,0.0,0.0,0.0,0.0,0.0,0.0,0.0,0.0,0.2424807985720867,0.0,-0.4675111912183505
4.837209302325581,-4.424339917388775,-1.8481410756360228,-3.7930367470240256,-1.8481410756360228,0.0,0.0,0.0,0.0,0.0,0.0,-1.8497952840487146,-4.300978492873935,-1.849795283093722,-3.699128194784479,0.0,0.0,0.0,0.0,0.0,0.0,-3.6052196406705095,-1.8481410754694894,-4.175466955178009,-1.8481410754694894,0.0,0.0,0.0,0.0,0.0,0.0,-1.849795285003734,-1.896518374628199,-1.849795283093722,-6.103588732151686,0.0,0.0,0.0,0.0,0.0,0.0,0.0,0.0,0.0,0.0,-28.02199261762485,0.0,0.0,28.02201702211695,0.0,0.0,0.0,0.0,0.0,0.0,0.0,-32.021999795427895,0.0,32.02202055619188,0.0,0.0,0.0,0.0,0.0,0.0,0.0,0.0,-30.02199621071936,30.022018819692217,0.0,0.0,0.0,-44.45625801973992,0.0,0.0,0.0,0.0,0.0,-16.02200087812589,0.0,0.0,0.0,0.0,0.0,-16.70907783548508,0.0,0.0,0.0,0.0,-6.021824630588358,0.0,0.0,0.0,0.0,0.0,0.0,0.0,0.0,0.23493537160135247,0.0,-0.4579740589885639
4.937984496124031,-4.417124549613294,-1.8483111290240606,-3.787534683767635,-1.8483111280456765,0.0,0.0,0.0,0.0,0.0,0.0,-1.8497767238630454,-4.300950910731392,-1.8497767238630454,-3.6991437617491343,0.0,0.0,0.0,0.0,0.0,0.0,-3.6107528431431057,-1.848311129523661,-4.182872154832873,-1.8483111285938492,0.0,0.0,0.0,0.0,0.0,0.0,-1.849776725773003,-1.893767342241035,-1.8497767238630183,-6.106327750961271,0.0,0.0,0.0,0.0,0.0,0.0,0.0,0.0,0.0,0.0,-28.022063088522632,0.0,0.0,28.02208460731654,0.0,0.0,0.0,0.0,0.0,0.0,0.0,-32.022068325474876,0.0,32.02208717096569,0.0,0.0,0.0,0.0,0.0,0.0,0.0,0.0,-30.022066195939455,30.022086162052855,0.0,0.0,0.0,-44.45599150055895,0.0,0.0,0.0,0.0,0.0,-16.022070411329846,0.0,0.0,0.0,0.0,0.0,-16.70911745169795,0.0,0.0,0.0,0.0,-6.021914160649132,0.0,0.0,0.0,0.0,0.0,0.0,0.0,0.0,0.22773273694598473,0.0,-0.4488783417536113
5.038759689922481,-4.410326961114264,-1.8484618109215756,-3.782354457415593,-1.8484618118999596,0.0,0.0,0.0,0.0,0.0,0.0,-1.8497602760037761,-4.300926461668039,-1.8497602760037761,-3.6991575591292567,0.0,0.0,0.0,0.0,0.0,0.0,-3.615960663068407,-1.848461812010982,-4.18983797326189,-1.848461812010982,0.0,0.0,0.0,0.0,0.0,0.0,-1.8497602769587684,-1.8911772284340627,-1.8497602760038032,-6.108907212737364,0.0,0.0,0.0,0.0,0.0,0.0,0.0,0.0,0.0,0.0,-28.02212555456235,0.0,0.0,28.02214451304221,0.0,0.0,0.0,0.0,0.0,0.0,0.0,-32.02213105283063,0.0,32.02214743488054,0.0,0.0,0.0,0.0,0.0,0.0,0.0,0.0,-30.022128369215967,30.02214592139692,0.0,0.0,0.0,-44.455755290486834,0.0,0.0,0.0,0.0,0.0,-16.022132043501003,0.0,0.0,0.0,0.0,0.0,-16.70915259178779,0.0,0.0,0.0,0.0,-6.021993533687656,0.0,0.0,0.0,0.0,0.0,0.0,0.0,0.0,0.22085078065642305,0.0,-0.4401949000587546
5.1395348837209305,-4.403923396734122,-1.848595326411906,-3.7774773879173384,-1.848595326411906,0.0,0.0,0.0,0.0,0.0,0.0,-1.8497456986940393,-4.3009047914518,-1.8497456986940393,-3.6991697844555036,0.0,0.0,0.0,0.0,0.0,0.0,-3.620862182300566,-1.8485953267727284,-4.1963906166619935,-1.8485953267727284,0.0,0.0,0.0,0.0,0.0,0.0,-1.8497456986940393,-1.88873869380352,-1.8497456986940393,-6.11133630304937,0.0,0.0,0.0,0.0,0.0,0.0,0.0,0.0,0.0,0.0,-28.022180919153843,0.0,0.0,28.02219760726719,0.0,0.0,0.0,0.0,0.0,0.0,0.0,-32.02218667824284,0.0,32.02220043198469,0.0,0.0,0.0,0.0,0.0,0.0,0.0,0.0,-30.02218347615527,30.022198886795913,0.0,0.0,0.0,-44.45554600835018,0.0,0.0,0.0,0.0,0.0,-16.02218666853076,0.0,0.0,0.0,0.0,0.0,-16.709183755093886,0.0,0.0,0.0,0.0,-6.022063895164175,0.0,0.0,0.0,0.0,0.0,0.0,0.0,0.0,0.21426926709311456,0.0,-0.43189710948604576
5.240310077519379,-4.397891395016562,-1.8487136243389157,-3.772885852432184,-1.8487136243389157,0.0,0.0,0.0,0.0,0.0,0.0,-1.8497327788871318,-4.300885585591428,-1.8497327788871318,-3.6991806153244475,0.0,0.0,0.0,0.0,0.0,0.0,-3.625475376599352,-1.8487136245609603,-4.202554721229046,-1.8487136245609603,0.0,0.0,0.0,0.0,0.0,0.0,-1.8497327788871318,-1.8864429267414693,-1.8497327788871318,-6.113623695657783,0.0,0.0,0.0,0.0,0.0,0.0,0.0,0.0,0.0,0.0,-28.02222998450117,0.0,0.0,28.022244660609044,0.0,0.0,0.0,0.0,0.0,0.0,0.0,-32.02223481727011,0.0,32.02224702216649,0.0,0.0,0.0,0.0,0.0,0.0,0.0,0.0,-30.02223221935371,30.022245779063272,0.0,0.0,0.0,-44.45536046865118,0.0,0.0,0.0,0.0,0.0,-16.022235080073223,0.0,0.0,0.0,0.0,0.0,-16.70921139996964,0.0,0.0,0.0,0.0,-6.022126262923949,0.0,0.0,0.0,0.0,0.0,0.0,0.0,0.0,0.20796963774716293,0.0,-0.423960595422046
5.341085271317829,-4.392209725270768,-1.8488184380244244,-3.768563243675138,-1.8488184370529792,0.0,0.0,0.0,0.0,0.0,0.0,-1.8497213307563585,-4.300868564781265,-1.8497213307563585,-3.699190212116911,0.0,0.0,0.0,0.0,0.0,0.0,-3.6298171827570114,-1.8488184386905582,-4.2083534463471794,-1.8488184386905582,0.0,0.0,0.0,0.0,0.0,0.0,-1.8497213336212814,-1.8842816225748809,-1.8497213307563314,-6.115777576312751,0.0,0.0,0.0,0.0,0.0,0.0,0.0,0.0,0.0,0.0,-28.022273467951624,0.0,0.0,28.022286359667476,0.0,0.0,0.0,0.0,0.0,0.0,0.0,-32.022276835701646,0.0,32.02228798871533,0.0,0.0,0.0,0.0,0.0,0.0,0.0,0.0,-30.022275401389457,30.022287327414297,0.0,0.0,0.0,-44.4551961087326,0.0,0.0,0.0,0.0,0.0,-16.022277982453115,0.0,0.0,0.0,0.0,0.0,-16.709235896235384,0.0,0.0,0.0,0.0,-6.022181540962985,0.0,0.0,0.0,0.0,0.0,0.0,0.0,0.0,0.20193484377012405,0.0,-0.4163630030057375
5.441860465116279,-4.3868583271683415,-1.84891130231013,-3.7644938986197696,-1.8489113032815752,0.0,0.0,0.0,0.0,0.0,0.0,-1.8497111877047716,-4.3008534812059525,-1.8497111886597504,-3.6991987182595056,0.0,0.0,0.0,0.0,0.0,0.0,-3.633903535124605,-1.8489113014913405,-4.213808562920918,-1.8489113033717808,0.0,0.0,0.0,0.0,0.0,0.0,-1.8497111867497928,-1.882246947671845,-1.8497111886597368,-6.117805672349334,0.0,0.0,0.0,0.0,0.0,0.0,0.0,0.0,0.0,0.0,-28.022312001636926,0.0,0.0,28.022323311504575,0.0,0.0,0.0,0.0,0.0,0.0,0.0,-32.02231491059693,0.0,32.02232471115737,0.0,0.0,0.0,0.0,0.0,0.0,0.0,0.0,-30.02231371168542,30.02232416755672,0.0,0.0,0.0,-44.45505044546215,0.0,0.0,0.0,0.0,0.0,-16.022316000887162,0.0,0.0,0.0,0.0,0.0,-16.709257623982428,0.0,0.0,0.0,0.0,-6.022230532068212,0.0,0.0,0.0,0.0,0.0,0.0,0.0,0.0,0.19614919226362826,0.0,-0.4090837934581093
5.542635658914729,-4.381818251811276,-1.84899357714291,-3.7606630477055036,-1.8489935761714649,0.0,0.0,0.0,0.0,0.0,0.0,-1.8497021983044017,-4.300840114972187,-1.8497021983044017,-3.6992062501982286,0.0,0.0,0.0,0.0,0.0,0.0,-3.637749451376737,-1.8489935776910826,-4.218940536621085,-1.8489935786278333,0.0,0.0,0.0,0.0,0.0,0.0,-1.849702199259367,-1.8803315247001915,-1.8497021983043882,-6.119715262429065,0.0,0.0,0.0,0.0,0.0,0.0,0.0,0.0,0.0,0.0,-28.02234614699865,0.0,0.0,28.022356054964266,0.0,0.0,0.0,0.0,0.0,0.0,0.0,-32.022349044571605,0.0,32.02235767645604,0.0,0.0,0.0,0.0,0.0,0.0,0.0,0.0,-30.02234767422729,30.022356819606568,0.0,0.0,0.0,-44.45492138238947,0.0,0.0,0.0,0.0,0.0,-16.022349689992325,0.0,0.0,0.0,0.0,0.0,-16.709276871268216,0.0,0.0,0.0,0.0,-6.0222739488604,0.0,0.0,0.0,0.0,0.0,0.0,0.0,0.0,0.19059821409345146,0.0,-0.4021040611798532
5.6434108527131785,-4.377071605263239,-1.8490664684123193,-3.757056784854662,-1.8490664684123193,0.0,0.0,0.0,0.0,0.0,0.0,-1.8496942338347688,-4.300828271024802,-1.8496942338347688,-3.6992129229849278,0.0,0.0,0.0,0.0,0.0,0.0,-3.6413690624598205,-1.8490664687800806,-4.223768606252676,-1.8490664687800806,0.0,0.0,0.0,0.0,0.0,0.0,-1.8496942338347688,-1.8785283922703386,-1.8496942338347688,-6.121513225074938,0.0,0.0,0.0,0.0,0.0,0.0,0.0,0.0,0.0,0.0,-28.02237640311904,0.0,0.0,28.02238506849564,0.0,0.0,0.0,0.0,0.0,0.0,0.0,-32.022378893595686,0.0,32.022386258906685,0.0,0.0,0.0,0.0,0.0,0.0,0.0,0.0,-30.022377749255075,30.022385742591563,0.0,0.0,0.0,-44.45480694545965,0.0,0.0,0.0,0.0,0.0,-16.022379541604828,0.0,0.0,0.0,0.0,0.0,-16.709293937560982,0.0,0.0,0.0,0.0,-6.022312423688758,0.0,0.0,0.0,0.0,0.0,0.0,0.0,0.0,0.18526854334011134,0.0,-0.3954063772376726
5.7441860465116275,-4.372601494204154,-1.8491310481566492,-3.7536619979794406,-1.8491310481566492,0.0,0.0,0.0,0.0,0.0,0.0,-1.8496871777914243,-4.300817776368619,-1.8496871777914243,-3.6992188398022976,0.0,0.0,0.0,0.0,0.0,0.0,-3.6447756789625974,-1.8491310489268664,-4.228310857515294,-1.8491310489268664,0.0,0.0,0.0,0.0,0.0,0.0,-1.8496871777914243,-1.876831000050802,-1.8496871777914243,-6.123206039852507,0.0,0.0,0.0,0.0,0.0,0.0,0.0,0.0,0.0,0.0,-28.022403212466642,0.0,0.0,28.022410776329075,0.0,0.0,0.0,0.0,0.0,0.0,0.0,-32.02240520611051,0.0,32.022411718323674,0.0,0.0,0.0,0.0,0.0,0.0,0.0,0.0,-30.02240439635689,30.022411369302112,0.0,0.0,0.0,-44.454705642905175,0.0,0.0,0.0,0.0,0.0,-16.02240599191785,0.0,0.0,0.0,0.0,0.0,-16.709309068979127,0.0,0.0,0.0,0.0,-6.022346517545348,0.0,0.0,0.0,0.0,0.0,0.0,0.0,0.0,0.18014781785410938,0.0,-0.3889746468740962
5.844961240310077,-4.368391973687269,-1.849188258677692,-3.7504663277579398,-1.849188258677692,0.0,0.0,0.0,0.0,0.0,0.0,-1.8496809240935066,-4.300808477588719,-1.8496809240935066,-3.699224075012241,0.0,0.0,0.0,0.0,0.0,0.0,-3.6479818215848225,-1.8491882583723807,-4.232584292399033,-1.8491882583723807,0.0,0.0,0.0,0.0,0.0,0.0,-1.8496809240935066,-1.875233163899258,-1.8496809240935066,-6.124799812807548,0.0,0.0,0.0,0.0,0.0,0.0,0.0,0.0,0.0,0.0,-28.022426966598115,0.0,0.0,28.02243355425746,0.0,0.0,0.0,0.0,0.0,0.0,0.0,-32.02242878022567,0.0,32.022434406243846,0.0,0.0,0.0,0.0,0.0,0.0,0.0,0.0,-30.022428020336697,30.022434082154682,0.0,0.0,0.0,-44.454615912295296,0.0,0.0,0.0,0.0,0.0,-16.022429427801157,0.0,0.0,0.0,0.0,0.0,-16.70932247691638,0.0,0.0,0.0,0.0,-6.022376728073925,0.0,0.0,0.0,0.0,0.0,0.0,0.0,0.0,0.1752245824722387,0.0,-0.382793984413099
5.945736434108527,-4.364427997040344,-1.8492389444527135,-3.7474581449301048,-1.8492389444527135,0.0,0.0,0.0,0.0,0.0,0.0,-1.8496753858894899,-4.300800238644531,-1.8496753858894899,-3.699228719463494,0.0,0.0,0.0,0.0,0.0,0.0,-3.650999292177659,-1.84923894585437,-4.236604894493346,-1.84923894585437,0.0,0.0,0.0,0.0,0.0,0.0,-1.8496753858894899,-1.8737290736275136,-1.8496753858894899,-6.126300308937788,0.0,0.0,0.0,0.0,0.0,0.0,0.0,0.0,0.0,0.0,-28.022448012879995,0.0,0.0,28.02245373556843,0.0,0.0,0.0,0.0,0.0,0.0,0.0,-32.02244972132614,0.0,32.02245476249734,0.0,0.0,0.0,0.0,0.0,0.0,0.0,0.0,-30.022448951828018,30.0224542060704,0.0,0.0,0.0,-44.45453636250818,0.0,0.0,0.0,0.0,0.0,-16.0224501922855,0.0,0.0,0.0,0.0,0.0,-16.709334354567936,0.0,0.0,0.0,0.0,-6.022403496671165,0.0,0.0,0.0,0.0,0.0,0.0,0.0,0.0,0.1704882074196612,0.0,-0.37685060228637157
6.046511627906977,-4.360695368049727,-1.849283846992733,-3.744626476467894,-1.849283846992733,0.0,0.0,0.0,0.0,0.0,0.0,-1.849670477706987,-4.300792938918197,-1.849670477706987,-3.6992328295135084,0.0,0.0,0.0,0.0,0.0,0.0,-3.653839182854446,-1.849283846347416,-4.240387690465641,-1.849283846347416,0.0,0.0,0.0,0.0,0.0,0.0,-1.849670477706987,-1.8723132378357736,-1.849670477706987,-6.12771295538395,0.0,0.0,0.0,0.0,0.0,0.0,0.0,0.0,0.0,0.0,-28.022466659783568,0.0,0.0,28.0224716159782,0.0,0.0,0.0,0.0,0.0,0.0,0.0,-32.0224681159849,0.0,32.0224725167848,0.0,0.0,0.0,0.0,0.0,0.0,0.0,0.0,-30.02246748895604,30.022472031592383,0.0,0.0,0.0,-44.4544659002767,0.0,0.0,0.0,0.0,0.0,-16.022468589446436,0.0,0.0,0.0,0.0,0.0,-16.709344880873406,0.0,0.0,0.0,0.0,-6.022427214769045,0.0,0.0,0.0,0.0,0.0,0.0,0.0,0.0,0.16592881631541379,0.0,-0.3711317105165035
6.147286821705427,-4.357180695288565,-1.8493236248091904,-3.7419609975261614,-1.8493236257771661,0.0,0.0,0.0,0.0,0.0,0.0,-1.8496661311001925,-4.300786471482642,-1.8496661291902687,-3.699236472649045,0.0,0.0,0.0,0.0,0.0,0.0,-3.6565119474300802,-1.8493236251769518,-4.243946807702681,-1.8493236261206414,0.0,0.0,0.0,0.0,0.0,0.0,-1.849666129190262,-1.870980498545129,-1.849666129190262,-6.129042869730839,0.0,0.0,0.0,0.0,0.0,0.0,0.0,0.0,0.0,0.0,-28.022483180631244,0.0,0.0,28.02248745755709,0.0,0.0,0.0,0.0,0.0,0.0,0.0,-32.022484396343906,0.0,32.022488010586,0.0,0.0,0.0,0.0,0.0,0.0,0.0,0.0,-30.02248391275887,30.02248782464886,0.0,0.0,0.0,-44.454403456970624,0.0,0.0,0.0,0.0,0.0,-16.022484888826877,0.0,0.0,0.0,0.0,0.0,-16.70935421749559,0.0,0.0,0.0,0.0,-6.022448229429759,0.0,0.0,0.0,0.0,0.0,0.0,0.0,0.0,0.16153721690490008,0.0,-0.3656254278540383
6.2480620155038755,-4.353871348627275,-1.8493588674929617,-3.7394519837828657,-1.8493588665284555,0.0,0.0,0.0,0.0,0.0,0.0,-1.8496622778933764,-4.300780741555624,-1.8496622778933764,-3.6992396997040347,0.0,0.0,0.0,0.0,0.0,0.0,-3.659027417848848,-1.8493588663237581,-4.247295528621298,-1.8493588653800686,0.0,0.0,0.0,0.0,0.0,0.0,-1.8496622778933764,-1.869725991471833,-1.8496622778933764,-6.130294876134907,0.0,0.0,0.0,0.0,0.0,0.0,0.0,0.0,0.0,0.0,-28.022497817409107,0.0,0.0,28.022501492461597,0.0,0.0,0.0,0.0,0.0,0.0,0.0,-32.02249891427724,0.0,32.02250198606821,0.0,0.0,0.0,0.0,0.0,0.0,0.0,0.0,-30.022498468229426,30.02250181889974,0.0,0.0,0.0,-44.4543481125794,0.0,0.0,0.0,0.0,0.0,-16.022499329371527,0.0,0.0,0.0,0.0,0.0,-16.70936248299198,0.0,0.0,0.0,0.0,-6.022466848344899,0.0,0.0,0.0,0.0,0.0,0.0,0.0,0.0,0.157304845656292,0.0,-0.36032070295857754
6.348837209302325,-4.350755417711211,-1.8493900847613154,-3.7370902655313456,-1.8493900847613154,0.0,0.0,0.0,0.0,0.0,0.0,-1.8496588640419198,-4.3007756651233615,-1.849658864996885,-3.699242557302985,0.0,0.0,0.0,0.0,0.0,0.0,-3.661394850279498,-1.849390083189656,-4.250446341596409,-1.849390083189656,0.0,0.0,0.0,0.0,0.0,0.0,-1.8496588640419198,-1.868545131197598,-1.849658864996885,-6.131473516896503,0.0,0.0,0.0,0.0,0.0,0.0,0.0,0.0,0.0,0.0,-28.022510784703663,0.0,0.0,28.022513926511955,0.0,0.0,0.0,0.0,0.0,0.0,0.0,-32.02251177680448,0.0,32.0225145952685,0.0,0.0,0.0,0.0,0.0,0.0,0.0,0.0,-30.022511362971247,30.022514216673684,0.0,0.0,0.0,-44.45429916157181,0.0,0.0,0.0,0.0,0.0,-16.02251212287463,0.0,0.0,0.0,0.0,0.0,-16.709369805935054,0.0,0.0,0.0,0.0,-6.022483344286149,0.0,0.0,0.0,0.0,0.0,0.0,0.0,0.0,0.15322371215223396,0.0,-0.35520724201917875
6.449612403100775,-4.3478216725095775,-1.8494177400178724,-3.7348672202869304,-1.8494177409823787,0.0,0.0,0.0,0.0,0.0,0.0,-1.849655840626675,-4.300771167722003,-1.8496558425365988,-3.6992450908595877,0.0,0.0,0.0,0.0,0.0,0.0,-3.663622961648516,-1.8494177408123758,-4.253410988860201,-1.8494177398652167,0.0,0.0,0.0,0.0,0.0,0.0,-1.8496558406266819,-1.8674336097686972,-1.8496558425366056,-6.132583075695001,0.0,0.0,0.0,0.0,0.0,0.0,0.0,0.0,0.0,0.0,-28.022522272868628,0.0,0.0,28.022524942201496,0.0,0.0,0.0,0.0,0.0,0.0,0.0,-32.02252311707124,0.0,32.0225253094753,0.0,0.0,0.0,0.0,0.0,0.0,0.0,0.0,-30.02252278413409,30.022525198862205,0.0,0.0,0.0,-44.45425572234898,0.0,0.0,0.0,0.0,0.0,-16.02252345703277,0.0,0.0,0.0,0.0,0.0,-16.7093762912745,0.0,0.0,0.0,0.0,-6.022497959049704,0.0,0.0,0.0,0.0,0.0,0.0,0.0,0.0,0.14928635262353995,0.0,-0.3502754443614198
6.550387596899225,-4.345059525821121,-1.849442238712612,-3.732774715874132,-1.849442238712612,0.0,0.0,0.0,0.0,0.0,0.0,-1.8496531634894868,-4.300767183358582,-1.8496531606246112,-3.699247332388663,0.0,0.0,0.0,0.0,0.0,0.0,-3.6657199517682595,-1.8494422404820299,-4.25620051148351,-1.8494422395348709,0.0,0.0,0.0,0.0,0.0,0.0,-1.8496531625345316,-1.8663873590588222,-1.8496531606246078,-6.133627583814619,0.0,0.0,0.0,0.0,0.0,0.0,0.0,0.0,0.0,0.0,-28.022532450526676,0.0,0.0,28.022534701219577,0.0,0.0,0.0,0.0,0.0,0.0,0.0,-32.022533168893176,0.0,32.022535005575314,0.0,0.0,0.0,0.0,0.0,0.0,0.0,0.0,-30.022532902942512,30.022534928455475,0.0,0.0,0.0,-44.454217256615614,0.0,0.0,0.0,0.0,0.0,-16.022533498180696,0.0,0.0,0.0,0.0,0.0,-16.70938204449968,0.0,0.0,0.0,0.0,-6.022510906952058,0.0,0.0,0.0,0.0,0.0,0.0,0.0,0.0,0.14548578750051,0.0,-0.34551634611398874
6.651162790697675,-4.342458997642907,-1.8494639438815241,-3.7308051101282715,-1.8494639448460304,0.0,0.0,0.0,0.0,0.0,0.0,-1.8496507900445844,-4.300763653551306,-1.8496507909995428,-3.699249322778189,0.0,0.0,0.0,0.0,0.0,0.0,-3.667693535908123,-1.8494639443880634,-4.2588252916371525,-1.8494639434409044,0.0,0.0,0.0,0.0,0.0,0.0,-1.8496507909995428,-1.8654025551958529,-1.8496507909995428,-6.134610848489564,0.0,0.0,0.0,0.0,0.0,0.0,0.0,0.0,0.0,0.0,-28.022541467010328,0.0,0.0,28.022543346802674,0.0,0.0,0.0,0.0,0.0,0.0,0.0,-32.02254210559093,0.0,32.02254383879927,0.0,0.0,0.0,0.0,0.0,0.0,0.0,0.0,-30.022541868850578,30.022543548750747,0.0,0.0,0.0,-44.4541832341174,0.0,0.0,0.0,0.0,0.0,-16.022542393726575,0.0,0.0,0.0,0.0,0.0,-16.709387146754278,0.0,0.0,0.0,0.0,-6.0225223779362,0.0,0.0,0.0,0.0,0.0,0.0,0.0,0.0,0.1418154806399896,0.0,-0.340921566546748
6.751937984496124,-4.340010681391782,-1.8494831698252778,-3.7289511865858107,-1.8494831698252778,0.0,0.0,0.0,0.0,0.0,0.0,-1.849648688540877,-4.300760526475709,-1.8496486875859184,-3.6992510816112074,0.0,0.0,0.0,0.0,0.0,0.0,-3.6695509783510327,-1.8494831704671255,-4.261295092247708,-1.8494831695199665,0.0,0.0,0.0,0.0,0.0,0.0,-1.849648688540877,-1.8644755943801568,-1.8496486875859184,-6.135536441278861,0.0,0.0,0.0,0.0,0.0,0.0,0.0,0.0,0.0,0.0,-28.022549454701476,0.0,0.0,28.022551005904244,0.0,0.0,0.0,0.0,0.0,0.0,0.0,-32.02255001640625,0.0,32.02255145946299,0.0,0.0,0.0,0.0,0.0,0.0,0.0,0.0,-30.022549811309016,30.02255118523597,0.0,0.0,0.0,-44.4541530243451,0.0,0.0,0.0,0.0,0.0,-16.022550274298645,0.0,0.0,0.0,0.0,0.0,-16.70939165589418,0.0,0.0,0.0,0.0,-6.022532540334995,0.0,0.0,0.0,0.0,0.0,0.0,0.0,0.0,0.1382693052692785,0.0,-0.3364832611985058
6.852713178294573,-4.337705711811996,-1.849500201954457,-3.7272061734934527,-1.849500201954457,0.0,0.0,0.0,0.0,0.0,0.0,-1.8496468253927962,-4.300757756207838,-1.8496468273027133,-3.699252641990217,0.0,0.0,0.0,0.0,0.0,0.0,-3.6712991138658504,-1.8495002020203766,-4.26361909428366,-1.8495002020203766,0.0,0.0,0.0,0.0,0.0,0.0,-1.8496468253927962,-1.8636030849733036,-1.8496468273027133,-6.136407740045348,0.0,0.0,0.0,0.0,0.0,0.0,0.0,0.0,0.0,0.0,-28.022556530961946,0.0,0.0,28.02255779104565,0.0,0.0,0.0,0.0,0.0,0.0,0.0,-32.022557006619905,0.0,32.02255797404704,0.0,0.0,0.0,0.0,0.0,0.0,0.0,0.0,-30.022556846605433,30.022557949895344,0.0,0.0,0.0,-44.45412624299096,0.0,0.0,0.0,0.0,0.0,-16.022557255644397,0.0,0.0,0.0,0.0,0.0,-16.709395654965313,0.0,0.0,0.0,0.0,-6.022541543325,0.0,0.0,0.0,0.0,0.0,0.0,0.0,0.0,0.13484151398235333,0.0,-0.3321940800840584
6.953488372093023,-4.335535734634882,-1.8495152890769806,-3.7255636660543656,-1.8495152890769806,0.0,0.0,0.0,0.0,0.0,0.0,-1.8496451754591887,-4.300755302054769,-1.8496451754591887,-3.699254022392242,0.0,0.0,0.0,0.0,0.0,0.0,-3.672944379893434,-1.8495152904265955,-4.265805931751715,-1.8495152894794364,0.0,0.0,0.0,0.0,0.0,0.0,-1.8496451754591887,-1.8627818338888154,-1.8496451754591887,-6.137227918525215,0.0,0.0,0.0,0.0,0.0,0.0,0.0,0.0,0.0,0.0,-28.02256279974902,0.0,0.0,28.02256380191062,0.0,0.0,0.0,0.0,0.0,0.0,0.0,-32.02256320457247,0.0,32.02256417702876,0.0,0.0,0.0,0.0,0.0,0.0,0.0,0.0,-30.022563079419864,30.022563942774003,0.0,0.0,0.0,-44.45410258554574,0.0,0.0,0.0,0.0,0.0,-16.0225634403222,0.0,0.0,0.0,0.0,0.0,-16.709399198401034,0.0,0.0,0.0,0.0,-6.022549519100875,0.0,0.0,0.0,0.0,0.0,0.0,0.0,0.0,0.13152670656768617,0.0,-0.3280471284027031
7.054263565891473,-4.333492877768575,-1.849528656099747,-3.7240176644325054,-1.849528656099747,0.0,0.0,0.0,0.0,0.0,0.0,-1.8496437142035083,-4.300753127960688,-1.8496437142035083,-3.6992552482327263,0.0,0.0,0.0,0.0,0.0,0.0,-3.6744928311044367,-1.8495286567381253,-4.267863724580212,-1.8495286557909663,0.0,0.0,0.0,0.0,0.0,0.0,-1.8496437142035083,-1.8620088330107865,-1.8496437142035083,-6.13799997132984,0.0,0.0,0.0,0.0,0.0,0.0,0.0,0.0,0.0,0.0,-28.022568353141384,0.0,0.0,28.022569126807035,0.0,0.0,0.0,0.0,0.0,0.0,0.0,-32.02256870517866,0.0,32.02256947553211,0.0,0.0,0.0,0.0,0.0,0.0,0.0,0.0,-30.022568601443616,30.022569251986106,0.0,0.0,0.0,-44.45408160348247,0.0,0.0,0.0,0.0,0.0,-16.022568919205078,0.0,0.0,0.0,0.0,0.0,-16.709402337883347,0.0,0.0,0.0,0.0,-6.022556584802089,0.0,0.0,0.0,0.0,0.0,0.0,0.0,0.0,0.12831980607599935,0.0,-0.3240359315315189
7.155038759689923,-4.331569724069784,-1.8495404959274764,-3.7225624976572336,-1.8495404959274764,0.0,0.0,0.0,0.0,0.0,0.0,-1.8496424203811066,-4.300751201979119,-1.849642419426148,-3.6992563314564118,0.0,0.0,0.0,0.0,0.0,0.0,-3.675950166769776,-1.8495404950809313,-4.269800109483329,-1.8495404950809313,0.0,0.0,0.0,0.0,0.0,0.0,-1.8496424203811066,-1.8612812485019314,-1.849642419426148,-6.138726712295425,0.0,0.0,0.0,0.0,0.0,0.0,0.0,0.0,0.0,0.0,-28.022573272745927,0.0,0.0,28.022573843988972,0.0,0.0,0.0,0.0,0.0,0.0,0.0,-32.022573573872656,0.0,32.02257393972474,0.0,0.0,0.0,0.0,0.0,0.0,0.0,0.0,-30.022573493031146,30.02257395515955,0.0,0.0,0.0,-44.454063049231706,0.0,0.0,0.0,0.0,0.0,-16.02257377280985,0.0,0.0,0.0,0.0,0.0,-16.709405110257343,0.0,0.0,0.0,0.0,-6.022562844222474,0.0,0.0,0.0,0.0,0.0,0.0,0.0,0.0,0.12521603359391675,0.0,-0.32015440374136284
7.255813953488372,-4.3297592855692795,-1.849550984724807,-3.7211928409896373,-1.849550984724807,0.0,0.0,0.0,0.0,0.0,0.0,-1.8496412730169562,-4.300749495804732,-1.849641273971913,-3.699257292186581,0.0,0.0,0.0,0.0,0.0,0.0,-3.677321746303752,-1.849550983614584,-4.271622268972597,-1.849550983614584,0.0,0.0,0.0,0.0,0.0,0.0,-1.8496412730169562,-1.8605964187280062,-1.849641273971913,-6.139410796784727,0.0,0.0,0.0,0.0,0.0,0.0,0.0,0.0,0.0,0.0,-28.022577630885124,0.0,0.0,28.022578022798427,0.0,0.0,0.0,0.0,0.0,0.0,0.0,-32.022577881479656,0.0,32.02257832080218,0.0,0.0,0.0,0.0,0.0,0.0,0.0,0.0,-30.022577826071725,30.02257812141968,0.0,0.0,0.0,-44.454046537681336,0.0,0.0,0.0,0.0,0.0,-16.022578072473596,0.0,0.0,0.0,0.0,0.0,-16.709407578490556,0.0,0.0,0.0,0.0,-6.022568389328413,0.0,0.0,0.0,0.0,0.0,0.0,0.0,0.0,0.12221088815239645,0.0,-0.3163968183492183
7.3565891472868215,-4.328054979071267,-1.8495602763044656,-3.7199036680979347,-1.8495602763044656,0.0,0.0,0.0,0.0,0.0,0.0,-1.8496402579508868,-4.300747984359046,-1.8496402579508868,-3.699258145076851,0.0,0.0,0.0,0.0,0.0,0.0,-3.678612622601968,-1.8495602765958992,-4.273336958576444,-1.8495602765958992,0.0,0.0,0.0,0.0,0.0,0.0,-1.8496402579508868,-1.8599518340573868,-1.8496402579508868,-6.140054723050125,0.0,0.0,0.0,0.0,0.0,0.0,0.0,0.0,0.0,0.0,-28.022581491620738,0.0,0.0,28.02258172466331,0.0,0.0,0.0,0.0,0.0,0.0,0.0,-32.0225817004134,0.0,32.02258200176615,0.0,0.0,0.0,0.0,0.0,0.0,0.0,0.0,-30.02258166472795,30.022581812244873,0.0,0.0,0.0,-44.454031947340276,0.0,0.0,0.0,0.0,0.0,-16.02258188139883,0.0,0.0,0.0,0.0,0.0,-16.709409770600054,0.0,0.0,0.0,0.0,-6.0225733016054255,0.0,0.0,0.0,0.0,0.0,0.0,0.0,0.0,0.11930012456737304,0.0,-0.3127577818985705
7.457364341085271,-4.326450603111057,-1.8495685055273243,-3.718690255255508,-1.8495685055273243,0.0,0.0,0.0,0.0,0.0,0.0,-1.8496393581644073,-4.3007466454236525,-1.8496393572094505,-3.6992588981090293,0.0,0.0,0.0,0.0,0.0,0.0,-3.679827541860914,-1.849568507950733,-4.274950532453387,-1.849568507950733,0.0,0.0,0.0,0.0,0.0,0.0,-1.8496393581644073,-1.8593451290920842,-1.8496393572094505,-6.140660842253563,0.0,0.0,0.0,0.0,0.0,0.0,0.0,0.0,0.0,0.0,-28.02258491169897,0.0,0.0,28.022585004001368,0.0,0.0,0.0,0.0,0.0,0.0,0.0,-32.0225850863509,0.0,32.02258526403387,0.0,0.0,0.0,0.0,0.0,0.0,0.0,0.0,-30.022585065398637,30.02258508187916,0.0,0.0,0.0,-44.45401902426676,0.0,0.0,0.0,0.0,0.0,-16.022585255581248,0.0,0.0,0.0,0.0,0.0,-16.709411693111466,0.0,0.0,0.0,0.0,-6.022577653250535,0.0,0.0,0.0,0.0,0.0,0.0,0.0,0.0,0.11647973772663245,0.0,-0.3092322100189948
7.558139534883721,-4.3249403161495925,-1.8495757967522397,-3.7175481557745473,-1.8495757967522397,0.0,0.0,0.0,0.0,0.0,0.0,-1.849638561310844,-4.300745459313,-1.8496385594009304,-3.6992595638336256,0.0,0.0,0.0,0.0,0.0,0.0,-3.680970974586154,-1.849575796932651,-4.276468967398875,-1.849575796932651,0.0,0.0,0.0,0.0,0.0,0.0,-1.849638559400932,-1.858774077778672,-1.849638559400932,-6.141231373313951,0.0,0.0,0.0,0.0,0.0,0.0,0.0,0.0,0.0,0.0,-28.02258794140397,0.0,0.0,28.022587909028882,0.0,0.0,0.0,0.0,0.0,0.0,0.0,-32.022588083788975,0.0,32.02258792539376,0.0,0.0,0.0,0.0,0.0,0.0,0.0,0.0,-30.022588077807224,30.022587978258468,0.0,0.0,0.0,-44.45400755495881,0.0,0.0,0.0,0.0,0.0,-16.02258824463104,0.0,0.0,0.0,0.0,0.0,-16.709413403044405,0.0,0.0,0.0,0.0,-6.022581508229391,0.0,0.0,0.0,0.0,0.0,0.0,0.0,0.0,0.11374594333785071,0.0,-0.3058153046978096
7.658914728682171,-4.323518615987481,-1.8495822562917403,-3.7164731831063755,-1.8495822572510423,0.0,0.0,0.0,0.0,0.0,0.0,-1.8496378529335784,-4.3007444085873825,-1.8496378538885352,-3.6992601572658286,0.0,0.0,0.0,0.0,0.0,0.0,-3.68204712940419,-1.8495822568728726,-4.277897885441792,-1.849582255923979,0.0,0.0,0.0,0.0,0.0,0.0,-1.8496378538885367,-1.8582365923522683,-1.8496378538885367,-6.141768402527087,0.0,0.0,0.0,0.0,0.0,0.0,0.0,0.0,0.0,0.0,-28.022590625290224,0.0,0.0,28.02259048246499,0.0,0.0,0.0,0.0,0.0,0.0,0.0,-32.02259073759364,0.0,32.02259048378907,0.0,0.0,0.0,0.0,0.0,0.0,0.0,0.0,-30.02259074628881,30.022590543992237,0.0,0.0,0.0,-44.453997425154654,0.0,0.0,0.0,0.0,0.0,-16.02259089249933,0.0,0.0,0.0,0.0,0.0,-16.709414919146486,0.0,0.0,0.0,0.0,-6.022584923213463,0.0,0.0,0.0,0.0,0.0,0.0,0.0,0.0,0.11109516479673731,0.0,-0.3025025355762878
7.75968992248062,-4.322180320318752,-1.8495879785945801,-3.7154613938897296,-1.8495879785945801,0.0,0.0,0.0,0.0,0.0,0.0,-1.849637226884444,-4.3007434777970746,-1.8496372287943577,-3.6992606804339765,0.0,0.0,0.0,0.0,0.0,0.0,-3.683059965883806,-1.849587976695058,-4.279242575051454,-1.849587976695058,0.0,0.0,0.0,0.0,0.0,0.0,-1.849637226884445,-1.8577306955533601,-1.8496372287943585,-6.142273890866705,0.0,0.0,0.0,0.0,0.0,0.0,0.0,0.0,0.0,0.0,-28.022593002823243,0.0,0.0,28.022592762152048,0.0,0.0,0.0,0.0,0.0,0.0,0.0,-32.022593089810734,0.0,32.022592978352364,0.0,0.0,0.0,0.0,0.0,0.0,0.0,0.0,-30.0225931102427,30.022592816889734,0.0,0.0,0.0,-44.45398850765018,0.0,0.0,0.0,0.0,0.0,-16.02259323812252,0.0,0.0,0.0,0.0,0.0,-16.709416266609548,0.0,0.0,0.0,0.0,-6.022587948410706,0.0,0.0,0.0,0.0,0.0,0.0,0.0,0.0,0.10852401834821057,0.0,-0.29928961952502275
7.8604651162790695,-4.320920548347984,-1.8495930459976746,-3.7145090747234963,-1.8495930459976746,0.0,0.0,0.0,0.0,0.0,0.0,-1.849636673787913,-4.300742653254701,-1.849636673787913,-3.6992611451458774,0.0,0.0,0.0,0.0,0.0,0.0,-3.6840132149763147,-1.8495930464521722,-4.280508011066109,-1.8495930464521722,0.0,0.0,0.0,0.0,0.0,0.0,-1.849636673787913,-1.8572545377379002,-1.849636673787913,-6.1427496889625735,0.0,0.0,0.0,0.0,0.0,0.0,0.0,0.0,0.0,0.0,-28.02259510896243,0.0,0.0,28.02259478161328,0.0,0.0,0.0,0.0,0.0,0.0,0.0,-32.02259517427128,0.0,32.02259475944006,0.0,0.0,0.0,0.0,0.0,0.0,0.0,0.0,-30.022595204395962,30.022594830358,0.0,0.0,0.0,-44.45398049300518,0.0,0.0,0.0,0.0,0.0,-16.022595315994774,0.0,0.0,0.0,0.0,0.0,-16.709417457377956,0.0,0.0,0.0,0.0,-6.022590628301964,0.0,0.0,0.0,0.0,0.0,0.0,0.0,0.0,0.10602929969433239,0.0,-0.2961725056090797
7.961240310077519,-4.319734703460421,-1.8495975364230672,-3.713612736485489,-1.8495975364230672,0.0,0.0,0.0,0.0,0.0,0.0,-1.8496361819285014,-4.300741922833863,-1.8496361838384132,-3.6992615556644983,0.0,0.0,0.0,0.0,0.0,0.0,-3.684910375764683,-1.8495975348080396,-4.281698873415812,-1.8495975348080396,0.0,0.0,0.0,0.0,0.0,0.0,-1.8496361819285014,-1.8568063662488594,-1.8496361838384132,-6.143197540653756,0.0,0.0,0.0,0.0,0.0,0.0,0.0,0.0,0.0,0.0,-28.022596974682717,0.0,0.0,28.02259657054937,0.0,0.0,0.0,0.0,0.0,0.0,0.0,-32.02259701993241,0.0,32.022596538346576,0.0,0.0,0.0,0.0,0.0,0.0,0.0,0.0,-30.022597059455123,30.02259661396353,0.0,0.0,0.0,-44.45397340316511,0.0,0.0,0.0,0.0,0.0,-16.02259715667536,0.0,0.0,0.0,0.0,0.0,-16.709418518404973,0.0,0.0,0.0,0.0,-6.022593002294045,0.0,0.0,0.0,0.0,0.0,0.0,0.0,0.0,0.10360797243064157,0.0,-0.29314735810852255
8.062015503875969,-4.318618456840978,-1.8496015131465315,-3.7127690834960068,-1.8496015131465315,0.0,0.0,0.0,0.0,0.0,0.0,-1.8496357476955032,-4.300741275791731,-1.8496357476955032,-3.69926192004788,0.0,0.0,0.0,0.0,0.0,0.0,-3.68575475608382,-1.8496015125706033,-4.282819564717724,-1.8496015125706033,0.0,0.0,0.0,0.0,0.0,0.0,-1.8496357476955025,-1.8563845415887519,-1.8496357476955025,-6.143619082753329,0.0,0.0,0.0,0.0,0.0,0.0,0.0,0.0,0.0,0.0,-28.02259862742714,0.0,0.0,28.02259815527335,0.0,0.0,0.0,0.0,0.0,0.0,0.0,-32.02259865455143,0.0,32.022598114007856,0.0,0.0,0.0,0.0,0.0,0.0,0.0,0.0,-30.02259870273287,30.02259819395417,0.0,0.0,0.0,-44.45396719415258,0.0,0.0,0.0,0.0,0.0,-16.0225987872372,0.0,0.0,0.0,0.0,0.0,-16.7094194448486,0.0,0.0,0.0,0.0,-6.022595105298578,0.0,0.0,0.0,0.0,0.0,0.0,0.0,0.0,0.1012571585797678,0.0,-0.29021054281756775
8.162790697674419,-4.31756773203694,-1.8496050358980665,-3.711975028500639,-1.849605037814936,0.0,0.0,0.0,0.0,0.0,0.0,-1.849635363115525,-4.3007407026116615,-1.849635363115525,-3.699262246223259,0.0,0.0,0.0,0.0,0.0,0.0,-3.686549458153596,-1.8496050357853095,-4.2838742268097585,-1.849605037688301,0.0,0.0,0.0,0.0,0.0,0.0,-1.8496353621605681,-1.8559875134911035,-1.849635363115524,-6.144015862028812,0.0,0.0,0.0,0.0,0.0,0.0,0.0,0.0,0.0,0.0,-28.02260009150483,0.0,0.0,28.02259955909423,0.0,0.0,0.0,0.0,0.0,0.0,0.0,-32.02260010310884,0.0,32.02259951006858,0.0,0.0,0.0,0.0,0.0,0.0,0.0,0.0,-30.022600158451688,30.022599593595615,0.0,0.0,0.0,-44.45396164324489,0.0,0.0,0.0,0.0,0.0,-16.022600231663517,0.0,0.0,0.0,0.0,0.0,-16.70942027614481,0.0,0.0,0.0,0.0,-6.022596968244231,0.0,0.0,0.0,0.0,0.0,0.0,0.0,0.0,0.09897412582733633,0.0,-0.2873586137375206
8.263565891472869,-4.316578690365461,-1.8496081588079833,-3.711227653656335,-1.849608157850416,0.0,0.0,0.0,0.0,0.0,0.0,-1.8496350224901228,-4.30074019486311,-1.8496350224901228,-3.6992625294785397,0.0,0.0,0.0,0.0,0.0,0.0,-3.6872974082044485,-1.8496081578955188,-4.284866756290238,-1.8496081569448903,0.0,0.0,0.0,0.0,0.0,0.0,-1.8496350224901223,-1.8556138266017888,-1.8496350224901223,-6.14438932737672,0.0,0.0,0.0,0.0,0.0,0.0,0.0,0.0,0.0,0.0,-28.022601388449328,0.0,0.0,28.022600802660154,0.0,0.0,0.0,0.0,0.0,0.0,0.0,-32.02260138646151,0.0,32.0226007468386,0.0,0.0,0.0,0.0,0.0,0.0,0.0,0.0,-30.022601448002636,30.02260083346476,0.0,0.0,0.0,-44.45395674834968,0.0,0.0,0.0,0.0,0.0,-16.022601511200065,0.0,0.0,0.0,0.0,0.0,-16.70942101147183,0.0,0.0,0.0,0.0,-6.022598618530378,0.0,0.0,0.0,0.0,0.0,0.0,0.0,0.0,0.09675627975734569,0.0,-0.28458830091636356
8.364341085271318,-4.315647717174562,-1.8496109209422547,-3.710524210548752,-1.849610921899822,0.0,0.0,0.0,0.0,0.0,0.0,-1.849634718534303,-4.300739745077402,-1.849634718534303,-3.69926278198257,0.0,0.0,0.0,0.0,0.0,0.0,-3.6880013511396417,-1.8496109224306474,-4.285800819122526,-1.849610921478284,0.0,0.0,0.0,0.0,0.0,0.0,-1.8496347194892584,-1.8552621070668502,-1.8496347185343025,-6.144740849711853,0.0,0.0,0.0,0.0,0.0,0.0,0.0,0.0,0.0,0.0,-28.022602537338027,0.0,0.0,28.022601904263563,0.0,0.0,0.0,0.0,0.0,0.0,0.0,-32.02260252297988,0.0,32.022602069791105,0.0,0.0,0.0,0.0,0.0,0.0,0.0,0.0,-30.022602590324745,30.022601931784873,0.0,0.0,0.0,-44.45395238727001,0.0,0.0,0.0,0.0,0.0,-16.02260264466818,0.0,0.0,0.0,0.0,0.0,-16.70942165347468,0.0,0.0,0.0,0.0,-6.022600080429649,0.0,0.0,0.0,0.0,0.0,0.0,0.0,0.0,0.09460115596611474,0.0,-0.2818964992216261
8.465116279069766,-4.314771408871731,-1.8496133715479453,-3.7098621294019005,-1.849613370590378,0.0,0.0,0.0,0.0,0.0,0.0,-1.8496344499792972,-4.300739346638094,-1.849634450934253,-3.6992630050176953,0.0,0.0,0.0,0.0,0.0,0.0,-3.688663882647596,-1.8496133714794236,-4.286679864350628,-1.8496133695746972,0.0,0.0,0.0,0.0,0.0,0.0,-1.8496344518892074,-1.8549310653595708,-1.8496344509342524,-6.145071717046961,0.0,0.0,0.0,0.0,0.0,0.0,0.0,0.0,0.0,0.0,-28.02260355507206,0.0,0.0,28.022602880109808,0.0,0.0,0.0,0.0,0.0,0.0,0.0,-32.02260352969527,0.0,32.02260304012804,0.0,0.0,0.0,0.0,0.0,0.0,0.0,0.0,-30.022603602236405,30.022602904719943,0.0,0.0,0.0,-44.45394860303683,0.0,0.0,0.0,0.0,0.0,-16.022603648741537,0.0,0.0,0.0,0.0,0.0,-16.70942223583615,0.0,0.0,0.0,0.0,-6.022601375444935,0.0,0.0,0.0,0.0,0.0,0.0,0.0,0.0,0.09250641054038555,0.0,-0.2792802579771464
8.565891472868216,-4.313946560685449,-1.8496155409306743,-3.7092389704356314,-1.8496155409306743,0.0,0.0,0.0,0.0,0.0,0.0,-1.8496342129452974,-4.300738993683995,-1.8496342139002533,-3.6992632051486822,0.0,0.0,0.0,0.0,0.0,0.0,-3.6892874378628706,-1.8496155395454976,-4.287507137010725,-1.8496155395454976,0.0,0.0,0.0,0.0,0.0,0.0,-1.8496342139002524,-1.854619484787562,-1.8496342139002524,-6.145383142958471,0.0,0.0,0.0,0.0,0.0,0.0,0.0,0.0,0.0,0.0,-28.022604456622897,0.0,0.0,28.02260374455435,0.0,0.0,0.0,0.0,0.0,0.0,0.0,-32.02260442168489,0.0,32.02260389979197,0.0,0.0,0.0,0.0,0.0,0.0,0.0,0.0,-30.02260449863999,30.022603766590844,0.0,0.0,0.0,-44.45394520607484,0.0,0.0,0.0,0.0,0.0,-16.02260453819092,0.0,0.0,0.0,0.0,0.0,-16.70942274911957,0.0,0.0,0.0,0.0,-6.022602522625452,0.0,0.0,0.0,0.0,0.0,0.0,0.0,0.0,0.09046981345496585,0.0,-0.27673677138045916
8.666666666666666,-4.313170155135354,-1.8496174604013331,-3.7086524476157363,-1.8496174604013331,0.0,0.0,0.0,0.0,0.0,0.0,-1.8496340037773529,-4.300738681022984,-1.8496340028223979,-3.6992633798404433,0.0,0.0,0.0,0.0,0.0,0.0,-3.6898743108774656,-1.849617461326808,-4.288285690252566,-1.8496174622791712,0.0,0.0,0.0,0.0,0.0,0.0,-1.849634002822397,-1.8543262243280052,-1.849634002822397,-6.145676264562075,0.0,0.0,0.0,0.0,0.0,0.0,0.0,0.0,0.0,0.0,-28.02260525525274,0.0,0.0,28.022604510313737,0.0,0.0,0.0,0.0,0.0,0.0,0.0,-32.02260521186125,0.0,32.022604433790335,0.0,0.0,0.0,0.0,0.0,0.0,0.0,0.0,-30.022605292712516,30.02260453007158,0.0,0.0,0.0,-44.4539421732283,0.0,0.0,0.0,0.0,0.0,-16.022605326100827,0.0,0.0,0.0,0.0,0.0,-16.70942320025658,0.0,0.0,0.0,0.0,-6.022603538846353,0.0,0.0,0.0,0.0,0.0,0.0,0.0,0.0,0.08848924121403201,0.0,-0.274263369615807
8.767441860465116,-4.312439351155523,-1.8496191632700818,-3.70810041075767,-1.8496191632700818,0.0,0.0,0.0,0.0,0.0,0.0,-1.8496338190196897,-4.300738404055524,-1.8496338171097788,-3.6992635355508376,0.0,0.0,0.0,0.0,0.0,0.0,-3.6904266622833988,-1.8496191639483588,-4.289018396737461,-1.8496191639483588,0.0,0.0,0.0,0.0,0.0,0.0,-1.8496338180647338,-1.8540502061870217,-1.8496338171097788,-6.145952162465187,0.0,0.0,0.0,0.0,0.0,0.0,0.0,0.0,0.0,0.0,-28.02260596271027,0.0,0.0,28.022605188653205,0.0,0.0,0.0,0.0,0.0,0.0,0.0,-32.022605911711516,0.0,32.02260533586046,0.0,0.0,0.0,0.0,0.0,0.0,0.0,0.0,-30.022605996126607,30.022605206389322,0.0,0.0,0.0,-44.4539395344108,0.0,0.0,0.0,0.0,0.0,-16.022606024062206,0.0,0.0,0.0,0.0,0.0,-16.709423591724256,0.0,0.0,0.0,0.0,-6.022604439056629,0.0,0.0,0.0,0.0,0.0,0.0,0.0,0.0,0.08656267168685727,0.0,-0.2718575106471638
8.868217054263566,-4.311751473842253,-1.8496206726286921,-3.7075808319549446,-1.8496206726286921,0.0,0.0,0.0,0.0,0.0,0.0,-1.8496336525281114,-4.300738158706985,-1.8496336525281114,-3.699263675270782,0.0,0.0,0.0,0.0,0.0,0.0,-3.690946514792529,-1.8496206722357773,-4.289707959359742,-1.8496206722357773,0.0,0.0,0.0,0.0,0.0,0.0,-1.8496336515731555,-1.8537904167314319,-1.8496336525281112,-6.146211846352641,0.0,0.0,0.0,0.0,0.0,0.0,0.0,0.0,0.0,0.0,-28.022606589403466,0.0,0.0,28.022605789552323,0.0,0.0,0.0,0.0,0.0,0.0,0.0,-32.02260653166762,0.0,32.02260570585674,0.0,0.0,0.0,0.0,0.0,0.0,0.0,0.0,-30.022606619237,30.02260580549704,0.0,0.0,0.0,-44.453937088426855,0.0,0.0,0.0,0.0,0.0,-16.022606642343174,0.0,0.0,0.0,0.0,0.0,-16.70942394879938,0.0,0.0,0.0,0.0,-6.022605236498992,0.0,0.0,0.0,0.0,0.0,0.0,0.0,0.0,0.08468817662247996,0.0,-0.26951677265830976
8.968992248062015,-4.311104004793391,-1.849622007537438,-3.7070918020368215,-1.849622007537438,0.0,0.0,0.0,0.0,0.0,0.0,-1.8496335069093395,-4.300737941367834,-1.8496335059543845,-3.699263795619139,0.0,0.0,0.0,0.0,0.0,0.0,-3.6914357912365414,-1.8496220070421747,-4.290356921316831,-1.8496220070421747,0.0,0.0,0.0,0.0,0.0,0.0,-1.8496335069093395,-1.8535459007385284,-1.8496335059543845,-6.146456265411651,0.0,0.0,0.0,0.0,0.0,0.0,0.0,0.0,0.0,0.0,-28.02260714455217,0.0,0.0,28.02260632185153,0.0,0.0,0.0,0.0,0.0,0.0,0.0,-32.02260708091791,0.0,32.02260623520674,0.0,0.0,0.0,0.0,0.0,0.0,0.0,0.0,-30.022607171215746,30.022606336211275,0.0,0.0,0.0,-44.45393502952246,0.0,0.0,0.0,0.0,0.0,-16.022607190039945,0.0,0.0,0.0,0.0,0.0,-16.709424266517402,0.0,0.0,0.0,0.0,-6.0226059429047964,0.0,0.0,0.0,0.0,0.0,0.0,0.0,0.0,0.08286391768932977,0.0,-0.2672388465206621
9.069767441860465,-4.31049457299583,-1.8496231903213438,-3.7066315293592114,-1.8496231903213438,0.0,0.0,0.0,0.0,0.0,0.0,-1.8496333782238925,-4.300737748840614,-1.8496333782238925,-3.699263903996245,0.0,0.0,0.0,0.0,0.0,0.0,-3.691896285448748,-1.8496231909527832,-4.290967675586906,-1.8496231909527832,0.0,0.0,0.0,0.0,0.0,0.0,-1.8496333782238925,-1.8533157632878392,-1.8496333782238925,-6.146686318765778,0.0,0.0,0.0,0.0,0.0,0.0,0.0,0.0,0.0,0.0,-28.02260763632372,0.0,0.0,28.022606793382064,0.0,0.0,0.0,0.0,0.0,0.0,0.0,-32.02260756745678,0.0,32.02260670412093,0.0,0.0,0.0,0.0,0.0,0.0,0.0,0.0,-30.022607660179492,30.02260680633791,0.0,0.0,0.0,-44.45393315079764,0.0,0.0,0.0,0.0,0.0,-16.022607675210295,0.0,0.0,0.0,0.0,0.0,-16.709424542166133,0.0,0.0,0.0,0.0,-6.022606568666412,0.0,0.0,0.0,0.0,0.0,0.0,0.0,0.0,0.08108813986246188,0.0,-0.2650215301380765
9.170542635658915,-4.309920946242961,-1.8496242396989424,-3.7061983150839946,-1.8496242396989424,0.0,0.0,0.0,0.0,0.0,0.0,-1.8496332626549579,-4.300737578292863,-1.8496332626549579,-3.699264001363084,0.0,0.0,0.0,0.0,0.0,0.0,-3.692329688926785,-1.849624240395434,-4.2915424738341,-1.8496242394422033,0.0,0.0,0.0,0.0,0.0,0.0,-1.849633263609913,-1.853099158285583,-1.8496332626549579,-6.1469028515924755,0.0,0.0,0.0,0.0,0.0,0.0,0.0,0.0,0.0,0.0,-28.02260807195314,0.0,0.0,28.02260721108116,0.0,0.0,0.0,0.0,0.0,0.0,0.0,-32.02260799841072,0.0,32.0226073470166,0.0,0.0,0.0,0.0,0.0,0.0,0.0,0.0,-30.022608093319345,30.022607222792217,0.0,0.0,0.0,-44.45393152759707,0.0,0.0,0.0,0.0,0.0,-16.022608104992077,0.0,0.0,0.0,0.0,0.0,-16.709424791686498,0.0,0.0,0.0,0.0,-6.022607122989917,0.0,0.0,0.0,0.0,0.0,0.0,0.0,0.0,0.07935916759849171,0.0,-0.2628627213830531
9.271317829457365,-4.309381023046531,-1.8496251669424675,-3.7057905738100905,-1.8496251669424675,0.0,0.0,0.0,0.0,0.0,0.0,-1.849633161269165,-4.300737427215417,-1.8496331603142095,-3.699264085078147,0.0,0.0,0.0,0.0,0.0,0.0,-3.6927375990014264,-1.8496251680214655,-4.2920834347802765,-1.8496251680214655,0.0,0.0,0.0,0.0,0.0,0.0,-1.8496331622241207,-1.8528952874954967,-1.8496331603142104,-6.147106654112662,0.0,0.0,0.0,0.0,0.0,0.0,0.0,0.0,0.0,0.0,-28.022608457849557,0.0,0.0,28.022607581094192,0.0,0.0,0.0,0.0,0.0,0.0,0.0,-32.022608380173686,0.0,32.02260771496291,0.0,0.0,0.0,0.0,0.0,0.0,0.0,0.0,-30.022608477010415,30.02260759170258,0.0,0.0,0.0,-44.45393006239156,0.0,0.0,0.0,0.0,0.0,-16.022608485708403,0.0,0.0,0.0,0.0,0.0,-16.70942500719249,0.0,0.0,0.0,0.0,-6.022607614030473,0.0,0.0,0.0,0.0,0.0,0.0,0.0,0.0,0.07767540072776968,0.0,-0.2607604129515467
9.372093023255815,-4.308872825015131,-1.8496259913342377,-3.705406810545001,-1.8496259913342377,0.0,0.0,0.0,0.0,0.0,0.0,-1.8496330704546282,-4.300737293385523,-1.8496330704546282,-3.6992641612870427,0.0,0.0,0.0,0.0,0.0,0.0,-3.693121513301083,-1.8496259915476085,-4.2925925520876165,-1.84962598964028,0.0,0.0,0.0,0.0,0.0,0.0,-1.849633072364539,-1.8527034062559755,-1.8496330704546289,-6.14729847968574,0.0,0.0,0.0,0.0,0.0,0.0,0.0,0.0,0.0,0.0,-28.022608799690552,0.0,0.0,28.022607908865076,0.0,0.0,0.0,0.0,0.0,0.0,0.0,-32.0226087183759,0.0,32.0226080409144,0.0,0.0,0.0,0.0,0.0,0.0,0.0,0.0,-30.022608816899183,30.022607918497346,0.0,0.0,0.0,-44.4539287696367,0.0,0.0,0.0,0.0,0.0,-16.02260882296066,0.0,0.0,0.0,0.0,0.0,-16.709425200041856,0.0,0.0,0.0,0.0,-6.022608049012333,0.0,0.0,0.0,0.0,0.0,0.0,0.0,0.0,0.07603530907153433,0.0,-0.25871268652215285
9.472868217054263,-4.30839448966984,-1.8496267184513888,-3.7050456123755366,-1.8496267184513888,0.0,0.0,0.0,0.0,0.0,0.0,-1.8496329905045612,-4.300737174834219,-1.8496329914595167,-3.699264227711339,0.0,0.0,0.0,0.0,0.0,0.0,-3.693482842913147,-1.849626719523448,-4.293071701759812,-1.849626719523448,0.0,0.0,0.0,0.0,0.0,0.0,-1.8496329905045612,-1.8525228062797492,-1.8496329914595167,-6.147479025667063,0.0,0.0,0.0,0.0,0.0,0.0,0.0,0.0,0.0,0.0,-28.02260910250558,0.0,0.0,28.02260819921627,0.0,0.0,0.0,0.0,0.0,0.0,0.0,-32.02260901796057,0.0,32.02260832965042,0.0,0.0,0.0,0.0,0.0,0.0,0.0,0.0,-30.02260911798475,30.02260820798381,0.0,0.0,0.0,-44.45392760521419,0.0,0.0,0.0,0.0,0.0,-16.02260912171082,0.0,0.0,0.0,0.0,0.0,-16.709425374336124,0.0,0.0,0.0,0.0,-6.022608434335161,0.0,0.0,0.0,0.0,0.0,0.0,0.0,0.0,0.07443742946512677,0.0,-0.25671770866216026
9.573643410852712,-4.307944263681838,-1.8496273635655591,-3.7047056528835554,-1.8496273635655591,0.0,0.0,0.0,0.0,0.0,0.0,-1.8496329198778128,-4.300737069817199,-1.8496329208327678,-3.699264286043512,0.0,0.0,0.0,0.0,0.0,0.0,-3.6938229204652036,-1.8496273645656274,-4.293522649107419,-1.8496273645656274,0.0,0.0,0.0,0.0,0.0,0.0,-1.8496329198778128,-1.852352826148529,-1.8496329208327678,-6.147648959152981,0.0,0.0,0.0,0.0,0.0,0.0,0.0,0.0,0.0,0.0,-28.02260937074993,0.0,0.0,28.022608456419686,0.0,0.0,0.0,0.0,0.0,0.0,0.0,-32.02260928333059,0.0,32.02260858541667,0.0,0.0,0.0,0.0,0.0,0.0,0.0,0.0,-30.022609384696285,30.02260846442082,0.0,0.0,0.0,-44.45392663739128,0.0,0.0,0.0,0.0,0.0,-16.022609386354368,0.0,0.0,0.0,0.0,0.0,-16.709425527138176,0.0,0.0,0.0,0.0,-6.02260877566809,0.0,0.0,0.0,0.0,0.0,0.0,0.0,0.0,0.07288036243946472,0.0,-0.2547737253319471
9.674418604651162,-4.307520496494265,-1.849627936901209,-3.7043856834801523,-1.849627936901209,0.0,0.0,0.0,0.0,0.0,0.0,-1.849632859010067,-4.30073697678936,-1.8496328580551118,-3.699264340019801,0.0,0.0,0.0,0.0,0.0,0.0,-3.694142997408886,-1.8496279364007413,-4.2939470552999,-1.8496279364007413,0.0,0.0,0.0,0.0,0.0,0.0,-1.849632859010067,-1.852192841754727,-1.8496328580551118,-6.147808904532452,0.0,0.0,0.0,0.0,0.0,0.0,0.0,0.0,0.0,0.0,-28.022609608370278,0.0,0.0,28.022608684259552,0.0,0.0,0.0,0.0,0.0,0.0,0.0,-32.02260951841008,0.0,32.0226088119861,0.0,0.0,0.0,0.0,0.0,0.0,0.0,0.0,-30.022609620958935,30.02260869158184,0.0,0.0,0.0,-44.453925705445116,0.0,0.0,0.0,0.0,0.0,-16.02260962078496,0.0,0.0,0.0,0.0,0.0,-16.709425664712523,0.0,0.0,0.0,0.0,-6.0226090780331,0.0,0.0,0.0,0.0,0.0,0.0,0.0,0.0,0.07136276768127114,0.0,-0.2528790580061391
9.775193798449612,-4.307121634321808,-1.849628443379315,-3.704084529795697,-1.849628443379315,0.0,0.0,0.0,0.0,0.0,0.0,-1.8496328017116046,-4.300736894382043,-1.8496328026665598,-3.6992643849004105,0.0,0.0,0.0,0.0,0.0,0.0,-3.694444240051262,-1.8496284414195112,-4.29434648352477,-1.8496284414195112,0.0,0.0,0.0,0.0,0.0,0.0,-1.8496328017116046,-1.8520422634288647,-1.8496328026665598,-6.147959445366637,0.0,0.0,0.0,0.0,0.0,0.0,0.0,0.0,0.0,0.0,-28.022609818862712,0.0,0.0,28.022608886088072,0.0,0.0,0.0,0.0,0.0,0.0,0.0,-32.02260972665868,0.0,32.022609012692705,0.0,0.0,0.0,0.0,0.0,0.0,0.0,0.0,-30.022609830249117,30.02260889280923,0.0,0.0,0.0,-44.45392493212458,0.0,0.0,0.0,0.0,0.0,-16.02260982845181,0.0,0.0,0.0,0.0,0.0,-16.709425770601193,0.0,0.0,0.0,0.0,-6.0226093458788315,0.0,0.0,0.0,0.0,0.0,0.0,0.0,0.0,0.06988336170507536,0.0,-0.2510320996074178
9.875968992248062,-4.306746214491602,-1.8496288920429906,-3.7038010845167304,-1.8496288910867242,0.0,0.0,0.0,0.0,0.0,0.0,-1.849632753304673,-4.3007368213828014,-1.849632753304673,-3.699264426555061,0.0,0.0,0.0,0.0,0.0,0.0,-3.6947277682313624,-1.8496288916236212,-4.294722404783301,-1.8496288916236212,0.0,0.0,0.0,0.0,0.0,0.0,-1.8496327533046726,-1.8519005426174016,-1.8496327533046726,-6.148101134866475,0.0,0.0,0.0,0.0,0.0,0.0,0.0,0.0,0.0,0.0,-28.022610005324214,0.0,0.0,28.02260906487476,0.0,0.0,0.0,0.0,0.0,0.0,0.0,-32.022609911128754,0.0,32.02260896294936,0.0,0.0,0.0,0.0,0.0,0.0,0.0,0.0,-30.02261001564553,30.022609071063375,0.0,0.0,0.0,-44.45392421146731,0.0,0.0,0.0,0.0,0.0,-16.022610012410293,0.0,0.0,0.0,0.0,0.0,-16.709425891361587,0.0,0.0,0.0,0.0,-6.0226095831460285,0.0,0.0,0.0,0.0,0.0,0.0,0.0,0.0,0.06844091494061233,0.0,-0.24923131034318424
9.976744186046512,-4.306392860118063,-1.849629290290398,-3.7035343081219185,-1.8496292893341315,0.0,0.0,0.0,0.0,0.0,0.0,-1.8496327115183917,-4.300736756717545,-1.849632709608481,-3.69926446521677,0.0,0.0,0.0,0.0,0.0,0.0,-3.6949946212658236,-1.849629290541499,-4.295076203339725,-1.849629290541499,0.0,0.0,0.0,0.0,0.0,0.0,-1.8496327115183913,-1.8517671556424535,-1.849632709608481,-6.148234495868904,0.0,0.0,0.0,0.0,0.0,0.0,0.0,0.0,0.0,0.0,-28.02261017049826,0.0,0.0,28.022609223250175,0.0,0.0,0.0,0.0,0.0,0.0,0.0,-32.022610074534995,0.0,32.02260912044088,0.0,0.0,0.0,0.0,0.0,0.0,0.0,0.0,-30.0226101798758,30.022609228966907,0.0,0.0,0.0,-44.45392355045837,0.0,0.0,0.0,0.0,0.0,-16.02261017536705,0.0,0.0,0.0,0.0,0.0,-16.709425970876918,0.0,0.0,0.0,0.0,-6.022609793325592,0.0,0.0,0.0,0.0,0.0,0.0,0.0,0.0,0.06703424869705654,0.0,-0.24747521501673753
10.077519379844961,-4.306060275082596,-1.8496296410939854,-3.7032832222064043,-1.8496296410939854,0.0,0.0,0.0,0.0,0.0,0.0,-1.8496326712582285,-4.30073669943481,-1.8496326731681387,-3.6992644954712497,0.0,0.0,0.0,0.0,0.0,0.0,-3.6952457713262077,-1.8496296409461004,-4.295409181847339,-1.8496296409461004,0.0,0.0,0.0,0.0,0.0,0.0,-1.8496326712582285,-1.8516416094261656,-1.8496326731681387,-6.148360015086143,0.0,0.0,0.0,0.0,0.0,0.0,0.0,0.0,0.0,0.0,-28.02261031681511,0.0,0.0,28.022609363544568,0.0,0.0,0.0,0.0,0.0,0.0,0.0,-32.0226102192884,0.0,32.02260948748788,0.0,0.0,0.0,0.0,0.0,0.0,0.0,0.0,-30.022610325356702,30.02260936884332,0.0,0.0,0.0,-44.4539230122092,0.0,0.0,0.0,0.0,0.0,-16.022610319719757,0.0,0.0,0.0,0.0,0.0,-16.70942606444102,0.0,0.0,0.0,0.0,-6.022609979509961,0.0,0.0,0.0,0.0,0.0,0.0,0.0,0.0,0.06566223220011436,0.0,-0.24576239855342297
10.178294573643411,-4.30574723931038,-1.8496299546573969,-3.7030468982477385,-1.8496299546573969,0.0,0.0,0.0,0.0,0.0,0.0,-1.8496326370157101,-4.3007366486917915,-1.8496326389256204,-3.699264524391644,0.0,0.0,0.0,0.0,0.0,0.0,-3.695482151864181,-1.8496299515062717,-4.295722566170605,-1.8496299515062717,0.0,0.0,0.0,0.0,0.0,0.0,-1.8496326370157101,-1.8515234462607428,-1.8496326389256204,-6.148478156456427,0.0,0.0,0.0,0.0,0.0,0.0,0.0,0.0,0.0,0.0,-28.022610446427596,0.0,0.0,28.022609487822155,0.0,0.0,0.0,0.0,0.0,0.0,0.0,-32.022610347517904,0.0,32.022609383539645,0.0,0.0,0.0,0.0,0.0,0.0,0.0,0.0,-30.022610454228847,30.022609492750735,0.0,0.0,0.0,-44.453922545277294,0.0,0.0,0.0,0.0,0.0,-16.022610447592363,0.0,0.0,0.0,0.0,0.0,-16.709426130246538,0.0,0.0,0.0,0.0,-6.022610144438545,0.0,0.0,0.0,0.0,0.0,0.0,0.0,0.0,0.06432378073760459,0.0,-0.24409150408723213
10.279069767441861,-4.30545260431776,-1.8496302295785416,-3.702824468570631,-1.8496302295785416,0.0,0.0,0.0,0.0,0.0,0.0,-1.8496326085399244,-4.300736603741903,-1.8496326066300142,-3.6992645505211748,0.0,0.0,0.0,0.0,0.0,0.0,-3.6957046323986105,-1.8496302299580125,-4.296017509921452,-1.8496302299580125,0.0,0.0,0.0,0.0,0.0,0.0,-1.849632608539924,-1.851412235209646,-1.8496326066300137,-6.148589348713031,0.0,0.0,0.0,0.0,0.0,0.0,0.0,0.0,0.0,0.0,-28.022610561242786,0.0,0.0,28.022609597911487,0.0,0.0,0.0,0.0,0.0,0.0,0.0,-32.02261046110631,0.0,32.02260972054991,0.0,0.0,0.0,0.0,0.0,0.0,0.0,0.0,-30.022610568388128,30.022609602512116,0.0,0.0,0.0,-44.453922154518004,0.0,0.0,0.0,0.0,0.0,-16.022610560866276,0.0,0.0,0.0,0.0,0.0,-16.709426200650977,0.0,0.0,0.0,0.0,-6.022610290537976,0.0,0.0,0.0,0.0,0.0,0.0,0.0,0.0,0.06301785319094699,0.0,-0.24246122894491795
10.37984496124031,-4.305175289019865,-1.8496304742569512,-3.7026151241234713,-1.8496304742569512,0.0,0.0,0.0,0.0,0.0,0.0,-1.849632581788779,-4.300736563923767,-1.849632580833824,-3.699264573415298,0.0,0.0,0.0,0.0,0.0,0.0,-3.6959140226775977,-1.849630474273431,-4.2962950987279935,-1.849630475227529,0.0,0.0,0.0,0.0,0.0,0.0,-1.8496325808338234,-1.8513075615993622,-1.8496325808338234,-6.148694004468694,0.0,0.0,0.0,0.0,0.0,0.0,0.0,0.0,0.0,0.0,-28.022610662949965,0.0,0.0,28.022609695432347,0.0,0.0,0.0,0.0,0.0,0.0,0.0,-32.02261056172577,0.0,32.022609589992584,0.0,0.0,0.0,0.0,0.0,0.0,0.0,0.0,-30.022610669514226,30.022609699742443,0.0,0.0,0.0,-44.453921730385055,0.0,0.0,0.0,0.0,0.0,-16.02261066120816,0.0,0.0,0.0,0.0,0.0,-16.709426253879695,0.0,0.0,0.0,0.0,-6.022610419957857,0.0,0.0,0.0,0.0,0.0,0.0,0.0,0.0,0.06174344987196212,0.0,-0.24087032261810304
10.480620155038759,-4.304914275788004,-1.8496306901489257,-3.702418088546815,-1.8496306901489257,0.0,0.0,0.0,0.0,0.0,0.0,-1.8496325565653775,-4.300736528651498,-1.8496325575203327,-3.6992645917252664,0.0,0.0,0.0,0.0,0.0,0.0,-3.6961110966749096,-1.8496306913766762,-4.2965563542430445,-1.8496306913766762,0.0,0.0,0.0,0.0,0.0,0.0,-1.8496325575203323,-1.8512090442053042,-1.8496325575203323,-6.148792505878323,0.0,0.0,0.0,0.0,0.0,0.0,0.0,0.0,0.0,0.0,-28.022610753045637,0.0,0.0,28.022609781819636,0.0,0.0,0.0,0.0,0.0,0.0,0.0,-32.02261065085898,0.0,32.02260967589864,0.0,0.0,0.0,0.0,0.0,0.0,0.0,0.0,-30.022610759095176,30.022609785872362,0.0,0.0,0.0,-44.453921390536024,0.0,0.0,0.0,0.0,0.0,-16.022610750094376,0.0,0.0,0.0,0.0,0.0,-16.709426305034615,0.0,0.0,0.0,0.0,-6.0226105346023955,0.0,0.0,0.0,0.0,0.0,0.0,0.0,0.0,0.060499610139361226,0.0,-0.23931758417420484
10.581395348837209,-4.304668606725653,-1.8496308828263968,-3.7022326392507043,-1.8496308818705642,0.0,0.0,0.0,0.0,0.0,0.0,-1.8496325365151256,-4.3007364974061195,-1.8496325355601706,-3.699264607967116,0.0,0.0,0.0,0.0,0.0,0.0,-3.6962965801736956,-1.8496308823957517,-4.296802237927985,-1.8496308823957517,0.0,0.0,0.0,0.0,0.0,0.0,-1.8496325355601702,-1.851116319014661,-1.8496325355601702,-6.148885216087002,0.0,0.0,0.0,0.0,0.0,0.0,0.0,0.0,0.0,0.0,-28.02261083285544,0.0,0.0,28.022609858344428,0.0,0.0,0.0,0.0,0.0,0.0,0.0,-32.02261072981669,0.0,32.02260997953171,0.0,0.0,0.0,0.0,0.0,0.0,0.0,0.0,-30.022610838449072,30.022609862169197,0.0,0.0,0.0,-44.453921081422386,0.0,0.0,0.0,0.0,0.0,-16.022610828832835,0.0,0.0,0.0,0.0,0.0,-16.70942634731833,0.0,0.0,0.0,0.0,-6.022610636158434,0.0,0.0,0.0,0.0,0.0,0.0,0.0,0.0,0.05928541083315836,0.0,-0.23780185915214802
10.682170542635658,-4.304437380174726,-1.8496310530400664,-3.7020580952082907,-1.8496310511288347,0.0,0.0,0.0,0.0,0.0,0.0,-1.8496325176637003,-4.3007364697279105,-1.84963251575379,-3.6992646237417537,0.0,0.0,0.0,0.0,0.0,0.0,-3.696471154381216,-1.8496310535659044,-4.2970336545981,-1.8496310535659044,0.0,0.0,0.0,0.0,0.0,0.0,-1.8496325176636998,-1.8510290487733614,-1.8496325157537896,-6.148972474445028,0.0,0.0,0.0,0.0,0.0,0.0,0.0,0.0,0.0,0.0,-28.022610903553677,0.0,0.0,28.022609926132677,0.0,0.0,0.0,0.0,0.0,0.0,0.0,-32.022610799759434,0.0,32.0226098194079,0.0,0.0,0.0,0.0,0.0,0.0,0.0,0.0,-30.022610908743445,30.022609929755518,0.0,0.0,0.0,-44.45392080603391,0.0,0.0,0.0,0.0,0.0,-16.02261089858203,0.0,0.0,0.0,0.0,0.0,-16.709426384186383,0.0,0.0,0.0,0.0,-6.0226107261202415,0.0,0.0,0.0,0.0,0.0,0.0,0.0,0.0,0.05809996459545802,0.0,-0.23632203822229053
10.782945736434108,-4.304219747416558,-1.8496312041080265,-3.7018938163679764,-1.8496312041080265,0.0,0.0,0.0,0.0,0.0,0.0,-1.8496325017841466,-4.300736445209623,-1.8496324998742364,-3.699264639730403,0.0,0.0,0.0,0.0,0.0,0.0,-3.6966354613123413,-1.8496312041680913,-4.297251455771031,-1.8496312041680913,0.0,0.0,0.0,0.0,0.0,0.0,-1.8496325017841466,-1.8509469096144149,-1.8496324998742364,-6.1490546050934425,0.0,0.0,0.0,0.0,0.0,0.0,0.0,0.0,0.0,0.0,-28.022610966180576,0.0,0.0,28.022609986181802,0.0,0.0,0.0,0.0,0.0,0.0,0.0,-32.02261086171684,0.0,32.02260987912228,0.0,0.0,0.0,0.0,0.0,0.0,0.0,0.0,-30.022610971012522,30.02260998962573,0.0,0.0,0.0,-44.45392056701905,0.0,0.0,0.0,0.0,0.0,-16.022610960368205,0.0,0.0,0.0,0.0,0.0,-16.709426429398103,0.0,0.0,0.0,0.0,-6.0226108058114605,0.0,0.0,0.0,0.0,0.0,0.0,0.0,0.0,0.056942417959657265,0.0,-0.23487705436229384
10.883720930232558,-4.304014909568918,-1.8496313378992253,-3.7017392022595677,-1.8496313378992253,0.0,0.0,0.0,0.0,0.0,0.0,-1.8496324868453136,-4.300736423490493,-1.8496324868453136,-3.6992646509158065,0.0,0.0,0.0,0.0,0.0,0.0,-3.6967901023310814,-1.8496313363210606,-4.297456442805973,-1.8496313363210606,0.0,0.0,0.0,0.0,0.0,0.0,-1.8496324868453136,-1.850869599650481,-1.8496324868453136,-6.1491319045416315,0.0,0.0,0.0,0.0,0.0,0.0,0.0,0.0,0.0,0.0,-28.02261102165755,0.0,0.0,28.02261003937532,0.0,0.0,0.0,0.0,0.0,0.0,0.0,-32.02261091660122,0.0,32.022610159553814,0.0,0.0,0.0,0.0,0.0,0.0,0.0,0.0,-30.022611026172576,30.022610042660787,0.0,0.0,0.0,-44.453920423647695,0.0,0.0,0.0,0.0,0.0,-16.022611015100473,0.0,0.0,0.0,0.0,0.0,-16.709426458919303,0.0,0.0,0.0,0.0,-6.022610876404627,0.0,0.0,0.0,0.0,0.0,0.0,0.0,0.0,0.05581194943097417,0.0,-0.2334658809142326
10.984496124031008,-4.303822114664312,-1.8496314547100832,-3.701593677360145,-1.8496314547100832,0.0,0.0,0.0,0.0,0.0,0.0,-1.8496324736947576,-4.300736404250953,-1.8496324736947576,-3.6992646618579443,0.0,0.0,0.0,0.0,0.0,0.0,-3.6969356480135755,-1.849631456123449,-4.2976493698657166,-1.849631456123449,0.0,0.0,0.0,0.0,0.0,0.0,-1.8496324736947576,-1.8507968389720775,-1.8496324736947576,-6.149204656939555,0.0,0.0,0.0,0.0,0.0,0.0,0.0,0.0,0.0,0.0,-28.02261107080093,0.0,0.0,28.02261008649593,0.0,0.0,0.0,0.0,0.0,0.0,0.0,-32.02261096521972,0.0,32.02260997887766,0.0,0.0,0.0,0.0,0.0,0.0,0.0,0.0,-30.02261107503523,30.022610089641034,0.0,0.0,0.0,-44.45392020722689,0.0,0.0,0.0,0.0,0.0,-16.02261106358416,0.0,0.0,0.0,0.0,0.0,-16.7094264858503,0.0,0.0,0.0,0.0,-6.022610938938432,0.0,0.0,0.0,0.0,0.0,0.0,0.0,0.0,0.05470776831117269,0.0,-0.23208752992533166
11.085271317829458,-4.303640654898913,-1.8496315598891864,-3.701456710990042,-1.8496315598891864,0.0,0.0,0.0,0.0,0.0,0.0,-1.849632462237343,-4.300736387207927,-1.849632462237343,-3.6992646714115898,0.0,0.0,0.0,0.0,0.0,0.0,-3.6970726335610467,-1.8496315594526866,-4.29783094669828,-1.8496315604070013,0.0,0.0,0.0,0.0,0.0,0.0,-1.849632462237343,-1.850728354366713,-1.849632462237343,-6.149273133116507,0.0,0.0,0.0,0.0,0.0,0.0,0.0,0.0,0.0,0.0,-28.022611114333802,0.0,0.0,28.022610128236963,0.0,0.0,0.0,0.0,0.0,0.0,0.0,-32.0226110082874,0.0,32.02261024792042,0.0,0.0,0.0,0.0,0.0,0.0,0.0,0.0,-30.0226111183194,30.022610131257714,0.0,0.0,0.0,-44.45392003344517,0.0,0.0,0.0,0.0,0.0,-16.02261110653266,0.0,0.0,0.0,0.0,0.0,-16.709426506969738,0.0,0.0,0.0,0.0,-6.022610994332991,0.0,0.0,0.0,0.0,0.0,0.0,0.0,0.0,0.053629113803445316,0.0,-0.23074105033518005
11.186046511627907,-4.303469864043062,-1.8496316533226937,-3.701327797196773,-1.8496316523672949,0.0,0.0,0.0,0.0,0.0,0.0,-1.8496324523887937,-4.300736372110644,-1.8496324504788835,-3.6992646784532335,0.0,0.0,0.0,0.0,0.0,0.0,-3.697201563633611,-1.8496316539656257,-4.29800184125655,-1.8496316520567793,0.0,0.0,0.0,0.0,0.0,0.0,-1.8496324533437485,-1.8506639003264866,-1.849632450478883,-6.1493375819809515,0.0,0.0,0.0,0.0,0.0,0.0,0.0,0.0,0.0,0.0,-28.022611152896676,0.0,0.0,28.02261016521256,0.0,0.0,0.0,0.0,0.0,0.0,0.0,-32.02261104643815,0.0,32.02261028468997,0.0,0.0,0.0,0.0,0.0,0.0,0.0,0.0,-30.02261115666197,30.022610168123162,0.0,0.0,0.0,-44.45391984700955,0.0,0.0,0.0,0.0,0.0,-16.022611144577873,0.0,0.0,0.0,0.0,0.0,-16.709426529511642,0.0,0.0,0.0,0.0,-6.02261104340336,0.0,0.0,0.0,0.0,0.0,0.0,0.0,0.0,0.052575252672271144,0.0,-0.22942552603110594
11.286821705426357,-4.303309115000079,-1.8496317361722197,-3.7012064701077727,-1.8496317361722197,0.0,0.0,0.0,0.0,0.0,0.0,-1.8496324421645445,-4.300736358736964,-1.8496324440744543,-3.6992646885632974,0.0,0.0,0.0,0.0,0.0,0.0,-3.697322905615213,-1.8496317352306986,-4.298162682162465,-1.8496317352306986,0.0,0.0,0.0,0.0,0.0,0.0,-1.8496324421645438,-1.8506032342180128,-1.849632444074454,-6.149398242930007,0.0,0.0,0.0,0.0,0.0,0.0,0.0,0.0,0.0,0.0,-28.02261118705696,0.0,0.0,28.02261019796678,0.0,0.0,0.0,0.0,0.0,0.0,0.0,-32.02261108023352,0.0,32.022610089727394,0.0,0.0,0.0,0.0,0.0,0.0,0.0,0.0,-30.022611190627092,30.022610200779805,0.0,0.0,0.0,-44.4539197632122,0.0,0.0,0.0,0.0,0.0,-16.022611178279586,0.0,0.0,0.0,0.0,0.0,-16.70942654444736,0.0,0.0,0.0,0.0,-6.02261108687154,0.0,0.0,0.0,0.0,0.0,0.0,0.0,0.0,0.05154547835610479,0.0,-0.22814007425049632
11.387596899224807,-4.303157817513171,-1.8496318090670347,-3.7010922744856303,-1.8496318090670347,0.0,0.0,0.0,0.0,0.0,0.0,-1.849632435318283,-4.300736346890108,-1.849632435318283,-3.699264694924832,0.0,0.0,0.0,0.0,0.0,0.0,-3.6974371161731074,-1.8496318076569216,-4.298314061024602,-1.8496318076569216,0.0,0.0,0.0,0.0,0.0,0.0,-1.849632435318283,-1.8505461363353755,-1.849632435318283,-6.149455335340605,0.0,0.0,0.0,0.0,0.0,0.0,0.0,0.0,0.0,0.0,-28.022611217317287,0.0,0.0,28.022610226981566,0.0,0.0,0.0,0.0,0.0,0.0,0.0,-32.02261111017059,0.0,32.02261011858055,0.0,0.0,0.0,0.0,0.0,0.0,0.0,0.0,-30.02261122071455,30.022610229708153,0.0,0.0,0.0,-44.453919669485316,0.0,0.0,0.0,0.0,0.0,-16.022611208133675,0.0,0.0,0.0,0.0,0.0,-16.709426563954274,0.0,0.0,0.0,0.0,-6.022611125377104,0.0,0.0,0.0,0.0,0.0,0.0,0.0,0.0,0.050539109871898524,0.0,-0.22688384429883635
11.488372093023255,-4.303015416001581,-1.8496318722558553,-3.7009847956230146,-1.8496318722558553,0.0,0.0,0.0,0.0,0.0,0.0,-1.8496324289265638,-4.300736336395771,-1.8496324279716088,-3.6992647002855406,0.0,0.0,0.0,0.0,0.0,0.0,-3.697544607587531,-1.849631871968108,-4.2984565346208905,-1.8496318729226398,0.0,0.0,0.0,0.0,0.0,0.0,-1.8496324279716092,-1.8504923965297784,-1.8496324279716092,-6.149509069070117,0.0,0.0,0.0,0.0,0.0,0.0,0.0,0.0,0.0,0.0,-28.022611244122896,0.0,0.0,28.02261025268384,0.0,0.0,0.0,0.0,0.0,0.0,0.0,-32.02261113668975,0.0,32.0226101441396,0.0,0.0,0.0,0.0,0.0,0.0,0.0,0.0,-30.02261124736702,30.02261025533386,0.0,0.0,0.0,-44.453919566962576,0.0,0.0,0.0,0.0,0.0,-16.022611234579443,0.0,0.0,0.0,0.0,0.0,-16.709426578644276,0.0,0.0,0.0,0.0,-6.022611159486626,0.0,0.0,0.0,0.0,0.0,0.0,0.0,0.0,0.049555490894831467,0.0,-0.2256560160986132
11.589147286821705,-4.3028813875266305,-1.8496319296261965,-3.7008836377388623,-1.8496319305815954,0.0,0.0,0.0,0.0,0.0,0.0,-1.849632421982538,-4.3007363270995285,-1.8496324229374927,-3.699264706451545,0.0,0.0,0.0,0.0,0.0,0.0,-3.6976457769739848,-1.849631929804873,-4.298590626951012,-1.849631929804873,0.0,0.0,0.0,0.0,0.0,0.0,-1.8496324229374932,-1.8504418180285012,-1.8496324229374932,-6.149559645407874,0.0,0.0,0.0,0.0,0.0,0.0,0.0,0.0,0.0,0.0,-28.022611267868196,0.0,0.0,28.022610275451775,0.0,0.0,0.0,0.0,0.0,0.0,0.0,-32.02261116018133,0.0,32.02261016678067,0.0,0.0,0.0,0.0,0.0,0.0,0.0,0.0,-30.02261127097666,30.022610278033966,0.0,0.0,0.0,-44.45391945664815,0.0,0.0,0.0,0.0,0.0,-16.022611258006012,0.0,0.0,0.0,0.0,0.0,-16.709426589678014,0.0,0.0,0.0,0.0,-6.022611189701983,0.0,0.0,0.0,0.0,0.0,0.0,0.0,0.0,0.048593987995830534,0.0,-0.2244557985569412
11.689922480620154,-4.302755239875495,-1.8496319803475594,-3.700788427306659,-1.8496319803475594,0.0,0.0,0.0,0.0,0.0,0.0,-1.8496324163501474,-4.3007363188646055,-1.8496324163501474,-3.699264710466046,0.0,0.0,0.0,0.0,0.0,0.0,-3.6977409943769572,-1.8496319806454982,-4.298716831167143,-1.8496319806454982,0.0,0.0,0.0,0.0,0.0,0.0,-1.8496324163501474,-1.850394213614314,-1.8496324163501474,-6.1496072456127076,0.0,0.0,0.0,0.0,0.0,0.0,0.0,0.0,0.0,0.0,-28.0226112889026,0.0,0.0,28.02261029562038,0.0,0.0,0.0,0.0,0.0,0.0,0.0,-32.02261118099103,0.0,32.022610414371265,0.0,0.0,0.0,0.0,0.0,0.0,0.0,0.0,-30.022611291890886,30.02261029814248,0.0,0.0,0.0,-44.45391939635533,0.0,0.0,0.0,0.0,0.0,-16.022611278758042,0.0,0.0,0.0,0.0,0.0,-16.709426608781882,0.0,0.0,0.0,0.0,-6.022611216467764,0.0,0.0,0.0,0.0,0.0,0.0,0.0,0.0,0.047653990188807616,0.0,-0.22328242855421815
11.790697674418604,-4.302636509757743,-1.8496320267978161,-3.7006988164679444,-1.8496320267978161,0.0,0.0,0.0,0.0,0.0,0.0,-1.8496324110337161,-4.300736311569836,-1.8496324110337161,-3.6992647170223747,0.0,0.0,0.0,0.0,0.0,0.0,-3.6978306117744446,-1.849632026316864,-4.2988356113923825,-1.849632026316864,0.0,0.0,0.0,0.0,0.0,0.0,-1.8496324110337161,-1.8503494094446171,-1.8496324110337161,-6.149652049054384,0.0,0.0,0.0,0.0,0.0,0.0,0.0,0.0,0.0,0.0,-28.022611307535573,0.0,0.0,28.0226103134864,0.0,0.0,0.0,0.0,0.0,0.0,0.0,-32.022611199424915,0.0,32.0226102046034,0.0,0.0,0.0,0.0,0.0,0.0,0.0,0.0,-30.02261131041742,30.022610315955276,0.0,0.0,0.0,-44.45391927302457,0.0,0.0,0.0,0.0,0.0,-16.022611297140863,0.0,0.0,0.0,0.0,0.0,-16.709426615470022,0.0,0.0,0.0,0.0,-6.022611240177788,0.0,0.0,0.0,0.0,0.0,0.0,0.0,0.0,0.04673490799651098,0.0,-0.22213516940629285
11.891472868217054,-4.302524761106287,-1.8496320634206476,-3.700614475060063,-1.8496320634206476,0.0,0.0,0.0,0.0,0.0,0.0,-1.849632406952128,-4.3007363051078915,-1.8496324059971727,-3.6992647174537936,0.0,0.0,0.0,0.0,0.0,0.0,-3.6979149595929965,-1.8496320659204926,-4.298947404430317,-1.8496320659204926,0.0,0.0,0.0,0.0,0.0,0.0,-1.849632406952128,-1.8503072393211086,-1.8496324059971727,-6.149694213157173,0.0,0.0,0.0,0.0,0.0,0.0,0.0,0.0,0.0,0.0,-28.022611324041254,0.0,0.0,28.022610329312702,0.0,0.0,0.0,0.0,0.0,0.0,0.0,-32.02261121575423,0.0,32.02261022034153,0.0,0.0,0.0,0.0,0.0,0.0,0.0,0.0,-30.02261132682882,30.022610331734437,0.0,0.0,0.0,-44.45391925812519,0.0,0.0,0.0,0.0,0.0,-16.02261131342499,0.0,0.0,0.0,0.0,0.0,-16.70942662659665,0.0,0.0,0.0,0.0,-6.0226112611809235,0.0,0.0,0.0,0.0,0.0,0.0,0.0,0.0,0.04583617179646643,0.0,-0.221013310288537
11.992248062015504,-4.302419583480672,-1.84963210096787,-3.700535098962463,-1.84963210096787,0.0,0.0,0.0,0.0,0.0,0.0,-1.8496324040734273,-4.300736299383682,-1.8496324040734273,-3.699264722200898,0.0,0.0,0.0,0.0,0.0,0.0,-3.697994347920397,-1.8496321002644396,-4.299052621375174,-1.8496321002644396,0.0,0.0,0.0,0.0,0.0,0.0,-1.8496324040734273,-1.850267548509074,-1.8496324040734273,-6.149733903001333,0.0,0.0,0.0,0.0,0.0,0.0,0.0,0.0,0.0,0.0,-28.022611338662553,0.0,0.0,28.022610343332175,0.0,0.0,0.0,0.0,0.0,0.0,0.0,-32.0226112302193,0.0,32.02261023428288,0.0,0.0,0.0,0.0,0.0,0.0,0.0,0.0,-30.022611341366577,30.022610345712145,0.0,0.0,0.0,-44.453919181504276,0.0,0.0,0.0,0.0,0.0,-16.022611327850004,0.0,0.0,0.0,0.0,0.0,-16.709426637527265,0.0,0.0,0.0,0.0,-6.02261127978619,0.0,0.0,0.0,0.0,0.0,0.0,0.0,0.0,0.0449572320482261,0.0,-0.219916164360609
12.093023255813954,-4.302320590560908,-1.8496321305901164,-3.70046038316457,-1.8496321305901164,0.0,0.0,0.0,0.0,0.0,0.0,-1.8496324004593998,-4.300736294312988,-1.8496323985494896,-3.699264723567439,0.0,0.0,0.0,0.0,0.0,0.0,-3.6980690647821097,-1.849632131485559,-4.29915164912515,-1.849632131485559,0.0,0.0,0.0,0.0,0.0,0.0,-1.8496324004593998,-1.85023019278196,-1.8496323985494896,-6.14977125503298,0.0,0.0,0.0,0.0,0.0,0.0,0.0,0.0,0.0,0.0,-28.022611351614586,0.0,0.0,28.022610355751095,0.0,0.0,0.0,0.0,0.0,0.0,0.0,-32.02261124303298,0.0,32.022610246632624,0.0,0.0,0.0,0.0,0.0,0.0,0.0,0.0,-30.022611354244614,30.022610358094063,0.0,0.0,0.0,-44.45391910063334,0.0,0.0,0.0,0.0,0.0,-16.022611340628174,0.0,0.0,0.0,0.0,0.0,-16.709426638196653,0.0,0.0,0.0,0.0,-6.022611296267364,0.0,0.0,0.0,0.0,0.0,0.0,0.0,0.0,0.0440975574831845,0.0,-0.21884306854614427
12.193798449612403,-4.302227418731715,-1.849632159609438,-3.700390068461074,-1.849632159609438,0.0,0.0,0.0,0.0,0.0,0.0,-1.8496323960849705,-4.300736289821195,-1.8496323970399253,-3.6992647262780407,0.0,0.0,0.0,0.0,0.0,0.0,-3.698139384852406,-1.8496321578646315,-4.299244851808134,-1.8496321578646315,0.0,0.0,0.0,0.0,0.0,0.0,-1.8496323960849705,-1.850195032691225,-1.8496323970399253,-6.149806413350701,0.0,0.0,0.0,0.0,0.0,0.0,0.0,0.0,0.0,0.0,-28.022611363087925,0.0,0.0,28.022610366752183,0.0,0.0,0.0,0.0,0.0,0.0,0.0,-32.02261125438373,0.0,32.02261025757242,0.0,0.0,0.0,0.0,0.0,0.0,0.0,0.0,-30.02261136565241,30.02261036906238,0.0,0.0,0.0,-44.45391907292133,0.0,0.0,0.0,0.0,0.0,-16.022611351947496,0.0,0.0,0.0,0.0,0.0,-16.709426655911365,0.0,0.0,0.0,0.0,-6.022611310866933,0.0,0.0,0.0,0.0,0.0,0.0,0.0,0.0,0.043256634833094276,0.0,-0.21779338179369473
12.294573643410853,-4.302139725748523,-1.8496321823620712,-3.7003238850373155,-1.8496321823620712,0.0,0.0,0.0,0.0,0.0,0.0,-1.849632394747749,-4.300736285842224,-1.849632393792794,-3.6992647274234187,0.0,0.0,0.0,0.0,0.0,0.0,-3.6982055742832953,-1.8496321829284583,-4.2993325721225455,-1.8496321829284583,0.0,0.0,0.0,0.0,0.0,0.0,-1.849632394747749,-1.8501619421605668,-1.849632393792794,-6.149839501055459,0.0,0.0,0.0,0.0,0.0,0.0,0.0,0.0,0.0,0.0,-28.022611373251387,0.0,0.0,28.022610376497312,0.0,0.0,0.0,0.0,0.0,0.0,0.0,-32.022611264438595,0.0,32.022610267263246,0.0,0.0,0.0,0.0,0.0,0.0,0.0,0.0,-30.022611375757815,30.022610378778477,0.0,0.0,0.0,-44.4539190418743,0.0,0.0,0.0,0.0,0.0,-16.02261136197453,0.0,0.0,0.0,0.0,0.0,-16.709426653724098,0.0,0.0,0.0,0.0,-6.022611323799724,0.0,0.0,0.0,0.0,0.0,0.0,0.0,0.0,0.04243396817260603,0.0,-0.21676648464391546
12.395348837209303,-4.3020571894828326,-1.8496322064757034,-3.7002615973733564,-1.8496322064757034,0.0,0.0,0.0,0.0,0.0,0.0,-1.8496323916532829,-4.300736282317511,-1.8496323926082379,-3.6992647317389924,0.0,0.0,0.0,0.0,0.0,0.0,-3.6982678668346205,-1.8496322044746998,-4.299415132599229,-1.8496322044746998,0.0,0.0,0.0,0.0,0.0,0.0,-1.8496323916532829,-1.8501307970261307,-1.8496323926082379,-6.149870646988001,0.0,0.0,0.0,0.0,0.0,0.0,0.0,0.0,0.0,0.0,-28.022611382254524,0.0,0.0,28.02261038512987,0.0,0.0,0.0,0.0,0.0,0.0,0.0,-32.02261127334556,0.0,32.02261027584772,0.0,0.0,0.0,0.0,0.0,0.0,0.0,0.0,-30.022611384709517,30.022610387385324,0.0,0.0,0.0,-44.453919007873,0.0,0.0,0.0,0.0,0.0,-16.022611370856804,0.0,0.0,0.0,0.0,0.0,-16.709426669518987,0.0,0.0,0.0,0.0,-6.022611335256013,0.0,0.0,0.0,0.0,0.0,0.0,0.0,0.0,0.0416290779131287,0.0,-0.21576177832317162
12.496124031007751,-4.301979506739781,-1.8496322237702458,-3.700202968007346,-1.8496322237702458,0.0,0.0,0.0,0.0,0.0,0.0,-1.8496323896490086,-4.300736279195205,-1.8496323886940533,-3.699264732505219,0.0,0.0,0.0,0.0,0.0,0.0,-3.6983264962725135,-1.8496322245689776,-4.299492836788992,-1.8496322245689776,0.0,0.0,0.0,0.0,0.0,0.0,-1.849632388694054,-1.850101484585775,-1.849632388694054,-6.1498999570790955,0.0,0.0,0.0,0.0,0.0,0.0,0.0,0.0,0.0,0.0,-28.022611390229798,0.0,0.0,28.02261039277688,0.0,0.0,0.0,0.0,0.0,0.0,0.0,-32.022611281235626,0.0,32.022610283452124,0.0,0.0,0.0,0.0,0.0,0.0,0.0,0.0,-30.022611392639238,30.02261039500955,0.0,0.0,0.0,-44.45391897125474,0.0,0.0,0.0,0.0,0.0,-16.02261137872502,0.0,0.0,0.0,0.0,0.0,-16.70942666089262,0.0,0.0,0.0,0.0,-6.022611345404378,0.0,0.0,0.0,0.0,0.0,0.0,0.0,0.0,0.040841499958886585,0.0,-0.21477868348239448
12.5968992248062,-4.301906392146843,-1.8496322413638113,-3.700147790128262,-1.8496322413638113,0.0,0.0,0.0,0.0,0.0,0.0,-1.849632386809577,-4.300736276429362,-1.849632387764532,-3.6992647335110416,0.0,0.0,0.0,0.0,0.0,0.0,-3.6983816771639453,-1.8496322404241332,-4.299565970380406,-1.8496322404241332,0.0,0.0,0.0,0.0,0.0,0.0,-1.849632386809577,-1.8500738940492585,-1.849632387764532,-6.149927545862004,0.0,0.0,0.0,0.0,0.0,0.0,0.0,0.0,0.0,0.0,-28.022611397294565,0.0,0.0,28.022610399550857,0.0,0.0,0.0,0.0,0.0,0.0,0.0,-32.022611288224894,0.0,32.02261051772269,0.0,0.0,0.0,0.0,0.0,0.0,0.0,0.0,-30.022611399663646,30.02261040176335,0.0,0.0,0.0,-44.453918989242005,0.0,0.0,0.0,0.0,0.0,-16.022611385694958,0.0,0.0,0.0,0.0,0.0,-16.709426665634382,0.0,0.0,0.0,0.0,-6.022611354394131,0.0,0.0,0.0,0.0,0.0,0.0,0.0,0.0,0.04007078584309515,0.0,-0.2138166398197791
12.69767441860465,-4.301837577105829,-1.8496322554892308,-3.7000958543068414,-1.8496322564443046,0.0,0.0,0.0,0.0,0.0,0.0,-1.8496323850312213,-4.30073627397929,-1.8496323859861765,-3.6992647356840607,0.0,0.0,0.0,0.0,0.0,0.0,-3.6984336142616887,-1.849632255300146,-4.299634802250839,-1.8496322562548946,0.0,0.0,0.0,0.0,0.0,0.0,-1.849632385986176,-1.8500479270425227,-1.849632385986176,-6.149953511642768,0.0,0.0,0.0,0.0,0.0,0.0,0.0,0.0,0.0,0.0,-28.022611403552784,0.0,0.0,28.022610405551475,0.0,0.0,0.0,0.0,0.0,0.0,0.0,-32.02261129441623,0.0,32.02261029615554,0.0,0.0,0.0,0.0,0.0,0.0,0.0,0.0,-30.022611405886106,30.02261040774609,0.0,0.0,0.0,-44.453918891328236,0.0,0.0,0.0,0.0,0.0,-16.022611391869162,0.0,0.0,0.0,0.0,0.0,-16.709426673351867,0.0,0.0,0.0,0.0,-6.022611362357566,0.0,0.0,0.0,0.0,0.0,0.0,0.0,0.0,0.03931650102966672,0.0,-0.2128751053010261
12.7984496124031,-4.301772808808008,-1.8496322692737774,-3.700046976407934,-1.8496322692737774,0.0,0.0,0.0,0.0,0.0,0.0,-1.84963238525678,-4.30073627180893,-1.8496323843018248,-3.699264737090133,0.0,0.0,0.0,0.0,0.0,0.0,-3.698482498475965,-1.8496322702885906,-4.2996995854565485,-1.8496322702885906,0.0,0.0,0.0,0.0,0.0,0.0,-1.84963238525678,-1.850023489012891,-1.8496323843018248,-6.149977949868752,0.0,0.0,0.0,0.0,0.0,0.0,0.0,0.0,0.0,0.0,-28.022611409096502,0.0,0.0,28.022610410867014,0.0,0.0,0.0,0.0,0.0,0.0,0.0,-32.02261129990074,0.0,32.022610301441475,0.0,0.0,0.0,0.0,0.0,0.0,0.0,0.0,-30.022611411398163,30.0226104130458,0.0,0.0,0.0,-44.453918905442855,0.0,0.0,0.0,0.0,0.0,-16.022611397338466,0.0,0.0,0.0,0.0,0.0,-16.709426673617724,0.0,0.0,0.0,0.0,-6.022611369411833,0.0,0.0,0.0,0.0,0.0,0.0,0.0,0.0,0.038578225583681125,0.0,-0.21195355499534219
12.89922480620155,-4.301711849306346,-1.849632280929276,-3.700000971099322,-1.849632280929276,0.0,0.0,0.0,0.0,0.0,0.0,-1.8496323827007464,-4.300736269886355,-1.8496323827007464,-3.699264736752841,0.0,0.0,0.0,0.0,0.0,0.0,-3.6985285028040247,-1.8496322808470935,-4.299760558164334,-1.8496322808470935,0.0,0.0,0.0,0.0,0.0,0.0,-1.8496323827007464,-1.850000485409073,-1.8496323827007464,-6.150000951218051,0.0,0.0,0.0,0.0,0.0,0.0,0.0,0.0,0.0,0.0,-28.02261141400733,0.0,0.0,28.022610415575702,0.0,0.0,0.0,0.0,0.0,0.0,0.0,-32.0226113047591,0.0,32.02261030612392,0.0,0.0,0.0,0.0,0.0,0.0,0.0,0.0,-30.022611416280917,30.022610417740452,0.0,0.0,0.0,-44.453918861022295,0.0,0.0,0.0,0.0,0.0,-16.022611402183358,0.0,0.0,0.0,0.0,0.0,-16.70942668271945,0.0,0.0,0.0,0.0,-6.022611375660739,0.0,0.0,0.0,0.0,0.0,0.0,0.0,0.0,0.03785555233691562,0.0,-0.21105148099997972
13.0,-4.301654474636715,-1.849632291063693,-3.6999576712469575,-1.849632291063693,0.0,0.0,0.0,0.0,0.0,0.0,-1.8496323830833423,-4.300736268183269,-1.849632381173432,-3.6992647375180328,0.0,0.0,0.0,0.0,0.0,0.0,-3.698571806862335,-1.8496322914543855,-4.29981794453229,-1.8496322914543855,0.0,0.0,0.0,0.0,0.0,0.0,-1.8496323830833423,-1.8499788360053278,-1.849632381173432,-6.1500225996889375,0.0,0.0,0.0,0.0,0.0,0.0,0.0,0.0,0.0,0.0,-28.022611418357506,0.0,0.0,28.022610419746822,0.0,0.0,0.0,0.0,0.0,0.0,0.0,-32.02261130906279,0.0,32.02261053780613,0.0,0.0,0.0,0.0,0.0,0.0,0.0,0.0,-30.02261142060625,30.02261042189915,0.0,0.0,0.0,-44.453918872098065,0.0,0.0,0.0,0.0,0.0,-16.02261140647513,0.0,0.0,0.0,0.0,0.0,-16.7094266794731,0.0,0.0,0.0,0.0,-6.022611381196247,0.0,0.0,0.0,0.0,0.0,0.0,0.0,0.0,0.037148087365761195,0.0,-0.21016839133781995
