time,A_1_1,A_1_2,A_1_3,A_1_4,A_1_5,A_1_6,A_1_7,A_1_8,A_1_9,A_1_10,A_2_1,A_2_2,A_2_3,A_2_4,A_2_5,A_2_6,A_2_7,A_2_8,A_2_9,A_2_10,A_3_1,A_3_2,A_3_3,A_3_4,A_3_5,A_3_6,A_3_7,A_3_8,A_3_9,A_3_10,A_4_1,A_4_2,A_4_3,A_4_4,A_4_5,A_4_6,A_4_7,A_4_8,A_4_9,A_4_10,A_5_1,A_5_2,A_5_3,A_5_4,A_5_5,A_5_6,A_5_7,A_5_8,A_5_9,A_5_10,A_6_1,A_6_2,A_6_3,A_6_4,A_6_5,A_6_6,A_6_7,A_6_8,A_6_9,A_6_10,A_7_1,A_7_2,A_7_3,A_7_4,A_7_5,A_7_6,A_7_7,A_7_8,A_7_9,A_7_10,A_8_1,A_8_2,A_8_3,A_8_4,A_8_5,A_8_6,A_8_7,A_8_8,A_8_9,A_8_10,A_9_1,A_9_2,A_9_3,A_9_4,A_9_5,A_9_6,A_9_7,A_9_8,A_9_9,A_9_10,A_10_1,A_10_2,A_10_3,A_10_4,A_10_5,A_10_6,A_10_7,A_10_8,A_10_9,A_10_10
0.0,2.9999999999999996,0.0,2.9999999999999996,2.9999999999999996,0.0,0.0,0.0,0.0,0.0,0.0,1.0,1.0,0.0,1.0,0.0,0.0,0.0,0.05,0.0,0.0,3.0,3.0,3.0,0.0,0.0,0.0,0.0,0.0,0.0,0.0,0.0,5.000000000000001,5.000000000000001,5.000000000000001,0.0,0.0,0.0,0.0,1.2500000000000004,0.0,0.0,0.0,0.0,0.0,30.0,0.0,0.0,0.0,0.0,0.0,0.0,0.0,0.0,0.0,0.0,30.0,0.0,0.0,0.0,0.0,0.0,0.0,0.0,0.0,0.0,0.0,29.999999999999996,0.0,0.0,0.0,0.0,0.0,0.0,0.0,17.0,17.0,17.0,17.0,0.0,14.450000000000001,0.0,0.0,0.0,0.0,0.0,0.0,0.0,0.0,7.999999999999999,0.0,0.0,0.0,0.0,0.0,0.0,0.0,0.0,0.0,0.0,2.0
0.10077519379844961,3.392041801453572,0.0,3.392041801453572,3.392041801453572,0.0,0.0,0.0,0.0,0.0,0.0,0.9635708187575234,0.9635708187575234,0.0,0.9635708187575234,0.0,0.0,0.0,0.0464234361380522,0.0,0.0,2.3132692506197103,2.3132692506197103,2.3132692506197103,0.0,0.0,0.0,0.0,0.0,0.0,0.0,0.0,4.554495726702137,4.554495726702137,4.554495726702137,0.0,0.0,0.0,0.0,1.0371715662274015,0.0,0.0,0.0,0.0,0.0,27.226051739681093,0.0,0.0,0.0,0.0,0.0,0.0,0.0,0.0,0.0,0.0,31.037317979825687,0.0,0.0,0.0,0.0,0.0,0.0,0.0,0.0,0.0,0.0,29.11696081807653,0.0,0.0,0.0,0.0,0.0,0.0,0.0,19.499676594555183,19.499676594555183,19.499676594555183,19.499676594555183,0.0,19.011869364612163,0.0,0.0,0.0,0.0,0.0,0.0,0.0,0.0,8.495574436197746,0.0,0.0,0.0,0.0,0.0,0.0,0.0,0.0,0.0,0.0,2.9697571882633538
0.20155038759689922,3.8680714062065165,0.0,3.8680714062065165,3.8680714062065165,0.0,0.0,0.0,0.0,0.0,0.0,1.0221593418844876,1.0221593418844876,0.0,1.0221593418844876,0.0,0.0,0.0,0.05224048601008644,0.0,0.0,1.8803040580476653,1.8803040580476653,1.8803040580476653,0.0,0.0,0.0,0.0,0.0,0.0,0.0,0.0,4.134698283826215,4.134698283826215,4.134698283826215,0.0,0.0,0.0,0.0,0.8547864949137725,0.0,0.0,0.0,0.0,0.0,27.787755140504093,0.0,0.0,0.0,0.0,0.0,0.0,0.0,0.0,0.0,0.0,31.798602588024615,0.0,0.0,0.0,0.0,0.0,0.0,0.0,0.0,0.0,0.0,29.792214576041637,0.0,0.0,0.0,0.0,0.0,0.0,0.0,19.888855656551932,19.888855656551932,19.888855656551932,19.888855656551932,0.0,19.77832896635789,0.0,0.0,0.0,0.0,0.0,0.0,0.0,0.0,8.829576640064758,0.0,0.0,0.0,0.0,0.0,0.0,0.0,0.0,0.0,0.0,4.761180603161887
0.3023255813953488,4.319137516220005,0.0,4.319137516220005,4.319137516220005,0.0,0.0,0.0,0.0,0.0,0.0,1.1623823285135262,1.1623823285135262,0.0,1.1623823285135262,0.0,0.0,0.0,0.06755663388202636,0.0,0.0,1.5781234236740496,1.5781234236740496,1.5781234236740496,0.0,0.0,0.0,0.0,0.0,0.0,0.0,0.0,3.699681115906041,3.699681115906041,3.699681115906041,0.0,0.0,0.0,0.0,0.6843820179695885,0.0,0.0,0.0,0.0,0.0,27.918520589805468,0.0,0.0,0.0,0.0,0.0,0.0,0.0,0.0,0.0,0.0,31.92237954029896,0.0,0.0,0.0,0.0,0.0,0.0,0.0,0.0,0.0,0.0,29.920599624581897,0.0,0.0,0.0,0.0,0.0,0.0,0.0,19.9318906439767,19.9318906439767,19.9318906439767,19.9318906439767,0.0,19.864013232172297,0.0,0.0,0.0,0.0,0.0,0.0,0.0,0.0,9.076309851779811,0.0,0.0,0.0,0.0,0.0,0.0,0.0,0.0,0.0,0.0,6.542415031372121
0.40310077519379844,4.6643873596645795,0.0,4.6643873596645795,4.6643873596645795,0.0,0.0,0.0,0.0,0.0,0.0,1.3916748665435053,1.3916748665435053,0.0,1.3916748665435053,0.0,0.0,0.0,0.09683794670844416,0.0,0.0,1.3639075149325706,1.3639075149325706,1.3639075149325706,0.0,0.0,0.0,0.0,0.0,0.0,0.0,0.0,3.2611236544213598,3.2611236544213598,3.2611236544213598,0.0,0.0,0.0,0.0,0.5317463744713262,0.0,0.0,0.0,0.0,0.0,27.922986774150715,0.0,0.0,0.0,0.0,0.0,0.0,0.0,0.0,0.0,0.0,31.922846524390884,0.0,0.0,0.0,0.0,0.0,0.0,0.0,0.0,0.0,0.0,29.92294420578022,0.0,0.0,0.0,0.0,0.0,0.0,0.0,19.91691077004852,19.91691077004852,19.91691077004852,19.91691077004852,0.0,19.83416673110374,0.0,0.0,0.0,0.0,0.0,0.0,0.0,0.0,9.27503188319826,0.0,0.0,0.0,0.0,0.0,0.0,0.0,0.0,0.0,0.0,7.7331303935685725
0.5038759689922481,4.852556534715591,0.0,4.852556534715591,4.852556534715591,0.0,0.0,0.0,0.0,0.0,0.0,1.7225789767402333,1.7225789767402333,0.0,1.7225789767402333,0.0,0.0,0.0,0.14836391655537148,0.0,0.0,1.2198192412588587,1.2198192412588587,1.2198192412588587,0.0,0.0,0.0,0.0,0.0,0.0,0.0,0.0,2.840675130366295,2.840675130366295,2.840675130366295,0.0,0.0,0.0,0.0,0.4034717598140784,0.0,0.0,0.0,0.0,0.0,27.892830505821298,0.0,0.0,0.0,0.0,0.0,0.0,0.0,0.0,0.0,0.0,31.891286185837732,0.0,0.0,0.0,0.0,0.0,0.0,0.0,0.0,0.0,0.0,29.892021532540713,0.0,0.0,0.0,0.0,0.0,0.0,0.0,19.877620374172565,19.877620374172565,19.877620374172565,19.877620374172565,0.0,19.755989586986015,0.0,0.0,0.0,0.0,0.0,0.0,0.0,0.0,9.439676127728905,0.0,0.0,0.0,0.0,0.0,0.0,0.0,0.0,0.0,0.0,8.323210416208093
0.6046511627906976,4.862673148192069,0.0,4.862673148192069,4.862673148192069,0.0,0.0,0.0,0.0,0.0,0.0,2.160766025223122,2.160766025223122,0.0,2.160766025223122,0.0,0.0,0.0,0.23344549078792648,0.0,0.0,1.1378021696846154,1.1378021696846154,1.1378021696846154,0.0,0.0,0.0,0.0,0.0,0.0,0.0,0.0,2.4545344524306385,2.4545344524306385,2.4545344524306385,0.0,0.0,0.0,0.0,0.30123696890844875,0.0,0.0,0.0,0.0,0.0,27.835659943294687,0.0,0.0,0.0,0.0,0.0,0.0,0.0,0.0,0.0,0.0,31.832839103888965,0.0,0.0,0.0,0.0,0.0,0.0,0.0,0.0,0.0,0.0,29.83417012697965,0.0,0.0,0.0,0.0,0.0,0.0,0.0,19.80957248294487,19.80957248294487,19.80957248294487,19.80957248294487,0.0,19.620958097852327,0.0,0.0,0.0,0.0,0.0,0.0,0.0,0.0,9.574195731967382,0.0,0.0,0.0,0.0,0.0,0.0,0.0,0.0,0.0,0.0,8.530182796018865
0.7054263565891473,4.700523346577258,0.0,4.700523346577258,4.700523346577258,0.0,0.0,0.0,0.0,0.0,0.0,2.691472600219258,2.691472600219258,0.0,2.691472600219258,0.0,0.0,0.0,0.3622012378865507,0.0,0.0,1.115557895714205,1.115557895714205,1.115557895714205,0.0,0.0,0.0,0.0,0.0,0.0,0.0,0.0,2.111446701854379,2.111446701854379,2.111446701854379,0.0,0.0,0.0,0.0,0.22291035873858675,0.0,0.0,0.0,0.0,0.0,27.743173504133946,0.0,0.0,0.0,0.0,0.0,0.0,0.0,0.0,0.0,0.0,31.738668643737917,0.0,0.0,0.0,0.0,0.0,0.0,0.0,0.0,0.0,0.0,29.740789684212363,0.0,0.0,0.0,0.0,0.0,0.0,0.0,19.702698993955007,19.702698993955007,19.702698993955007,19.702698993955007,0.0,19.409817382319783,0.0,0.0,0.0,0.0,0.0,0.0,0.0,0.0,9.680931447904587,0.0,0.0,0.0,0.0,0.0,0.0,0.0,0.0,0.0,0.0,8.517041668226403
0.8062015503875969,4.394760635706913,0.0,4.394760635706913,4.394760635706913,0.0,0.0,0.0,0.0,0.0,0.0,3.2696304839019277,3.2696304839019277,0.0,3.2696304839019277,0.0,0.0,0.0,0.5345241750630377,0.0,0.0,1.1558751677955659,1.1558751677955659,1.1558751677955659,0.0,0.0,0.0,0.0,0.0,0.0,0.0,0.0,1.8158253622458862,1.8158253622458862,1.8158253622458862,0.0,0.0,0.0,0.0,0.1648610873087702,0.0,0.0,0.0,0.0,0.0,27.608233380659545,0.0,0.0,0.0,0.0,0.0,0.0,0.0,0.0,0.0,0.0,31.601756415634902,0.0,0.0,0.0,0.0,0.0,0.0,0.0,0.0,0.0,0.0,29.604799267652073,0.0,0.0,0.0,0.0,0.0,0.0,0.0,19.552119079402804,19.552119079402804,19.552119079402804,19.552119079402804,0.0,19.114268024757358,0.0,0.0,0.0,0.0,0.0,0.0,0.0,0.0,9.763005100241903,0.0,0.0,0.0,0.0,0.0,0.0,0.0,0.0,0.0,0.0,8.363036819681644
0.9069767441860465,3.991144702120891,0.0,3.991144702120891,3.991144702120891,0.0,0.0,0.0,0.0,0.0,0.0,3.823979038849169,3.823979038849169,0.0,3.823979038849169,0.0,0.0,0.0,0.7311407844778907,0.0,0.0,1.2665397269862169,1.2665397269862169,1.2665397269862169,0.0,0.0,0.0,0.0,0.0,0.0,0.0,0.0,1.5705570701205687,1.5705570701205687,1.5705570701205687,0.0,0.0,0.0,0.0,0.12333247552528524,0.0,0.0,0.0,0.0,0.0,27.435164610861293,0.0,0.0,0.0,0.0,0.0,0.0,0.0,0.0,0.0,0.0,31.427005326464002,0.0,0.0,0.0,0.0,0.0,0.0,0.0,0.0,0.0,0.0,29.43082686674294,0.0,0.0,0.0,0.0,0.0,0.0,0.0,19.367781685679947,19.367781685679947,19.367781685679947,19.367781685679947,0.0,18.75554837120798,0.0,0.0,0.0,0.0,0.0,0.0,0.0,0.0,9.8241617176004,0.0,0.0,0.0,0.0,0.0,0.0,0.0,0.0,0.0,0.0,8.10998214632629
1.0077519379844961,3.541605172714101,0.0,3.541605172714101,3.541605172714101,0.0,0.0,0.0,0.0,0.0,0.0,4.277709106102908,4.277709106102908,0.0,4.277709106102908,0.0,0.0,0.0,0.9149397598217872,0.0,0.0,1.4594176879558587,1.4594176879558587,1.4594176879558587,0.0,0.0,0.0,0.0,0.0,0.0,0.0,0.0,1.3777198398180945,1.3777198398180945,1.3777198398180945,0.0,0.0,0.0,0.0,0.0949055978514198,0.0,0.0,0.0,0.0,0.0,27.24585444480709,0.0,0.0,0.0,0.0,0.0,0.0,0.0,0.0,0.0,0.0,31.23711991569413,0.0,0.0,0.0,0.0,0.0,0.0,0.0,0.0,0.0,0.0,29.241194052340173,0.0,0.0,0.0,0.0,0.0,0.0,0.0,19.17804363469282,19.17804363469282,19.17804363469282,19.17804363469282,0.0,18.38986788270909,0.0,0.0,0.0,0.0,0.0,0.0,0.0,0.0,9.868203512051506,0.0,0.0,0.0,0.0,0.0,0.0,0.0,0.0,0.0,0.0,7.799597701516958
1.1085271317829457,3.091134921551756,0.0,3.091134921551756,3.091134921551756,0.0,0.0,0.0,0.0,0.0,0.0,4.572564254547718,4.572564254547718,0.0,4.572564254547718,0.0,0.0,0.0,1.0454171930983764,0.0,0.0,1.7473028162506212,1.7473028162506212,1.7473028162506212,0.0,0.0,0.0,0.0,0.0,0.0,0.0,0.0,1.238323321176543,1.238323321176543,1.238323321176543,0.0,0.0,0.0,0.0,0.0766722323884852,0.0,0.0,0.0,0.0,0.0,27.075623563502536,0.0,0.0,0.0,0.0,0.0,0.0,0.0,0.0,0.0,0.0,31.068006921686518,0.0,0.0,0.0,0.0,0.0,0.0,0.0,0.0,0.0,0.0,29.071538395237912,0.0,0.0,0.0,0.0,0.0,0.0,0.0,19.02134074020448,19.02134074020448,19.02134074020448,19.02134074020448,0.0,18.090570177748134,0.0,0.0,0.0,0.0,0.0,0.0,0.0,0.0,9.89862231391206,0.0,0.0,0.0,0.0,0.0,0.0,0.0,0.0,0.0,0.0,7.485022200685393
1.2093023255813953,2.6699197835816117,0.0,2.6699197835816117,2.6699197835816117,0.0,0.0,0.0,0.0,0.0,0.0,4.681012094186716,4.681012094186716,0.0,4.681012094186716,0.0,0.0,0.0,1.0955937112961154,0.0,0.0,2.1370399928076664,2.1370399928076664,2.1370399928076664,0.0,0.0,0.0,0.0,0.0,0.0,0.0,0.0,1.1527116116968423,1.1527116116968423,1.1527116116968423,0.0,0.0,0.0,0.0,0.06643720298703659,0.0,0.0,0.0,0.0,0.0,26.95999667160649,0.0,0.0,0.0,0.0,0.0,0.0,0.0,0.0,0.0,0.0,30.95514118988138,0.0,0.0,0.0,0.0,0.0,0.0,0.0,0.0,0.0,0.0,28.957367072288303,0.0,0.0,0.0,0.0,0.0,0.0,0.0,18.93081317104205,18.93081317104205,18.93081317104205,18.93081317104205,0.0,17.91878436584496,0.0,0.0,0.0,0.0,0.0,0.0,0.0,0.0,9.918359571088763,0.0,0.0,0.0,0.0,0.0,0.0,0.0,0.0,0.0,0.0,7.222089166476626
1.3100775193798448,2.2937688643141305,0.0,2.2937688643141305,2.2937688643141305,0.0,0.0,0.0,0.0,0.0,0.0,4.605305914950721,4.605305914950721,0.0,4.605305914950721,0.0,0.0,0.0,1.0604421285140049,0.0,0.0,2.6190405651807365,2.6190405651807365,2.6190405651807365,0.0,0.0,0.0,0.0,0.0,0.0,0.0,0.0,1.1219822262841839,1.1219822262841839,1.1219822262841839,0.0,0.0,0.0,0.0,0.06294220580488068,0.0,0.0,0.0,0.0,0.0,26.921436371398972,0.0,0.0,0.0,0.0,0.0,0.0,0.0,0.0,0.0,0.0,30.920311756661544,0.0,0.0,0.0,0.0,0.0,0.0,0.0,0.0,0.0,0.0,28.920790496150666,0.0,0.0,0.0,0.0,0.0,0.0,0.0,18.922406749545566,18.922406749545566,18.922406749545566,18.922406749545566,0.0,17.90287385976238,0.0,0.0,0.0,0.0,0.0,0.0,0.0,0.0,9.92959123290369,0.0,0.0,0.0,0.0,0.0,0.0,0.0,0.0,0.0,0.0,7.05541678516662
1.4108527131782946,1.9693766055139073,0.0,1.9693766055139073,1.9693766055139073,0.0,0.0,0.0,0.0,0.0,0.0,4.371651813423776,4.371651813423776,0.0,4.371651813423776,0.0,0.0,0.0,0.9555669788905696,0.0,0.0,3.157787323032706,3.157787323032706,3.157787323032706,0.0,0.0,0.0,0.0,0.0,0.0,0.0,0.0,1.1496949445078715,1.1496949445078715,1.1496949445078715,0.0,0.0,0.0,0.0,0.06608992327134788,0.0,0.0,0.0,0.0,0.0,26.96286279894983,0.0,0.0,0.0,0.0,0.0,0.0,0.0,0.0,0.0,0.0,30.965461390277394,0.0,0.0,0.0,0.0,0.0,0.0,0.0,0.0,0.0,0.0,28.964209075334537,0.0,0.0,0.0,0.0,0.0,0.0,0.0,18.99138840575176,18.99138840575176,18.99138840575176,18.99138840575176,0.0,18.03364167890612,0.0,0.0,0.0,0.0,0.0,0.0,0.0,0.0,9.933519964657863,0.0,0.0,0.0,0.0,0.0,0.0,0.0,0.0,0.0,0.0,7.00957043851432
1.5116279069767442,1.6993964577521865,0.0,1.6993964577521865,1.6993964577521865,0.0,0.0,0.0,0.0,0.0,0.0,4.023376831057901,4.023376831057901,0.0,4.023376831057901,0.0,0.0,0.0,0.8093780562346757,0.0,0.0,3.6921606595233323,3.6921606595233323,3.6921606595233323,0.0,0.0,0.0,0.0,0.0,0.0,0.0,0.0,1.2430535845733992,1.2430535845733992,1.2430535845733992,0.0,0.0,0.0,0.0,0.07725911070603886,0.0,0.0,0.0,0.0,0.0,27.068762382322266,0.0,0.0,0.0,0.0,0.0,0.0,0.0,0.0,0.0,0.0,31.074190803571586,0.0,0.0,0.0,0.0,0.0,0.0,0.0,0.0,0.0,0.0,29.07163307233084,0.0,0.0,0.0,0.0,0.0,0.0,0.0,19.116282244607703,19.116282244607703,19.116282244607703,19.116282244607703,0.0,18.271612342775185,0.0,0.0,0.0,0.0,0.0,0.0,0.0,0.0,9.930139259343095,0.0,0.0,0.0,0.0,0.0,0.0,0.0,0.0,0.0,0.0,7.086067712820622
1.6124031007751938,1.4849457404437107,0.0,1.4849457404437107,1.4849457404437107,0.0,0.0,0.0,0.0,0.0,0.0,3.61133532192895,3.61133532192895,0.0,3.61133532192895,0.0,0.0,0.0,0.6520871403705838,0.0,0.0,4.15039843875892,4.15039843875892,4.15039843875892,0.0,0.0,0.0,0.0,0.0,0.0,0.0,0.0,1.4128912052070859,1.4128912052070859,1.4128912052070859,0.0,0.0,0.0,0.0,0.0998130778875766,0.0,0.0,0.0,0.0,0.0,27.212255428309156,0.0,0.0,0.0,0.0,0.0,0.0,0.0,0.0,0.0,0.0,31.219150730509938,0.0,0.0,0.0,0.0,0.0,0.0,0.0,0.0,0.0,0.0,29.215925737367606,0.0,0.0,0.0,0.0,0.0,0.0,0.0,19.26787241672309,19.26787241672309,19.26787241672309,19.26787241672309,0.0,18.562545373355928,0.0,0.0,0.0,0.0,0.0,0.0,0.0,0.0,9.917887702352171,0.0,0.0,0.0,0.0,0.0,0.0,0.0,0.0,0.0,0.0,7.264528151471026
1.7131782945736433,1.3261985168741763,0.0,1.3261985168741763,1.3261985168741763,0.0,0.0,0.0,0.0,0.0,0.0,3.1821980386118103,3.1821980386118103,0.0,3.1821980386118103,0.0,0.0,0.0,0.5063192178472427,0.0,0.0,4.471867835191651,4.471867835191651,4.471867835191651,0.0,0.0,0.0,0.0,0.0,0.0,0.0,0.0,1.6715436983498198,1.6715436983498198,1.6715436983498198,0.0,0.0,0.0,0.0,0.13970291677464966,0.0,0.0,0.0,0.0,0.0,27.365214381050073,0.0,0.0,0.0,0.0,0.0,0.0,0.0,0.0,0.0,0.0,31.372270915602357,0.0,0.0,0.0,0.0,0.0,0.0,0.0,0.0,0.0,0.0,29.368984291489422,0.0,0.0,0.0,0.0,0.0,0.0,0.0,19.41955536980484,19.41955536980484,19.41955536980484,19.41955536980484,0.0,18.8559565380458,0.0,0.0,0.0,0.0,0.0,0.0,0.0,0.0,9.893163263061991,0.0,0.0,0.0,0.0,0.0,0.0,0.0,0.0,0.0,0.0,7.508599880020444
1.813953488372093,1.2228202488588467,0.0,1.2228202488588467,1.2228202488588467,0.0,0.0,0.0,0.0,0.0,0.0,2.769965239979791,2.769965239979791,0.0,2.769965239979791,0.0,0.0,0.0,0.3836353715348151,0.0,0.0,4.621706302136412,4.621706302136412,4.621706302136412,0.0,0.0,0.0,0.0,0.0,0.0,0.0,0.0,2.027389133976238,2.027389133976238,2.027389133976238,0.0,0.0,0.0,0.0,0.20551533502824604,0.0,0.0,0.0,0.0,0.0,27.506680917074508,0.0,0.0,0.0,0.0,0.0,0.0,0.0,0.0,0.0,0.0,31.513016049795358,0.0,0.0,0.0,0.0,0.0,0.0,0.0,0.0,0.0,0.0,29.510073455461587,0.0,0.0,0.0,0.0,0.0,0.0,0.0,19.554052511774206,19.554052511774206,19.554052511774206,19.554052511774206,0.0,19.11804848166116,0.0,0.0,0.0,0.0,0.0,0.0,0.0,0.0,9.84993884551361,0.0,0.0,0.0,0.0,0.0,0.0,0.0,0.0,0.0,0.0,7.776746222287431
1.9147286821705427,1.1751083913280713,0.0,1.1751083913280713,1.1751083913280713,0.0,0.0,0.0,0.0,0.0,0.0,2.39453461211394,2.39453461211394,0.0,2.39453461211394,0.0,0.0,0.0,0.2866898004305829,0.0,0.0,4.593447823384832,4.593447823384832,4.593447823384832,0.0,0.0,0.0,0.0,0.0,0.0,0.0,0.0,2.475725984757995,2.475725984757995,2.475725984757995,0.0,0.0,0.0,0.0,0.30646095758029723,0.0,0.0,0.0,0.0,0.0,27.625844359351095,0.0,0.0,0.0,0.0,0.0,0.0,0.0,0.0,0.0,0.0,31.631065395581075,0.0,0.0,0.0,0.0,0.0,0.0,0.0,0.0,0.0,0.0,29.62864457528307,0.0,0.0,0.0,0.0,0.0,0.0,0.0,19.664150194061367,19.664150194061367,19.664150194061367,19.664150194061367,0.0,19.333940142730185,0.0,0.0,0.0,0.0,0.0,0.0,0.0,0.0,9.780296141367929,0.0,0.0,0.0,0.0,0.0,0.0,0.0,0.0,0.0,0.0,8.033813511301625
2.0155038759689923,1.1855073218415353,0.0,1.1855073218415353,1.1855073218415353,0.0,0.0,0.0,0.0,0.0,0.0,2.06563676622713,2.06563676622713,0.0,2.06563676622713,0.0,0.0,0.0,0.21334276249946382,0.0,0.0,4.405104885735533,4.405104885735533,4.405104885735533,0.0,0.0,0.0,0.0,0.0,0.0,0.0,0.0,2.9891030712805047,2.9891030712805047,2.9891030712805047,0.0,0.0,0.0,0.0,0.4467368585369273,0.0,0.0,0.0,0.0,0.0,27.720097642023237,0.0,0.0,0.0,0.0,0.0,0.0,0.0,0.0,0.0,0.0,31.724159483486556,0.0,0.0,0.0,0.0,0.0,0.0,0.0,0.0,0.0,0.0,29.72227865498847,0.0,0.0,0.0,0.0,0.0,0.0,0.0,19.74953582028709,19.74953582028709,19.74953582028709,19.74953582028709,0.0,19.502208255840145,0.0,0.0,0.0,0.0,0.0,0.0,0.0,0.0,9.677210058397284,0.0,0.0,0.0,0.0,0.0,0.0,0.0,0.0,0.0,0.0,8.257736521973072
2.1162790697674416,1.2597853501867913,0.0,1.2597853501867913,1.2597853501867913,0.0,0.0,0.0,0.0,0.0,0.0,1.787772473777945,1.787772473777945,0.0,1.787772473777945,0.0,0.0,0.0,0.15980652089990566,0.0,0.0,4.0934071601947855,4.0934071601947855,4.0934071601947855,0.0,0.0,0.0,0.0,0.0,0.0,0.0,0.0,3.5146109029319113,3.5146109029319113,3.5146109029319113,0.0,0.0,0.0,0.0,0.6176244899503933,0.0,0.0,0.0,0.0,0.0,27.791382243011274,0.0,0.0,0.0,0.0,0.0,0.0,0.0,0.0,0.0,0.0,31.794416118971128,0.0,0.0,0.0,0.0,0.0,0.0,0.0,0.0,0.0,0.0,29.793012479818657,0.0,0.0,0.0,0.0,0.0,0.0,0.0,19.813148359933344,19.813148359933344,19.813148359933344,19.813148359933344,0.0,19.62804239663647,0.0,0.0,0.0,0.0,0.0,0.0,0.0,0.0,9.540047299883378,0.0,0.0,0.0,0.0,0.0,0.0,0.0,0.0,0.0,0.0,8.439557521370013
2.2170542635658914,1.407223939992737,0.0,1.407223939992737,1.407223939992737,0.0,0.0,0.0,0.0,0.0,0.0,1.563234737850212,1.563234737850212,0.0,1.563234737850212,0.0,0.0,0.0,0.12218514228108107,0.0,0.0,3.705567096526643,3.705567096526643,3.705567096526643,0.0,0.0,0.0,0.0,0.0,0.0,0.0,0.0,3.9844433327619213,3.9844433327619213,3.9844433327619213,0.0,0.0,0.0,0.0,0.7937894335995463,0.0,0.0,0.0,0.0,0.0,27.843313751983473,0.0,0.0,0.0,0.0,0.0,0.0,0.0,0.0,0.0,0.0,31.845499825956825,0.0,0.0,0.0,0.0,0.0,0.0,0.0,0.0,0.0,0.0,29.84448930732634,0.0,0.0,0.0,0.0,0.0,0.0,0.0,19.85883248553868,19.85883248553868,19.85883248553868,19.85883248553868,0.0,19.718661384434323,0.0,0.0,0.0,0.0,0.0,0.0,0.0,0.0,9.380064448809305,0.0,0.0,0.0,0.0,0.0,0.0,0.0,0.0,0.0,0.0,8.579455258170366
2.317829457364341,1.6390226605217721,0.0,1.6390226605217721,1.6390226605217721,0.0,0.0,0.0,0.0,0.0,0.0,1.393099727462283,1.393099727462283,0.0,1.393099727462283,0.0,0.0,0.0,0.09703634253277436,0.0,0.0,3.2883138606127407,3.2883138606127407,3.2883138606127407,0.0,0.0,0.0,0.0,0.0,0.0,0.0,0.0,4.335814430320264,4.335814430320264,4.335814430320264,0.0,0.0,0.0,0.0,0.9399643387086718,0.0,0.0,0.0,0.0,0.0,27.879685693884223,0.0,0.0,0.0,0.0,0.0,0.0,0.0,0.0,0.0,0.0,31.881199598559206,0.0,0.0,0.0,0.0,0.0,0.0,0.0,0.0,0.0,0.0,29.880500570148275,0.0,0.0,0.0,0.0,0.0,0.0,0.0,19.890278723046144,19.890278723046144,19.890278723046144,19.890278723046144,0.0,19.78115938402311,0.0,0.0,0.0,0.0,0.0,0.0,0.0,0.0,9.220737294185785,0.0,0.0,0.0,0.0,0.0,0.0,0.0,0.0,0.0,0.0,8.682321803463894
2.4186046511627906,1.963836319914205,0.0,1.963836319914205,1.963836319914205,0.0,0.0,0.0,0.0,0.0,0.0,1.2776532098309448,1.2776532098309448,0.0,1.2776532098309448,0.0,0.0,0.0,0.08161988622956581,0.0,0.0,2.8784134766755005,2.8784134766755005,2.8784134766755005,0.0,0.0,0.0,0.0,0.0,0.0,0.0,0.0,4.527670256303242,4.527670256303242,4.527670256303242,0.0,0.0,0.0,0.0,1.0249898974906535,0.0,0.0,0.0,0.0,0.0,27.90384592169317,0.0,0.0,0.0,0.0,0.0,0.0,0.0,0.0,0.0,0.0,31.904836118846653,0.0,0.0,0.0,0.0,0.0,0.0,0.0,0.0,0.0,0.0,29.90437983907657,0.0,0.0,0.0,0.0,0.0,0.0,0.0,19.910601793511884,19.910601793511884,19.910601793511884,19.910601793511884,0.0,19.821603188989933,0.0,0.0,0.0,0.0,0.0,0.0,0.0,0.0,9.090900990935832,0.0,0.0,0.0,0.0,0.0,0.0,0.0,0.0,0.0,0.0,8.75459907688458
2.5193798449612403,2.3798862308237068,0.0,2.3798862308237068,2.3798862308237068,0.0,0.0,0.0,0.0,0.0,0.0,1.2173453010912858,1.2173453010912858,0.0,1.2173453010912858,0.0,0.0,0.0,0.07409647910445166,0.0,0.0,2.499219780004571,2.499219780004571,2.499219780004571,0.0,0.0,0.0,0.0,0.0,0.0,0.0,0.0,4.546423207408882,4.546423207408882,4.546423207408882,0.0,0.0,0.0,0.0,1.0334981990433032,0.0,0.0,0.0,0.0,0.0,27.918407310706485,0.0,0.0,0.0,0.0,0.0,0.0,0.0,0.0,0.0,0.0,31.91898492529128,0.0,0.0,0.0,0.0,0.0,0.0,0.0,0.0,0.0,0.0,29.918720187311973,0.0,0.0,0.0,0.0,0.0,0.0,0.0,19.92210665023836,19.92210665023836,19.92210665023836,19.92210665023836,0.0,19.844516669173572,0.0,0.0,0.0,0.0,0.0,0.0,0.0,0.0,9.014823402680744,0.0,0.0,0.0,0.0,0.0,0.0,0.0,0.0,0.0,0.0,8.802422004203084
2.6201550387596897,2.865711703439947,0.0,2.865711703439947,2.865711703439947,0.0,0.0,0.0,0.0,0.0,0.0,1.2142164379352123,1.2142164379352123,0.0,1.2142164379352123,0.0,0.0,0.0,0.07371607790760376,0.0,0.0,2.163110968255358,2.163110968255358,2.163110968255358,0.0,0.0,0.0,0.0,0.0,0.0,0.0,0.0,4.403567037905059,4.403567037905059,4.403567037905059,0.0,0.0,0.0,0.0,0.9695701328661969,0.0,0.0,0.0,0.0,0.0,27.925044481406673,0.0,0.0,0.0,0.0,0.0,0.0,0.0,0.0,0.0,0.0,31.925280622882244,0.0,0.0,0.0,0.0,0.0,0.0,0.0,0.0,0.0,0.0,29.925173266023652,0.0,0.0,0.0,0.0,0.0,0.0,0.0,19.926096117318416,19.926096117318416,19.926096117318416,19.926096117318416,0.0,19.852465323830604,0.0,0.0,0.0,0.0,0.0,0.0,0.0,0.0,9.004748378950502,0.0,0.0,0.0,0.0,0.0,0.0,0.0,0.0,0.0,0.0,8.830586698272164
2.7209302325581395,3.375702877952992,0.0,3.375702877952992,3.375702877952992,0.0,0.0,0.0,0.0,0.0,0.0,1.2731482615530074,1.2731482615530074,0.0,1.2731482615530074,0.0,0.0,0.0,0.08104532479477225,0.0,0.0,1.8760857600979919,1.8760857600979919,1.8760857600979919,0.0,0.0,0.0,0.0,0.0,0.0,0.0,0.0,4.130385597547971,4.130385597547971,4.130385597547971,0.0,0.0,0.0,0.0,0.8530042592215854,0.0,0.0,0.0,0.0,0.0,27.924298331959218,0.0,0.0,0.0,0.0,0.0,0.0,0.0,0.0,0.0,0.0,31.924200910905697,0.0,0.0,0.0,0.0,0.0,0.0,0.0,0.0,0.0,0.0,29.924250135780632,0.0,0.0,0.0,0.0,0.0,0.0,0.0,19.92266875758384,19.92266875758384,19.92266875758384,19.92266875758384,0.0,19.84563652122036,0.0,0.0,0.0,0.0,0.0,0.0,0.0,0.0,9.058226243033689,0.0,0.0,0.0,0.0,0.0,0.0,0.0,0.0,0.0,0.0,8.841933895257764
2.8217054263565893,3.847048382500889,0.0,3.847048382500889,3.847048382500889,0.0,0.0,0.0,0.0,0.0,0.0,1.4022771574080486,1.4022771574080486,0.0,1.4022771574080486,0.0,0.0,0.0,0.09831906130941986,0.0,0.0,1.6412020867134114,1.6412020867134114,1.6412020867134114,0.0,0.0,0.0,0.0,0.0,0.0,0.0,0.0,3.7705330817894267,3.7705330817894267,3.7705330817894267,0.0,0.0,0.0,0.0,0.7108459860434236,0.0,0.0,0.0,0.0,0.0,27.91532915937441,0.0,0.0,0.0,0.0,0.0,0.0,0.0,0.0,0.0,0.0,31.91485002885911,0.0,0.0,0.0,0.0,0.0,0.0,0.0,0.0,0.0,0.0,29.915078028576694,0.0,0.0,0.0,0.0,0.0,0.0,0.0,19.910431904849844,19.910431904849844,19.910431904849844,19.910431904849844,0.0,19.82126493188313,0.0,0.0,0.0,0.0,0.0,0.0,0.0,0.0,9.160166786889805,0.0,0.0,0.0,0.0,0.0,0.0,0.0,0.0,0.0,0.0,8.836855027979762
2.9224806201550386,4.217045891049097,0.0,4.217045891049097,4.217045891049097,0.0,0.0,0.0,0.0,0.0,0.0,1.6118445067256475,1.6118445067256475,0.0,1.6118445067256475,0.0,0.0,0.0,0.1299021356930823,0.0,0.0,1.4600319007307725,1.4600319007307725,1.4600319007307725,0.0,0.0,0.0,0.0,0.0,0.0,0.0,0.0,3.3699534912696754,3.3699534912696754,3.3699534912696754,0.0,0.0,0.0,0.0,0.5678293266660338,0.0,0.0,0.0,0.0,0.0,27.895545473246763,0.0,0.0,0.0,0.0,0.0,0.0,0.0,0.0,0.0,0.0,31.89455116681831,0.0,0.0,0.0,0.0,0.0,0.0,0.0,0.0,0.0,0.0,29.895021170841233,0.0,0.0,0.0,0.0,0.0,0.0,0.0,19.886091069639747,19.886091069639747,19.886091069639747,19.886091069639747,0.0,19.772830901500285,0.0,0.0,0.0,0.0,0.0,0.0,0.0,0.0,9.28868727136237,0.0,0.0,0.0,0.0,0.0,0.0,0.0,0.0,0.0,0.0,8.812720630009505
3.0232558139534884,4.440428126738358,0.0,4.440428126738358,4.440428126738358,0.0,0.0,0.0,0.0,0.0,0.0,1.9105264651480254,1.9105264651480254,0.0,1.9105264651480254,0.0,0.0,0.0,0.18250556870155046,0.0,0.0,1.333208880467167,1.333208880467167,1.333208880467167,0.0,0.0,0.0,0.0,0.0,0.0,0.0,0.0,2.9671488696158965,2.9671488696158965,2.9671488696158965,0.0,0.0,0.0,0.0,0.44019862072314464,0.0,0.0,0.0,0.0,0.0,27.860213622568516,0.0,0.0,0.0,0.0,0.0,0.0,0.0,0.0,0.0,0.0,31.858471083134454,0.0,0.0,0.0,0.0,0.0,0.0,0.0,0.0,0.0,0.0,29.85929294952111,0.0,0.0,0.0,0.0,0.0,0.0,0.0,19.844099324488926,19.844099324488926,19.844099324488926,19.844099324488926,0.0,19.689413900009097,0.0,0.0,0.0,0.0,0.0,0.0,0.0,0.0,9.422390611779903,0.0,0.0,0.0,0.0,0.0,0.0,0.0,0.0,0.0,0.0,8.763252641297587
3.1240310077519378,4.497584624938947,0.0,4.497584624938947,4.497584624938947,0.0,0.0,0.0,0.0,0.0,0.0,2.298586660322846,2.298586660322846,0.0,2.298586660322846,0.0,0.0,0.0,0.2641750317507067,0.0,0.0,1.261252106254944,1.261252106254944,1.261252106254944,0.0,0.0,0.0,0.0,0.0,0.0,0.0,0.0,2.5883147525948105,2.5883147525948105,2.5883147525948105,0.0,0.0,0.0,0.0,0.3349686629249968,0.0,0.0,0.0,0.0,0.0,27.802530747707305,0.0,0.0,0.0,0.0,0.0,0.0,0.0,0.0,0.0,0.0,31.799716459803705,0.0,0.0,0.0,0.0,0.0,0.0,0.0,0.0,0.0,0.0,29.801041984937793,0.0,0.0,0.0,0.0,0.0,0.0,0.0,19.77704372045984,19.77704372045984,19.77704372045984,19.77704372045984,0.0,19.556572916049003,0.0,0.0,0.0,0.0,0.0,0.0,0.0,0.0,9.545698171976898,0.0,0.0,0.0,0.0,0.0,0.0,0.0,0.0,0.0,0.0,8.678413263003904
3.2248062015503876,4.393993111680144,0.0,4.393993111680144,4.393993111680144,0.0,0.0,0.0,0.0,0.0,0.0,2.759208200380631,2.759208200380631,0.0,2.759208200380631,0.0,0.0,0.0,0.380661494652386,0.0,0.0,1.2458668046331127,1.2458668046331127,1.2458668046331127,0.0,0.0,0.0,0.0,0.0,0.0,0.0,0.0,2.2483632842585,2.2483632842585,2.2483632842585,0.0,0.0,0.0,0.0,0.2527568729000835,0.0,0.0,0.0,0.0,0.0,27.715208077445652,0.0,0.0,0.0,0.0,0.0,0.0,0.0,0.0,0.0,0.0,31.710993648796794,0.0,0.0,0.0,0.0,0.0,0.0,0.0,0.0,0.0,0.0,29.71297563755398,0.0,0.0,0.0,0.0,0.0,0.0,0.0,19.677987978648073,19.677987978648073,19.677987978648073,19.677987978648073,0.0,19.361160544390906,0.0,0.0,0.0,0.0,0.0,0.0,0.0,0.0,9.6503731816889,0.0,0.0,0.0,0.0,0.0,0.0,0.0,0.0,0.0,0.0,8.546227344056366
3.3255813953488373,4.155683649670715,0.0,4.155683649670715,4.155683649670715,0.0,0.0,0.0,0.0,0.0,0.0,3.2529944714979377,3.2529944714979377,0.0,3.2529944714979377,0.0,0.0,0.0,0.5290986515798074,0.0,0.0,1.2911999287304257,1.2911999287304257,1.2911999287304257,0.0,0.0,0.0,0.0,0.0,0.0,0.0,0.0,1.9549393811561626,1.9549393811561626,1.9549393811561626,0.0,0.0,0.0,0.0,0.191089399199762,0.0,0.0,0.0,0.0,0.0,27.594581657451236,0.0,0.0,0.0,0.0,0.0,0.0,0.0,0.0,0.0,0.0,31.588836901493316,0.0,0.0,0.0,0.0,0.0,0.0,0.0,0.0,0.0,0.0,29.591533026944965,0.0,0.0,0.0,0.0,0.0,0.0,0.0,19.545527444479102,19.545527444479102,19.545527444479102,19.545527444479102,0.0,19.10138215414429,0.0,0.0,0.0,0.0,0.0,0.0,0.0,0.0,9.734071410750012,0.0,0.0,0.0,0.0,0.0,0.0,0.0,0.0,0.0,0.0,8.358174796191516
3.4263565891472867,3.822541551731061,0.0,3.822541551731061,3.822541551731061,0.0,0.0,0.0,0.0,0.0,0.0,3.7221163162056268,3.7221163162056268,0.0,3.7221163162056268,0.0,0.0,0.0,0.6927074935682073,0.0,0.0,1.4043986579893344,1.4043986579893344,1.4043986579893344,0.0,0.0,0.0,0.0,0.0,0.0,0.0,0.0,1.712031739740111,1.712031739740111,1.712031739740111,0.0,0.0,0.0,0.0,0.14655263389387757,0.0,0.0,0.0,0.0,0.0,27.44635623583385,0.0,0.0,0.0,0.0,0.0,0.0,0.0,0.0,0.0,0.0,31.439412453380278,0.0,0.0,0.0,0.0,0.0,0.0,0.0,0.0,0.0,0.0,29.44266198337349,0.0,0.0,0.0,0.0,0.0,0.0,0.0,19.389627129233475,19.389627129233475,19.389627129233475,19.389627129233475,0.0,18.79788201053534,0.0,0.0,0.0,0.0,0.0,0.0,0.0,0.0,9.797945277532486,0.0,0.0,0.0,0.0,0.0,0.0,0.0,0.0,0.0,0.0,8.11750877348826
3.5271317829457365,3.4390574233049906,0.0,3.4390574233049906,3.4390574233049906,0.0,0.0,0.0,0.0,0.0,0.0,4.105035980814959,4.105035980814959,0.0,4.105035980814959,0.0,0.0,0.0,0.8425660201892717,0.0,0.0,1.594790778483509,1.594790778483509,1.594790778483509,0.0,0.0,0.0,0.0,0.0,0.0,0.0,0.0,1.521807296883751,1.521807296883751,1.521807296883751,0.0,0.0,0.0,0.0,0.11579487244243146,0.0,0.0,0.0,0.0,0.0,27.288904984545347,0.0,0.0,0.0,0.0,0.0,0.0,0.0,0.0,0.0,0.0,31.28168750477858,0.0,0.0,0.0,0.0,0.0,0.0,0.0,0.0,0.0,0.0,29.285050275902684,0.0,0.0,0.0,0.0,0.0,0.0,0.0,19.23319341346387,19.23319341346387,19.23319341346387,19.23319341346387,0.0,18.495786443985498,0.0,0.0,0.0,0.0,0.0,0.0,0.0,0.0,9.844689399864137,0.0,0.0,0.0,0.0,0.0,0.0,0.0,0.0,0.0,0.0,7.845396706013558
3.627906976744186,3.044636082264179,0.0,3.044636082264179,3.044636082264179,0.0,0.0,0.0,0.0,0.0,0.0,4.353675825953189,4.353675825953189,0.0,4.353675825953189,0.0,0.0,0.0,0.9477246598744593,0.0,0.0,1.870828572462261,1.870828572462261,1.870828572462261,0.0,0.0,0.0,0.0,0.0,0.0,0.0,0.0,1.38532532316861,1.38532532316861,1.38532532316861,0.0,0.0,0.0,0.0,0.0959563125506107,0.0,0.0,0.0,0.0,0.0,27.14983902510398,0.0,0.0,0.0,0.0,0.0,0.0,0.0,0.0,0.0,0.0,31.143657728511634,0.0,0.0,0.0,0.0,0.0,0.0,0.0,0.0,0.0,0.0,29.146522592433243,0.0,0.0,0.0,0.0,0.0,0.0,0.0,19.105918410424252,19.105918410424252,19.105918410424252,19.105918410424252,0.0,18.25180591528942,0.0,0.0,0.0,0.0,0.0,0.0,0.0,0.0,9.877347125127681,0.0,0.0,0.0,0.0,0.0,0.0,0.0,0.0,0.0,0.0,7.578728238771177
3.7286821705426356,2.667700918363981,0.0,2.667700918363981,2.667700918363981,0.0,0.0,0.0,0.0,0.0,0.0,4.443495228147645,4.443495228147645,0.0,4.443495228147645,0.0,0.0,0.0,0.9872324921285447,0.0,0.0,2.234110060160975,2.234110060160975,2.234110060160975,0.0,0.0,0.0,0.0,0.0,0.0,0.0,0.0,1.3032890568154298,1.3032890568154298,1.3032890568154298,0.0,0.0,0.0,0.0,0.08492811828074265,0.0,0.0,0.0,0.0,0.0,27.056613614690377,0.0,0.0,0.0,0.0,0.0,0.0,0.0,0.0,0.0,0.0,31.052734998216142,0.0,0.0,0.0,0.0,0.0,0.0,0.0,0.0,0.0,0.0,29.054512478724522,0.0,0.0,0.0,0.0,0.0,0.0,0.0,19.033409004188982,19.033409004188982,19.033409004188982,19.033409004188982,0.0,18.113532916037112,0.0,0.0,0.0,0.0,0.0,0.0,0.0,0.0,9.898651798204154,0.0,0.0,0.0,0.0,0.0,0.0,0.0,0.0,0.0,0.0,7.359629391994459
3.8294573643410854,2.3254285734113957,0.0,2.3254285734113957,2.3254285734113957,0.0,0.0,0.0,0.0,0.0,0.0,4.374693086379872,4.374693086379872,0.0,4.374693086379872,0.0,0.0,0.0,0.9568969800009924,0.0,0.0,2.671350255379247,2.671350255379247,2.671350255379247,0.0,0.0,0.0,0.0,0.0,0.0,0.0,0.0,1.2772331816327454,1.2772331816327454,1.2772331816327454,0.0,0.0,0.0,0.0,0.08156623001318528,0.0,0.0,0.0,0.0,0.0,27.02676426126539,0.0,0.0,0.0,0.0,0.0,0.0,0.0,0.0,0.0,0.0,31.02593520123718,0.0,0.0,0.0,0.0,0.0,0.0,0.0,0.0,0.0,0.0,29.02628491843832,0.0,0.0,0.0,0.0,0.0,0.0,0.0,19.028214711163738,19.028214711163738,19.028214711163738,19.028214711163738,0.0,18.103647754707406,0.0,0.0,0.0,0.0,0.0,0.0,0.0,0.0,9.910641311288446,0.0,0.0,0.0,0.0,0.0,0.0,0.0,0.0,0.0,0.0,7.223193923925972
3.9302325581395348,2.027067112204551,0.0,2.027067112204551,2.027067112204551,0.0,0.0,0.0,0.0,0.0,0.0,4.168514412300861,4.168514412300861,0.0,4.168514412300861,0.0,0.0,0.0,0.8688256202779997,0.0,0.0,3.1483555845905675,3.1483555845905675,3.1483555845905675,0.0,0.0,0.0,0.0,0.0,0.0,0.0,0.0,1.3107625355131618,1.3107625355131618,1.3107625355131618,0.0,0.0,0.0,0.0,0.08590492122524464,0.0,0.0,0.0,0.0,0.0,27.062640772617026,0.0,0.0,0.0,0.0,0.0,0.0,0.0,0.0,0.0,0.0,31.064852477139677,0.0,0.0,0.0,0.0,0.0,0.0,0.0,0.0,0.0,0.0,29.06378809548767,0.0,0.0,0.0,0.0,0.0,0.0,0.0,19.086717633542104,19.086717633542104,19.086717633542104,19.086717633542104,0.0,18.215139501128355,0.0,0.0,0.0,0.0,0.0,0.0,0.0,0.0,9.914392412551646,0.0,0.0,0.0,0.0,0.0,0.0,0.0,0.0,0.0,0.0,7.18907191641036
4.0310077519379846,1.7775481408135902,0.0,1.7775481408135902,1.7775481408135902,0.0,0.0,0.0,0.0,0.0,0.0,3.8611674259608413,3.8611674259608413,0.0,3.8611674259608413,0.0,0.0,0.0,0.7454306945650535,0.0,0.0,3.6120596357876886,3.6120596357876886,3.6120596357876886,0.0,0.0,0.0,0.0,0.0,0.0,0.0,0.0,1.4102171438365267,1.4102171438365267,1.4102171438365267,0.0,0.0,0.0,0.0,0.09943561963852256,0.0,0.0,0.0,0.0,0.0,27.15201330090681,0.0,0.0,0.0,0.0,0.0,0.0,0.0,0.0,0.0,0.0,31.156566476355767,0.0,0.0,0.0,0.0,0.0,0.0,0.0,0.0,0.0,0.0,29.15442114770661,0.0,0.0,0.0,0.0,0.0,0.0,0.0,19.191992334767953,19.191992334767953,19.191992334767953,19.191992334767953,0.0,18.416628488889593,0.0,0.0,0.0,0.0,0.0,0.0,0.0,0.0,9.90977651085274,0.0,0.0,0.0,0.0,0.0,0.0,0.0,0.0,0.0,0.0,7.25800843671646
4.131782945736434,1.579620361046761,0.0,1.579620361046761,1.579620361046761,0.0,0.0,0.0,0.0,0.0,0.0,3.495316122804388,3.495316122804388,0.0,3.495316122804388,0.0,0.0,0.0,0.6108617399168149,0.0,0.0,4.002834607005706,4.002834607005706,4.002834607005706,0.0,0.0,0.0,0.0,0.0,0.0,0.0,0.0,1.5841110736166806,1.5841110736166806,1.5841110736166806,0.0,0.0,0.0,0.0,0.12547039467774965,0.0,0.0,0.0,0.0,0.0,27.273584202810095,0.0,0.0,0.0,0.0,0.0,0.0,0.0,0.0,0.0,0.0,31.279409232238624,0.0,0.0,0.0,0.0,0.0,0.0,0.0,0.0,0.0,0.0,29.276683819485907,0.0,0.0,0.0,0.0,0.0,0.0,0.0,19.320837767412232,19.320837767412232,19.320837767412232,19.320837767412232,0.0,18.664738601733145,0.0,0.0,0.0,0.0,0.0,0.0,0.0,0.0,9.895169584871963,0.0,0.0,0.0,0.0,0.0,0.0,0.0,0.0,0.0,0.0,7.412726912793583
4.232558139534883,1.434753073523654,0.0,1.434753073523654,1.434753073523654,0.0,0.0,0.0,0.0,0.0,0.0,3.1106324725681027,3.1106324725681027,0.0,3.1106324725681027,0.0,0.0,0.0,0.48380171896975743,0.0,0.0,4.270964594223335,4.270964594223335,4.270964594223335,0.0,0.0,0.0,0.0,0.0,0.0,0.0,0.0,1.8405636742511022,1.8405636742511022,1.8405636742511022,0.0,0.0,0.0,0.0,0.16938373194863587,0.0,0.0,0.0,0.0,0.0,27.404800580398298,0.0,0.0,0.0,0.0,0.0,0.0,0.0,0.0,0.0,0.0,31.410851785424878,0.0,0.0,0.0,0.0,0.0,0.0,0.0,0.0,0.0,0.0,29.40803191090135,0.0,0.0,0.0,0.0,0.0,0.0,0.0,19.451736413967375,19.451736413967375,19.451736413967375,19.451736413967375,0.0,18.918502475923216,0.0,0.0,0.0,0.0,0.0,0.0,0.0,0.0,9.86715405755116,0.0,0.0,0.0,0.0,0.0,0.0,0.0,0.0,0.0,0.0,7.623198871313901
4.333333333333333,1.3438637723626567,0.0,1.3438637723626567,1.3438637723626567,0.0,0.0,0.0,0.0,0.0,0.0,2.7372086530706303,2.7372086530706303,0.0,2.7372086530706303,0.0,0.0,0.0,0.37461556052223677,0.0,0.0,4.387984814697334,4.387984814697334,4.387984814697334,0.0,0.0,0.0,0.0,0.0,0.0,0.0,0.0,2.18204256988498,2.18204256988498,2.18204256988498,0.0,0.0,0.0,0.0,0.23806548883951245,0.0,0.0,0.0,0.0,0.0,27.528303983365962,0.0,0.0,0.0,0.0,0.0,0.0,0.0,0.0,0.0,0.0,31.533842906375536,0.0,0.0,0.0,0.0,0.0,0.0,0.0,0.0,0.0,0.0,29.531268588961087,0.0,0.0,0.0,0.0,0.0,0.0,0.0,19.570043702735266,19.570043702735266,19.570043702735266,19.570043702735266,0.0,19.14933052634841,0.0,0.0,0.0,0.0,0.0,0.0,0.0,0.0,9.820520457005006,0.0,0.0,0.0,0.0,0.0,0.0,0.0,0.0,0.0,0.0,7.855427023430952
4.434108527131783,1.3084078811523925,0.0,1.3084078811523925,1.3084078811523925,0.0,0.0,0.0,0.0,0.0,0.0,2.394192636096853,2.394192636096853,0.0,2.394192636096853,0.0,0.0,0.0,0.28660791893701987,0.0,0.0,4.349494524519226,4.349494524519226,4.349494524519226,0.0,0.0,0.0,0.0,0.0,0.0,0.0,0.0,2.597963353421701,2.597963353421701,2.597963353421701,0.0,0.0,0.0,0.0,0.33747067928610647,0.0,0.0,0.0,0.0,0.0,27.634401292543433,0.0,0.0,0.0,0.0,0.0,0.0,0.0,0.0,0.0,0.0,31.639061026070856,0.0,0.0,0.0,0.0,0.0,0.0,0.0,0.0,0.0,0.0,29.636899252292533,0.0,0.0,0.0,0.0,0.0,0.0,0.0,19.66884490436866,19.66884490436866,19.66884490436866,19.66884490436866,0.0,19.343172993605453,0.0,0.0,0.0,0.0,0.0,0.0,0.0,0.0,9.749281272737862,0.0,0.0,0.0,0.0,0.0,0.0,0.0,0.0,0.0,0.0,8.08034838722168
4.534883720930233,1.3315824083208678,0.0,1.3315824083208678,1.3315824083208678,0.0,0.0,0.0,0.0,0.0,0.0,2.0923636843624553,2.0923636843624553,0.0,2.0923636843624553,0.0,0.0,0.0,0.21889928938194145,0.0,0.0,4.172387250122285,4.172387250122285,4.172387250122285,0.0,0.0,0.0,0.0,0.0,0.0,0.0,0.0,3.058451457708095,3.058451457708095,3.058451457708095,0.0,0.0,0.0,0.0,0.46770626595783854,0.0,0.0,0.0,0.0,0.0,27.71992619316477,0.0,0.0,0.0,0.0,0.0,0.0,0.0,0.0,0.0,0.0,31.723622558534206,0.0,0.0,0.0,0.0,0.0,0.0,0.0,0.0,0.0,0.0,29.721910108273295,0.0,0.0,0.0,0.0,0.0,0.0,0.0,19.74688130311475,19.74688130311475,19.74688130311475,19.74688130311475,0.0,19.496966059965146,0.0,0.0,0.0,0.0,0.0,0.0,0.0,0.0,9.649502766212242,0.0,0.0,0.0,0.0,0.0,0.0,0.0,0.0,0.0,0.0,8.278983153485962
4.635658914728682,1.419062185427659,0.0,1.419062185427659,1.419062185427659,0.0,0.0,0.0,0.0,0.0,0.0,1.8376096099122237,1.8376096099122237,0.0,1.8376096099122237,0.0,0.0,0.0,0.16884045392208774,0.0,0.0,3.889347587728072,3.889347587728072,3.889347587728072,0.0,0.0,0.0,0.0,0.0,0.0,0.0,0.0,3.5148180822064266,3.5148180822064266,3.5148180822064266,0.0,0.0,0.0,0.0,0.6176973075502632,0.0,0.0,0.0,0.0,0.0,27.785670536203675,0.0,0.0,0.0,0.0,0.0,0.0,0.0,0.0,0.0,0.0,31.788475829335678,0.0,0.0,0.0,0.0,0.0,0.0,0.0,0.0,0.0,0.0,29.78717756166714,0.0,0.0,0.0,0.0,0.0,0.0,0.0,19.805896130931558,19.805896130931558,19.805896130931558,19.805896130931558,0.0,19.613676077462486,0.0,0.0,0.0,0.0,0.0,0.0,0.0,0.0,9.52365694738824,0.0,0.0,0.0,0.0,0.0,0.0,0.0,0.0,0.0,0.0,8.442705277871458
4.736434108527131,1.5786398001995254,0.0,1.5786398001995254,1.5786398001995254,0.0,0.0,0.0,0.0,0.0,0.0,1.633268872500096,1.633268872500096,0.0,1.633268872500096,0.0,0.0,0.0,0.1333783604938867,0.0,0.0,3.5410004460656017,3.5410004460656017,3.5410004460656017,0.0,0.0,0.0,0.0,0.0,0.0,0.0,0.0,3.909740572158113,3.909740572158113,3.909740572158113,0.0,0.0,0.0,0.0,0.7643035670789625,0.0,0.0,0.0,0.0,0.0,27.834170777730623,0.0,0.0,0.0,0.0,0.0,0.0,0.0,0.0,0.0,0.0,31.836218294788576,0.0,0.0,0.0,0.0,0.0,0.0,0.0,0.0,0.0,0.0,29.835270926232635,0.0,0.0,0.0,0.0,0.0,0.0,0.0,19.84874139182176,19.84874139182176,19.84874139182176,19.84874139182176,0.0,19.698626741970926,0.0,0.0,0.0,0.0,0.0,0.0,0.0,0.0,9.38394003844455,0.0,0.0,0.0,0.0,0.0,0.0,0.0,0.0,0.0,0.0,8.570484892091372
4.837209302325581,1.8180460109380387,0.0,1.8180460109380387,1.8180460109380387,0.0,0.0,0.0,0.0,0.0,0.0,1.4812194833969559,1.4812194833969559,0.0,1.4812194833969559,0.0,0.0,0.0,0.10970055789973726,0.0,0.0,3.1668042446843208,3.1668042446843208,3.1668042446843208,0.0,0.0,0.0,0.0,0.0,0.0,0.0,0.0,4.192752578787297,4.192752578787297,4.192752578787297,0.0,0.0,0.0,0.0,0.8789587093463764,0.0,0.0,0.0,0.0,0.0,27.86838733912581,0.0,0.0,0.0,0.0,0.0,0.0,0.0,0.0,0.0,0.0,31.86981306588533,0.0,0.0,0.0,0.0,0.0,0.0,0.0,0.0,0.0,0.0,29.86915464937216,0.0,0.0,0.0,0.0,0.0,0.0,0.0,19.87836453616168,19.87836453616168,19.87836453616168,19.87836453616168,0.0,19.757468831626518,0.0,0.0,0.0,0.0,0.0,0.0,0.0,0.0,9.25116857310957,0.0,0.0,0.0,0.0,0.0,0.0,0.0,0.0,0.0,0.0,8.665542563965872
4.937984496124031,2.140292256225892,0.0,2.140292256225892,2.140292256225892,0.0,0.0,0.0,0.0,0.0,0.0,1.3826188746597377,1.3826188746597377,0.0,1.3826188746597377,0.0,0.0,0.0,0.09558174762826797,0.0,0.0,2.798034629652835,2.798034629652835,2.798034629652835,0.0,0.0,0.0,0.0,0.0,0.0,0.0,0.0,4.332343728515809,4.332343728515809,4.332343728515809,0.0,0.0,0.0,0.0,0.9384601091005133,0.0,0.0,0.0,0.0,0.0,27.891031682421076,0.0,0.0,0.0,0.0,0.0,0.0,0.0,0.0,0.0,0.0,31.891957961152766,0.0,0.0,0.0,0.0,0.0,0.0,0.0,0.0,0.0,0.0,29.89153113943284,0.0,0.0,0.0,0.0,0.0,0.0,0.0,19.897301016797318,19.897301016797318,19.897301016797318,19.897301016797318,0.0,19.79512938765218,0.0,0.0,0.0,0.0,0.0,0.0,0.0,0.0,9.148739326150858,0.0,0.0,0.0,0.0,0.0,0.0,0.0,0.0,0.0,0.0,8.732730805530228
5.038759689922481,2.536856189806892,0.0,2.536856189806892,2.536856189806892,0.0,0.0,0.0,0.0,0.0,0.0,1.3389150784403312,1.3389150784403312,0.0,1.3389150784403312,0.0,0.0,0.0,0.08963467936374392,0.0,0.0,2.455505907174675,2.455505907174675,2.455505907174675,0.0,0.0,0.0,0.0,0.0,0.0,0.0,0.0,4.320165642599032,4.320165642599032,4.320165642599032,0.0,0.0,0.0,0.0,0.9331915589746554,0.0,0.0,0.0,0.0,0.0,27.904197519625054,0.0,0.0,0.0,0.0,0.0,0.0,0.0,0.0,0.0,0.0,31.904713207797577,0.0,0.0,0.0,0.0,0.0,0.0,0.0,0.0,0.0,0.0,29.904477013484396,0.0,0.0,0.0,0.0,0.0,0.0,0.0,19.90736862405853,19.90736862405853,19.90736862405853,19.90736862405853,0.0,19.815166276707505,0.0,0.0,0.0,0.0,0.0,0.0,0.0,0.0,9.09497261696554,0.0,0.0,0.0,0.0,0.0,0.0,0.0,0.0,0.0,0.0,8.77683056638557
5.1395348837209305,2.981431817710502,0.0,2.981431817710502,2.981431817710502,0.0,0.0,0.0,0.0,0.0,0.0,1.3530066611626745,1.3530066611626745,0.0,1.3530066611626745,0.0,0.0,0.0,0.09153135125752843,0.0,0.0,2.1514146698112815,2.1514146698112815,2.1514146698112815,0.0,0.0,0.0,0.0,0.0,0.0,0.0,0.0,4.16920163662562,4.16920163662562,4.16920163662562,0.0,0.0,0.0,0.0,0.8691121143420875,0.0,0.0,0.0,0.0,0.0,27.909104695763755,0.0,0.0,0.0,0.0,0.0,0.0,0.0,0.0,0.0,0.0,31.909256820929954,0.0,0.0,0.0,0.0,0.0,0.0,0.0,0.0,0.0,0.0,29.909189756170825,0.0,0.0,0.0,0.0,0.0,0.0,0.0,19.909432198947062,19.909432198947062,19.909432198947062,19.909432198947062,0.0,19.819274524223502,0.0,0.0,0.0,0.0,0.0,0.0,0.0,0.0,9.097668186727226,0.0,0.0,0.0,0.0,0.0,0.0,0.0,0.0,0.0,0.0,8.801505028177464
5.240310077519379,3.4292652973028948,0.0,3.4292652973028948,3.4292652973028948,0.0,0.0,0.0,0.0,0.0,0.0,1.430024884656222,1.430024884656222,0.0,1.430024884656222,0.0,0.0,0.0,0.10224855853680206,0.0,0.0,1.8925875509293815,1.8925875509293815,1.8925875509293815,0.0,0.0,0.0,0.0,0.0,0.0,0.0,0.0,3.90882805106851,3.90882805106851,3.90882805106851,0.0,0.0,0.0,0.0,0.7639468366410024,0.0,0.0,0.0,0.0,0.0,27.905871585630827,0.0,0.0,0.0,0.0,0.0,0.0,0.0,0.0,0.0,0.0,31.90565439879026,0.0,0.0,0.0,0.0,0.0,0.0,0.0,0.0,0.0,0.0,29.905760247945178,0.0,0.0,0.0,0.0,0.0,0.0,0.0,19.903173382390044,19.903173382390044,19.903173382390044,19.903173382390044,0.0,19.80681553447398,0.0,0.0,0.0,0.0,0.0,0.0,0.0,0.0,9.152589970474216,0.0,0.0,0.0,0.0,0.0,0.0,0.0,0.0,0.0,0.0,8.808619595410594
5.341085271317829,3.825514951970793,0.0,3.825514951970793,3.825514951970793,0.0,0.0,0.0,0.0,0.0,0.0,1.5771304653105158,1.5771304653105158,0.0,1.5771304653105158,0.0,0.0,0.0,0.12436702523052821,0.0,0.0,1.6829488024299613,1.6829488024299613,1.6829488024299613,0.0,0.0,0.0,0.0,0.0,0.0,0.0,0.0,3.577543514843171,3.577543514843171,3.577543514843171,0.0,0.0,0.0,0.0,0.6399408800298216,0.0,0.0,0.0,0.0,0.0,27.893260505719688,0.0,0.0,0.0,0.0,0.0,0.0,0.0,0.0,0.0,0.0,31.892608918483923,0.0,0.0,0.0,0.0,0.0,0.0,0.0,0.0,0.0,0.0,29.89291686871356,0.0,0.0,0.0,0.0,0.0,0.0,0.0,19.886818376887295,19.886818376887295,19.886818376887295,19.886818376887295,0.0,19.77427725776511,0.0,0.0,0.0,0.0,0.0,0.0,0.0,0.0,9.245862326218862,0.0,0.0,0.0,0.0,0.0,0.0,0.0,0.0,0.0,0.0,8.797705178278967
5.441860465116279,4.119622057437778,0.0,4.119622057437778,4.119622057437778,0.0,0.0,0.0,0.0,0.0,0.0,1.8016483224058895,1.8016483224058895,0.0,1.8016483224058895,0.0,0.0,0.0,0.16229683388139782,0.0,0.0,1.5247766349021998,1.5247766349021998,1.5247766349021998,0.0,0.0,0.0,0.0,0.0,0.0,0.0,0.0,3.2142485700800845,3.2142485700800845,3.2142485700800845,0.0,0.0,0.0,0.0,0.5165696935130935,0.0,0.0,0.0,0.0,0.0,27.868401876594962,0.0,0.0,0.0,0.0,0.0,0.0,0.0,0.0,0.0,0.0,31.867166540829018,0.0,0.0,0.0,0.0,0.0,0.0,0.0,0.0,0.0,0.0,29.86774990828641,0.0,0.0,0.0,0.0,0.0,0.0,0.0,19.85687093996511,19.85687093996511,19.85687093996511,19.85687093996511,0.0,19.714766176321543,0.0,0.0,0.0,0.0,0.0,0.0,0.0,0.0,9.359139111708663,0.0,0.0,0.0,0.0,0.0,0.0,0.0,0.0,0.0,0.0,8.76546428076313
5.542635658914729,4.277783279986735,0.0,4.277783279986735,4.277783279986735,0.0,0.0,0.0,0.0,0.0,0.0,2.1069090997072326,2.1069090997072326,0.0,2.1069090997072326,0.0,0.0,0.0,0.22195329772145708,0.0,0.0,1.4194791344844715,1.4194791344844715,1.4194791344844715,0.0,0.0,0.0,0.0,0.0,0.0,0.0,0.0,2.850993812331874,2.850993812331874,2.850993812331874,0.0,0.0,0.0,0.0,0.4064082858977317,0.0,0.0,0.0,0.0,0.0,27.826698161198493,0.0,0.0,0.0,0.0,0.0,0.0,0.0,0.0,0.0,0.0,31.82465978107191,0.0,0.0,0.0,0.0,0.0,0.0,0.0,0.0,0.0,0.0,29.825620151625067,0.0,0.0,0.0,0.0,0.0,0.0,0.0,19.808152842833227,19.808152842833227,19.808152842833227,19.808152842833227,0.0,19.618145952252107,0.0,0.0,0.0,0.0,0.0,0.0,0.0,0.0,9.475269619181914,0.0,0.0,0.0,0.0,0.0,0.0,0.0,0.0,0.0,0.0,8.705507499894294
5.6434108527131785,4.2883048675125295,0.0,4.2883048675125295,4.2883048675125295,0.0,0.0,0.0,0.0,0.0,0.0,2.4859671517035067,2.4859671517035067,0.0,2.4859671517035067,0.0,0.0,0.0,0.3090016339674423,0.0,0.0,1.3685459402221436,1.3685459402221436,1.3685459402221436,0.0,0.0,0.0,0.0,0.0,0.0,0.0,0.0,2.509966843330777,2.509966843330777,2.509966843330777,0.0,0.0,0.0,0.0,0.3149966777309933,0.0,0.0,0.0,0.0,0.0,27.762469272512874,0.0,0.0,0.0,0.0,0.0,0.0,0.0,0.0,0.0,0.0,31.759364223668467,0.0,0.0,0.0,0.0,0.0,0.0,0.0,0.0,0.0,0.0,29.760825015891836,0.0,0.0,0.0,0.0,0.0,0.0,0.0,19.734845037089098,19.734845037089098,19.734845037089098,19.734845037089098,0.0,19.473205431896012,0.0,0.0,0.0,0.0,0.0,0.0,0.0,0.0,9.582014800860357,0.0,0.0,0.0,0.0,0.0,0.0,0.0,0.0,0.0,0.0,8.609023252243167
5.7441860465116275,4.160685728042289,0.0,4.160685728042289,4.160685728042289,0.0,0.0,0.0,0.0,0.0,0.0,2.9154572978325692,2.9154572978325692,0.0,2.9154572978325692,0.0,0.0,0.0,0.42499456277425934,0.0,0.0,1.3746615716237585,1.3746615716237585,1.3746615716237585,0.0,0.0,0.0,0.0,0.0,0.0,0.0,0.0,2.204646680697385,2.204646680697385,2.204646680697385,0.0,0.0,0.0,0.0,0.2430233493354999,0.0,0.0,0.0,0.0,0.0,27.67112846728371,0.0,0.0,0.0,0.0,0.0,0.0,0.0,0.0,0.0,0.0,31.66676321508134,0.0,0.0,0.0,0.0,0.0,0.0,0.0,0.0,0.0,0.0,29.66881341890794,0.0,0.0,0.0,0.0,0.0,0.0,0.0,19.633329550836603,19.633329550836603,19.633329550836603,19.633329550836603,0.0,19.273381462587693,0.0,0.0,0.0,0.0,0.0,0.0,0.0,0.0,9.67287609752909,0.0,0.0,0.0,0.0,0.0,0.0,0.0,0.0,0.0,0.0,8.467547023232399
5.844961240310077,3.9212353680449525,0.0,3.9212353680449525,3.9212353680449525,0.0,0.0,0.0,0.0,0.0,0.0,3.3541136694354745,3.3541136694354745,0.0,3.3541136694354745,0.0,0.0,0.0,0.5625039253746952,0.0,0.0,1.4425137618486272,1.4425137618486272,1.4425137618486272,0.0,0.0,0.0,0.0,0.0,0.0,0.0,0.0,1.9427614294566706,1.9427614294566706,1.9427614294566706,0.0,0.0,0.0,0.0,0.18871609858922633,0.0,0.0,0.0,0.0,0.0,27.55310052112651,0.0,0.0,0.0,0.0,0.0,0.0,0.0,0.0,0.0,0.0,31.547537776958396,0.0,0.0,0.0,0.0,0.0,0.0,0.0,0.0,0.0,0.0,29.550144561205283,0.0,0.0,0.0,0.0,0.0,0.0,0.0,19.506605333627306,19.506605333627306,19.506605333627306,19.506605333627306,0.0,19.025382582094863,0.0,0.0,0.0,0.0,0.0,0.0,0.0,0.0,9.745896995153823,0.0,0.0,0.0,0.0,0.0,0.0,0.0,0.0,0.0,0.0,8.278406878505798
5.945736434108527,3.6063223214793863,0.0,3.6063223214793863,3.6063223214793863,0.0,0.0,0.0,0.0,0.0,0.0,3.749598898571575,3.749598898571575,0.0,3.749598898571575,0.0,0.0,0.0,0.7029745950084585,0.0,0.0,1.578712839712533,1.578712839712533,1.578712839712533,0.0,0.0,0.0,0.0,0.0,0.0,0.0,0.0,1.7288110945477424,1.7288110945477424,1.7288110945477424,0.0,0.0,0.0,0.0,0.14943939003156817,0.0,0.0,0.0,0.0,0.0,27.41779473311091,0.0,0.0,0.0,0.0,0.0,0.0,0.0,0.0,0.0,0.0,31.41152765985589,0.0,0.0,0.0,0.0,0.0,0.0,0.0,0.0,0.0,0.0,29.41445561230019,0.0,0.0,0.0,0.0,0.0,0.0,0.0,19.367756295913583,19.367756295913583,19.367756295913583,19.367756295913583,0.0,18.755499196895013,0.0,0.0,0.0,0.0,0.0,0.0,0.0,0.0,9.80187292791392,0.0,0.0,0.0,0.0,0.0,0.0,0.0,0.0,0.0,0.0,8.0509677851524
6.046511627906977,3.2540499625470645,0.0,3.2540499625470645,3.2540499625470645,0.0,0.0,0.0,0.0,0.0,0.0,4.051734160951293,4.051734160951293,0.0,4.051734160951293,0.0,0.0,0.0,0.8208274855509838,0.0,0.0,1.790181530171603,1.790181530171603,1.790181530171603,0.0,0.0,0.0,0.0,0.0,0.0,0.0,0.0,1.5654643778828277,1.5654643778828277,1.5654643778828277,0.0,0.0,0.0,0.0,0.12253393592100344,0.0,0.0,0.0,0.0,0.0,27.28420319627857,0.0,0.0,0.0,0.0,0.0,0.0,0.0,0.0,0.0,0.0,31.278159221791757,0.0,0.0,0.0,0.0,0.0,0.0,0.0,0.0,0.0,0.0,29.280971040621242,0.0,0.0,0.0,0.0,0.0,0.0,0.0,19.23881173744832,19.23881173744832,19.23881173744832,19.23881173744832,0.0,18.506593853448962,0.0,0.0,0.0,0.0,0.0,0.0,0.0,0.0,9.842873262539909,0.0,0.0,0.0,0.0,0.0,0.0,0.0,0.0,0.0,0.0,7.809138393041658
6.147286821705427,2.8969095302559786,0.0,2.8969095302559786,2.8969095302559786,0.0,0.0,0.0,0.0,0.0,0.0,4.225050734667026,4.225050734667026,0.0,4.225050734667026,0.0,0.0,0.0,0.8925526855255189,0.0,0.0,2.0804139018136034,2.0804139018136034,2.0804139018136034,0.0,0.0,0.0,0.0,0.0,0.0,0.0,0.0,1.4543832355260833,1.4543832355260833,1.4543832355260833,0.0,0.0,0.0,0.0,0.10576152978896594,0.0,0.0,0.0,0.0,0.0,27.176139935696938,0.0,0.0,0.0,0.0,0.0,0.0,0.0,0.0,0.0,0.0,31.171437366676468,0.0,0.0,0.0,0.0,0.0,0.0,0.0,0.0,0.0,0.0,29.17361048990388,0.0,0.0,0.0,0.0,0.0,0.0,0.0,19.14409461956651,19.14409461956651,19.14409461956651,19.14409461956651,0.0,18.32481794014577,0.0,0.0,0.0,0.0,0.0,0.0,0.0,0.0,9.871274521080664,0.0,0.0,0.0,0.0,0.0,0.0,0.0,0.0,0.0,0.0,7.586923534285188
6.2480620155038755,2.558190300718072,0.0,2.558190300718072,2.558190300718072,0.0,0.0,0.0,0.0,0.0,0.0,4.255056086636379,4.255056086636379,0.0,4.255056086636379,0.0,0.0,0.0,0.9052751150210647,0.0,0.0,2.443669294457611,2.443669294457611,2.443669294457611,0.0,0.0,0.0,0.0,0.0,0.0,0.0,0.0,1.3971329727460817,1.3971329727460817,1.3971329727460817,0.0,0.0,0.0,0.0,0.09759902717671519,0.0,0.0,0.0,0.0,0.0,27.114190208792664,0.0,0.0,0.0,0.0,0.0,0.0,0.0,0.0,0.0,0.0,31.111754363132537,0.0,0.0,0.0,0.0,0.0,0.0,0.0,0.0,0.0,0.0,29.112861160291967,0.0,0.0,0.0,0.0,0.0,0.0,0.0,19.101617142975126,19.101617142975126,19.101617142975126,19.101617142975126,0.0,18.243588873840064,0.0,0.0,0.0,0.0,0.0,0.0,0.0,0.0,9.889168792553459,0.0,0.0,0.0,0.0,0.0,0.0,0.0,0.0,0.0,0.0,7.418960358532696
6.348837209302325,2.2525077777004134,0.0,2.2525077777004134,2.2525077777004134,0.0,0.0,0.0,0.0,0.0,0.0,4.148171160698811,4.148171160698811,0.0,4.148171160698811,0.0,0.0,0.0,0.8603661989226663,0.0,0.0,2.8590028471162783,2.8590028471162783,2.8590028471162783,0.0,0.0,0.0,0.0,0.0,0.0,0.0,0.0,1.3962497059108112,1.3962497059108112,1.3962497059108112,0.0,0.0,0.0,0.0,0.09747566206280134,0.0,0.0,0.0,0.0,0.0,27.108771176515674,0.0,0.0,0.0,0.0,0.0,0.0,0.0,0.0,0.0,0.0,31.10900751846743,0.0,0.0,0.0,0.0,0.0,0.0,0.0,0.0,0.0,0.0,29.108866233182837,0.0,0.0,0.0,0.0,0.0,0.0,0.0,19.117214580469767,19.117214580469767,19.117214580469767,19.117214580469767,0.0,18.273394665786295,0.0,0.0,0.0,0.0,0.0,0.0,0.0,0.0,9.897984162380634,0.0,0.0,0.0,0.0,0.0,0.0,0.0,0.0,0.0,0.0,7.33112686512301
6.449612403100775,1.988439944707189,0.0,1.988439944707189,1.988439944707189,0.0,0.0,0.0,0.0,0.0,0.0,3.9278901962746025,3.9278901962746025,0.0,3.9278901962746025,0.0,0.0,0.0,0.7714160696995068,0.0,0.0,3.2882113602094156,3.2882113602094156,3.2882113602094156,0.0,0.0,0.0,0.0,0.0,0.0,0.0,0.0,1.4560606134180114,1.4560606134180114,1.4560606134180114,0.0,0.0,0.0,0.0,0.1060056254973618,0.0,0.0,0.0,0.0,0.0,27.157403400750557,0.0,0.0,0.0,0.0,0.0,0.0,0.0,0.0,0.0,0.0,31.1600908521178,0.0,0.0,0.0,0.0,0.0,0.0,0.0,0.0,0.0,0.0,29.158811907255792,0.0,0.0,0.0,0.0,0.0,0.0,0.0,19.183665195261188,19.183665195261188,19.183665195261188,19.183665195261188,0.0,18.400650516193775,0.0,0.0,0.0,0.0,0.0,0.0,0.0,0.0,9.898205368598306,0.0,0.0,0.0,0.0,0.0,0.0,0.0,0.0,0.0,0.0,7.33464501443135
6.550387596899225,1.771044388937817,0.0,1.771044388937817,1.771044388937817,0.0,0.0,0.0,0.0,0.0,0.0,3.6285023596259274,3.6285023596259274,0.0,3.6285023596259274,0.0,0.0,0.0,0.6583014686905462,0.0,0.0,3.6813952511182846,3.6813952511182846,3.6813952511182846,0.0,0.0,0.0,0.0,0.0,0.0,0.0,0.0,1.5826981356895502,1.5826981356895502,1.5826981356895502,0.0,0.0,0.0,0.0,0.12524666943575888,0.0,0.0,0.0,0.0,0.0,27.246721252029044,0.0,0.0,0.0,0.0,0.0,0.0,0.0,0.0,0.0,0.0,31.2511440767391,0.0,0.0,0.0,0.0,0.0,0.0,0.0,0.0,0.0,0.0,29.249065912531055,0.0,0.0,0.0,0.0,0.0,0.0,0.0,19.284421749757527,19.284421749757527,19.284421749757527,19.284421749757527,0.0,18.594446111126057,0.0,0.0,0.0,0.0,0.0,0.0,0.0,0.0,9.889122375427403,0.0,0.0,0.0,0.0,0.0,0.0,0.0,0.0,0.0,0.0,7.424337443415306
6.651162790697675,1.60336724236248,0.0,1.60336724236248,1.60336724236248,0.0,0.0,0.0,0.0,0.0,0.0,3.2871579176314945,3.2871579176314945,0.0,3.2871579176314945,0.0,0.0,0.0,0.5402703587723712,0.0,0.0,3.989079302118186,3.989079302118186,3.989079302118186,0.0,0.0,0.0,0.0,0.0,0.0,0.0,0.0,1.7826987624696613,1.7826987624696613,1.7826987624696613,0.0,0.0,0.0,0.0,0.1589007438855431,0.0,0.0,0.0,0.0,0.0,27.357925420578304,0.0,0.0,0.0,0.0,0.0,0.0,0.0,0.0,0.0,0.0,31.36316937892949,0.0,0.0,0.0,0.0,0.0,0.0,0.0,0.0,0.0,0.0,29.360719023344096,0.0,0.0,0.0,0.0,0.0,0.0,0.0,19.39993682801291,19.39993682801291,19.39993682801291,19.39993682801291,0.0,18.81787744654458,0.0,0.0,0.0,0.0,0.0,0.0,0.0,0.0,9.868596224383293,0.0,0.0,0.0,0.0,0.0,0.0,0.0,0.0,0.0,0.0,7.580875096525872
6.751937984496124,1.4873224054070073,0.0,1.4873224054070073,1.4873224054070073,0.0,0.0,0.0,0.0,0.0,0.0,2.9365214230866403,2.9365214230866403,0.0,2.9365214230866403,0.0,0.0,0.0,0.4311579034123394,0.0,0.0,4.1746435323256765,4.1746435323256765,4.1746435323256765,0.0,0.0,0.0,0.0,0.0,0.0,0.0,0.0,2.0596119238910147,2.0596119238910147,2.0596119238910147,0.0,0.0,0.0,0.0,0.21210006385170233,0.0,0.0,0.0,0.0,0.0,27.47304479183095,0.0,0.0,0.0,0.0,0.0,0.0,0.0,0.0,0.0,0.0,31.478298099719904,0.0,0.0,0.0,0.0,0.0,0.0,0.0,0.0,0.0,0.0,29.47585180789588,0.0,0.0,0.0,0.0,0.0,0.0,0.0,19.513591551179957,19.513591551179957,19.513591551179957,19.513591551179957,0.0,19.03901276131409,0.0,0.0,0.0,0.0,0.0,0.0,0.0,0.0,9.832985689503838,0.0,0.0,0.0,0.0,0.0,0.0,0.0,0.0,0.0,0.0,7.776629125866273
6.852713178294573,1.4245735201834824,0.0,1.4245735201834824,1.4245735201834824,0.0,0.0,0.0,0.0,0.0,0.0,2.600740808631738,2.600740808631738,0.0,2.600740808631738,0.0,0.0,0.0,0.33819263768412333,0.0,0.0,4.221283691196252,4.221283691196252,4.221283691196252,0.0,0.0,0.0,0.0,0.0,0.0,0.0,0.0,2.4086157955782235,2.4086157955782235,2.4086157955782235,0.0,0.0,0.0,0.0,0.29007150253544595,0.0,0.0,0.0,0.0,0.0,27.57918446902622,0.0,0.0,0.0,0.0,0.0,0.0,0.0,0.0,0.0,0.0,31.583914487674456,0.0,0.0,0.0,0.0,0.0,0.0,0.0,0.0,0.0,0.0,29.5817167282848,0.0,0.0,0.0,0.0,0.0,0.0,0.0,19.61477506259885,19.61477506259885,19.61477506259885,19.61477506259885,0.0,19.236970037817485,0.0,0.0,0.0,0.0,0.0,0.0,0.0,0.0,9.777644330099552,0.0,0.0,0.0,0.0,0.0,0.0,0.0,0.0,0.0,0.0,7.983355639792566
6.953488372093023,1.4175588578388347,0.0,1.4175588578388347,1.4175588578388347,0.0,0.0,0.0,0.0,0.0,0.0,2.2954207624047207,2.2954207624047207,0.0,2.2954207624047207,0.0,0.0,0.0,0.26344782382393345,0.0,0.0,4.132721560710275,4.132721560710275,4.132721560710275,0.0,0.0,0.0,0.0,0.0,0.0,0.0,0.0,2.8107588252564297,2.8107588252564297,2.8107588252564297,0.0,0.0,0.0,0.0,0.39501825868784524,0.0,0.0,0.0,0.0,0.0,27.669548786205205,0.0,0.0,0.0,0.0,0.0,0.0,0.0,0.0,0.0,0.0,31.673502907005087,0.0,0.0,0.0,0.0,0.0,0.0,0.0,0.0,0.0,0.0,29.671668492592545,0.0,0.0,0.0,0.0,0.0,0.0,0.0,19.698782736373165,19.698782736373165,19.698782736373165,19.698782736373165,0.0,19.402102064741673,0.0,0.0,0.0,0.0,0.0,0.0,0.0,0.0,9.698590469849075,0.0,0.0,0.0,0.0,0.0,0.0,0.0,0.0,0.0,0.0,8.178614915689863
7.054263565891473,1.4703131374065064,0.0,1.4703131374065064,1.4703131374065064,0.0,0.0,0.0,0.0,0.0,0.0,2.029925444126269,2.029925444126269,0.0,2.029925444126269,0.0,0.0,0.0,0.20602986543556157,0.0,0.0,3.9298893998566524,3.9298893998566524,3.9298893998566524,0.0,0.0,0.0,0.0,0.0,0.0,0.0,0.0,3.230510408914775,3.230510408914775,3.230510408914775,0.0,0.0,0.0,0.0,0.5218098751053354,0.0,0.0,0.0,0.0,0.0,27.742151896641133,0.0,0.0,0.0,0.0,0.0,0.0,0.0,0.0,0.0,0.0,31.74528311221186,0.0,0.0,0.0,0.0,0.0,0.0,0.0,0.0,0.0,0.0,29.743832219475745,0.0,0.0,0.0,0.0,0.0,0.0,0.0,19.76499297644364,19.76499297644364,19.76499297644364,19.76499297644364,0.0,19.532747367943323,0.0,0.0,0.0,0.0,0.0,0.0,0.0,0.0,9.595552882533559,0.0,0.0,0.0,0.0,0.0,0.0,0.0,0.0,0.0,0.0,8.34862564992731
7.155038759689923,1.5885550213748691,0.0,1.5885550213748691,1.5885550213748691,0.0,0.0,0.0,0.0,0.0,0.0,1.8098454160838207,1.8098454160838207,0.0,1.8098454160838207,0.0,0.0,0.0,0.16377702150598092,0.0,0.0,3.645085947119335,3.645085947119335,3.645085947119335,0.0,0.0,0.0,0.0,0.0,0.0,0.0,0.0,3.6202821866111203,3.6202821866111203,3.6202821866111203,0.0,0.0,0.0,0.0,0.6553221555346898,0.0,0.0,0.0,0.0,0.0,27.79783349802598,0.0,0.0,0.0,0.0,0.0,0.0,0.0,0.0,0.0,0.0,31.800205516133325,0.0,0.0,0.0,0.0,0.0,0.0,0.0,0.0,0.0,0.0,29.79910756557194,0.0,0.0,0.0,0.0,0.0,0.0,0.0,19.814921468153603,19.814921468153603,19.814921468153603,19.814921468153603,0.0,19.631555639454728,0.0,0.0,0.0,0.0,0.0,0.0,0.0,0.0,9.47523064370884,0.0,0.0,0.0,0.0,0.0,0.0,0.0,0.0,0.0,0.0,8.48762571247885
7.255813953488372,1.7784568883948795,0.0,1.7784568883948795,1.7784568883948795,0.0,0.0,0.0,0.0,0.0,0.0,1.6385895769048797,1.6385895769048797,0.0,1.6385895769048797,0.0,0.0,0.0,0.13424879007706564,0.0,0.0,3.314413867691865,3.314413867691865,3.314413867691865,0.0,0.0,0.0,0.0,0.0,0.0,0.0,0.0,3.9315169150824576,3.9315169150824576,3.9315169150824576,0.0,0.0,0.0,0.0,0.7728412626789742,0.0,0.0,0.0,0.0,0.0,27.83867650527152,0.0,0.0,0.0,0.0,0.0,0.0,0.0,0.0,0.0,0.0,31.8403954380953,0.0,0.0,0.0,0.0,0.0,0.0,0.0,0.0,0.0,0.0,29.839600717416264,0.0,0.0,0.0,0.0,0.0,0.0,0.0,19.85087355426993,19.85087355426993,19.85087355426993,19.85087355426993,0.0,19.70285904338067,0.0,0.0,0.0,0.0,0.0,0.0,0.0,0.0,9.35226441634325,0.0,0.0,0.0,0.0,0.0,0.0,0.0,0.0,0.0,0.0,8.595447148782638
7.3565891472868215,2.0435482199332857,0.0,2.0435482199332857,2.0435482199332857,0.0,0.0,0.0,0.0,0.0,0.0,1.5183180940819494,1.5183180940819494,0.0,1.5183180940819494,0.0,0.0,0.0,0.11526449174083218,0.0,0.0,2.9705004749301844,2.9705004749301844,2.9705004749301844,0.0,0.0,0.0,0.0,0.0,0.0,0.0,0.0,4.126859134612214,4.126859134612214,4.126859134612214,0.0,0.0,0.0,0.0,0.8515483158466138,0.0,0.0,0.0,0.0,0.0,27.867035079440136,0.0,0.0,0.0,0.0,0.0,0.0,0.0,0.0,0.0,0.0,31.868210808223832,0.0,0.0,0.0,0.0,0.0,0.0,0.0,0.0,0.0,0.0,29.86766800192006,0.0,0.0,0.0,0.0,0.0,0.0,0.0,19.875172049930757,19.875172049930757,19.875172049930757,19.875172049930757,0.0,19.75112320071744,0.0,0.0,0.0,0.0,0.0,0.0,0.0,0.0,9.24618519980235,0.0,0.0,0.0,0.0,0.0,0.0,0.0,0.0,0.0,0.0,8.674936382397703
7.457364341085271,2.3797048608401075,0.0,2.3797048608401075,2.3797048608401075,0.0,0.0,0.0,0.0,0.0,0.0,1.450807310956338,1.450807310956338,0.0,1.450807310956338,0.0,0.0,0.0,0.10524209267621804,0.0,0.0,2.63813979937976,2.63813979937976,2.63813979937976,0.0,0.0,0.0,0.0,0.0,0.0,0.0,0.0,4.187620564504196,4.187620564504196,4.187620564504196,0.0,0.0,0.0,0.0,0.8768082996129222,0.0,0.0,0.0,0.0,0.0,27.88498172380325,0.0,0.0,0.0,0.0,0.0,0.0,0.0,0.0,0.0,0.0,31.88570716726806,0.0,0.0,0.0,0.0,0.0,0.0,0.0,0.0,0.0,0.0,29.885372910501435,0.0,0.0,0.0,0.0,0.0,0.0,0.0,19.889709897610935,19.889709897610935,19.889709897610935,19.889709897610935,0.0,19.78002799055612,0.0,0.0,0.0,0.0,0.0,0.0,0.0,0.0,9.17547775931571,0.0,0.0,0.0,0.0,0.0,0.0,0.0,0.0,0.0,0.0,8.729960151581954
7.558139534883721,2.769615968029156,0.0,2.769615968029156,2.769615968029156,0.0,0.0,0.0,0.0,0.0,0.0,1.438436428992895,1.438436428992895,0.0,1.438436428992895,0.0,0.0,0.0,0.1034549680126916,0.0,0.0,2.3337825322494647,2.3337825322494647,2.3337825322494647,0.0,0.0,0.0,0.0,0.0,0.0,0.0,0.0,4.115174711461036,4.115174711461036,4.115174711461036,0.0,0.0,0.0,0.0,0.8467331452924212,0.0,0.0,0.0,0.0,0.0,27.893956533383417,0.0,0.0,0.0,0.0,0.0,0.0,0.0,0.0,0.0,0.0,31.894283319778957,0.0,0.0,0.0,0.0,0.0,0.0,0.0,0.0,0.0,0.0,29.8941360051748,0.0,0.0,0.0,0.0,0.0,0.0,0.0,19.895649243071993,19.895649243071993,19.895649243071993,19.895649243071993,0.0,19.79184294016756,0.0,0.0,0.0,0.0,0.0,0.0,0.0,0.0,9.151825590704327,0.0,0.0,0.0,0.0,0.0,0.0,0.0,0.0,0.0,0.0,8.764056165881827
7.658914728682171,3.1800721620783334,0.0,3.1800721620783334,3.1800721620783334,0.0,0.0,0.0,0.0,0.0,0.0,1.4850035480819872,1.4850035480819872,0.0,1.4850035480819872,0.0,0.0,0.0,0.11026177689080455,0.0,0.0,2.0675087386061937,2.0675087386061937,2.0675087386061937,0.0,0.0,0.0,0.0,0.0,0.0,0.0,0.0,3.9281402984795553,3.9281402984795553,3.9281402984795553,0.0,0.0,0.0,0.0,0.7715143102269525,0.0,0.0,0.0,0.0,0.0,27.89451079744007,0.0,0.0,0.0,0.0,0.0,0.0,0.0,0.0,0.0,0.0,31.89446361264103,0.0,0.0,0.0,0.0,0.0,0.0,0.0,0.0,0.0,0.0,29.894489861416325,0.0,0.0,0.0,0.0,0.0,0.0,0.0,19.893179950300276,19.893179950300276,19.893179950300276,19.893179950300276,0.0,19.786930426751447,0.0,0.0,0.0,0.0,0.0,0.0,0.0,0.0,9.176986808969348,0.0,0.0,0.0,0.0,0.0,0.0,0.0,0.0,0.0,0.0,8.779547762858058
7.75968992248062,3.565643663385383,0.0,3.565643663385383,3.565643663385383,0.0,0.0,0.0,0.0,0.0,0.0,1.5958688489465689,1.5958688489465689,0.0,1.5958688489465689,0.0,0.0,0.0,0.12733986915190235,0.0,0.0,1.8454123726787266,1.8454123726787266,1.8454123726787266,0.0,0.0,0.0,0.0,0.0,0.0,0.0,0.0,3.6569343037980433,3.6569343037980433,3.6569343037980433,0.0,0.0,0.0,0.0,0.668658425114744,0.0,0.0,0.0,0.0,0.0,27.88607385814152,0.0,0.0,0.0,0.0,0.0,0.0,0.0,0.0,0.0,0.0,31.8856139294564,0.0,0.0,0.0,0.0,0.0,0.0,0.0,0.0,0.0,0.0,29.885833228754976,0.0,0.0,0.0,0.0,0.0,0.0,0.0,19.881288167780525,19.881288167780525,19.881288167780525,19.881288167780525,0.0,19.763280960516497,0.0,0.0,0.0,0.0,0.0,0.0,0.0,0.0,9.243114106972287,0.0,0.0,0.0,0.0,0.0,0.0,0.0,0.0,0.0,0.0,8.776927160539758
7.8604651162790695,3.8788246753054687,0.0,3.8788246753054687,3.8788246753054687,0.0,0.0,0.0,0.0,0.0,0.0,1.7768648810581043,1.7768648810581043,0.0,1.7768648810581043,0.0,0.0,0.0,0.15786244027688157,0.0,0.0,1.6712477077921555,1.6712477077921555,1.6712477077921555,0.0,0.0,0.0,0.0,0.0,0.0,0.0,0.0,3.336562552846224,3.336562552846224,3.336562552846224,0.0,0.0,0.0,0.0,0.5566324834527857,0.0,0.0,0.0,0.0,0.0,27.866734152403687,0.0,0.0,0.0,0.0,0.0,0.0,0.0,0.0,0.0,0.0,31.865762957141495,0.0,0.0,0.0,0.0,0.0,0.0,0.0,0.0,0.0,0.0,29.866222008690652,0.0,0.0,0.0,0.0,0.0,0.0,0.0,19.857549371223396,19.857549371223396,19.857549371223396,19.857549371223396,0.0,19.716113351528733,0.0,0.0,0.0,0.0,0.0,0.0,0.0,0.0,9.336041337066655,0.0,0.0,0.0,0.0,0.0,0.0,0.0,0.0,0.0,0.0,8.754380014461018
7.961240310077519,4.081850531276549,0.0,4.081850531276549,4.081850531276549,0.0,0.0,0.0,0.0,0.0,0.0,2.0314503243008843,2.0314503243008843,0.0,2.0314503243008843,0.0,0.0,0.0,0.2063395210051084,0.0,0.0,1.5474127055856555,1.5474127055856555,1.5474127055856555,0.0,0.0,0.0,0.0,0.0,0.0,0.0,0.0,2.9994562747819398,2.9994562747819398,2.9994562747819398,0.0,0.0,0.0,0.0,0.4498368972164376,0.0,0.0,0.0,0.0,0.0,27.83314145974829,0.0,0.0,0.0,0.0,0.0,0.0,0.0,0.0,0.0,0.0,31.83149541735789,0.0,0.0,0.0,0.0,0.0,0.0,0.0,0.0,0.0,0.0,29.832271221709988,0.0,0.0,0.0,0.0,0.0,0.0,0.0,19.818113530224096,19.818113530224096,19.818113530224096,19.818113530224096,0.0,19.63788119484257,0.0,0.0,0.0,0.0,0.0,0.0,0.0,0.0,9.4400309070348,0.0,0.0,0.0,0.0,0.0,0.0,0.0,0.0,0.0,0.0,8.70751455749925
8.062015503875969,4.154522809736748,0.0,4.154522809736748,4.154522809736748,0.0,0.0,0.0,0.0,0.0,0.0,2.3560254602629955,2.3560254602629955,0.0,2.3560254602629955,0.0,0.0,0.0,0.277542798470373,0.0,0.0,1.475804862343457,1.475804862343457,1.475804862343457,0.0,0.0,0.0,0.0,0.0,0.0,0.0,0.0,2.6708716717338357,2.6708716717338357,2.6708716717338357,0.0,0.0,0.0,0.0,0.3566777743435147,0.0,0.0,0.0,0.0,0.0,27.780868819767594,0.0,0.0,0.0,0.0,0.0,0.0,0.0,0.0,0.0,0.0,31.778340232842034,0.0,0.0,0.0,0.0,0.0,0.0,0.0,0.0,0.0,0.0,29.77953003850244,0.0,0.0,0.0,0.0,0.0,0.0,0.0,19.758320387757784,19.758320387757784,19.758320387757784,19.758320387757784,0.0,19.519561227264248,0.0,0.0,0.0,0.0,0.0,0.0,0.0,0.0,9.541896447309782,0.0,0.0,0.0,0.0,0.0,0.0,0.0,0.0,0.0,0.0,8.629698904834163
8.162790697674419,4.09618747571777,0.0,4.09618747571777,4.09618747571777,0.0,0.0,0.0,0.0,0.0,0.0,2.7346305545152663,2.7346305545152663,0.0,2.7346305545152663,0.0,0.0,0.0,0.37391021348442366,0.0,0.0,1.4587734837949933,1.4587734837949933,1.4587734837949933,0.0,0.0,0.0,0.0,0.0,0.0,0.0,0.0,2.367969532335762,2.367969532335762,2.367969532335762,0.0,0.0,0.0,0.0,0.2803639853035224,0.0,0.0,0.0,0.0,0.0,27.705798946584334,0.0,0.0,0.0,0.0,0.0,0.0,0.0,0.0,0.0,0.0,31.702207708299014,0.0,0.0,0.0,0.0,0.0,0.0,0.0,0.0,0.0,0.0,29.703894825874436,0.0,0.0,0.0,0.0,0.0,0.0,0.0,19.674550733199787,19.674550733199787,19.674550733199787,19.674550733199787,0.0,19.354397327662614,0.0,0.0,0.0,0.0,0.0,0.0,0.0,0.0,9.633030183177013,0.0,0.0,0.0,0.0,0.0,0.0,0.0,0.0,0.0,0.0,8.513795337666256
8.263565891472869,3.923385318971604,0.0,3.923385318971604,3.923385318971604,0.0,0.0,0.0,0.0,0.0,0.0,3.1360685088650797,3.1360685088650797,0.0,3.1360685088650797,0.0,0.0,0.0,0.4917462846147623,0.0,0.0,1.499925813041233,1.499925813041233,1.499925813041233,0.0,0.0,0.0,0.0,0.0,0.0,0.0,0.0,2.1014731130164512,2.1014731130164512,2.1014731130164512,0.0,0.0,0.0,0.0,0.22080946223655273,0.0,0.0,0.0,0.0,0.0,27.606890517379124,0.0,0.0,0.0,0.0,0.0,0.0,0.0,0.0,0.0,0.0,31.602218964604145,0.0,0.0,0.0,0.0,0.0,0.0,0.0,0.0,0.0,0.0,29.604409138361433,0.0,0.0,0.0,0.0,0.0,0.0,0.0,19.567458401748485,19.567458401748485,19.567458401748485,19.567458401748485,0.0,19.14427141520787,0.0,0.0,0.0,0.0,0.0,0.0,0.0,0.0,9.709313175705375,0.0,0.0,0.0,0.0,0.0,0.0,0.0,0.0,0.0,0.0,8.355948042875454
8.364341085271318,3.6647754875053735,0.0,3.6647754875053735,3.6647754875053735,0.0,0.0,0.0,0.0,0.0,0.0,3.5168984774996304,3.5168984774996304,0.0,3.5168984774996304,0.0,0.0,0.0,0.6184287450519609,0.0,0.0,1.604311649568039,1.604311649568039,1.604311649568039,0.0,0.0,0.0,0.0,0.0,0.0,0.0,0.0,1.8779457069099204,1.8779457069099204,1.8779457069099204,0.0,0.0,0.0,0.0,0.17633400390507004,0.0,0.0,0.0,0.0,0.0,27.489551990726778,0.0,0.0,0.0,0.0,0.0,0.0,0.0,0.0,0.0,0.0,31.484093941923906,0.0,0.0,0.0,0.0,0.0,0.0,0.0,0.0,0.0,0.0,29.486646479413633,0.0,0.0,0.0,0.0,0.0,0.0,0.0,19.44526935387861,19.44526935387861,19.44526935387861,19.44526935387861,0.0,18.905925012244534,0.0,0.0,0.0,0.0,0.0,0.0,0.0,0.0,9.769882922663587,0.0,0.0,0.0,0.0,0.0,0.0,0.0,0.0,0.0,0.0,8.160687130036571
8.465116279069766,3.3542540314941993,0.0,3.3542540314941993,3.3542540314941993,0.0,0.0,0.0,0.0,0.0,0.0,3.830736638232121,3.830736638232121,0.0,3.830736638232121,0.0,0.0,0.0,0.7337271595746966,0.0,0.0,1.7774490102389027,1.7774490102389027,1.7774490102389027,0.0,0.0,0.0,0.0,0.0,0.0,0.0,0.0,1.7014683103058266,1.7014683103058266,1.7014683103058266,0.0,0.0,0.0,0.0,0.1447497205487482,0.0,0.0,0.0,0.0,0.0,27.36735025508062,0.0,0.0,0.0,0.0,0.0,0.0,0.0,0.0,0.0,0.0,31.361779737325666,0.0,0.0,0.0,0.0,0.0,0.0,0.0,0.0,0.0,0.0,29.364375623964648,0.0,0.0,0.0,0.0,0.0,0.0,0.0,19.32443020199293,19.32443020199293,19.32443020199293,19.32443020199293,0.0,18.671680131584825,0.0,0.0,0.0,0.0,0.0,0.0,0.0,0.0,9.81574367907112,0.0,0.0,0.0,0.0,0.0,0.0,0.0,0.0,0.0,0.0,7.944438544724032
8.565891472868216,3.023932761271478,0.0,3.023932761271478,3.023932761271478,0.0,0.0,0.0,0.0,0.0,0.0,4.0396718002219,4.0396718002219,0.0,4.0396718002219,0.0,0.0,0.0,0.8159474126754023,0.0,0.0,2.0226896016819946,2.0226896016819946,2.0226896016819946,0.0,0.0,0.0,0.0,0.0,0.0,0.0,0.0,1.574666348884771,1.574666348884771,1.574666348884771,0.0,0.0,0.0,0.0,0.12397870551550477,0.0,0.0,0.0,0.0,0.0,27.259781304923056,0.0,0.0,0.0,0.0,0.0,0.0,0.0,0.0,0.0,0.0,31.25502469115438,0.0,0.0,0.0,0.0,0.0,0.0,0.0,0.0,0.0,0.0,29.257229774386886,0.0,0.0,0.0,0.0,0.0,0.0,0.0,19.22578581487132,19.22578581487132,19.22578581487132,19.22578581487132,0.0,18.481542009965363,0.0,0.0,0.0,0.0,0.0,0.0,0.0,0.0,9.84868845116144,0.0,0.0,0.0,0.0,0.0,0.0,0.0,0.0,0.0,0.0,7.73415428268338
8.666666666666666,2.69937557134309,0.0,2.69937557134309,2.69937557134309,0.0,0.0,0.0,0.0,0.0,0.0,4.122314060712532,4.122314060712532,0.0,4.122314060712532,0.0,0.0,0.0,0.8496736607574124,0.0,0.0,2.336823471526165,2.336823471526165,2.336823471526165,0.0,0.0,0.0,0.0,0.0,0.0,0.0,0.0,1.4995620733836736,1.4995620733836736,1.4995620733836736,0.0,0.0,0.0,0.0,0.11243432059653712,0.0,0.0,0.0,0.0,0.0,27.186389848509084,0.0,0.0,0.0,0.0,0.0,0.0,0.0,0.0,0.0,0.0,31.183340031882494,0.0,0.0,0.0,0.0,0.0,0.0,0.0,0.0,0.0,0.0,29.184739664228715,0.0,0.0,0.0,0.0,0.0,0.0,0.0,19.16772228339331,19.16772228339331,19.16772228339331,19.16772228339331,0.0,18.37007887666462,0.0,0.0,0.0,0.0,0.0,0.0,0.0,0.0,9.870577599444864,0.0,0.0,0.0,0.0,0.0,0.0,0.0,0.0,0.0,0.0,7.560786523519302
8.767441860465116,2.3983285053509382,0.0,2.3983285053509382,2.3983285053509382,0.0,0.0,0.0,0.0,0.0,0.0,4.076272942959964,4.076272942959964,0.0,4.076272942959964,0.0,0.0,0.0,0.8308000552753741,0.0,0.0,2.705002024994099,2.705002024994099,2.705002024994099,0.0,0.0,0.0,0.0,0.0,0.0,0.0,0.0,1.4784971345238227,1.4784971345238227,1.4784971345238227,0.0,0.0,0.0,0.0,0.10929768883975773,0.0,0.0,0.0,0.0,0.0,27.160236948551656,0.0,0.0,0.0,0.0,0.0,0.0,0.0,0.0,0.0,0.0,31.159446427186065,0.0,0.0,0.0,0.0,0.0,0.0,0.0,0.0,0.0,0.0,29.15978820613822,0.0,0.0,0.0,0.0,0.0,0.0,0.0,19.159972820555108,19.159972820555108,19.159972820555108,19.159972820555108,0.0,18.355227924220525,0.0,0.0,0.0,0.0,0.0,0.0,0.0,0.0,9.88286647349422,0.0,0.0,0.0,0.0,0.0,0.0,0.0,0.0,0.0,0.0,7.450894148786137
8.868217054263566,2.1320843876034514,0.0,2.1320843876034514,2.1320843876034514,0.0,0.0,0.0,0.0,0.0,0.0,3.916234869940882,3.916234869940882,0.0,3.916234869940882,0.0,0.0,0.0,0.766844777827044,0.0,0.0,3.0977684341181884,3.0977684341181884,3.0977684341181884,0.0,0.0,0.0,0.0,0.0,0.0,0.0,0.0,1.5149251451453252,1.5149251451453252,1.5149251451453252,0.0,0.0,0.0,0.0,0.11474990976967923,0.0,0.0,0.0,0.0,0.0,27.18392638988593,0.0,0.0,0.0,0.0,0.0,0.0,0.0,0.0,0.0,0.0,31.18543450126712,0.0,0.0,0.0,0.0,0.0,0.0,0.0,0.0,0.0,0.0,29.18470594875113,0.0,0.0,0.0,0.0,0.0,0.0,0.0,19.20098493513307,19.20098493513307,19.20098493513307,19.20098493513307,0.0,18.43389112396036,0.0,0.0,0.0,0.0,0.0,0.0,0.0,0.0,9.886277260623793,0.0,0.0,0.0,0.0,0.0,0.0,0.0,0.0,0.0,0.0,7.420041474787797
8.968992248062015,1.9076390954794327,0.0,1.9076390954794327,1.9076390954794327,0.0,0.0,0.0,0.0,0.0,0.0,3.669229847845051,3.669229847845051,0.0,3.669229847845051,0.0,0.0,0.0,0.6731623838158509,0.0,0.0,3.4735009608768292,3.4735009608768292,3.4735009608768292,0.0,0.0,0.0,0.0,0.0,0.0,0.0,0.0,1.6136265382324353,1.6136265382324353,1.6136265382324353,0.0,0.0,0.0,0.0,0.13018953024439966,0.0,0.0,0.0,0.0,0.0,27.24961012356666,0.0,0.0,0.0,0.0,0.0,0.0,0.0,0.0,0.0,0.0,31.252962777220116,0.0,0.0,0.0,0.0,0.0,0.0,0.0,0.0,0.0,0.0,29.2513811508325,0.0,0.0,0.0,0.0,0.0,0.0,0.0,19.279501991957098,19.279501991957098,19.279501991957098,19.279501991957098,0.0,18.584959852893885,0.0,0.0,0.0,0.0,0.0,0.0,0.0,0.0,9.880543182386734,0.0,0.0,0.0,0.0,0.0,0.0,0.0,0.0,0.0,0.0,7.469662384500526
9.069767441860465,1.7293800387602452,0.0,1.7293800387602452,1.7293800387602452,0.0,0.0,0.0,0.0,0.0,0.0,3.368055724632974,3.368055724632974,0.0,3.368055724632974,0.0,0.0,0.0,0.5671899682116475,0.0,0.0,3.786965114858495,3.786965114858495,3.786965114858495,0.0,0.0,0.0,0.0,0.0,0.0,0.0,0.0,1.779829179134602,1.779829179134602,1.779829179134602,0.0,0.0,0.0,0.0,0.15838959534494756,0.0,0.0,0.0,0.0,0.0,27.342551065517668,0.0,0.0,0.0,0.0,0.0,0.0,0.0,0.0,0.0,0.0,31.347009046580553,0.0,0.0,0.0,0.0,0.0,0.0,0.0,0.0,0.0,0.0,29.344921132928906,0.0,0.0,0.0,0.0,0.0,0.0,0.0,19.379200305699946,19.379200305699946,19.379200305699946,19.379200305699946,0.0,18.777670224422046,0.0,0.0,0.0,0.0,0.0,0.0,0.0,0.0,9.864201385225845,0.0,0.0,0.0,0.0,0.0,0.0,0.0,0.0,0.0,0.0,7.587598312920294
9.170542635658915,1.6001484164798927,0.0,1.6001484164798927,1.6001484164798927,0.0,0.0,0.0,0.0,0.0,0.0,3.0444159135335647,3.0444159135335647,0.0,3.0444159135335647,0.0,0.0,0.0,0.4634234127288204,0.0,0.0,4.000305279114733,4.000305279114733,4.000305279114733,0.0,0.0,0.0,0.0,0.0,0.0,0.0,0.0,2.0167538000186793,2.0167538000186793,2.0167538000186793,0.0,0.0,0.0,0.0,0.20336479449448916,0.0,0.0,0.0,0.0,0.0,27.446359505165674,0.0,0.0,0.0,0.0,0.0,0.0,0.0,0.0,0.0,0.0,31.45115985771111,0.0,0.0,0.0,0.0,0.0,0.0,0.0,0.0,0.0,0.0,29.448920619819468,0.0,0.0,0.0,0.0,0.0,0.0,0.0,19.484083311335127,19.484083311335127,19.484083311335127,19.484083311335127,0.0,18.9814751241524,0.0,0.0,0.0,0.0,0.0,0.0,0.0,0.0,9.83451706896638,0.0,0.0,0.0,0.0,0.0,0.0,0.0,0.0,0.0,0.0,7.752042606327345
9.271317829457365,1.5220917410726158,0.0,1.5220917410726158,1.5220917410726158,0.0,0.0,0.0,0.0,0.0,0.0,2.724051168896162,2.724051168896162,0.0,2.724051168896162,0.0,0.0,0.0,0.3710227385382274,0.0,0.0,4.091215337006582,4.091215337006582,4.091215337006582,0.0,0.0,0.0,0.0,0.0,0.0,0.0,0.0,2.3214725112237966,2.3214725112237966,2.3214725112237966,0.0,0.0,0.0,0.0,0.26946173101838605,0.0,0.0,0.0,0.0,0.0,27.54749610294206,0.0,0.0,0.0,0.0,0.0,0.0,0.0,0.0,0.0,0.0,31.552051881014854,0.0,0.0,0.0,0.0,0.0,0.0,0.0,0.0,0.0,0.0,29.549932285454382,0.0,0.0,0.0,0.0,0.0,0.0,0.0,19.582260876993065,19.582260876993065,19.582260876993065,19.582260876993065,0.0,19.17324705273066,0.0,0.0,0.0,0.0,0.0,0.0,0.0,0.0,9.78780857906585,0.0,0.0,0.0,0.0,0.0,0.0,0.0,0.0,0.0,0.0,7.9377556557283
9.372093023255815,1.497560382450252,0.0,1.497560382450252,1.497560382450252,0.0,0.0,0.0,0.0,0.0,0.0,2.425180244080605,2.425180244080605,0.0,2.425180244080605,0.0,0.0,0.0,0.2940749608139432,0.0,0.0,4.055829197430855,4.055829197430855,4.055829197430855,0.0,0.0,0.0,0.0,0.0,0.0,0.0,0.0,2.680049059692871,2.680049059692871,2.680049059692871,0.0,0.0,0.0,0.0,0.35913314811803215,0.0,0.0,0.0,0.0,0.0,27.637383121754265,0.0,0.0,0.0,0.0,0.0,0.0,0.0,0.0,0.0,0.0,31.64135197625522,0.0,0.0,0.0,0.0,0.0,0.0,0.0,0.0,0.0,0.0,29.639508877866838,0.0,0.0,0.0,0.0,0.0,0.0,0.0,19.667057171418087,19.667057171418087,19.667057171418087,19.667057171418087,0.0,19.33965688919138,0.0,0.0,0.0,0.0,0.0,0.0,0.0,0.0,9.720612029217627,0.0,0.0,0.0,0.0,0.0,0.0,0.0,0.0,0.0,0.0,8.122249469234834
9.472868217054263,1.5298844184778175,0.0,1.5298844184778175,1.5298844184778175,0.0,0.0,0.0,0.0,0.0,0.0,2.15959298833467,2.15959298833467,0.0,2.15959298833467,0.0,0.0,0.0,0.23319209376321354,0.0,0.0,3.907187935641631,3.907187935641631,3.907187935641631,0.0,0.0,0.0,0.0,0.0,0.0,0.0,0.0,3.0645308019540938,3.0645308019540938,3.0645308019540938,0.0,0.0,0.0,0.0,0.4695674518062701,0.0,0.0,0.0,0.0,0.0,27.7121575191314,0.0,0.0,0.0,0.0,0.0,0.0,0.0,0.0,0.0,0.0,31.715407578112234,0.0,0.0,0.0,0.0,0.0,0.0,0.0,0.0,0.0,0.0,29.713900371051437,0.0,0.0,0.0,0.0,0.0,0.0,0.0,19.73608803393529,19.73608803393529,19.73608803393529,19.73608803393529,0.0,19.475658544162187,0.0,0.0,0.0,0.0,0.0,0.0,0.0,0.0,9.631945763539363,0.0,0.0,0.0,0.0,0.0,0.0,0.0,0.0,0.0,0.0,8.289628625399972
9.573643410852712,1.6236101555408196,0.0,1.6236101555408196,1.6236101555408196,0.0,0.0,0.0,0.0,0.0,0.0,1.9346793985213142,1.9346793985213142,0.0,1.9346793985213142,0.0,0.0,0.0,0.18714921875313972,0.0,0.0,3.6708228470678193,3.6708228470678193,3.6708228470678193,0.0,0.0,0.0,0.0,0.0,0.0,0.0,0.0,3.4349486564471308,3.4349486564471308,3.4349486564471308,0.0,0.0,0.0,0.0,0.5899436136213975,0.0,0.0,0.0,0.0,0.0,27.771229938921596,0.0,0.0,0.0,0.0,0.0,0.0,0.0,0.0,0.0,0.0,31.773764079780243,0.0,0.0,0.0,0.0,0.0,0.0,0.0,0.0,0.0,0.0,29.772590225203775,0.0,0.0,0.0,0.0,0.0,0.0,0.0,19.78964189950357,19.78964189950357,19.78964189950357,19.78964189950357,0.0,19.58149632552937,0.0,0.0,0.0,0.0,0.0,0.0,0.0,0.0,9.526066204923701,0.0,0.0,0.0,0.0,0.0,0.0,0.0,0.0,0.0,0.0,8.43133066761425
9.674418604651162,1.783698094729909,0.0,1.783698094729909,1.783698094729909,0.0,0.0,0.0,0.0,0.0,0.0,1.7551119570110252,1.7551119570110252,0.0,1.7551119570110252,0.0,0.0,0.0,0.15402089908215355,0.0,0.0,3.3784627803010596,3.3784627803010596,3.3784627803010596,0.0,0.0,0.0,0.0,0.0,0.0,0.0,0.0,3.7472142737965197,3.7472142737965197,3.7472142737965197,0.0,0.0,0.0,0.0,0.702080740687219,0.0,0.0,0.0,0.0,0.0,27.81577663502216,0.0,0.0,0.0,0.0,0.0,0.0,0.0,0.0,0.0,0.0,31.817664314127825,0.0,0.0,0.0,0.0,0.0,0.0,0.0,0.0,0.0,0.0,29.816790932720775,0.0,0.0,0.0,0.0,0.0,0.0,0.0,19.82929155764833,19.82929155764833,19.82929155764833,19.82929155764833,0.0,19.660040183911164,0.0,0.0,0.0,0.0,0.0,0.0,0.0,0.0,9.41395345895581,0.0,0.0,0.0,0.0,0.0,0.0,0.0,0.0,0.0,0.0,8.544687230630691
9.775193798449612,2.013221695408822,0.0,2.013221695408822,2.013221695408822,0.0,0.0,0.0,0.0,0.0,0.0,1.623935105495829,1.623935105495829,0.0,1.623935105495829,0.0,0.0,0.0,0.13185826134308748,0.0,0.0,3.061339782562074,3.061339782562074,3.061339782562074,0.0,0.0,0.0,0.0,0.0,0.0,0.0,0.0,3.963683506165031,3.963683506165031,3.963683506165031,0.0,0.0,0.0,0.0,0.7855393468522357,0.0,0.0,0.0,0.0,0.0,27.84765224121826,0.0,0.0,0.0,0.0,0.0,0.0,0.0,0.0,0.0,0.0,31.848983894138886,0.0,0.0,0.0,0.0,0.0,0.0,0.0,0.0,0.0,0.0,29.8483687456581,0.0,0.0,0.0,0.0,0.0,0.0,0.0,19.856981507777295,19.856981507777295,19.856981507777295,19.856981507777295,0.0,19.714985730010476,0.0,0.0,0.0,0.0,0.0,0.0,0.0,0.0,9.31178759560042,0.0,0.0,0.0,0.0,0.0,0.0,0.0,0.0,0.0,0.0,8.630743650666352
9.875968992248062,2.3094501671121663,0.0,2.3094501671121663,2.3094501671121663,0.0,0.0,0.0,0.0,0.0,0.0,1.5434194136329318,1.5434194136329318,0.0,1.5434194136329318,0.0,0.0,0.0,0.11910717431895115,0.0,0.0,2.745262436777189,2.745262436777189,2.745262436777189,0.0,0.0,0.0,0.0,0.0,0.0,0.0,0.0,4.061368354527689,4.061368354527689,4.061368354527689,0.0,0.0,0.0,0.0,0.8247356455579473,0.0,0.0,0.0,0.0,0.0,27.868711086455193,0.0,0.0,0.0,0.0,0.0,0.0,0.0,0.0,0.0,0.0,31.869569863506616,0.0,0.0,0.0,0.0,0.0,0.0,0.0,0.0,0.0,0.0,29.869174179904782,0.0,0.0,0.0,0.0,0.0,0.0,0.0,19.874473129854852,19.874473129854852,19.874473129854852,19.874473129854852,0.0,19.74973410946613,0.0,0.0,0.0,0.0,0.0,0.0,0.0,0.0,9.236530526082385,0.0,0.0,0.0,0.0,0.0,0.0,0.0,0.0,0.0,0.0,8.692280655026629
9.976744186046512,2.6591932471885333,0.0,2.6591932471885333,2.6591932471885333,0.0,0.0,0.0,0.0,0.0,0.0,1.5159359226126163,1.5159359226126163,0.0,1.5159359226126163,0.0,0.0,0.0,0.11490308607336822,0.0,0.0,2.4488206489952016,2.4488206489952016,2.4488206489952016,0.0,0.0,0.0,0.0,0.0,0.0,0.0,0.0,4.035161135069068,4.035161135069068,4.035161135069068,0.0,0.0,0.0,0.0,0.8141262692985946,0.0,0.0,0.0,0.0,0.0,27.880383736921598,0.0,0.0,0.0,0.0,0.0,0.0,0.0,0.0,0.0,0.0,31.880829691506435,0.0,0.0,0.0,0.0,0.0,0.0,0.0,0.0,0.0,0.0,29.880626882124222,0.0,0.0,0.0,0.0,0.0,0.0,0.0,19.882983568809102,19.882983568809102,19.882983568809102,19.882983568809102,0.0,19.76665177987664,0.0,0.0,0.0,0.0,0.0,0.0,0.0,0.0,9.200738507515828,0.0,0.0,0.0,0.0,0.0,0.0,0.0,0.0,0.0,0.0,8.732343031698726
10.077519379844961,3.03579427291725,0.0,3.03579427291725,3.03579427291725,0.0,0.0,0.0,0.0,0.0,0.0,1.5447159705881284,1.5447159705881284,0.0,1.5447159705881284,0.0,0.0,0.0,0.11930737148950117,0.0,0.0,2.1842329824384152,2.1842329824384152,2.1842329824384152,0.0,0.0,0.0,0.0,0.0,0.0,0.0,0.0,3.8966519783990043,3.8966519783990043,3.8966519783990043,0.0,0.0,0.0,0.0,0.7591948320380437,0.0,0.0,0.0,0.0,0.0,27.883390846458976,0.0,0.0,0.0,0.0,0.0,0.0,0.0,0.0,0.0,0.0,31.883452527306623,0.0,0.0,0.0,0.0,0.0,0.0,0.0,0.0,0.0,0.0,29.883428061861995,0.0,0.0,0.0,0.0,0.0,0.0,0.0,19.882919889544382,19.882919889544382,19.882919889544382,19.882919889544382,0.0,19.76652516670198,0.0,0.0,0.0,0.0,0.0,0.0,0.0,0.0,9.20898015122697,0.0,0.0,0.0,0.0,0.0,0.0,0.0,0.0,0.0,0.0,8.753228183550203
10.178294573643411,3.400782201504241,0.0,3.400782201504241,3.400782201504241,0.0,0.0,0.0,0.0,0.0,0.0,1.6341014020122153,1.6341014020122153,0.0,1.6341014020122153,0.0,0.0,0.0,0.13351436960291438,0.0,0.0,1.959244726858727,1.959244726858727,1.959244726858727,0.0,0.0,0.0,0.0,0.0,0.0,0.0,0.0,3.6700001072727555,3.6700001072727555,3.6700001072727555,0.0,0.0,0.0,0.0,0.6734450393691018,0.0,0.0,0.0,0.0,0.0,27.87747812123289,0.0,0.0,0.0,0.0,0.0,0.0,0.0,0.0,0.0,0.0,31.87713369602508,0.0,0.0,0.0,0.0,0.0,0.0,0.0,0.0,0.0,0.0,29.877298993624496,0.0,0.0,0.0,0.0,0.0,0.0,0.0,19.873658087051727,19.873658087051727,19.873658087051727,19.873658087051727,0.0,19.748114288051823,0.0,0.0,0.0,0.0,0.0,0.0,0.0,0.0,9.257088161634519,0.0,0.0,0.0,0.0,0.0,0.0,0.0,0.0,0.0,0.0,8.755792357953732
10.279069767441861,3.71119285759306,0.0,3.71119285759306,3.71119285759306,0.0,0.0,0.0,0.0,0.0,0.0,1.7888059180000384,1.7888059180000384,0.0,1.7888059180000384,0.0,0.0,0.0,0.15999133061359802,0.0,0.0,1.7787907929108058,1.7787907929108058,1.7787907929108058,0.0,0.0,0.0,0.0,0.0,0.0,0.0,0.0,3.3859057475615755,3.3859057475615755,3.3859057475615755,0.0,0.0,0.0,0.0,0.5732178865685256,0.0,0.0,0.0,0.0,0.0,27.86125724449712,0.0,0.0,0.0,0.0,0.0,0.0,0.0,0.0,0.0,0.0,31.86043358003832,0.0,0.0,0.0,0.0,0.0,0.0,0.0,0.0,0.0,0.0,29.860823379524167,0.0,0.0,0.0,0.0,0.0,0.0,0.0,19.85336840763023,19.85336840763023,19.85336840763023,19.85336840763023,0.0,19.70781185645451,0.0,0.0,0.0,0.0,0.0,0.0,0.0,0.0,9.334209002916188,0.0,0.0,0.0,0.0,0.0,0.0,0.0,0.0,0.0,0.0,8.738961834840557
10.37984496124031,3.929708632644223,0.0,3.929708632644223,3.929708632644223,0.0,0.0,0.0,0.0,0.0,0.0,2.0117455187031483,2.0117455187031483,0.0,2.0117455187031483,0.0,0.0,0.0,0.20235600160111,0.0,0.0,1.646105756394946,1.646105756394946,1.646105756394946,0.0,0.0,0.0,0.0,0.0,0.0,0.0,0.0,3.075089015211366,3.075089015211366,3.075089015211366,0.0,0.0,0.0,0.0,0.4728086225736805,0.0,0.0,0.0,0.0,0.0,27.832108821887537,0.0,0.0,0.0,0.0,0.0,0.0,0.0,0.0,0.0,0.0,31.830677163811245,0.0,0.0,0.0,0.0,0.0,0.0,0.0,0.0,0.0,0.0,29.831352114210713,0.0,0.0,0.0,0.0,0.0,0.0,0.0,19.819002661456793,19.819002661456793,19.819002661456793,19.819002661456793,0.0,19.639643324741574,0.0,0.0,0.0,0.0,0.0,0.0,0.0,0.0,9.426607545731562,0.0,0.0,0.0,0.0,0.0,0.0,0.0,0.0,0.0,0.0,8.699467889294233
10.480620155038759,4.032857629463453,0.0,4.032857629463453,4.032857629463453,0.0,0.0,0.0,0.0,0.0,0.0,2.3003171352040432,2.3003171352040432,0.0,2.3003171352040432,0.0,0.0,0.0,0.26457294612566684,0.0,0.0,1.56357945667929,1.56357945667929,1.56357945667929,0.0,0.0,0.0,0.0,0.0,0.0,0.0,0.0,2.7633380999233728,2.7633380999233728,2.7633380999233728,0.0,0.0,0.0,0.0,0.38180187272440586,0.0,0.0,0.0,0.0,0.0,27.786456096161217,0.0,0.0,0.0,0.0,0.0,0.0,0.0,0.0,0.0,0.0,31.784247853035883,0.0,0.0,0.0,0.0,0.0,0.0,0.0,0.0,0.0,0.0,29.78528692808764,0.0,0.0,0.0,0.0,0.0,0.0,0.0,19.766755783467598,19.766755783467598,19.766755783467598,19.766755783467598,0.0,19.53623171016249,0.0,0.0,0.0,0.0,0.0,0.0,0.0,0.0,9.521537583122377,0.0,0.0,0.0,0.0,0.0,0.0,0.0,0.0,0.0,0.0,8.63207435716696
10.581395348837209,4.014501027953764,0.0,4.014501027953764,4.014501027953764,0.0,0.0,0.0,0.0,0.0,0.0,2.641938165296998,2.641938165296998,0.0,2.641938165296998,0.0,0.0,0.0,0.34899186346264344,0.0,0.0,1.533611790707624,1.533611790707624,1.533611790707624,0.0,0.0,0.0,0.0,0.0,0.0,0.0,0.0,2.469522641025138,2.469522641025138,2.469522641025138,0.0,0.0,0.0,0.0,0.3049271037267886,0.0,0.0,0.0,0.0,0.0,27.720805957651493,0.0,0.0,0.0,0.0,0.0,0.0,0.0,0.0,0.0,0.0,31.71766635016867,0.0,0.0,0.0,0.0,0.0,0.0,0.0,0.0,0.0,0.0,29.71914133275601,0.0,0.0,0.0,0.0,0.0,0.0,0.0,19.693457448086644,19.693457448086644,19.693457448086644,19.693457448086644,0.0,19.391613312979967,0.0,0.0,0.0,0.0,0.0,0.0,0.0,0.0,9.609689483199594,0.0,0.0,0.0,0.0,0.0,0.0,0.0,0.0,0.0,0.0,8.530871550240414
10.682170542635658,3.8849559919227925,0.0,3.8849559919227925,3.8849559919227925,0.0,0.0,0.0,0.0,0.0,0.0,3.011068736989074,3.011068736989074,0.0,3.011068736989074,0.0,0.0,0.0,0.45332674694364894,0.0,0.0,1.5593550509657583,1.5593550509657583,1.5593550509657583,0.0,0.0,0.0,0.0,0.0,0.0,0.0,0.0,2.206224552693336,2.206224552693336,2.206224552693336,0.0,0.0,0.0,0.0,0.24337133884534556,0.0,0.0,0.0,0.0,0.0,27.633875411101062,0.0,0.0,0.0,0.0,0.0,0.0,0.0,0.0,0.0,0.0,31.62976692369548,0.0,0.0,0.0,0.0,0.0,0.0,0.0,0.0,0.0,0.0,29.631693658521485,0.0,0.0,0.0,0.0,0.0,0.0,0.0,19.599088019084974,19.599088019084974,19.599088019084974,19.599088019084974,0.0,19.206212558992007,0.0,0.0,0.0,0.0,0.0,0.0,0.0,0.0,9.685770565733621,0.0,0.0,0.0,0.0,0.0,0.0,0.0,0.0,0.0,0.0,8.392179405468596
10.782945736434108,3.6671342189658445,0.0,3.6671342189658445,3.6671342189658445,0.0,0.0,0.0,0.0,0.0,0.0,3.370588021134691,3.370588021134691,0.0,3.370588021134691,0.0,0.0,0.0,0.5680431804108336,0.0,0.0,1.6449722293790254,1.6449722293790254,1.6449722293790254,0.0,0.0,0.0,0.0,0.0,0.0,0.0,0.0,1.981506030034657,1.981506030034657,1.981506030034657,0.0,0.0,0.0,0.0,0.19631830735318534,0.0,0.0,0.0,0.0,0.0,27.529378627543952,0.0,0.0,0.0,0.0,0.0,0.0,0.0,0.0,0.0,0.0,31.524510980940523,0.0,0.0,0.0,0.0,0.0,0.0,0.0,0.0,0.0,0.0,29.52678832369193,0.0,0.0,0.0,0.0,0.0,0.0,0.0,19.48960474410188,19.48960474410188,19.48960474410188,19.48960474410188,0.0,18.99223465406592,0.0,0.0,0.0,0.0,0.0,0.0,0.0,0.0,9.747785933018605,0.0,0.0,0.0,0.0,0.0,0.0,0.0,0.0,0.0,0.0,8.218710570386909
10.883720930232558,3.390757507949985,0.0,3.390757507949985,3.390757507949985,0.0,0.0,0.0,0.0,0.0,0.0,3.6786170963715294,3.6786170963715294,0.0,3.6786170963715294,0.0,0.0,0.0,0.6766111870858452,0.0,0.0,1.7949493193991022,1.7949493193991022,1.7949493193991022,0.0,0.0,0.0,0.0,0.0,0.0,0.0,0.0,1.8005422756510159,1.8005422756510159,1.8005422756510159,0.0,0.0,0.0,0.0,0.16209762432032696,0.0,0.0,0.0,0.0,0.0,27.41785144957165,0.0,0.0,0.0,0.0,0.0,0.0,0.0,0.0,0.0,0.0,31.4127510147324,0.0,0.0,0.0,0.0,0.0,0.0,0.0,0.0,0.0,0.0,29.41512987841935,0.0,0.0,0.0,0.0,0.0,0.0,0.0,19.37806930821531,19.37806930821531,19.37806930821531,19.37806930821531,0.0,18.77547850569981,0.0,0.0,0.0,0.0,0.0,0.0,0.0,0.0,9.79587566320712,0.0,0.0,0.0,0.0,0.0,0.0,0.0,0.0,0.0,0.0,8.022977272194325
10.984496124031008,3.086006062056537,0.0,3.086006062056537,3.086006062056537,0.0,0.0,0.0,0.0,0.0,0.0,3.898258053898886,3.898258053898886,0.0,3.898258053898886,0.0,0.0,0.0,0.7598207927393765,0.0,0.0,2.01203684483689,2.01203684483689,2.01203684483689,0.0,0.0,0.0,0.0,0.0,0.0,0.0,0.0,1.6667437697345668,1.6667437697345668,1.6667437697345668,0.0,0.0,0.0,0.0,0.13890173969744976,0.0,0.0,0.0,0.0,0.0,27.3155660479269,0.0,0.0,0.0,0.0,0.0,0.0,0.0,0.0,0.0,0.0,31.311011962693478,0.0,0.0,0.0,0.0,0.0,0.0,0.0,0.0,0.0,0.0,29.313126343734908,0.0,0.0,0.0,0.0,0.0,0.0,0.0,19.282286334275604,19.282286334275604,19.282286334275604,19.282286334275604,0.0,18.590328313849586,0.0,0.0,0.0,0.0,0.0,0.0,0.0,0.0,9.83126526691628,0.0,0.0,0.0,0.0,0.0,0.0,0.0,0.0,0.0,0.0,7.827176979712769
11.085271317829458,2.7785749267217574,0.0,2.7785749267217574,2.7785749267217574,0.0,0.0,0.0,0.0,0.0,0.0,4.00572175925448,4.00572175925448,0.0,4.00572175925448,0.0,0.0,0.0,0.8022903406282403,0.0,0.0,2.29370396926453,2.29370396926453,2.29370396926453,0.0,0.0,0.0,0.0,0.0,0.0,0.0,0.0,1.5826146411992201,1.5826146411992201,1.5826146411992201,0.0,0.0,0.0,0.0,0.12523345512690684,0.0,0.0,0.0,0.0,0.0,27.240154497509764,0.0,0.0,0.0,0.0,0.0,0.0,0.0,0.0,0.0,0.0,31.236959198571153,0.0,0.0,0.0,0.0,0.0,0.0,0.0,0.0,0.0,0.0,29.23843082328475,0.0,0.0,0.0,0.0,0.0,0.0,0.0,19.219419876420027,19.219419876420027,19.219419876420027,19.219419876420027,0.0,18.46930501930646,0.0,0.0,0.0,0.0,0.0,0.0,0.0,0.0,9.855498051216793,0.0,0.0,0.0,0.0,0.0,0.0,0.0,0.0,0.0,0.0,7.658570905165829
11.186046511627907,2.4875350395129834,0.0,2.4875350395129834,2.4875350395129834,0.0,0.0,0.0,0.0,0.0,0.0,3.9940223312152936,3.9940223312152936,0.0,3.9940223312152936,0.0,0.0,0.0,0.7976107191123225,0.0,0.0,2.6278590253256273,2.6278590253256273,2.6278590253256273,0.0,0.0,0.0,0.0,0.0,0.0,0.0,0.0,1.550589250004762,1.550589250004762,1.550589250004762,0.0,0.0,0.0,0.0,0.12021635111151652,0.0,0.0,0.0,0.0,0.0,27.204936824984507,0.0,0.0,0.0,0.0,0.0,0.0,0.0,0.0,0.0,0.0,31.203678016621875,0.0,0.0,0.0,0.0,0.0,0.0,0.0,0.0,0.0,0.0,29.20424130857735,0.0,0.0,0.0,0.0,0.0,0.0,0.0,19.200306228375354,19.200306228375354,19.200306228375354,19.200306228375354,0.0,18.43258796316947,0.0,0.0,0.0,0.0,0.0,0.0,0.0,0.0,9.869910651686864,0.0,0.0,0.0,0.0,0.0,0.0,0.0,0.0,0.0,0.0,7.542379780355018
11.286821705426357,2.2257709462613464,0.0,2.2257709462613464,2.2257709462613464,0.0,0.0,0.0,0.0,0.0,0.0,3.8723684075687412,3.8723684075687412,0.0,3.8723684075687412,0.0,0.0,0.0,0.7497618541968235,0.0,0.0,2.98992214314429,2.98992214314429,2.98992214314429,0.0,0.0,0.0,0.0,0.0,0.0,0.0,0.0,1.5737568517904819,1.5737568517904819,1.5737568517904819,0.0,0.0,0.0,0.0,0.12383553142787443,0.0,0.0,0.0,0.0,0.0,27.21475353166147,0.0,0.0,0.0,0.0,0.0,0.0,0.0,0.0,0.0,0.0,31.21558668577874,0.0,0.0,0.0,0.0,0.0,0.0,0.0,0.0,0.0,0.0,29.21517459828207,0.0,0.0,0.0,0.0,0.0,0.0,0.0,19.22624647996343,19.22624647996343,19.22624647996343,19.22624647996343,0.0,18.482427685415306,0.0,0.0,0.0,0.0,0.0,0.0,0.0,0.0,9.875269924277463,0.0,0.0,0.0,0.0,0.0,0.0,0.0,0.0,0.0,0.0,7.4953750091359534
11.387596899224807,2.0016236797525915,0.0,2.0016236797525915,2.0016236797525915,0.0,0.0,0.0,0.0,0.0,0.0,3.6625428654203462,3.6625428654203462,0.0,3.6625428654203462,0.0,0.0,0.0,0.6707110120520741,0.0,0.0,3.3439878075789418,3.3439878075789418,3.3439878075789418,0.0,0.0,0.0,0.0,0.0,0.0,0.0,0.0,1.6561229590350912,1.6561229590350912,1.6561229590350912,0.0,0.0,0.0,0.0,0.13713716277215734,0.0,0.0,0.0,0.0,0.0,27.26502849577549,0.0,0.0,0.0,0.0,0.0,0.0,0.0,0.0,0.0,0.0,31.2676640013194,0.0,0.0,0.0,0.0,0.0,0.0,0.0,0.0,0.0,0.0,29.266416439595485,0.0,0.0,0.0,0.0,0.0,0.0,0.0,19.289414424520196,19.289414424520196,19.289414424520196,19.289414424520196,0.0,18.60407544204439,0.0,0.0,0.0,0.0,0.0,0.0,0.0,0.0,9.871506542898283,0.0,0.0,0.0,0.0,0.0,0.0,0.0,0.0,0.0,0.0,7.5221978953980075
11.488372093023255,1.820486141706871,0.0,1.820486141706871,1.820486141706871,0.0,0.0,0.0,0.0,0.0,0.0,3.3933419720772147,3.3933419720772147,0.0,3.3933419720772147,0.0,0.0,0.0,0.575738486973044,0.0,0.0,3.6492186373159816,3.6492186373159816,3.6492186373159816,0.0,0.0,0.0,0.0,0.0,0.0,0.0,0.0,1.8019622605179249,1.8019622605179249,1.8019622605179249,0.0,0.0,0.0,0.0,0.16235339941654348,0.0,0.0,0.0,0.0,0.0,27.344101178432975,0.0,0.0,0.0,0.0,0.0,0.0,0.0,0.0,0.0,0.0,31.347935539292646,0.0,0.0,0.0,0.0,0.0,0.0,0.0,0.0,0.0,0.0,29.346137672163938,0.0,0.0,0.0,0.0,0.0,0.0,0.0,19.376272800536906,19.376272800536906,19.376272800536906,19.376272800536906,0.0,18.771997382041317,0.0,0.0,0.0,0.0,0.0,0.0,0.0,0.0,9.85752053531582,0.0,0.0,0.0,0.0,0.0,0.0,0.0,0.0,0.0,0.0,7.6149865668058085
11.589147286821705,1.6859310867636834,0.0,1.6859310867636834,1.6859310867636834,0.0,0.0,0.0,0.0,0.0,0.0,3.0943933962690737,3.0943933962690737,0.0,3.0943933962690737,0.0,0.0,0.0,0.47876352454368265,0.0,0.0,3.8691999909237835,3.8691999909237835,3.8691999909237835,0.0,0.0,0.0,0.0,0.0,0.0,0.0,0.0,2.013855680240692,2.013855680240692,2.013855680240692,0.0,0.0,0.0,0.0,0.20278073504188507,0.0,0.0,0.0,0.0,0.0,27.437516020821548,0.0,0.0,0.0,0.0,0.0,0.0,0.0,0.0,0.0,0.0,31.441872876290557,0.0,0.0,0.0,0.0,0.0,0.0,0.0,0.0,0.0,0.0,29.43983812111926,0.0,0.0,0.0,0.0,0.0,0.0,0.0,19.472221131657374,19.472221131657374,19.472221131657374,19.472221131657374,0.0,18.958369790008202,0.0,0.0,0.0,0.0,0.0,0.0,0.0,0.0,9.831116844293575,0.0,0.0,0.0,0.0,0.0,0.0,0.0,0.0,0.0,0.0,7.7561589035895215
11.689922480620154,1.6005707405184586,0.0,1.6005707405184586,1.6005707405184586,0.0,0.0,0.0,0.0,0.0,0.0,2.7912405306635275,2.7912405306635275,0.0,2.7912405306635275,0.0,0.0,0.0,0.38955118500094055,0.0,0.0,3.979967341003881,3.979967341003881,3.979967341003881,0.0,0.0,0.0,0.0,0.0,0.0,0.0,0.0,2.2892987389588337,2.2892987389588337,2.2892987389588337,0.0,0.0,0.0,0.0,0.26204443580992537,0.0,0.0,0.0,0.0,0.0,27.532233883436326,0.0,0.0,0.0,0.0,0.0,0.0,0.0,0.0,0.0,0.0,31.536531095991446,0.0,0.0,0.0,0.0,0.0,0.0,0.0,0.0,0.0,0.0,29.534529979981812,0.0,0.0,0.0,0.0,0.0,0.0,0.0,19.565373133551084,19.565373133551084,19.565373133551084,19.565373133551084,0.0,19.14019129275413,0.0,0.0,0.0,0.0,0.0,0.0,0.0,0.0,9.789271884081332,0.0,0.0,0.0,0.0,0.0,0.0,0.0,0.0,0.0,0.0,7.9235037442010485
11.790697674418604,1.5668773307018087,0.0,1.5668773307018087,1.5668773307018087,0.0,0.0,0.0,0.0,0.0,0.0,2.5030858949759986,2.5030858949759986,0.0,2.5030858949759986,0.0,0.0,0.0,0.31327194988138984,0.0,0.0,3.973852463469986,3.973852463469986,3.973852463469986,0.0,0.0,0.0,0.0,0.0,0.0,0.0,0.0,2.616591538615416,2.616591538615416,2.616591538615416,0.0,0.0,0.0,0.0,0.3423275639976895,0.0,0.0,0.0,0.0,0.0,27.619109361692697,0.0,0.0,0.0,0.0,0.0,0.0,0.0,0.0,0.0,0.0,31.62296941894865,0.0,0.0,0.0,0.0,0.0,0.0,0.0,0.0,0.0,0.0,29.621175459182695,0.0,0.0,0.0,0.0,0.0,0.0,0.0,19.64821504440038,19.64821504440038,19.64821504440038,19.64821504440038,0.0,19.302617721550074,0.0,0.0,0.0,0.0,0.0,0.0,0.0,0.0,9.729065193274174,0.0,0.0,0.0,0.0,0.0,0.0,0.0,0.0,0.0,0.0,8.095764309985073
11.891472868217054,1.58788980839108,0.0,1.58788980839108,1.58788980839108,0.0,0.0,0.0,0.0,0.0,0.0,2.2430607686380775,2.2430607686380775,0.0,2.2430607686380775,0.0,0.0,0.0,0.25156608059016217,0.0,0.0,3.8591052742009855,3.8591052742009855,3.8591052742009855,0.0,0.0,0.0,0.0,0.0,0.0,0.0,0.0,2.971977752731759,2.971977752731759,2.971977752731759,0.0,0.0,0.0,0.0,0.44163258813662587,0.0,0.0,0.0,0.0,0.0,27.693272430863118,0.0,0.0,0.0,0.0,0.0,0.0,0.0,0.0,0.0,0.0,31.69651377162783,0.0,0.0,0.0,0.0,0.0,0.0,0.0,0.0,0.0,0.0,29.695009694235445,0.0,0.0,0.0,0.0,0.0,0.0,0.0,19.717307641050503,19.717307641050503,19.717307641050503,19.717307641050503,0.0,19.43861103059143,0.0,0.0,0.0,0.0,0.0,0.0,0.0,0.0,9.649500808884977,0.0,0.0,0.0,0.0,0.0,0.0,0.0,0.0,0.0,0.0,8.256658813759294
11.992248062015504,1.66747426693591,0.0,1.66747426693591,1.66747426693591,0.0,0.0,0.0,0.0,0.0,0.0,2.0197486144174457,2.0197486144174457,0.0,2.0197486144174457,0.0,0.0,0.0,0.20396922327205957,0.0,0.0,3.6564916901943523,3.6564916901943523,3.6564916901943523,0.0,0.0,0.0,0.0,0.0,0.0,0.0,0.0,3.3206441355408196,3.3206441355408196,3.3206441355408196,0.0,0.0,0.0,0.0,0.5513338737450819,0.0,0.0,0.0,0.0,0.0,27.753164560893534,0.0,0.0,0.0,0.0,0.0,0.0,0.0,0.0,0.0,0.0,31.755746848709794,0.0,0.0,0.0,0.0,0.0,0.0,0.0,0.0,0.0,0.0,29.754549782559803,0.0,0.0,0.0,0.0,0.0,0.0,0.0,19.772043364397792,19.772043364397792,19.772043364397792,19.772043364397792,0.0,19.54668494018134,0.0,0.0,0.0,0.0,0.0,0.0,0.0,0.0,9.553817995188433,0.0,0.0,0.0,0.0,0.0,0.0,0.0,0.0,0.0,0.0,8.396310323872662
12.093023255813954,1.80970874889936,0.0,1.80970874889936,1.80970874889936,0.0,0.0,0.0,0.0,0.0,0.0,1.8387377360279191,1.8387377360279191,0.0,1.8387377360279191,0.0,0.0,0.0,0.16904782309465388,0.0,0.0,3.3939391592470862,3.3939391592470862,3.3939391592470862,0.0,0.0,0.0,0.0,0.0,0.0,0.0,0.0,3.6227446017308678,3.6227446017308678,3.6227446017308678,0.0,0.0,0.0,0.0,0.6562139224685072,0.0,0.0,0.0,0.0,0.0,27.799234042601093,0.0,0.0,0.0,0.0,0.0,0.0,0.0,0.0,0.0,0.0,31.801195466820417,0.0,0.0,0.0,0.0,0.0,0.0,0.0,0.0,0.0,0.0,29.800287740822988,0.0,0.0,0.0,0.0,0.0,0.0,0.0,19.813365047845146,19.813365047845146,19.813365047845146,19.813365047845146,0.0,19.628471725958587,0.0,0.0,0.0,0.0,0.0,0.0,0.0,0.0,9.450972644264713,0.0,0.0,0.0,0.0,0.0,0.0,0.0,0.0,0.0,0.0,8.510517785663797
12.193798449612403,2.0170016041407264,0.0,2.0170016041407264,2.0170016041407264,0.0,0.0,0.0,0.0,0.0,0.0,1.7037492959915326,1.7037492959915326,0.0,1.7037492959915326,0.0,0.0,0.0,0.14513808317958216,0.0,0.0,3.100518848006671,3.100518848006671,3.100518848006671,0.0,0.0,0.0,0.0,0.0,0.0,0.0,0.0,3.842395629877244,3.842395629877244,3.842395629877244,0.0,0.0,0.0,0.0,0.7382002088249872,0.0,0.0,0.0,0.0,0.0,27.832862823365357,0.0,0.0,0.0,0.0,0.0,0.0,0.0,0.0,0.0,0.0,31.83427460799409,0.0,0.0,0.0,0.0,0.0,0.0,0.0,0.0,0.0,0.0,29.83362209255256,0.0,0.0,0.0,0.0,0.0,0.0,0.0,19.842825220838087,19.842825220838087,19.842825220838087,19.842825220838087,0.0,19.686885637236404,0.0,0.0,0.0,0.0,0.0,0.0,0.0,0.0,9.354786455724962,0.0,0.0,0.0,0.0,0.0,0.0,0.0,0.0,0.0,0.0,8.599009332702702
12.294573643410853,2.2868366779952716,0.0,2.2868366779952716,2.2868366779952716,0.0,0.0,0.0,0.0,0.0,0.0,1.6174968817865665,1.6174968817865665,0.0,1.6174968817865665,0.0,0.0,0.0,0.1308148081294633,0.0,0.0,2.8015756118712223,2.8015756118712223,2.8015756118712223,0.0,0.0,0.0,0.0,0.0,0.0,0.0,0.0,3.9555765923364925,3.9555765923364925,3.9555765923364925,0.0,0.0,0.0,0.0,0.7823293088920189,0.0,0.0,0.0,0.0,0.0,27.85562980276372,0.0,0.0,0.0,0.0,0.0,0.0,0.0,0.0,0.0,0.0,31.85656515819571,0.0,0.0,0.0,0.0,0.0,0.0,0.0,0.0,0.0,0.0,29.856134020812114,0.0,0.0,0.0,0.0,0.0,0.0,0.0,19.86197627112726,19.86197627112726,19.86197627112726,19.86197627112726,0.0,19.724905069741123,0.0,0.0,0.0,0.0,0.0,0.0,0.0,0.0,9.280519440886591,0.0,0.0,0.0,0.0,0.0,0.0,0.0,0.0,0.0,0.0,8.663621891645494
12.395348837209303,2.6078213887034587,0.0,2.6078213887034587,2.6078213887034587,0.0,0.0,0.0,0.0,0.0,0.0,1.5824923449068784,1.5824923449068784,0.0,1.5824923449068784,0.0,0.0,0.0,0.12521410108444353,0.0,0.0,2.5163833333898555,2.5163833333898555,2.5163833333898555,0.0,0.0,0.0,0.0,0.0,0.0,0.0,0.0,3.954082093154461,3.954082093154461,3.954082093154461,0.0,0.0,0.0,0.0,0.7817382599702383,0.0,0.0,0.0,0.0,0.0,27.868852543162227,0.0,0.0,0.0,0.0,0.0,0.0,0.0,0.0,0.0,0.0,31.869368422294063,0.0,0.0,0.0,0.0,0.0,0.0,0.0,0.0,0.0,0.0,29.86913235512636,0.0,0.0,0.0,0.0,0.0,0.0,0.0,19.871969911462735,19.871969911462735,19.871969911462735,19.871969911462735,0.0,19.744759408104013,0.0,0.0,0.0,0.0,0.0,0.0,0.0,0.0,9.240362320527787,0.0,0.0,0.0,0.0,0.0,0.0,0.0,0.0,0.0,0.0,8.706834586202493
12.496124031007751,2.9569042390512874,0.0,2.9569042390512874,2.9569042390512874,0.0,0.0,0.0,0.0,0.0,0.0,1.6017343902204972,1.6017343902204972,0.0,1.6017343902204972,0.0,0.0,0.0,0.1282776528407514,0.0,0.0,2.2582688250360974,2.2582688250360974,2.2582688250360974,0.0,0.0,0.0,0.0,0.0,0.0,0.0,0.0,3.8453397227762682,3.8453397227762682,3.8453397227762682,0.0,0.0,0.0,0.0,0.7393318791780534,0.0,0.0,0.0,0.0,0.0,27.8732577489165,0.0,0.0,0.0,0.0,0.0,0.0,0.0,0.0,0.0,0.0,31.87338136056609,0.0,0.0,0.0,0.0,0.0,0.0,0.0,0.0,0.0,0.0,29.87332805128338,0.0,0.0,0.0,0.0,0.0,0.0,0.0,19.87327247983126,19.87327247983126,19.87327247983126,19.87327247983126,0.0,19.74734795288093,0.0,0.0,0.0,0.0,0.0,0.0,0.0,0.0,9.239923537779589,0.0,0.0,0.0,0.0,0.0,0.0,0.0,0.0,0.0,0.0,8.730711213611933
12.5968992248062,3.300252843493195,0.0,3.300252843493195,3.300252843493195,0.0,0.0,0.0,0.0,0.0,0.0,1.6789646778807403,1.6789646778807403,0.0,1.6789646778807403,0.0,0.0,0.0,0.14094611947855892,0.0,0.0,2.036022780779595,2.036022780779595,2.036022780779595,0.0,0.0,0.0,0.0,0.0,0.0,0.0,0.0,3.649203820831067,3.649203820831067,3.649203820831067,0.0,0.0,0.0,0.0,0.6658344262984031,0.0,0.0,0.0,0.0,0.0,27.868742017807097,0.0,0.0,0.0,0.0,0.0,0.0,0.0,0.0,0.0,0.0,31.86846101022098,0.0,0.0,0.0,0.0,0.0,0.0,0.0,0.0,0.0,0.0,29.868596684848196,0.0,0.0,0.0,0.0,0.0,0.0,0.0,19.865446136411588,19.865446136411588,19.865446136411588,19.865446136411588,0.0,19.731797509933507,0.0,0.0,0.0,0.0,0.0,0.0,0.0,0.0,9.277033778052571,0.0,0.0,0.0,0.0,0.0,0.0,0.0,0.0,0.0,0.0,8.736165880690569
12.69767441860465,3.5989587136228227,0.0,3.5989587136228227,3.5989587136228227,0.0,0.0,0.0,0.0,0.0,0.0,1.818077626181272,1.818077626181272,0.0,1.818077626181272,0.0,0.0,0.0,0.16527031274104648,0.0,0.0,1.8554073256876782,1.8554073256876782,1.8554073256876782,0.0,0.0,0.0,0.0,0.0,0.0,0.0,0.0,3.3927911373322472,3.3927911373322472,3.3927911373322472,0.0,0.0,0.0,0.0,0.5755515850780122,0.0,0.0,0.0,0.0,0.0,27.854194307945754,0.0,0.0,0.0,0.0,0.0,0.0,0.0,0.0,0.0,0.0,31.853449465789723,0.0,0.0,0.0,0.0,0.0,0.0,0.0,0.0,0.0,0.0,29.853802278068926,0.0,0.0,0.0,0.0,0.0,0.0,0.0,19.846995966350388,19.846995966350388,19.846995966350388,19.846995966350388,0.0,19.69516244441643,0.0,0.0,0.0,0.0,0.0,0.0,0.0,0.0,9.343076001670868,0.0,0.0,0.0,0.0,0.0,0.0,0.0,0.0,0.0,0.0,8.722464418533132
12.7984496124031,3.817704332162023,0.0,3.817704332162023,3.817704332162023,0.0,0.0,0.0,0.0,0.0,0.0,2.021306800975432,2.021306800975432,0.0,2.021306800975432,0.0,0.0,0.0,0.2042840591834767,0.0,0.0,1.720278546880855,1.720278546880855,1.720278546880855,0.0,0.0,0.0,0.0,0.0,0.0,0.0,0.0,3.104619054956644,3.104619054956644,3.104619054956644,0.0,0.0,0.0,0.0,0.4819329738199943,0.0,0.0,0.0,0.0,0.0,27.827436900941795,0.0,0.0,0.0,0.0,0.0,0.0,0.0,0.0,0.0,0.0,31.826120878327607,0.0,0.0,0.0,0.0,0.0,0.0,0.0,0.0,0.0,0.0,29.82674140424228,0.0,0.0,0.0,0.0,0.0,0.0,0.0,19.815375368762513,19.815375368762513,19.815375368762513,19.815375368762513,0.0,19.63245505024801,0.0,0.0,0.0,0.0,0.0,0.0,0.0,0.0,9.426082061599589,0.0,0.0,0.0,0.0,0.0,0.0,0.0,0.0,0.0,0.0,8.686971992182345
12.89922480620155,3.932513941949006,0.0,3.932513941949006,3.932513941949006,0.0,0.0,0.0,0.0,0.0,0.0,2.2860926807101425,2.2860926807101425,0.0,2.2860926807101425,0.0,0.0,0.0,0.26131098723982427,0.0,0.0,1.6334440808483932,1.6334440808483932,1.6334440808483932,0.0,0.0,0.0,0.0,0.0,0.0,0.0,0.0,2.809796470449091,2.809796470449091,2.809796470449091,0.0,0.0,0.0,0.0,0.39474781026740857,0.0,0.0,0.0,0.0,0.0,27.785472711891224,0.0,0.0,0.0,0.0,0.0,0.0,0.0,0.0,0.0,0.0,31.783442587903398,0.0,0.0,0.0,0.0,0.0,0.0,0.0,0.0,0.0,0.0,29.784397993815325,0.0,0.0,0.0,0.0,0.0,0.0,0.0,19.76739461275791,19.76739461275791,19.76739461275791,19.76739461275791,0.0,19.537494488824525,0.0,0.0,0.0,0.0,0.0,0.0,0.0,0.0,9.51419984641198,0.0,0.0,0.0,0.0,0.0,0.0,0.0,0.0,0.0,0.0,8.62535530653559
13.0,3.934773345017036,0.0,3.934773345017036,3.934773345017036,0.0,0.0,0.0,0.0,0.0,0.0,2.601277598255321,2.601277598255321,0.0,2.601277598255321,0.0,0.0,0.0,0.3383322571592486,0.0,0.0,1.5974557470806936,1.5974557470806936,1.5974557470806936,0.0,0.0,0.0,0.0,0.0,0.0,0.0,0.0,2.5276164365451423,2.5276164365451423,2.5276164365451423,0.0,0.0,0.0,0.0,0.3194422425146582,0.0,0.0,0.0,0.0,0.0,27.72537333877235,0.0,0.0,0.0,0.0,0.0,0.0,0.0,0.0,0.0,0.0,31.722502976355944,0.0,0.0,0.0,0.0,0.0,0.0,0.0,0.0,0.0,0.0,29.723851207941234,0.0,0.0,0.0,0.0,0.0,0.0,0.0,19.700390565691094,19.700390565691094,19.700390565691094,19.700390565691094,0.0,19.405269422038536,0.0,0.0,0.0,0.0,0.0,0.0,0.0,0.0,9.598171089787533,0.0,0.0,0.0,0.0,0.0,0.0,0.0,0.0,0.0,0.0,8.53268083843001
