time,1->1,2->1,3->1,4->1,5->1,6->1,7->1,8->1,9->1,10->1,1->2,2->2,3->2,4->2,5->2,6->2,7->2,8->2,9->2,10->2,1->3,2->3,3->3,4->3,5->3,6->3,7->3,8->3,9->3,10->3,1->4,2->4,3->4,4->4,5->4,6->4,7->4,8->4,9->4,10->4,1->5,2->5,3->5,4->5,5->5,6->5,7->5,8->5,9->5,10->5,1->6,2->6,3->6,4->6,5->6,6->6,7->6,8->6,9->6,10->6,1->7,2->7,3->7,4->7,5->7,6->7,7->7,8->7,9->7,10->7,1->8,2->8,3->8,4->8,5->8,6->8,7->8,8->8,9->8,10->8,1->9,2->9,3->9,4->9,5->9,6->9,7->9,8->9,9->9,10->9,1->10,2->10,3->10,4->10,5->10,6->10,7->10,8->10,9->10,10->10
0.0,-2.0000009977039213,-3.000000000419334,-3.000000000419334,0.0,0.0,0.0,0.0,0.0,0.0,0.0,0.0,-2.000001000146412,-1.000000000139778,-1.000000000139778,0.0,0.0,0.0,0.0,0.0,0.0,-2.9999999995311555,0.0,-6.000001000927568,-2.9999999995311555,0.0,0.0,0.0,0.0,0.0,0.0,-5.00000000069889,-4.999999998922533,0.0,-6.00000100003939,0.0,0.0,0.0,0.0,0.0,0.0,0.0,0.0,0.0,0.0,-35.00000104850187,0.0,0.0,30.00000003794412,0.0,0.0,0.0,0.0,0.0,0.0,0.0,-31.00000103017919,0.0,30.00000003083869,0.0,0.0,0.0,0.0,0.0,0.0,0.0,0.0,-33.00000102512968,30.00000003794412,0.0,0.0,0.0,-1.7000008654122212,0.0,0.0,0.0,0.0,0.0,-14.050001020393665,0.0,0.0,0.0,0.0,0.0,-4.000000402015758,0.0,0.0,0.0,0.0,-7.250001000436157,0.0,0.0,0.0,0.0,0.0,0.0,0.0,0.0,3.4000001036815775,0.0,-0.5500009980785592
0.10077519379844961,-2.060924672697695,-3.392041802108281,-3.392041802108281,0.0,0.0,0.0,0.0,0.0,0.0,0.0,0.0,-0.7949076158142443,-0.9635708197452963,-0.9635708188848735,0.0,0.0,0.0,0.0,0.0,0.0,-2.3132692508198716,0.0,-4.57307703172205,-2.3132692508198716,0.0,0.0,0.0,0.0,0.0,0.0,-4.554495727226993,-4.554495726338814,0.0,-5.4646050742235275,0.0,0.0,0.0,0.0,0.0,0.0,0.0,0.0,0.0,0.0,-26.95242791261876,0.0,0.0,27.22605176774806,0.0,0.0,0.0,0.0,0.0,0.0,0.0,-30.574960398155326,0.0,31.03731801168408,0.0,0.0,0.0,0.0,0.0,0.0,0.0,0.0,-28.734246070527547,29.11696084773041,0.0,0.0,0.0,-1.8789328777302217,0.0,0.0,0.0,0.0,0.0,-19.045777644777218,0.0,0.0,0.0,0.0,0.0,-3.8693061736871925,0.0,0.0,0.0,0.0,-8.028321432984598,0.0,0.0,0.0,0.0,0.0,0.0,0.0,0.0,5.790930627469493,0.0,2.0723539968514615
0.20155038759689922,-2.6386072162765117,-3.8680714045113973,-3.8680714053995757,0.0,0.0,0.0,0.0,0.0,0.0,0.0,0.0,-0.05932202584713053,-1.0221593420567388,-1.0221593420567388,0.0,0.0,0.0,0.0,0.0,0.0,-1.8803040582326958,0.0,-3.7633788063651252,-1.8803040582326958,0.0,0.0,0.0,0.0,0.0,0.0,-4.1346982841972135,-4.134698283309035,0.0,-5.159628316597775,0.0,0.0,0.0,0.0,0.0,0.0,0.0,0.0,0.0,0.0,-27.68665565255901,0.0,0.0,27.787755169317307,0.0,0.0,0.0,0.0,0.0,0.0,0.0,-31.708350552328568,0.0,31.79860262036982,0.0,0.0,0.0,0.0,0.0,0.0,0.0,0.0,-29.695574526034108,29.792214606416678,0.0,0.0,0.0,-2.0329589718315333,0.0,0.0,0.0,0.0,0.0,-19.829952819572227,0.0,0.0,0.0,0.0,0.0,-3.6507639831206973,0.0,0.0,0.0,0.0,-8.5139407683954,0.0,0.0,0.0,0.0,0.0,0.0,0.0,0.0,9.469443625675922,0.0,-0.744033243904596
0.3023255813953488,-3.378781785023932,-4.319137515196303,-4.319137516084481,0.0,0.0,0.0,0.0,0.0,0.0,0.0,0.0,0.3974298041775626,-1.1623823286122104,-1.1623823286122104,0.0,0.0,0.0,0.0,0.0,0.0,-1.5781234239398145,0.0,-3.1750664799545802,-1.5781234239398145,0.0,0.0,0.0,0.0,0.0,0.0,-3.6996811161316145,-3.699681115243436,0.0,-4.880883077262865,0.0,0.0,0.0,0.0,0.0,0.0,0.0,0.0,0.0,0.0,-27.905151564311392,0.0,0.0,27.918520618508413,0.0,0.0,0.0,0.0,0.0,0.0,0.0,-31.9128694694637,0.0,31.922379573112725,0.0,0.0,0.0,0.0,0.0,0.0,0.0,0.0,-29.909309635922643,29.920599655341995,0.0,0.0,0.0,-2.3168487453765345,0.0,0.0,0.0,0.0,0.0,-19.931338942322935,0.0,0.0,0.0,0.0,0.0,-3.3579456806265284,0.0,0.0,0.0,0.0,-8.837002714923159,0.0,0.0,0.0,0.0,0.0,0.0,0.0,0.0,13.040270433251067,0.0,-4.220817825029144
0.40310077519379844,-4.084358101064112,-4.664387359021305,-4.664387359021305,0.0,0.0,0.0,0.0,0.0,0.0,0.0,0.0,0.5916180985110486,-1.3916748664577483,-1.3916748664577483,0.0,0.0,0.0,0.0,0.0,0.0,-1.3639075151505864,0.0,-2.653327043855569,-1.3639075151505864,0.0,0.0,0.0,0.0,0.0,0.0,-3.261123654674236,-3.261123654674236,0.0,-4.5783105386831835,0.0,0.0,0.0,0.0,0.0,0.0,0.0,0.0,0.0,0.0,-27.92906380696958,0.0,0.0,27.92298680284744,0.0,0.0,0.0,0.0,0.0,0.0,0.0,-31.9287833115689,0.0,31.922846557203012,0.0,0.0,0.0,0.0,0.0,0.0,0.0,0.0,-29.928978672266737,29.92294423653785,0.0,0.0,0.0,-2.7717873998245324,0.0,0.0,0.0,0.0,0.0,-19.930660507261333,0.0,0.0,0.0,0.0,0.0,-3.02470304935909,0.0,0.0,0.0,0.0,-9.081811134015183,0.0,0.0,0.0,0.0,0.0,0.0,0.0,0.0,15.40200720029361,0.0,-6.632095063352494
0.5038759689922481,-4.6475122881251,-4.852556534262753,-4.852556534262753,0.0,0.0,0.0,0.0,0.0,0.0,0.0,0.0,0.49434667470649174,-1.7225789767927324,-1.7225789767927324,0.0,0.0,0.0,0.0,0.0,0.0,-1.2198192413936937,0.0,-2.132871147697557,-1.2198192413936937,0.0,0.0,0.0,0.0,0.0,0.0,-2.840675130677539,-2.840675130677539,0.0,-4.256486775489066,0.0,0.0,0.0,0.0,0.0,0.0,0.0,0.0,0.0,0.0,-27.90804166613592,0.0,0.0,27.892830534503865,0.0,0.0,0.0,0.0,0.0,0.0,0.0,-31.904953030292837,0.0,31.89128621861048,0.0,0.0,0.0,0.0,0.0,0.0,0.0,0.0,-29.90642372163732,29.892021563282523,0.0,0.0,0.0,-3.4240781037198076,0.0,0.0,0.0,0.0,0.0,-19.903605685378523,0.0,0.0,0.0,0.0,0.0,-2.681505803847628,0.0,0.0,0.0,0.0,-9.282825008449791,0.0,0.0,0.0,0.0,0.0,0.0,0.0,0.0,16.544562133180563,0.0,-7.890432239143763
0.6046511627906976,-5.023915491952913,-4.862673148808838,-4.862673147809637,0.0,0.0,0.0,0.0,0.0,0.0,0.0,0.0,0.08613032775883767,-2.1607660247724425,-2.1607660247724425,0.0,0.0,0.0,0.0,0.0,0.0,-1.137802169814961,0.0,-1.5928129400988311,-1.137802169814961,0.0,0.0,0.0,0.0,0.0,0.0,-2.454534452578372,-2.454534452578372,0.0,-3.9325090788189243,0.0,0.0,0.0,0.0,0.0,0.0,0.0,0.0,0.0,0.0,-27.86174843227851,0.0,0.0,27.83565997188653,0.0,0.0,0.0,0.0,0.0,0.0,0.0,-31.856106757599534,0.0,31.832839136658464,0.0,0.0,0.0,0.0,0.0,0.0,0.0,0.0,-29.858768801793723,29.83417015756107,0.0,0.0,0.0,-4.280386128541203,0.0,0.0,0.0,0.0,0.0,-19.85259147707641,0.0,0.0,0.0,0.0,0.0,-2.350019811414583,0.0,0.0,0.0,0.0,-9.449629425617445,0.0,0.0,0.0,0.0,0.0,0.0,0.0,0.0,16.8979279140391,0.0,-8.439408487825872
0.7054263565891473,-5.208078189600229,-4.7005233470009955,-4.700523346112817,0.0,0.0,0.0,0.0,0.0,0.0,0.0,0.0,-0.6099507956491834,-2.691472600346856,-2.691472600346856,0.0,0.0,0.0,0.0,0.0,0.0,-1.115557895864372,0.0,-1.0430868400135296,-1.115557895864372,0.0,0.0,0.0,0.0,0.0,0.0,-2.1114467023686245,-2.1114467023686245,0.0,-3.6148903510557773,0.0,0.0,0.0,0.0,0.0,0.0,0.0,0.0,0.0,0.0,-27.783649042989467,0.0,0.0,27.743173532712717,0.0,0.0,0.0,0.0,0.0,0.0,0.0,-31.774639326132004,0.0,31.7386686763399,0.0,0.0,0.0,0.0,0.0,0.0,0.0,0.0,-29.77888140498486,29.740789714960414,0.0,0.0,0.0,-5.302928377082239,0.0,0.0,0.0,0.0,0.0,-19.767600246245465,0.0,0.0,0.0,0.0,0.0,-2.0440775720942383,0.0,0.0,0.0,0.0,-9.584774247395345,0.0,0.0,0.0,0.0,0.0,0.0,0.0,0.0,16.78087128331729,0.0,-8.6242669476988
0.8062015503875969,-5.215027923721749,-4.394760636294848,-4.394760635406669,0.0,0.0,0.0,0.0,0.0,0.0,0.0,0.0,-1.5109624982301284,-3.2696304845813984,-3.26963048369322,0.0,0.0,0.0,0.0,0.0,0.0,-1.1558751680240675,0.0,-0.5223373338303361,-1.1558751680240675,0.0,0.0,0.0,0.0,0.0,0.0,-1.8158253625166765,-1.8158253625166765,0.0,-3.2960428439920975,0.0,0.0,0.0,0.0,0.0,0.0,0.0,0.0,0.0,0.0,-27.664348710265685,0.0,0.0,27.60823340919316,0.0,0.0,0.0,0.0,0.0,0.0,0.0,-31.651394784448783,0.0,31.60175644811858,0.0,0.0,0.0,0.0,0.0,0.0,0.0,0.0,-29.6574804865557,29.604799298033058,0.0,0.0,0.0,-6.392821468859111,0.0,0.0,0.0,0.0,0.0,-19.63876335420167,0.0,0.0,0.0,0.0,0.0,-1.7727917075438526,0.0,0.0,0.0,0.0,-9.690872280532226,0.0,0.0,0.0,0.0,0.0,0.0,0.0,0.0,16.351509614764836,0.0,-8.611806608271877
0.9069767441860465,-5.07280916739461,-3.9911447027307645,-3.991144701842586,0.0,0.0,0.0,0.0,0.0,0.0,0.0,0.0,-2.4850558757449903,-3.8239790391969564,-3.823979038308778,0.0,0.0,0.0,0.0,0.0,0.0,-1.2665397270961165,0.0,-0.09478222651182477,-1.2665397270961165,0.0,0.0,0.0,0.0,0.0,0.0,-1.5705570701740612,-1.5705570701740612,0.0,-2.95623888124652,0.0,0.0,0.0,0.0,0.0,0.0,0.0,0.0,0.0,0.0,-27.502548564317664,0.0,0.0,27.435164638989207,0.0,0.0,0.0,0.0,0.0,0.0,0.0,-31.486229999488913,0.0,31.427005358741766,0.0,0.0,0.0,0.0,0.0,0.0,0.0,0.0,-29.49387307804585,29.4308268971033,0.0,0.0,0.0,-7.406200076554015,0.0,0.0,0.0,0.0,0.0,-19.466705175830157,0.0,0.0,0.0,0.0,0.0,-1.5429411712730712,0.0,0.0,0.0,0.0,-9.771656903412307,0.0,0.0,0.0,0.0,0.0,0.0,0.0,0.0,15.707236803663704,0.0,-8.464416915376916
1.0077519379844961,-4.820338136646285,-3.5416051726855358,-3.5416051726855358,0.0,0.0,0.0,0.0,0.0,0.0,0.0,0.0,-3.392556740422492,-4.277709106492722,-4.2777091056045435,0.0,0.0,0.0,0.0,0.0,0.0,-1.4594176880322607,0.0,0.16183861006879852,-1.4594176880322607,0.0,0.0,0.0,0.0,0.0,0.0,-1.3777198399900215,-1.3777198399900215,0.0,-2.5747549574628437,0.0,0.0,0.0,0.0,0.0,0.0,0.0,0.0,0.0,0.0,-27.313666282946514,0.0,0.0,27.245854472779385,0.0,0.0,0.0,0.0,0.0,0.0,0.0,-31.296197228858347,0.0,31.237119947791214,0.0,0.0,0.0,0.0,0.0,0.0,0.0,0.0,-29.304345500191786,29.241194082318955,0.0,0.0,0.0,-8.203810136331313,0.0,0.0,0.0,0.0,0.0,-19.27102804888392,0.0,0.0,0.0,0.0,0.0,-1.359562467662112,0.0,0.0,0.0,0.0,-9.831313614594439,0.0,0.0,0.0,0.0,0.0,0.0,0.0,0.0,14.958102905637816,0.0,-8.209328514752201
1.1085271317829457,-4.502137914919047,-3.09113492225066,-3.0911349213624817,0.0,0.0,0.0,0.0,0.0,0.0,0.0,0.0,-4.130755647313578,-4.572564254345934,-4.572564254345934,0.0,0.0,0.0,0.0,0.0,0.0,-1.747302816657026,0.0,0.17593512602331884,-1.747302814880669,0.0,0.0,0.0,0.0,0.0,0.0,-1.2383233212176492,-1.2383233212176492,0.0,-2.140346818446659,0.0,0.0,0.0,0.0,0.0,0.0,0.0,0.0,0.0,0.0,-27.129907414602528,0.0,0.0,27.075623591388265,0.0,0.0,0.0,0.0,0.0,0.0,0.0,-31.114674134968823,0.0,31.068006953738347,0.0,0.0,0.0,0.0,0.0,0.0,0.0,0.0,-29.12173708025101,29.071538425018417,0.0,0.0,0.0,-8.697631240117687,0.0,0.0,0.0,0.0,0.0,-19.088099693087557,0.0,0.0,0.0,0.0,0.0,-1.2257699677220568,0.0,0.0,0.0,0.0,-9.873917852842862,0.0,0.0,0.0,0.0,0.0,0.0,0.0,0.0,14.237516166915043,0.0,-7.879475231398203
1.2093023255813953,-4.157892652401074,-2.669919783926389,-2.669919783926389,0.0,0.0,0.0,0.0,0.0,0.0,0.0,0.0,-4.651776793540563,-4.6810120948592715,-4.68101209380456,0.0,0.0,0.0,0.0,0.0,0.0,-2.1370399929665496,0.0,-0.09671237855002346,-2.1370399911901927,0.0,0.0,0.0,0.0,0.0,0.0,-1.1527116108300817,-1.1527116118292824,0.0,-1.656356100165901,0.0,0.0,0.0,0.0,0.0,0.0,0.0,0.0,0.0,0.0,-26.98918119992122,0.0,0.0,26.95999669932725,0.0,0.0,0.0,0.0,0.0,0.0,0.0,-30.97947024055525,0.0,30.95514122175569,0.0,0.0,0.0,0.0,0.0,0.0,0.0,0.0,-28.983922003344986,28.95736710206709,0.0,0.0,0.0,-8.861537480919779,0.0,0.0,0.0,0.0,0.0,-18.957221072868347,0.0,0.0,0.0,0.0,0.0,-1.1433013213102416,0.0,0.0,0.0,0.0,-9.903157337759483,0.0,0.0,0.0,0.0,0.0,0.0,0.0,0.0,13.672002439957254,0.0,-7.525394974283728
1.3100775193798448,-3.811885209259458,-2.2937688646251786,-2.2937688646251786,0.0,0.0,0.0,0.0,0.0,0.0,0.0,0.0,-4.951635622196804,-4.605305915728053,-4.60530591461783,0.0,0.0,0.0,0.0,0.0,0.0,-2.619040564866282,0.0,-0.6538332231187383,-2.619040564866282,0.0,0.0,0.0,0.0,0.0,0.0,-1.121982226442303,-1.121982226442303,0.0,-1.143040231989939,0.0,0.0,0.0,0.0,0.0,0.0,0.0,0.0,0.0,0.0,-26.920467020925127,0.0,0.0,26.921436399072324,0.0,0.0,0.0,0.0,0.0,0.0,0.0,-30.918217795564143,0.0,30.92031178844601,0.0,0.0,0.0,0.0,0.0,0.0,0.0,0.0,-28.919175272479336,28.92079052588259,0.0,0.0,0.0,-8.714348146643403,0.0,0.0,0.0,0.0,0.0,-18.90525664705045,0.0,0.0,0.0,0.0,0.0,-1.1140829957040355,0.0,0.0,0.0,0.0,-9.922125664196813,0.0,0.0,0.0,0.0,0.0,0.0,0.0,0.0,13.350546997914492,0.0,-7.207960705191141
1.4108527131782946,-3.4681933476221616,-1.969376605792661,-1.969376605792661,0.0,0.0,0.0,0.0,0.0,0.0,0.0,0.0,-5.050786894944537,-4.371651813883659,-4.371651812995481,0.0,0.0,0.0,0.0,0.0,0.0,-3.1577873231825038,0.0,-1.4346471992610077,-3.157787324070682,0.0,0.0,0.0,0.0,0.0,0.0,-1.149694944690971,-1.149694944690971,0.0,-0.6404193082509835,0.0,0.0,0.0,0.0,0.0,0.0,0.0,0.0,0.0,0.0,-26.93433821987501,0.0,0.0,26.962862826662715,0.0,0.0,0.0,0.0,0.0,0.0,0.0,-30.939535406560026,0.0,30.965461422116647,0.0,0.0,0.0,0.0,0.0,0.0,0.0,0.0,-28.93703077466725,28.96420910503128,0.0,0.0,0.0,-8.302374684854286,0.0,0.0,0.0,0.0,0.0,-18.938344809704688,0.0,0.0,0.0,0.0,0.0,-1.142052270539009,0.0,0.0,0.0,0.0,-9.93313084515302,0.0,0.0,0.0,0.0,0.0,0.0,0.0,0.0,13.312147851024525,0.0,-6.985500205336503
1.5116279069767442,-3.1143314060955163,-1.6993964577771692,-1.6993964577771692,0.0,0.0,0.0,0.0,0.0,0.0,0.0,0.0,-4.981968906747625,-4.023376831696623,-4.023376830808445,0.0,0.0,0.0,0.0,0.0,0.0,-3.6921606589856992,0.0,-2.326772361449514,-3.6921606598738776,0.0,0.0,0.0,0.0,0.0,0.0,-1.243053584731868,-1.243053584731868,0.0,-0.20888145813025005,0.0,0.0,0.0,0.0,0.0,0.0,0.0,0.0,0.0,0.0,-27.021243547808993,0.0,0.0,27.068762409987457,0.0,0.0,0.0,0.0,0.0,0.0,0.0,-31.03210039445692,0.0,31.074190835367332,0.0,0.0,0.0,0.0,0.0,0.0,0.0,0.0,-29.026984929902966,29.071633102173422,0.0,0.0,0.0,-7.69120165999837,0.0,0.0,0.0,0.0,0.0,-19.04194356505684,0.0,0.0,0.0,0.0,0.0,-1.2343700007688696,0.0,0.0,0.0,0.0,-9.937538621954124,0.0,0.0,0.0,0.0,0.0,0.0,0.0,0.0,13.54592741886762,0.0,-6.900524090136528
1.6124031007751938,-2.731626241647689,-1.4849457405929911,-1.4849457405929911,0.0,0.0,0.0,0.0,0.0,0.0,0.0,0.0,-4.785961291275953,-3.611335322339926,-3.6113353214517474,0.0,0.0,0.0,0.0,0.0,0.0,-4.150398438707015,0.0,-3.198634823675661,-4.150398437818836,0.0,0.0,0.0,0.0,0.0,0.0,-1.4128912053656961,-1.4128912053656961,0.0,0.07793552692092476,0.0,0.0,0.0,0.0,0.0,0.0,0.0,0.0,0.0,0.0,-27.156639467840193,0.0,0.0,27.212255456321444,0.0,0.0,0.0,0.0,0.0,0.0,0.0,-31.1704300763882,0.0,31.219150762540337,0.0,0.0,0.0,0.0,0.0,0.0,0.0,0.0,-29.163980088009467,29.215925767323014,0.0,0.0,0.0,-6.95827581176367,0.0,0.0,0.0,0.0,0.0,-19.187832993372567,0.0,0.0,0.0,0.0,0.0,-1.4012901274340628,0.0,0.0,0.0,0.0,-9.93558947515183,0.0,0.0,0.0,0.0,0.0,0.0,0.0,0.0,13.997200521309594,0.0,-6.966511936656872
1.7131782945736433,-2.306463907641998,-1.326198517004329,-1.326198517004329,0.0,0.0,0.0,0.0,0.0,0.0,0.0,0.0,-4.507808610831887,-3.1821980392976457,-3.1821980384094672,0.0,0.0,0.0,0.0,0.0,0.0,-4.471867834698884,0.0,-3.94147888593821,-4.471867834698884,0.0,0.0,0.0,0.0,0.0,0.0,-1.671543698567035,-1.671543698567035,0.0,0.148515047815323,0.0,0.0,0.0,0.0,0.0,0.0,0.0,0.0,0.0,0.0,-27.310874420427567,0.0,0.0,27.36521440915851,0.0,0.0,0.0,0.0,0.0,0.0,0.0,-31.32498749347512,0.0,31.372270947960246,0.0,0.0,0.0,0.0,0.0,0.0,0.0,0.0,-29.318414243251212,29.36898432159829,0.0,0.0,0.0,-6.179688075036438,0.0,0.0,0.0,0.0,0.0,-19.34543097736885,0.0,0.0,0.0,0.0,0.0,-1.6536859679949778,0.0,0.0,0.0,0.0,-9.926030435480904,0.0,0.0,0.0,0.0,0.0,0.0,0.0,0.0,14.581367497434883,0.0,-7.161244229614283
1.813953488372093,-1.8373130388216197,-1.2228202479480643,-1.2228202490582873,0.0,0.0,0.0,0.0,0.0,0.0,0.0,0.0,-4.189026914236393,-2.769965240290162,-2.769965240290162,0.0,0.0,0.0,0.0,0.0,0.0,-4.621706301666251,0.0,-4.4936229877112766,-4.621706302776474,0.0,0.0,0.0,0.0,0.0,0.0,-2.027389133019142,-2.0273891347954986,0.0,-0.0475647583542127,0.0,0.0,0.0,0.0,0.0,0.0,0.0,0.0,0.0,0.0,-27.45931035064153,0.0,0.0,27.50668094519959,0.0,0.0,0.0,0.0,0.0,0.0,0.0,-31.471980620034756,0.0,31.513016082396206,0.0,0.0,0.0,0.0,0.0,0.0,0.0,0.0,-29.466095429420136,29.510073485949917,0.0,0.0,0.0,-5.416405538527513,0.0,0.0,0.0,0.0,0.0,-19.4917414151341,0.0,0.0,0.0,0.0,0.0,-1.9969663910268665,0.0,0.0,0.0,0.0,-9.905394018572267,0.0,0.0,0.0,0.0,0.0,0.0,0.0,0.0,15.206690772373577,0.0,-7.435444957071269
1.9147286821705427,-1.3382002183037756,-1.1751083914823823,-1.1751083914823823,0.0,0.0,0.0,0.0,0.0,0.0,0.0,0.0,-3.8582440327061818,-2.3945346123710465,-2.3945346123710465,0.0,0.0,0.0,0.0,0.0,0.0,-4.593447822998087,0.0,-4.837731023332736,-4.593447823886265,0.0,0.0,0.0,0.0,0.0,0.0,-2.4757259851071467,-2.4757259851071467,0.0,-0.5210959734824883,0.0,0.0,0.0,0.0,0.0,0.0,0.0,0.0,0.0,0.0,-27.587539553008966,0.0,0.0,27.62584438764648,0.0,0.0,0.0,0.0,0.0,0.0,0.0,-31.59798162943872,0.0,31.631065428250338,0.0,0.0,0.0,0.0,0.0,0.0,0.0,0.0,-29.593139986738848,29.628644605761423,0.0,0.0,0.0,-4.708649774642915,0.0,0.0,0.0,0.0,0.0,-19.61499120872734,0.0,0.0,0.0,0.0,0.0,-2.421333819779825,0.0,0.0,0.0,0.0,-9.867054232892691,0.0,0.0,0.0,0.0,0.0,0.0,0.0,0.0,15.797811985684973,0.0,-7.733687874100781
2.0155038759689923,-0.8417572958108188,-1.1855073219768641,-1.1855073219768641,0.0,0.0,0.0,0.0,0.0,0.0,0.0,0.0,-3.525482489941112,-2.0656367665239372,-2.0656367665239372,0.0,0.0,0.0,0.0,0.0,0.0,-4.405104885307765,0.0,-4.984821165621156,-4.405104886640032,0.0,0.0,0.0,0.0,0.0,0.0,-2.9891030717266176,-2.9891030717266176,0.0,-1.2293512279271113,0.0,0.0,0.0,0.0,0.0,0.0,0.0,0.0,0.0,0.0,-27.690660492241115,0.0,0.0,27.720097670602684,0.0,0.0,0.0,0.0,0.0,0.0,0.0,-31.698784179301498,0.0,31.724159516133277,0.0,0.0,0.0,0.0,0.0,0.0,0.0,0.0,-29.695022520259684,29.72227868547339,0.0,0.0,0.0,-4.079537708312486,0.0,0.0,0.0,0.0,0.0,-19.712415423422947,0.0,0.0,0.0,0.0,0.0,-2.89261832109311,0.0,0.0,0.0,0.0,-9.801157968114538,0.0,0.0,0.0,0.0,0.0,0.0,0.0,0.0,16.308646748619537,0.0,-8.013265782036427
2.1162790697674416,-0.40075133478367775,-1.2597853504825451,-1.2597853504825451,0.0,0.0,0.0,0.0,0.0,0.0,0.0,0.0,-3.1835640093014206,-1.7877724740600343,-1.7877724740600343,0.0,0.0,0.0,0.0,0.0,0.0,-4.093407159899698,0.0,-4.961211574450175,-4.093407160787876,0.0,0.0,0.0,0.0,0.0,0.0,-3.514610901866888,-3.5146109027550665,0.0,-2.0767806265808986,0.0,0.0,0.0,0.0,0.0,0.0,0.0,0.0,0.0,0.0,-27.7696171545605,0.0,0.0,27.791382271602494,0.0,0.0,0.0,0.0,0.0,0.0,0.0,-31.77568491075089,0.0,31.79441615164258,0.0,0.0,0.0,0.0,0.0,0.0,0.0,0.0,-29.772877630285244,29.793012510492822,0.0,0.0,0.0,-3.5421411433977923,0.0,0.0,0.0,0.0,0.0,-19.786104261121373,0.0,0.0,0.0,0.0,0.0,-3.3529558929323855,0.0,0.0,0.0,0.0,-9.697720082524341,0.0,0.0,0.0,0.0,0.0,0.0,0.0,0.0,16.721420936560705,0.0,-8.251073640108686
2.2170542635658914,-0.08325071587655941,-1.4072239400420017,-1.4072239400420017,0.0,0.0,0.0,0.0,0.0,0.0,0.0,0.0,-2.8164809038333516,-1.56323473810005,-1.56323473810005,0.0,0.0,0.0,0.0,0.0,0.0,-3.7055670958352493,0.0,-4.802802466841172,-3.7055670967234278,0.0,0.0,0.0,0.0,0.0,0.0,-3.984443332605281,-3.9844433317171024,0.0,-2.939346339658755,0.0,0.0,0.0,0.0,0.0,0.0,0.0,0.0,0.0,0.0,-27.827796046986375,0.0,0.0,27.843313780639978,0.0,0.0,0.0,0.0,0.0,0.0,0.0,-31.832168199075195,0.0,31.8454998587403,0.0,0.0,0.0,0.0,0.0,0.0,0.0,0.0,-29.83014715979282,29.844489338015645,0.0,0.0,0.0,-3.104402727660549,0.0,0.0,0.0,0.0,0.0,-19.83985113379605,0.0,0.0,0.0,0.0,0.0,-3.737433994288608,0.0,0.0,0.0,0.0,-9.553919324112314,0.0,0.0,0.0,0.0,0.0,0.0,0.0,0.0,17.037796931740345,0.0,-8.44025012569638
2.317829457364341,0.04054009039577977,-1.63902266070437,-1.63902266070437,0.0,0.0,0.0,0.0,0.0,0.0,0.0,0.0,-2.410328746149659,-1.3930997277977752,-1.3930997277977752,0.0,0.0,0.0,0.0,0.0,0.0,-3.288313860316805,0.0,-4.5514658122414176,-3.288313860316805,0.0,0.0,0.0,0.0,0.0,0.0,-4.335814431044582,-4.335814430156404,0.0,-3.703752249339942,0.0,0.0,0.0,0.0,0.0,0.0,0.0,0.0,0.0,0.0,-27.86909369340007,0.0,0.0,27.879685722542735,0.0,0.0,0.0,0.0,0.0,0.0,0.0,-31.872121506848483,0.0,31.881199631322854,0.0,0.0,0.0,0.0,0.0,0.0,0.0,0.0,-29.870723448011116,29.880500600820703,0.0,0.0,0.0,-2.770915152494613,0.0,0.0,0.0,0.0,0.0,-19.877594809036836,0.0,0.0,0.0,0.0,0.0,-3.997941037781061,0.0,0.0,0.0,0.0,-9.38143992001983,0.0,0.0,0.0,0.0,0.0,0.0,0.0,0.0,17.269380525153366,0.0,-8.583485216484554
2.4186046511627906,-0.08374032667290976,-1.9638363202290066,-1.9638363202290066,0.0,0.0,0.0,0.0,0.0,0.0,0.0,0.0,-1.9613911527160965,-1.2776532100078342,-1.2776532100078342,0.0,0.0,0.0,0.0,0.0,0.0,-2.8784134764592295,0.0,-4.24833452772333,-2.878413477347408,0.0,0.0,0.0,0.0,0.0,0.0,-4.5276702560492765,-4.5276702560492765,0.0,-4.296831042971405,0.0,0.0,0.0,0.0,0.0,0.0,0.0,0.0,0.0,0.0,-27.897091078532554,0.0,0.0,27.903845950388863,0.0,0.0,0.0,0.0,0.0,0.0,0.0,-31.899071476965137,0.0,31.90483615164719,0.0,0.0,0.0,0.0,0.0,0.0,0.0,0.0,-29.89815891538128,29.90437986979955,0.0,0.0,0.0,-2.5438854372450415,0.0,0.0,0.0,0.0,0.0,-19.902824493711613,0.0,0.0,0.0,0.0,0.0,-4.116060654313358,0.0,0.0,0.0,0.0,-9.206792872529235,0.0,0.0,0.0,0.0,0.0,0.0,0.0,0.0,17.430934055706615,0.0,-8.68759595828994
2.5193798449612403,-0.4763385428319111,-2.3798862285318023,-2.3798862311963376,0.0,0.0,0.0,0.0,0.0,0.0,0.0,0.0,-1.4803345908531718,-1.2173453023400782,-1.2173453012853663,0.0,0.0,0.0,0.0,0.0,0.0,-2.4992197804607486,0.0,-3.924749996553345,-2.4992197804607486,0.0,0.0,0.0,0.0,0.0,0.0,-4.546423208018346,-4.546423207019146,0.0,-4.69007894732254,0.0,0.0,0.0,0.0,0.0,0.0,0.0,0.0,0.0,0.0,-27.91470899987658,0.0,0.0,27.918407339400098,0.0,0.0,0.0,0.0,0.0,0.0,0.0,-31.91586423315074,0.0,31.918984958106968,0.0,0.0,0.0,0.0,0.0,0.0,0.0,0.0,-29.915334755131752,29.918720218069517,0.0,0.0,0.0,-2.425209280801366,0.0,0.0,0.0,0.0,0.0,-19.918310800060013,0.0,0.0,0.0,0.0,0.0,-4.0985206926635875,0.0,0.0,0.0,0.0,-9.063145997578737,0.0,0.0,0.0,0.0,0.0,0.0,0.0,0.0,17.536279447005754,0.0,-8.760328332690914
2.6201550387596897,-1.1087518103636285,-2.8657117034924795,-2.8657117034924795,0.0,0.0,0.0,0.0,0.0,0.0,0.0,0.0,-0.9951118822293381,-1.2142164381168108,-1.2142164381168108,0.0,0.0,0.0,0.0,0.0,0.0,-2.163110968567139,0.0,-3.5955016781663574,-2.163110968567139,0.0,0.0,0.0,0.0,0.0,0.0,-4.403567038568923,-4.403567037236655,0.0,-4.887063217662302,0.0,0.0,0.0,0.0,0.0,0.0,0.0,0.0,0.0,0.0,-27.923993874200832,0.0,0.0,27.925044510112436,0.0,0.0,0.0,0.0,0.0,0.0,0.0,-31.924466161264988,0.0,31.925280655698693,0.0,0.0,0.0,0.0,0.0,0.0,0.0,0.0,-29.924251445490047,29.925173296786735,0.0,0.0,0.0,-2.419460310625586,0.0,0.0,0.0,0.0,0.0,-19.925909333027345,0.0,0.0,0.0,0.0,0.0,-3.9653017643026534,0.0,0.0,0.0,0.0,-8.979067884051783,0.0,0.0,0.0,0.0,0.0,0.0,0.0,0.0,17.59591240105274,0.0,-8.80870906611042
2.7209302325581395,-1.9006407754318388,-3.375702877228548,-3.3757028781167264,0.0,0.0,0.0,0.0,0.0,0.0,0.0,0.0,-0.5527688798911967,-1.2731482617045486,-1.2731482617045486,0.0,0.0,0.0,0.0,0.0,0.0,-1.8760857600774727,0.0,-3.2582609956754993,-1.8760857600774727,0.0,0.0,0.0,0.0,0.0,0.0,-4.130385598433151,-4.130385597544972,0.0,-4.909623335436208,0.0,0.0,0.0,0.0,0.0,0.0,0.0,0.0,0.0,0.0,-27.925928935038094,0.0,0.0,27.92429836066812,0.0,0.0,0.0,0.0,0.0,0.0,0.0,-31.92573409704219,0.0,31.924200943722614,0.0,0.0,0.0,0.0,0.0,0.0,0.0,0.0,-29.92583254474157,29.92425016654088,0.0,0.0,0.0,-2.536452119658583,0.0,0.0,0.0,0.0,0.0,-19.926383860446872,0.0,0.0,0.0,0.0,0.0,-3.741397172296601,0.0,0.0,0.0,0.0,-8.969457738539077,0.0,0.0,0.0,0.0,0.0,0.0,0.0,0.0,17.615492474053198,0.0,-8.838232262678437
2.8217054263565893,-2.7375770130788624,-3.847048381189211,-3.8470483820773893,0.0,0.0,0.0,0.0,0.0,0.0,0.0,0.0,-0.21629048241322835,-1.402277157724896,-1.402277157724896,0.0,0.0,0.0,0.0,0.0,0.0,-1.6412020866773958,0.0,-2.8999866379386674,-1.6412020866773958,0.0,0.0,0.0,0.0,0.0,0.0,-3.770533082203542,-3.7705330813153637,0.0,-4.790392700737556,0.0,0.0,0.0,0.0,0.0,0.0,0.0,0.0,0.0,0.0,-27.92022744260714,0.0,0.0,27.91532918805517,0.0,0.0,0.0,0.0,0.0,0.0,0.0,-31.919269185665122,0.0,31.91485006168171,0.0,0.0,0.0,0.0,0.0,0.0,0.0,0.0,-29.919725183069623,29.91507805932825,0.0,0.0,0.0,-2.791995374173961,0.0,0.0,0.0,0.0,0.0,-19.919183891492498,0.0,0.0,0.0,0.0,0.0,-3.453871641578843,0.0,0.0,0.0,0.0,-9.031180553176199,0.0,0.0,0.0,0.0,0.0,0.0,0.0,0.0,17.594560478617627,0.0,-8.852446117452173
2.9224806201550386,-3.5059691900762857,-4.217045889820525,-4.217045890708704,0.0,0.0,0.0,0.0,0.0,0.0,0.0,0.0,-0.05367540456546749,-1.6118445071988674,-1.6118445071988674,0.0,0.0,0.0,0.0,0.0,0.0,-1.4600319009350216,0.0,-2.5070641838098595,-1.4600319009350216,0.0,0.0,0.0,0.0,0.0,0.0,-3.3699534913722573,-3.369953490484079,0.0,-4.568798380510941,0.0,0.0,0.0,0.0,0.0,0.0,0.0,0.0,0.0,0.0,-27.90500090549264,0.0,0.0,27.895545501921415,0.0,0.0,0.0,0.0,0.0,0.0,0.0,-31.903012296774502,0.0,31.89455119961826,0.0,0.0,0.0,0.0,0.0,0.0,0.0,0.0,-29.90395230278997,29.895021201542527,0.0,0.0,0.0,-3.2053296188938596,0.0,0.0,0.0,0.0,0.0,-19.902085295397942,0.0,0.0,0.0,0.0,0.0,-3.130244870419574,0.0,0.0,0.0,0.0,-9.14520486250403,0.0,0.0,0.0,0.0,0.0,0.0,0.0,0.0,17.525056969391883,0.0,-8.852611351917172
3.0232558139534884,-4.1245925996857835,-4.440428126306628,-4.440428126306628,0.0,0.0,0.0,0.0,0.0,0.0,0.0,0.0,-0.12141167937684827,-1.910526465476181,-1.910526465476181,0.0,0.0,0.0,0.0,0.0,0.0,-1.3332088807382902,0.0,-2.073995757467806,-1.3332088807382902,0.0,0.0,0.0,0.0,0.0,0.0,-2.967148870158809,-2.9671488697147197,0.0,-4.285253331737238,0.0,0.0,0.0,0.0,0.0,0.0,0.0,0.0,0.0,0.0,-27.876328949294482,0.0,0.0,27.860213651198507,0.0,0.0,0.0,0.0,0.0,0.0,0.0,-31.87284387456968,0.0,31.858471115864262,0.0,0.0,0.0,0.0,0.0,0.0,0.0,0.0,-29.87448760527478,29.859292980216612,0.0,0.0,0.0,-3.7912686645658056,0.0,0.0,0.0,0.0,0.0,-19.870705238123065,0.0,0.0,0.0,0.0,0.0,-2.7957640373887926,0.0,0.0,0.0,0.0,-9.284980837298562,0.0,0.0,0.0,0.0,0.0,0.0,0.0,0.0,17.389886001528687,0.0,-8.837092375979516
3.1240310077519378,-4.555009017082057,-4.497584625562379,-4.497584624563178,0.0,0.0,0.0,0.0,0.0,0.0,0.0,0.0,-0.44674118182541633,-2.2985866605651495,-2.2985866605651495,0.0,0.0,0.0,0.0,0.0,0.0,-1.2612521064214732,0.0,-1.6084045890707444,-1.2612521053112502,0.0,0.0,0.0,0.0,0.0,0.0,-2.5883147527494543,-2.5883147527494543,0.0,-3.97280179331716,0.0,0.0,0.0,0.0,0.0,0.0,0.0,0.0,0.0,0.0,-27.828018803521815,0.0,0.0,27.80253077627748,0.0,0.0,0.0,0.0,0.0,0.0,0.0,-31.82239023191702,0.0,31.799716492475483,0.0,0.0,0.0,0.0,0.0,0.0,0.0,0.0,-29.825041280018283,29.80104201555367,0.0,0.0,0.0,-4.545925894716696,0.0,0.0,0.0,0.0,0.0,-19.81826349306548,0.0,0.0,0.0,0.0,0.0,-2.4707276160551572,0.0,0.0,0.0,0.0,-9.42636599998714,0.0,0.0,0.0,0.0,0.0,0.0,0.0,0.0,17.16333628243305,0.0,-8.800254603258395
3.2248062015503876,-4.793062229113687,-4.393993112250527,-4.393993111362349,0.0,0.0,0.0,0.0,0.0,0.0,0.0,0.0,-1.012647492082408,-2.759208200586727,-2.759208200586727,0.0,0.0,0.0,0.0,0.0,0.0,-1.2458668048054289,0.0,-1.1340910064938647,-1.245866805915652,0.0,0.0,0.0,0.0,0.0,0.0,-2.248363284884647,-2.248363284884647,0.0,-3.649928879134734,0.0,0.0,0.0,0.0,0.0,0.0,0.0,0.0,0.0,0.0,-27.75242920471932,0.0,0.0,27.715208105849598,0.0,0.0,0.0,0.0,0.0,0.0,0.0,-31.74400035166336,0.0,31.71099368137753,0.0,0.0,0.0,0.0,0.0,0.0,0.0,0.0,-29.747964327198062,29.71297566789488,0.0,0.0,0.0,-5.429567530912394,0.0,0.0,0.0,0.0,0.0,-19.736638472211965,0.0,0.0,0.0,0.0,0.0,-2.1697549607013755,0.0,0.0,0.0,0.0,-9.553504229153909,0.0,0.0,0.0,0.0,0.0,0.0,0.0,0.0,16.81725632507458,0.0,-8.731295137343054
3.3255813953488373,-4.855562699912497,-4.155683650086672,-4.155683649198494,0.0,0.0,0.0,0.0,0.0,0.0,0.0,0.0,-1.7521292532407529,-3.2529944720138815,-3.252994471125703,0.0,0.0,0.0,0.0,0.0,0.0,-1.2911999288656162,0.0,-0.6930238872771,-1.2911999277553932,0.0,0.0,0.0,0.0,0.0,0.0,-1.95493938104363,-1.95493938104363,0.0,-3.3185578836025798,0.0,0.0,0.0,0.0,0.0,0.0,0.0,0.0,0.0,0.0,-27.6436368988886,0.0,0.0,27.594581685663755,0.0,0.0,0.0,0.0,0.0,0.0,0.0,-31.63214739099196,0.0,31.58883693399339,0.0,0.0,0.0,0.0,0.0,0.0,0.0,0.0,-29.63753963980409,29.591533057260477,0.0,0.0,0.0,-6.358150222540715,0.0,0.0,0.0,0.0,0.0,-19.62015456080657,0.0,0.0,0.0,0.0,0.0,-1.9029524319646995,0.0,0.0,0.0,0.0,-9.65923321338824,0.0,0.0,0.0,0.0,0.0,0.0,0.0,0.0,16.336493925184215,0.0,-8.614968431963632
3.4263565891472867,-4.771599078523536,-3.8225415521786488,-3.8225415517345596,0.0,0.0,0.0,0.0,0.0,0.0,0.0,0.0,-2.560664031037163,-3.722116315607593,-3.722116315607593,0.0,0.0,0.0,0.0,0.0,0.0,-1.404398658255701,0.0,-0.3433716064815684,-1.404398658255701,0.0,0.0,0.0,0.0,0.0,0.0,-1.7120317399310636,-1.7120317399310636,0.0,-2.9687223475072244,0.0,0.0,0.0,0.0,0.0,0.0,0.0,0.0,0.0,0.0,-27.50308637078369,0.0,0.0,27.446356263949312,0.0,0.0,0.0,0.0,0.0,0.0,0.0,-31.489198809797614,0.0,31.43941248562321,0.0,0.0,0.0,0.0,0.0,0.0,0.0,0.0,-29.49569786792061,29.44266201354573,0.0,0.0,0.0,-7.217045691287893,0.0,0.0,0.0,0.0,0.0,-19.471962772188434,0.0,0.0,0.0,0.0,0.0,-1.6774398204910668,0.0,0.0,0.0,0.0,-9.742444181615184,0.0,0.0,0.0,0.0,0.0,0.0,0.0,0.0,15.739547253090791,0.0,-8.43713652987077
3.5271317829457365,-4.577942603667395,-3.4390574237264104,-3.4390574232823212,0.0,0.0,0.0,0.0,0.0,0.0,0.0,0.0,-3.3266710377510833,-4.10503597958467,-4.105035980472849,0.0,0.0,0.0,0.0,0.0,0.0,-1.594790778991495,0.0,-0.15044727774693456,-1.594790778991495,0.0,0.0,0.0,0.0,0.0,0.0,-1.5218072970668572,-1.5218072970668572,0.0,-2.5877089979697843,0.0,0.0,0.0,0.0,0.0,0.0,0.0,0.0,0.0,0.0,-27.34461758358009,0.0,0.0,27.28890501257908,0.0,0.0,0.0,0.0,0.0,0.0,0.0,-31.330182628241943,0.0,31.28168753696592,0.0,0.0,0.0,0.0,0.0,0.0,0.0,0.0,-29.336908168531295,29.28505030608264,0.0,0.0,0.0,-7.895296075366431,0.0,0.0,0.0,0.0,0.0,-19.30895386692555,0.0,0.0,0.0,0.0,0.0,-1.4981724940077434,0.0,0.0,0.0,0.0,-9.80517466481201,0.0,0.0,0.0,0.0,0.0,0.0,0.0,0.0,15.089203648344096,0.0,-8.19500796245265
3.627906976744186,-4.313777563602628,-3.044636082805141,-3.044636082361052,0.0,0.0,0.0,0.0,0.0,0.0,0.0,0.0,-3.963506548076978,-4.353675825630177,-4.353675825630177,0.0,0.0,0.0,0.0,0.0,0.0,-1.8708285725033136,0.0,-0.1716195505707674,-1.8708285725033136,0.0,0.0,0.0,0.0,0.0,0.0,-1.385325323344233,-1.385325323344233,0.0,-2.1689635547605945,0.0,0.0,0.0,0.0,0.0,0.0,0.0,0.0,0.0,0.0,-27.193760667731937,0.0,0.0,27.14983905316437,0.0,0.0,0.0,0.0,0.0,0.0,0.0,-31.181398078672373,0.0,31.143657760468457,0.0,0.0,0.0,0.0,0.0,0.0,0.0,0.0,-29.187127804419788,29.146522622314208,0.0,0.0,0.0,-8.318098450255107,0.0,0.0,0.0,0.0,0.0,-19.159562500536964,0.0,0.0,0.0,0.0,0.0,-1.3683344078363469,0.0,0.0,0.0,0.0,-9.85065155545417,0.0,0.0,0.0,0.0,0.0,0.0,0.0,0.0,14.479856716764772,0.0,-7.905651569828365
3.7286821705426356,-4.013008128023188,-2.6677009188347256,-2.6677009188347256,0.0,0.0,0.0,0.0,0.0,0.0,0.0,0.0,-4.4243905738955425,-4.4434952287675245,-4.4434952277822015,0.0,0.0,0.0,0.0,0.0,0.0,-2.2341100605061115,0.0,-0.43921109504907463,-2.2341100605061115,0.0,0.0,0.0,0.0,0.0,0.0,-1.3032890582298506,-1.3032890570086053,0.0,-1.7177752591468476,0.0,0.0,0.0,0.0,0.0,0.0,0.0,0.0,0.0,0.0,-27.079819253095216,0.0,0.0,27.05661364243994,0.0,0.0,0.0,0.0,0.0,0.0,0.0,-31.072062024239955,0.0,31.052735030123735,0.0,0.0,0.0,0.0,0.0,0.0,0.0,0.0,-29.07561698317629,29.054512508563946,0.0,0.0,0.0,-8.457487183255452,0.0,0.0,0.0,0.0,0.0,-19.054051520084325,0.0,0.0,0.0,0.0,0.0,-1.2900809422122794,0.0,0.0,0.0,0.0,-9.882232707314476,0.0,0.0,0.0,0.0,0.0,0.0,0.0,0.0,14.00788400984787,0.0,-7.605726862536244
3.8294573643410854,-3.6969014911569786,-2.325428573701771,-2.325428573701771,0.0,0.0,0.0,0.0,0.0,0.0,0.0,0.0,-4.697970610534341,-4.37469308711691,-4.374693086006687,0.0,0.0,0.0,0.0,0.0,0.0,-2.6713502556674484,0.0,-0.9453632658917854,-2.6713502556674484,0.0,0.0,0.0,0.0,0.0,0.0,-1.277233182942622,-1.2772331818081128,0.0,-1.2545890243700897,0.0,0.0,0.0,0.0,0.0,0.0,0.0,0.0,0.0,0.0,-27.025314839147775,0.0,0.0,27.026764289048156,0.0,0.0,0.0,0.0,0.0,0.0,0.0,-31.023656723208617,0.0,31.02593523313102,0.0,0.0,0.0,0.0,0.0,0.0,0.0,0.0,-29.02435615554505,29.02628494828169,0.0,0.0,0.0,-8.324260917180748,0.0,0.0,0.0,0.0,0.0,-19.013327421879556,0.0,0.0,0.0,0.0,0.0,-1.2658204861515365,0.0,0.0,0.0,0.0,-9.902849845186413,0.0,0.0,0.0,0.0,0.0,0.0,0.0,0.0,13.744448866592762,0.0,-7.342741100480055
3.9302325581395348,-3.3710052220747855,-2.0270671128308493,-2.0270671128308493,0.0,0.0,0.0,0.0,0.0,0.0,0.0,0.0,-4.796147945462792,-4.168514413205315,-4.168514412317137,0.0,0.0,0.0,0.0,0.0,0.0,-3.148355585125273,0.0,-1.6345418165641945,-3.1483555833489163,0.0,0.0,0.0,0.0,0.0,0.0,-1.3107625357333674,-1.3107625357333674,0.0,-0.8171075958074425,0.0,0.0,0.0,0.0,0.0,0.0,0.0,0.0,0.0,0.0,-27.038564939463328,0.0,0.0,27.062640800434856,0.0,0.0,0.0,0.0,0.0,0.0,0.0,-31.042988352658618,0.0,31.064852509032903,0.0,0.0,0.0,0.0,0.0,0.0,0.0,0.0,-29.040859587214918,29.06378812539412,0.0,0.0,0.0,-7.956326722791118,0.0,0.0,0.0,0.0,0.0,-19.04226190696523,0.0,0.0,0.0,0.0,0.0,-1.2995419097668048,0.0,0.0,0.0,0.0,-9.914690738908536,0.0,0.0,0.0,0.0,0.0,0.0,0.0,0.0,13.721578951159108,0.0,-7.163005339066997
4.0310077519379846,-3.0283243432904783,-1.7775481411241856,-1.7775481411241856,0.0,0.0,0.0,0.0,0.0,0.0,0.0,0.0,-4.7446126290040525,-3.8611674266775253,-3.861167425789347,0.0,0.0,0.0,0.0,0.0,0.0,-3.612059635393905,0.0,-2.4118855570520736,-3.6120596345057265,0.0,0.0,0.0,0.0,0.0,0.0,-1.4102171428387322,-1.4102171439489553,0.0,-0.45915085467029826,0.0,0.0,0.0,0.0,0.0,0.0,0.0,0.0,0.0,0.0,-27.11203529504047,0.0,0.0,27.152013328812785,0.0,0.0,0.0,0.0,0.0,0.0,0.0,-31.121141649936845,0.0,31.15656650853893,0.0,0.0,0.0,0.0,0.0,0.0,0.0,0.0,-29.116850990718035,29.154421177679524,0.0,0.0,0.0,-7.410350509884367,0.0,0.0,0.0,0.0,0.0,-19.129416383600883,0.0,0.0,0.0,0.0,0.0,-1.397494156035739,0.0,0.0,0.0,0.0,-9.918989633914133,0.0,0.0,0.0,0.0,0.0,0.0,0.0,0.0,13.929564600889677,0.0,-7.0993893919180096
4.131782945736434,-2.657392452087848,-1.5796203611806447,-1.5796203611806447,0.0,0.0,0.0,0.0,0.0,0.0,0.0,0.0,-4.577578926578951,-3.495316123203196,-3.4953161223150175,0.0,0.0,0.0,0.0,0.0,0.0,-4.002834606886552,0.0,-3.169401649127934,-4.002834605998373,0.0,0.0,0.0,0.0,0.0,0.0,-1.5841110738712416,-1.5841110738712416,0.0,-0.24315962976473315,0.0,0.0,0.0,0.0,0.0,0.0,0.0,0.0,0.0,0.0,-27.226331666296844,0.0,0.0,27.27358423082471,0.0,0.0,0.0,0.0,0.0,0.0,0.0,-31.23798172910419,0.0,31.27940926450634,0.0,0.0,0.0,0.0,0.0,0.0,0.0,0.0,-29.232530901479592,29.276683849666085,0.0,0.0,0.0,-6.753244575774531,0.0,0.0,0.0,0.0,0.0,-19.252538294489696,0.0,0.0,0.0,0.0,0.0,-1.5675052546515467,0.0,0.0,0.0,0.0,-9.91581055700963,0.0,0.0,0.0,0.0,0.0,0.0,0.0,0.0,14.3220098030028,0.0,-7.160716218423957
4.232558139534883,-2.251104213923938,-1.4347530736813496,-1.4347530736813496,0.0,0.0,0.0,0.0,0.0,0.0,0.0,0.0,-4.332794214079172,-3.110632472935748,-3.110632472491659,0.0,0.0,0.0,0.0,0.0,0.0,-4.270964593766635,0.0,-3.8172469367658834,-4.270964593766635,0.0,0.0,0.0,0.0,0.0,0.0,-1.8405636748042298,-1.8405636748042298,0.0,-0.22651389341987738,0.0,0.0,0.0,0.0,0.0,0.0,0.0,0.0,0.0,0.0,-27.35786577501287,0.0,0.0,27.404800608588076,0.0,0.0,0.0,0.0,0.0,0.0,0.0,-31.36996818908777,0.0,31.410851817570418,0.0,0.0,0.0,0.0,0.0,0.0,0.0,0.0,-29.36432843814174,29.408031940958423,0.0,0.0,0.0,-6.0507212420457535,0.0,0.0,0.0,0.0,0.0,-19.387275566717932,0.0,0.0,0.0,0.0,0.0,-1.8161130152516414,0.0,0.0,0.0,0.0,-9.903692839652312,0.0,0.0,0.0,0.0,0.0,0.0,0.0,0.0,14.828445902725917,0.0,-7.327896260900246
4.333333333333333,-1.8129220126228418,-1.3438637725959879,-1.3438637725959879,0.0,0.0,0.0,0.0,0.0,0.0,0.0,0.0,-4.044445691242515,-2.7372086535137896,-2.7372086535137896,0.0,0.0,0.0,0.0,0.0,0.0,-4.387984814335777,0.0,-4.301876972256924,-4.387984815334978,0.0,0.0,0.0,0.0,0.0,0.0,-2.1820425684104805,-2.1820425701868373,0.0,-0.44515856334470527,0.0,0.0,0.0,0.0,0.0,0.0,0.0,0.0,0.0,0.0,-27.486565292278442,0.0,0.0,27.528304011648075,0.0,0.0,0.0,0.0,0.0,0.0,0.0,-31.49764314236414,0.0,31.53384293885786,0.0,0.0,0.0,0.0,0.0,0.0,0.0,0.0,-29.492494505456435,29.53126861937605,0.0,0.0,0.0,-5.356730256700359,0.0,0.0,0.0,0.0,0.0,-19.514703985867854,0.0,0.0,0.0,0.0,0.0,-2.1428798701039753,0.0,0.0,0.0,0.0,-9.87910739547182,0.0,0.0,0.0,0.0,0.0,0.0,0.0,0.0,15.37310541843695,0.0,-7.5615245287430355
4.434108527131783,-1.3605039219377613,-1.3084078813313527,-1.3084078813313527,0.0,0.0,0.0,0.0,0.0,0.0,0.0,0.0,-3.735844150476453,-2.39419263659002,-2.39419263659002,0.0,0.0,0.0,0.0,0.0,0.0,-4.349494524102937,0.0,-4.605361284104603,-4.349494524991115,0.0,0.0,0.0,0.0,0.0,0.0,-2.5979633520023526,-2.5979633537787095,0.0,-0.8985282242690573,0.0,0.0,0.0,0.0,0.0,0.0,0.0,0.0,0.0,0.0,-27.59995870915688,0.0,0.0,27.634401320919544,0.0,0.0,0.0,0.0,0.0,0.0,0.0,-31.609278180244615,0.0,31.639061058630347,0.0,0.0,0.0,0.0,0.0,0.0,0.0,0.0,-29.6049546306687,29.63689928270341,0.0,0.0,0.0,-4.709101365851787,0.0,0.0,0.0,0.0,0.0,-19.62429874780014,0.0,0.0,0.0,0.0,0.0,-2.5328280338632325,0.0,0.0,0.0,0.0,-9.836034217336476,0.0,0.0,0.0,0.0,0.0,0.0,0.0,0.0,15.893112347065141,0.0,-7.817524774633711
4.534883720930233,-0.9279167513254194,-1.3315824085591288,-1.3315824085591288,0.0,0.0,0.0,0.0,0.0,0.0,0.0,0.0,-3.4155670771696123,-2.092363684536025,-2.092363684536025,0.0,0.0,0.0,0.0,0.0,0.0,-4.172387249923304,0.0,-4.73480936680204,-4.172387250811482,0.0,0.0,0.0,0.0,0.0,0.0,-3.058451457427225,-3.058451457427225,0.0,-1.5408500049218787,0.0,0.0,0.0,0.0,0.0,0.0,0.0,0.0,0.0,0.0,-27.692972111692526,0.0,0.0,27.71992622163655,0.0,0.0,0.0,0.0,0.0,0.0,0.0,-31.70036484645422,0.0,31.72362259118433,0.0,0.0,0.0,0.0,0.0,0.0,0.0,0.0,-29.696939943923972,29.72191013883574,0.0,0.0,0.0,-4.131766718651342,0.0,0.0,0.0,0.0,0.0,-19.712662915893908,0.0,0.0,0.0,0.0,0.0,-2.951254067573572,0.0,0.0,0.0,0.0,-9.76671279095953,0.0,0.0,0.0,0.0,0.0,0.0,0.0,0.0,16.348410220246024,0.0,-8.061001241177479
4.635658914728682,-0.565082567405284,-1.4190621855370011,-1.4190621855370011,0.0,0.0,0.0,0.0,0.0,0.0,0.0,0.0,-3.0793858898370274,-1.8376096102556971,-1.8376096102556971,0.0,0.0,0.0,0.0,0.0,0.0,-3.889347587548997,0.0,-4.7125764472966125,-3.8893475884371753,0.0,0.0,0.0,0.0,0.0,0.0,-3.5148180810296026,-3.514818081917781,0.0,-2.2863089599312048,0.0,0.0,0.0,0.0,0.0,0.0,0.0,0.0,0.0,0.0,-27.765445970051594,0.0,0.0,27.785670564717257,0.0,0.0,0.0,0.0,0.0,0.0,0.0,-31.77105656038126,0.0,31.788475862049026,0.0,0.0,0.0,0.0,0.0,0.0,0.0,0.0,-29.76846002300526,29.78717759227756,0.0,0.0,0.0,-3.6395515465859063,0.0,0.0,0.0,0.0,0.0,-19.780633736088404,0.0,0.0,0.0,0.0,0.0,-3.347392645736136,0.0,0.0,0.0,0.0,-9.66501219501481,0.0,0.0,0.0,0.0,0.0,0.0,0.0,0.0,16.721534793040504,0.0,-8.27173547213178
4.736434108527131,-0.3315499179645798,-1.5786397991046641,-1.5786398004369318,0.0,0.0,0.0,0.0,0.0,0.0,0.0,0.0,-2.717279761865754,-1.6332688728137867,-1.6332688728137867,0.0,0.0,0.0,0.0,0.0,0.0,-3.541000445750342,0.0,-4.5703822650899895,-3.5410004466385203,0.0,0.0,0.0,0.0,0.0,0.0,-3.909740572627385,-3.9097405717392064,0.0,-3.031390817476165,0.0,0.0,0.0,0.0,0.0,0.0,0.0,0.0,0.0,0.0,-27.819601192191623,0.0,0.0,27.834170806373404,0.0,0.0,0.0,0.0,0.0,0.0,0.0,-31.82369623044856,0.0,31.83621832753003,0.0,0.0,0.0,0.0,0.0,0.0,0.0,0.0,-29.8218014913032,29.83527095690164,0.0,0.0,0.0,-3.2418341497364445,0.0,0.0,0.0,0.0,0.0,-19.830862164504914,0.0,0.0,0.0,0.0,0.0,-3.6688775713056287,0.0,0.0,0.0,0.0,-9.532184636729113,0.0,0.0,0.0,0.0,0.0,0.0,0.0,0.0,17.011334245697896,0.0,-8.442344035852756
4.837209302325581,-0.2841167501266284,-1.8180460110706065,-1.8180460110706065,0.0,0.0,0.0,0.0,0.0,0.0,0.0,0.0,-2.321996790399794,-1.4812194835123194,-1.4812194835123194,0.0,0.0,0.0,0.0,0.0,0.0,-3.166804244614241,0.0,-4.344408079948181,-3.16680424505833,0.0,0.0,0.0,0.0,0.0,0.0,-4.19275257845797,-4.19275257845797,0.0,-3.6847716522458995,0.0,0.0,0.0,0.0,0.0,0.0,0.0,0.0,0.0,0.0,-27.858411170700315,0.0,0.0,27.86838736779096,0.0,0.0,0.0,0.0,0.0,0.0,0.0,-31.86126262832989,0.0,31.86981309866166,0.0,0.0,0.0,0.0,0.0,0.0,0.0,0.0,-29.85994579324247,29.86915468011775,0.0,0.0,0.0,-2.944423076467473,0.0,0.0,0.0,0.0,0.0,-19.86643065063354,0.0,0.0,0.0,0.0,0.0,-3.878786551059221,0.0,0.0,0.0,0.0,-9.381296848465226,0.0,0.0,0.0,0.0,0.0,0.0,0.0,0.0,17.225681845811636,0.0,-8.573617289897584
4.937984496124031,-0.4612390149816292,-2.140292256314069,-2.140292256314069,0.0,0.0,0.0,0.0,0.0,0.0,0.0,0.0,-1.895617107616765,-1.3826188748344848,-1.3826188748344848,0.0,0.0,0.0,0.0,0.0,0.0,-2.798034630213664,0.0,-4.068706244808595,-2.798034630213664,0.0,0.0,0.0,0.0,0.0,0.0,-4.332343729096522,-4.332343728208343,0.0,-4.187599588534319,0.0,0.0,0.0,0.0,0.0,0.0,0.0,0.0,0.0,0.0,-27.884763376700985,0.0,0.0,27.891031711108074,0.0,0.0,0.0,0.0,0.0,0.0,0.0,-31.886615938309106,0.0,31.891957993912534,0.0,0.0,0.0,0.0,0.0,0.0,0.0,0.0,-29.885762292791718,29.891531170167518,0.0,0.0,0.0,-2.751039344522921,0.0,0.0,0.0,0.0,0.0,-19.8901848016686,0.0,0.0,0.0,0.0,0.0,-3.9635488152667264,0.0,0.0,0.0,0.0,-9.235939754437261,0.0,0.0,0.0,0.0,0.0,0.0,0.0,0.0,17.375777787043134,0.0,-8.670333216831416
5.038759689922481,-0.8681343635075223,-2.536856188228853,-2.53685619000521,0.0,0.0,0.0,0.0,0.0,0.0,0.0,0.0,-1.4535027056672423,-1.3389150774478775,-1.3389150786413673,0.0,0.0,0.0,0.0,0.0,0.0,-2.4555059074948815,0.0,-3.76803464519071,-2.4555059074948815,0.0,0.0,0.0,0.0,0.0,0.0,-4.320165643223461,-4.320165642224261,0.0,-4.516103554119688,0.0,0.0,0.0,0.0,0.0,0.0,0.0,0.0,0.0,0.0,-27.901027443877346,0.0,0.0,27.90419754830631,0.0,0.0,0.0,0.0,0.0,0.0,0.0,-31.902058824334613,0.0,31.904713240590855,0.0,0.0,0.0,0.0,0.0,0.0,0.0,0.0,-29.901586433650486,29.904477044220837,0.0,0.0,0.0,-2.6654285887467433,0.0,0.0,0.0,0.0,0.0,-19.904372947944506,0.0,0.0,0.0,0.0,0.0,-3.9291792787721214,0.0,0.0,0.0,0.0,-9.12313778606011,0.0,0.0,0.0,0.0,0.0,0.0,0.0,0.0,17.472360611836546,0.0,-8.738495849536232
5.1395348837209305,-1.4672859638409363,-2.9814318178722488,-2.9814318178722488,0.0,0.0,0.0,0.0,0.0,0.0,0.0,0.0,-1.026630627787295,-1.3530066601541435,-1.3530066613198777,0.0,0.0,0.0,0.0,0.0,0.0,-2.151414669970819,0.0,-3.4534637962657655,-2.151414669970819,0.0,0.0,0.0,0.0,0.0,0.0,-4.169201637260755,-4.169201636372577,0.0,-4.672842752739825,0.0,0.0,0.0,0.0,0.0,0.0,0.0,0.0,0.0,0.0,-27.908778221270513,0.0,0.0,27.909104724452643,0.0,0.0,0.0,0.0,0.0,0.0,0.0,-31.909082475713863,0.0,31.909256853731097,0.0,0.0,0.0,0.0,0.0,0.0,0.0,0.0,-29.908948344139695,29.909189786916055,0.0,0.0,0.0,-2.693760439802934,0.0,0.0,0.0,0.0,0.0,-19.910396769618618,0.0,0.0,0.0,0.0,0.0,-3.7930017664500326,0.0,0.0,0.0,0.0,-9.064449481011039,0.0,0.0,0.0,0.0,0.0,0.0,0.0,0.0,17.523297246885285,0.0,-8.783736525547203
5.240310077519379,-2.1811440333863175,-3.4292652966172454,-3.429265297505424,0.0,0.0,0.0,0.0,0.0,0.0,0.0,0.0,-0.6614663730086789,-1.4300248849519193,-1.4300248849519193,0.0,0.0,0.0,0.0,0.0,0.0,-1.8925875511222046,0.0,-3.123269450622246,-1.8925875511222046,0.0,0.0,0.0,0.0,0.0,0.0,-3.908828051457647,-3.9088280505694684,0.0,-4.676947284565358,0.0,0.0,0.0,0.0,0.0,0.0,0.0,0.0,0.0,0.0,-27.908570817566925,0.0,0.0,27.905871614317125,0.0,0.0,0.0,0.0,0.0,0.0,0.0,-31.908136447988955,0.0,31.905654431590992,0.0,0.0,0.0,0.0,0.0,0.0,0.0,0.0,-29.9083481442447,29.90576027868397,0.0,0.0,0.0,-2.8462043041854734,0.0,0.0,0.0,0.0,0.0,-19.908596343778953,0.0,0.0,0.0,0.0,0.0,-3.5775904980717144,0.0,0.0,0.0,0.0,-9.069127770766627,0.0,0.0,0.0,0.0,0.0,0.0,0.0,0.0,17.531948762732757,0.0,-8.810424649754317
5.341085271317829,-2.911110172032494,-3.8255149528154675,-3.825514951927289,0.0,0.0,0.0,0.0,0.0,0.0,0.0,0.0,-0.41475424827908114,-1.5771304655576301,-1.5771304655576301,0.0,0.0,0.0,0.0,0.0,0.0,-1.6829488025393857,0.0,-2.7689570716304956,-1.6829488025393857,0.0,0.0,0.0,0.0,0.0,0.0,-3.577543515209669,-3.5775435143214906,0.0,-4.557733447541068,0.0,0.0,0.0,0.0,0.0,0.0,0.0,0.0,0.0,0.0,-27.899703663208932,0.0,0.0,27.893260534400667,0.0,0.0,0.0,0.0,0.0,0.0,0.0,-31.898400492863523,0.0,31.89260895125612,0.0,0.0,0.0,0.0,0.0,0.0,0.0,0.0,-29.899016391277122,29.892916899448842,0.0,0.0,0.0,-3.136411764803615,0.0,0.0,0.0,0.0,0.0,-19.898004799456803,0.0,0.0,0.0,0.0,0.0,-3.3077479320020586,0.0,0.0,0.0,0.0,-9.13166652560804,0.0,0.0,0.0,0.0,0.0,0.0,0.0,0.0,17.495836971831437,0.0,-8.821134092201754
5.441860465116279,-3.5656700729802537,-4.119622056375505,-4.119622057263683,0.0,0.0,0.0,0.0,0.0,0.0,0.0,0.0,-0.34232284829016635,-1.8016483211980017,-1.8016483225302693,0.0,0.0,0.0,0.0,0.0,0.0,-1.5247766351755843,0.0,-2.383424897445252,-1.5247766351755843,0.0,0.0,0.0,0.0,0.0,0.0,-3.2142485704156343,-3.214248569971545,0.0,-4.349768523592701,0.0,0.0,0.0,0.0,0.0,0.0,0.0,0.0,0.0,0.0,-27.879933841901128,0.0,0.0,27.868401905217777,0.0,0.0,0.0,0.0,0.0,0.0,0.0,-31.87746317445672,0.0,31.867166573606998,0.0,0.0,0.0,0.0,0.0,0.0,0.0,0.0,-29.8786299073317,29.86774993901653,0.0,0.0,0.0,-3.577510812258211,0.0,0.0,0.0,0.0,0.0,-19.876039734245676,0.0,0.0,0.0,0.0,0.0,-3.0082604280945446,0.0,0.0,0.0,0.0,-9.234848910022464,0.0,0.0,0.0,0.0,0.0,0.0,0.0,0.0,17.40546974554613,0.0,-8.81616337861102
5.542635658914729,-4.081955794710268,-4.2777832806040195,-4.277783279715841,0.0,0.0,0.0,0.0,0.0,0.0,0.0,0.0,-0.4842921463854566,-2.1069091000747164,-2.1069091000747164,0.0,0.0,0.0,0.0,0.0,0.0,-1.4194791346788804,0.0,-1.9677363614079013,-1.4194791346788804,0.0,0.0,0.0,0.0,0.0,0.0,-2.8509938125864664,-2.8509938125864664,0.0,-4.086681007375859,0.0,0.0,0.0,0.0,0.0,0.0,0.0,0.0,0.0,0.0,-27.845244508273304,0.0,0.0,27.82669818979233,0.0,0.0,0.0,0.0,0.0,0.0,0.0,-31.8411677520114,0.0,31.824659813772804,0.0,0.0,0.0,0.0,0.0,0.0,0.0,0.0,-29.843088491077197,29.825620182277746,0.0,0.0,0.0,-4.173398734153011,0.0,0.0,0.0,0.0,0.0,-19.83826000384603,0.0,0.0,0.0,0.0,0.0,-2.7013939871700643,0.0,0.0,0.0,0.0,-9.35694851733615,0.0,0.0,0.0,0.0,0.0,0.0,0.0,0.0,17.244002745830933,0.0,-8.792870040963408
5.6434108527131785,-4.431123827530747,-4.288304868094173,-4.288304867094972,0.0,0.0,0.0,0.0,0.0,0.0,0.0,0.0,-0.8504480852877805,-2.485967152132673,-2.485967152132673,0.0,0.0,0.0,0.0,0.0,0.0,-1.368545940433341,0.0,-1.5353645914650826,-1.368545940433341,0.0,0.0,0.0,0.0,0.0,0.0,-2.5099668437000844,-2.5099668437000844,0.0,-3.7942067061536022,0.0,0.0,0.0,0.0,0.0,0.0,0.0,0.0,0.0,0.0,-27.790094536572774,0.0,0.0,27.762469301029213,0.0,0.0,0.0,0.0,0.0,0.0,0.0,-31.783884442915245,0.0,31.75936425625636,0.0,0.0,0.0,0.0,0.0,0.0,0.0,0.0,-29.78680602538919,29.760825046465378,0.0,0.0,0.0,-4.906018659323053,0.0,0.0,0.0,0.0,0.0,-19.778692728511515,0.0,0.0,0.0,0.0,0.0,-2.4050544250586725,0.0,0.0,0.0,0.0,-9.479027272329965,0.0,0.0,0.0,0.0,0.0,0.0,0.0,0.0,16.989774417108805,0.0,-8.744842066032987
5.7441860465116275,-4.611491326134143,-4.160685728615832,-4.160685727505609,0.0,0.0,0.0,0.0,0.0,0.0,0.0,0.0,-1.4102238479196672,-2.9154572969147807,-2.9154572986911376,0.0,0.0,0.0,0.0,0.0,0.0,-1.3746615717957766,0.0,-1.1146565522257568,-1.3746615717957766,0.0,0.0,0.0,0.0,0.0,0.0,-2.2046466807701393,-2.2046466807701393,0.0,-3.48543738759588,0.0,0.0,0.0,0.0,0.0,0.0,0.0,0.0,0.0,0.0,-27.708928412195633,0.0,0.0,27.671128495665442,0.0,0.0,0.0,0.0,0.0,0.0,0.0,-31.70019791198797,0.0,31.666763247617524,0.0,0.0,0.0,0.0,0.0,0.0,0.0,0.0,-29.7042983175011,29.668813449346132,0.0,0.0,0.0,-5.724014403352129,0.0,0.0,0.0,0.0,0.0,-19.69165468462819,0.0,0.0,0.0,0.0,0.0,-2.132527905707171,0.0,0.0,0.0,0.0,-9.588776537228227,0.0,0.0,0.0,0.0,0.0,0.0,0.0,0.0,16.624614546545402,0.0,-8.661713577273744
5.844961240310077,-4.639099171921401,-3.9212353688533597,-3.9212353679651812,0.0,0.0,0.0,0.0,0.0,0.0,0.0,0.0,-2.0935035331959284,-3.354113668585512,-3.354113668585512,0.0,0.0,0.0,0.0,0.0,0.0,-1.4425137619955564,0.0,-0.7490253226549726,-1.4425137619955564,0.0,0.0,0.0,0.0,0.0,0.0,-1.942761429951645,-1.942761429951645,0.0,-3.1608728967569277,0.0,0.0,0.0,0.0,0.0,0.0,0.0,0.0,0.0,0.0,-27.599596737148957,0.0,0.0,27.55310054936011,0.0,0.0,0.0,0.0,0.0,0.0,0.0,-31.588471252730344,0.0,31.54753780942876,0.0,0.0,0.0,0.0,0.0,0.0,0.0,0.0,-29.593684819140265,29.550144591716787,0.0,0.0,0.0,-6.542738150372429,0.0,0.0,0.0,0.0,0.0,-19.57571561272964,0.0,0.0,0.0,0.0,0.0,-1.893395751739746,0.0,0.0,0.0,0.0,-9.68051108163337,0.0,0.0,0.0,0.0,0.0,0.0,0.0,0.0,16.148362012025075,0.0,-8.53143216872354
5.945736434108527,-4.540957384779887,-3.606322321658695,-3.6063223212146056,0.0,0.0,0.0,0.0,0.0,0.0,0.0,0.0,-2.8067227320072163,-3.7495988993718754,-3.749598898483697,0.0,0.0,0.0,0.0,0.0,0.0,-1.5787128400113204,0.0,-0.49256009582165916,-1.5787128400113204,0.0,0.0,0.0,0.0,0.0,0.0,-1.7288110947255575,-1.7288110947255575,0.0,-2.8135444092303175,0.0,0.0,0.0,0.0,0.0,0.0,0.0,0.0,0.0,0.0,-27.467834198491303,0.0,0.0,27.41779476123085,0.0,0.0,0.0,0.0,0.0,0.0,0.0,-31.455300056215663,0.0,31.411527692259966,0.0,0.0,0.0,0.0,0.0,0.0,0.0,0.0,-29.461155958809826,29.41445564252909,0.0,0.0,0.0,-7.262132712515523,0.0,0.0,0.0,0.0,0.0,-19.438488206624527,0.0,0.0,0.0,0.0,0.0,-1.694559145060115,0.0,0.0,0.0,0.0,-9.753186238525835,0.0,0.0,0.0,0.0,0.0,0.0,0.0,0.0,15.59291862340828,0.0,-8.346437367023896
6.046511627906977,-4.350016616694319,-3.2540499628197495,-3.2540499623756602,0.0,0.0,0.0,0.0,0.0,0.0,0.0,0.0,-3.459115230697307,-4.0517341615142755,-4.051734160626097,0.0,0.0,0.0,0.0,0.0,0.0,-1.7901815305698676,0.0,-0.39987840105837336,-1.7901815305698676,0.0,0.0,0.0,0.0,0.0,0.0,-1.5654643781282118,-1.5654643781282118,0.0,-2.436713879339081,0.0,0.0,0.0,0.0,0.0,0.0,0.0,0.0,0.0,0.0,-27.329595683189822,0.0,0.0,27.28420322428704,0.0,0.0,0.0,0.0,0.0,0.0,0.0,-31.31750773821551,0.0,31.27815925396682,0.0,0.0,0.0,0.0,0.0,0.0,0.0,0.0,-29.323131373937272,29.28097107068872,0.0,0.0,0.0,-7.7950559715933565,0.0,0.0,0.0,0.0,0.0,-19.29845198045399,0.0,0.0,0.0,0.0,0.0,-1.5408672388583788,0.0,0.0,0.0,0.0,-9.808281453693724,0.0,0.0,0.0,0.0,0.0,0.0,0.0,0.0,15.023854737616915,0.0,-8.111683940992265
6.147286821705427,-4.099284697911543,-2.8969095309250292,-2.8969095309250292,0.0,0.0,0.0,0.0,0.0,0.0,0.0,0.0,-3.9848996074010046,-4.225050735273683,-4.225050734385505,0.0,0.0,0.0,0.0,0.0,0.0,-2.0804139020391688,0.0,-0.5121215695957915,-2.0804139020391688,0.0,0.0,0.0,0.0,0.0,0.0,-1.4543832357327702,-1.4543832357327702,0.0,-2.030727736079818,0.0,0.0,0.0,0.0,0.0,0.0,0.0,0.0,0.0,0.0,-27.208186279770175,0.0,0.0,27.1761399636139,0.0,0.0,0.0,0.0,0.0,0.0,0.0,-31.19878114588026,0.0,31.171437398724855,0.0,0.0,0.0,0.0,0.0,0.0,0.0,0.0,-29.203127390187156,29.173610519905857,0.0,0.0,0.0,-8.088478075318761,0.0,0.0,0.0,0.0,0.0,-19.180742944380214,0.0,0.0,0.0,0.0,0.0,-1.435662117937886,0.0,0.0,0.0,0.0,-9.848311564586432,0.0,0.0,0.0,0.0,0.0,0.0,0.0,0.0,14.524478586075418,0.0,-7.849030136286572
6.2480620155038755,-3.81510698099774,-2.558190300927521,-2.558190300927521,0.0,0.0,0.0,0.0,0.0,0.0,0.0,0.0,-4.350915441042602,-4.255056087199005,-4.2550560862553155,0.0,0.0,0.0,0.0,0.0,0.0,-2.4436692949159067,0.0,-0.8426628625990418,-2.4436692949159067,0.0,0.0,0.0,0.0,0.0,0.0,-1.3971329717032965,-1.3971329729245419,0.0,-1.6075133317805523,0.0,0.0,0.0,0.0,0.0,0.0,0.0,0.0,0.0,0.0,-27.126764302498607,0.0,0.0,27.114190236654512,0.0,0.0,0.0,0.0,0.0,0.0,0.0,-31.12189261528231,0.0,31.11175439513003,0.0,0.0,0.0,0.0,0.0,0.0,0.0,0.0,-29.12410620753425,29.112861190228045,0.0,0.0,0.0,-8.127846159333707,0.0,0.0,0.0,0.0,0.0,-19.108510420612348,0.0,0.0,0.0,0.0,0.0,-1.3816488853568565,0.0,0.0,0.0,0.0,-9.875937604902907,0.0,0.0,0.0,0.0,0.0,0.0,0.0,0.0,14.171414404406946,0.0,-7.594332837701501
6.348837209302325,-3.512190561938411,-2.252507778077728,-2.252507778077728,0.0,0.0,0.0,0.0,0.0,0.0,0.0,0.0,-4.551595875090797,-4.148171161233449,-4.148171160345271,0.0,0.0,0.0,0.0,0.0,0.0,-2.859002846911096,0.0,-1.3667641800552133,-2.8590028460229178,0.0,0.0,0.0,0.0,0.0,0.0,-1.3962497049102573,-1.3962497061315027,0.0,-1.193179349212592,0.0,0.0,0.0,0.0,0.0,0.0,0.0,0.0,0.0,0.0,-27.100328800405695,0.0,0.0,27.108771204403805,0.0,0.0,0.0,0.0,0.0,0.0,0.0,-31.100801488437302,0.0,31.109007550489398,0.0,0.0,0.0,0.0,0.0,0.0,0.0,0.0,-29.10051891580334,29.108866263116706,0.0,0.0,0.0,-7.930148764656586,0.0,0.0,0.0,0.0,0.0,-19.094796379459655,0.0,0.0,0.0,0.0,0.0,-1.3820062277417056,0.0,0.0,0.0,0.0,-9.893444979418298,0.0,0.0,0.0,0.0,0.0,0.0,0.0,0.0,14.015072907436199,0.0,-7.388860058965552
6.449612403100775,-3.192982445998638,-1.9884399451441936,-1.9884399451441936,0.0,0.0,0.0,0.0,0.0,0.0,0.0,0.0,-4.60005336710978,-3.9278901970973834,-3.927890196209205,0.0,0.0,0.0,0.0,0.0,0.0,-3.2882113600862795,0.0,-2.0209242785895754,-3.288211360974458,0.0,0.0,0.0,0.0,0.0,0.0,-1.4560606123037445,-1.4560606136360121,0.0,-0.8284523667079213,0.0,0.0,0.0,0.0,0.0,0.0,0.0,0.0,0.0,0.0,-27.131142634195804,0.0,0.0,27.157403428623716,0.0,0.0,0.0,0.0,0.0,0.0,0.0,-31.13651754094171,0.0,31.160090884108094,0.0,0.0,0.0,0.0,0.0,0.0,0.0,0.0,-29.133959649207952,29.158811937213258,0.0,0.0,0.0,-7.535134056824155,0.0,0.0,0.0,0.0,0.0,-19.13874747982991,0.0,0.0,0.0,0.0,0.0,-1.4412391824702997,0.0,0.0,0.0,0.0,-9.902417355281413,0.0,0.0,0.0,0.0,0.0,0.0,0.0,0.0,14.070537808552608,0.0,-7.268640507207547
6.550387596899225,-2.8519873886967417,-1.771044389142773,-1.771044389142773,0.0,0.0,0.0,0.0,0.0,0.0,0.0,0.0,-4.521099106646886,-3.6285023599091915,-3.628502359021013,0.0,0.0,0.0,0.0,0.0,0.0,-3.6813952508651937,0.0,-2.716534027502604,-3.681395251753372,0.0,0.0,0.0,0.0,0.0,0.0,-1.58269813588241,-1.58269813588241,0.0,-0.5649440202315503,0.0,0.0,0.0,0.0,0.0,0.0,0.0,0.0,0.0,0.0,-27.20902178210416,0.0,0.0,27.246721280071995,0.0,0.0,0.0,0.0,0.0,0.0,0.0,-31.21786743576216,0.0,31.251144108734863,0.0,0.0,0.0,0.0,0.0,0.0,0.0,0.0,-29.213711105313678,29.24906594259369,0.0,0.0,0.0,-6.997357960836226,0.0,0.0,0.0,0.0,0.0,-19.227145988010008,0.0,0.0,0.0,0.0,0.0,-1.5651500434588073,0.0,0.0,0.0,0.0,-9.903492412866033,0.0,0.0,0.0,0.0,0.0,0.0,0.0,0.0,14.317405861552501,0.0,-7.254229770214948
6.651162790697675,-2.482972704775932,-1.6033672427528955,-1.6033672427528955,0.0,0.0,0.0,0.0,0.0,0.0,0.0,0.0,-4.3460948977447345,-3.2871579183080257,-3.2871579174198473,0.0,0.0,0.0,0.0,0.0,0.0,-3.9890793019914383,0.0,-3.364225609647775,-3.98907930110326,0.0,0.0,0.0,0.0,0.0,0.0,-1.782698762831103,-1.782698762831103,0.0,-0.45592368547175965,0.0,0.0,0.0,0.0,0.0,0.0,0.0,0.0,0.0,0.0,-27.315915041237204,0.0,0.0,27.357925448612264,0.0,0.0,0.0,0.0,0.0,0.0,0.0,-31.326402962106314,0.0,31.36316941110273,0.0,0.0,0.0,0.0,0.0,0.0,0.0,0.0,-29.32150224865815,29.360719053572737,0.0,0.0,0.0,-6.3770665710283225,0.0,0.0,0.0,0.0,0.0,-19.340145034574263,0.0,0.0,0.0,0.0,0.0,-1.7592739267047186,0.0,0.0,0.0,0.0,-9.896094185224413,0.0,0.0,0.0,0.0,0.0,0.0,0.0,0.0,14.706850183010545,0.0,-7.343873754228625
6.751937984496124,-2.085810766438989,-1.4873224056799472,-1.4873224056799472,0.0,0.0,0.0,0.0,0.0,0.0,0.0,0.0,-4.107299302891221,-2.936521423357874,-2.936521423357874,0.0,0.0,0.0,0.0,0.0,0.0,-4.174643531973388,0.0,-3.8962223944949415,-4.174643532861566,0.0,0.0,0.0,0.0,0.0,0.0,-2.0596119245652744,-2.0596119245652744,0.0,-0.5430686766949577,0.0,0.0,0.0,0.0,0.0,0.0,0.0,0.0,0.0,0.0,-27.432499060786597,0.0,0.0,27.47304481998114,0.0,0.0,0.0,0.0,0.0,0.0,0.0,-31.443005680475977,0.0,31.478298132103788,0.0,0.0,0.0,0.0,0.0,0.0,0.0,0.0,-29.43811309474853,29.475851838212108,0.0,0.0,0.0,-5.730208939569437,0.0,0.0,0.0,0.0,0.0,-19.458342025879816,0.0,0.0,0.0,0.0,0.0,-2.0252139523169177,0.0,0.0,0.0,0.0,-9.878072435465235,0.0,0.0,0.0,0.0,0.0,0.0,0.0,0.0,15.174996834677046,0.0,-7.514246498363519
6.852713178294573,-1.6711725390750054,-1.4245735203699539,-1.4245735203699539,0.0,0.0,0.0,0.0,0.0,0.0,0.0,0.0,-3.8313821066893183,-2.600740808933466,-2.600740808933466,0.0,0.0,0.0,0.0,0.0,0.0,-4.221283690847288,0.0,-4.2757576987351165,-4.221283691790978,0.0,0.0,0.0,0.0,0.0,0.0,-2.4086157939251507,-2.4086157961455967,0.0,-0.8425469224526694,0.0,0.0,0.0,0.0,0.0,0.0,0.0,0.0,0.0,0.0,-27.54359490375613,0.0,0.0,27.57918449736163,0.0,0.0,0.0,0.0,0.0,0.0,0.0,-31.55305494528804,0.0,31.583914520072476,0.0,0.0,0.0,0.0,0.0,0.0,0.0,0.0,-29.548659424283308,29.581716758708687,0.0,0.0,0.0,-5.101295581511067,0.0,0.0,0.0,0.0,0.0,-19.567743782977765,0.0,0.0,0.0,0.0,0.0,-2.3550593440946344,0.0,0.0,0.0,0.0,-9.845361155336185,0.0,0.0,0.0,0.0,0.0,0.0,0.0,0.0,15.659172925897025,0.0,-7.729742236062265
6.953488372093023,-1.2632610390250765,-1.4175588580467302,-1.4175588580467302,0.0,0.0,0.0,0.0,0.0,0.0,0.0,0.0,-3.5343229112250185,-2.295420762798983,-2.295420762798983,0.0,0.0,0.0,0.0,0.0,0.0,-4.132721560301533,0.0,-4.493761805113294,-4.132721561189712,0.0,0.0,0.0,0.0,0.0,0.0,-2.8107588239123515,-2.8107588256887084,0.0,-1.3344982683349826,0.0,0.0,0.0,0.0,0.0,0.0,0.0,0.0,0.0,0.0,-27.640315864441156,0.0,0.0,27.66954881461281,0.0,0.0,0.0,0.0,0.0,0.0,0.0,-31.648224110170098,0.0,31.673502939644216,0.0,0.0,0.0,0.0,0.0,0.0,0.0,0.0,-29.64455527920684,29.671668523190142,0.0,0.0,0.0,-4.521700429083175,0.0,0.0,0.0,0.0,0.0,-19.66101431682965,0.0,0.0,0.0,0.0,0.0,-2.7260403583362347,0.0,0.0,0.0,0.0,-9.79220019103888,0.0,0.0,0.0,0.0,0.0,0.0,0.0,0.0,16.110876261077323,0.0,-7.955128760617214
7.054263565891473,-0.9004421177571942,-1.470313138907109,-1.4703131375748413,0.0,0.0,0.0,0.0,0.0,0.0,0.0,0.0,-3.22025169952056,-2.0299254446243253,-2.0299254446243253,0.0,0.0,0.0,0.0,0.0,0.0,-3.9298893996786433,0.0,-4.560603350078907,-3.9298894005668217,0.0,0.0,0.0,0.0,0.0,0.0,-3.2305104085139646,-3.230510409402143,0.0,-1.9612604029717318,0.0,0.0,0.0,0.0,0.0,0.0,0.0,0.0,0.0,0.0,-27.719311845308958,0.0,0.0,27.742151925136405,0.0,0.0,0.0,0.0,0.0,0.0,0.0,-31.72557428066103,0.0,31.74528314475733,0.0,0.0,0.0,0.0,0.0,0.0,0.0,0.0,-29.722672493015523,29.743832250073154,0.0,0.0,0.0,-4.01214721801324,0.0,0.0,0.0,0.0,0.0,-19.736016838578507,0.0,0.0,0.0,0.0,0.0,-3.099853833843369,0.0,0.0,0.0,0.0,-9.71291663298679,0.0,0.0,0.0,0.0,0.0,0.0,0.0,0.0,16.501053184958536,0.0,-8.164504925911586
7.155038759689923,-0.6320424046357687,-1.5885550199712384,-1.5885550215255506,0.0,0.0,0.0,0.0,0.0,0.0,0.0,0.0,-2.8850599644858477,-1.8098454162007727,-1.8098454162007727,0.0,0.0,0.0,0.0,0.0,0.0,-3.645085946857307,0.0,-4.499010102687606,-3.6450859477454856,0.0,0.0,0.0,0.0,0.0,0.0,-3.6202821855901846,-3.620282186478363,0.0,-2.638965808099414,0.0,0.0,0.0,0.0,0.0,0.0,0.0,0.0,0.0,0.0,-27.780746556460567,0.0,0.0,27.797833526632676,0.0,0.0,0.0,0.0,0.0,0.0,0.0,-31.78549059679181,0.0,31.800205548826455,0.0,0.0,0.0,0.0,0.0,0.0,0.0,0.0,-29.783294693608298,29.799107596206742,0.0,0.0,0.0,-3.586195419791327,0.0,0.0,0.0,0.0,0.0,-19.793620978147963,0.0,0.0,0.0,0.0,0.0,-3.430301345419551,0.0,0.0,0.0,0.0,-9.605784435651188,0.0,0.0,0.0,0.0,0.0,0.0,0.0,0.0,16.818164150445014,0.0,-8.343696779267162
7.255813953488372,-0.5099182205370312,-1.7784568888679075,-1.7784568888679075,0.0,0.0,0.0,0.0,0.0,0.0,0.0,0.0,-2.5231109366252724,-1.6385895771353631,-1.6385895771353631,0.0,0.0,0.0,0.0,0.0,0.0,-3.31441386736131,0.0,-4.338802539471942,-3.314413867805399,0.0,0.0,0.0,0.0,0.0,0.0,-3.9315169138021133,-3.9315169146902917,0.0,-3.2800812923561296,0.0,0.0,0.0,0.0,0.0,0.0,0.0,0.0,0.0,0.0,-27.826480484827165,0.0,0.0,27.83867653388672,0.0,0.0,0.0,0.0,0.0,0.0,0.0,-31.829918354597808,0.0,31.840395470827954,0.0,0.0,0.0,0.0,0.0,0.0,0.0,0.0,-29.828328911241098,29.839600748093886,0.0,0.0,0.0,-3.252744416037956,0.0,0.0,0.0,0.0,0.0,-19.835996919015386,0.0,0.0,0.0,0.0,0.0,-3.676859049450698,0.0,0.0,0.0,0.0,-9.477371088140174,0.0,0.0,0.0,0.0,0.0,0.0,0.0,0.0,17.062713903226445,0.0,-8.488036247755737
7.3565891472868215,-0.5759160108809169,-2.0435482204206323,-2.0435482204206323,0.0,0.0,0.0,0.0,0.0,0.0,0.0,0.0,-2.133996797826221,-1.518318094251292,-1.518318094251292,0.0,0.0,0.0,0.0,0.0,0.0,-2.9705004753743935,0.0,-4.111409305007641,-2.9705004753743935,0.0,0.0,0.0,0.0,0.0,0.0,-4.126859135089589,-4.1268591342014105,0.0,-3.8155855837107566,0.0,0.0,0.0,0.0,0.0,0.0,0.0,0.0,0.0,0.0,-27.858899137589432,0.0,0.0,27.86703510809785,0.0,0.0,0.0,0.0,0.0,0.0,0.0,-31.86125059925771,0.0,31.868210841001776,0.0,0.0,0.0,0.0,0.0,0.0,0.0,0.0,-29.86016498460198,29.8676680326182,0.0,0.0,0.0,-3.017684321982017,0.0,0.0,0.0,0.0,0.0,-19.865609612035318,0.0,0.0,0.0,0.0,0.0,-3.8157708490693665,0.0,0.0,0.0,0.0,-9.343919708526549,0.0,0.0,0.0,0.0,0.0,0.0,0.0,0.0,17.241585744121046,0.0,-8.598750557697876
7.457364341085271,-0.8483578342044495,-2.379704861166232,-2.379704861166232,0.0,0.0,0.0,0.0,0.0,0.0,0.0,0.0,-1.7273759860270133,-1.4508073111763053,-1.4508073111763053,0.0,0.0,0.0,0.0,0.0,0.0,-2.6381397995045575,0.0,-3.8436060267876826,-2.6381397995045575,0.0,0.0,0.0,0.0,0.0,0.0,-4.187620565088146,-4.187620564158334,0.0,-4.2057543013923615,0.0,0.0,0.0,0.0,0.0,0.0,0.0,0.0,0.0,0.0,-27.880254578671604,0.0,0.0,27.884981752462902,0.0,0.0,0.0,0.0,0.0,0.0,0.0,-31.881705469694044,0.0,31.88570720005779,0.0,0.0,0.0,0.0,0.0,0.0,0.0,0.0,-29.881036954115814,29.885372941212964,0.0,0.0,0.0,-2.885614684450255,0.0,0.0,0.0,0.0,0.0,-19.884662908337127,0.0,0.0,0.0,0.0,0.0,-3.8423424052469457,0.0,0.0,0.0,0.0,-9.227764811325923,0.0,0.0,0.0,0.0,0.0,0.0,0.0,0.0,17.363637916822938,0.0,-8.67989330610719
7.558139534883721,-1.311451899965732,-2.769615968567507,-2.769615968567507,0.0,0.0,0.0,0.0,0.0,0.0,0.0,0.0,-1.3258311031827397,-1.4384364304675934,-1.438436429190837,0.0,0.0,0.0,0.0,0.0,0.0,-2.3337825325597805,0.0,-3.552356742542173,-2.3337825325597805,0.0,0.0,0.0,0.0,0.0,0.0,-4.115174712104874,-4.115174711216696,0.0,-4.4384028206057025,0.0,0.0,0.0,0.0,0.0,0.0,0.0,0.0,0.0,0.0,-27.892264852363848,0.0,0.0,27.893956562059785,0.0,0.0,0.0,0.0,0.0,0.0,0.0,-31.892918429268782,0.0,31.894283352568166,0.0,0.0,0.0,0.0,0.0,0.0,0.0,0.0,-29.89262379800295,29.894136035907295,0.0,0.0,0.0,-2.861863652062896,0.0,0.0,0.0,0.0,0.0,-19.894754474607257,0.0,0.0,0.0,0.0,0.0,-3.7661365751753135,0.0,0.0,0.0,0.0,-9.150385319853585,0.0,0.0,0.0,0.0,0.0,0.0,0.0,0.0,17.43665921763449,0.0,-8.736270385056866
7.658914728682171,-1.912657608293955,-3.1800721611574545,-3.1800721629338113,0.0,0.0,0.0,0.0,0.0,0.0,0.0,0.0,-0.965657132145914,-1.4850035495728164,-1.4850035482405488,0.0,0.0,0.0,0.0,0.0,0.0,-2.0675087388788427,0.0,-3.2432309398089387,-2.0675087388788427,0.0,0.0,0.0,0.0,0.0,0.0,-3.9281402988144976,-3.928140297926319,0.0,-4.5213573112157235,0.0,0.0,0.0,0.0,0.0,0.0,0.0,0.0,0.0,0.0,-27.895842673257565,0.0,0.0,27.894510826118047,0.0,0.0,0.0,0.0,0.0,0.0,0.0,-31.895748307766983,0.0,31.894463645425198,0.0,0.0,0.0,0.0,0.0,0.0,0.0,0.0,-29.895800803265985,29.894489892143273,0.0,0.0,0.0,-2.9541452765957654,0.0,0.0,0.0,0.0,0.0,-19.896622697940238,0.0,0.0,0.0,0.0,0.0,-3.6048496299123656,0.0,0.0,0.0,0.0,-9.12548892134657,0.0,0.0,0.0,0.0,0.0,0.0,0.0,0.0,17.46531277954655,0.0,-8.772166092393952
7.75968992248062,-2.572569545389314,-3.5656436621067655,-3.565643662994944,0.0,0.0,0.0,0.0,0.0,0.0,0.0,0.0,-0.6940853733983232,-1.5958688492911932,-1.5958688492911932,0.0,0.0,0.0,0.0,0.0,0.0,-1.8454123729139127,0.0,-2.913403712723195,-1.8454123729139127,0.0,0.0,0.0,0.0,0.0,0.0,-3.656934304263615,-3.6569343033754365,0.0,-4.475382120450178,0.0,0.0,0.0,0.0,0.0,0.0,0.0,0.0,0.0,0.0,-27.89086057716772,0.0,0.0,27.886073886818075,0.0,0.0,0.0,0.0,0.0,0.0,0.0,-31.889940723922596,0.0,31.88561396222367,0.0,0.0,0.0,0.0,0.0,0.0,0.0,0.0,-29.890379320440807,29.885833259468697,0.0,0.0,0.0,-3.172793785172212,0.0,0.0,0.0,0.0,0.0,-19.889917225179854,0.0,0.0,0.0,0.0,0.0,-3.3801465714189405,0.0,0.0,0.0,0.0,-9.15488763220118,0.0,0.0,0.0,0.0,0.0,0.0,0.0,0.0,17.449662265869858,0.0,-8.790574353989555
7.8604651162790695,-3.2057629435477963,-3.878824673897441,-3.878824674785619,0.0,0.0,0.0,0.0,0.0,0.0,0.0,0.0,-0.5615410216819328,-1.7768648814531218,-1.7768648814531218,0.0,0.0,0.0,0.0,0.0,0.0,-1.6712477080016441,0.0,-2.557883644005443,-1.6712477080016441,0.0,0.0,0.0,0.0,0.0,0.0,-3.3365625533576804,-3.336562552469502,0.0,-4.328815659704333,0.0,0.0,0.0,0.0,0.0,0.0,0.0,0.0,0.0,0.0,-27.875919962283557,0.0,0.0,27.8667341810368,0.0,0.0,0.0,0.0,0.0,0.0,0.0,-31.873977575869183,0.0,31.86576298985777,0.0,0.0,0.0,0.0,0.0,0.0,0.0,0.0,-29.87489567685131,29.86622203937639,0.0,0.0,0.0,-3.5284191906570506,0.0,0.0,0.0,0.0,0.0,-19.872962203126843,0.0,0.0,0.0,0.0,0.0,-3.115029049816087,0.0,0.0,0.0,0.0,-9.22871615061105,0.0,0.0,0.0,0.0,0.0,0.0,0.0,0.0,17.384053811630995,0.0,-8.792647670841092
7.961240310077519,-3.742565092945682,-4.081850531800768,-4.08185053091259,0.0,0.0,0.0,0.0,0.0,0.0,0.0,0.0,-0.6097706291008365,-2.0314503244023285,-2.0314503244023285,0.0,0.0,0.0,0.0,0.0,0.0,-1.547412705749096,0.0,-2.1761332174019543,-1.547412705749096,0.0,0.0,0.0,0.0,0.0,0.0,-2.999456275354362,-2.999456275354362,0.0,-4.112214405882497,0.0,0.0,0.0,0.0,0.0,0.0,0.0,0.0,0.0,0.0,-27.848170417899,0.0,0.0,27.833141488353697,0.0,0.0,0.0,0.0,0.0,0.0,0.0,-31.84487833723937,0.0,31.83149545005204,0.0,0.0,0.0,0.0,0.0,0.0,0.0,0.0,-29.846429943858332,29.83227125241683,0.0,0.0,0.0,-4.025952282327161,0.0,0.0,0.0,0.0,0.0,-19.84256760184655,0.0,0.0,0.0,0.0,0.0,-2.8314964630737904,0.0,0.0,0.0,0.0,-9.329899704146882,0.0,0.0,0.0,0.0,0.0,0.0,0.0,0.0,17.256651657082678,0.0,-8.777148913674537
8.062015503875969,-4.140876942657079,-4.154522810315142,-4.15452280939227,0.0,0.0,0.0,0.0,0.0,0.0,0.0,0.0,-0.8587284550110041,-2.3560254609478193,-2.3560254609478193,0.0,0.0,0.0,0.0,0.0,0.0,-1.47580486253851,0.0,-1.777005205039206,-1.47580486253851,0.0,0.0,0.0,0.0,0.0,0.0,-2.6708716718282233,-2.6708716718282233,0.0,-3.8522926137929403,0.0,0.0,0.0,0.0,0.0,0.0,0.0,0.0,0.0,0.0,-27.803418280347714,0.0,0.0,27.780868848248375,0.0,0.0,0.0,0.0,0.0,0.0,0.0,-31.798361110668694,0.0,31.778340265464777,0.0,0.0,0.0,0.0,0.0,0.0,0.0,0.0,-29.800740719898577,29.779530069107274,0.0,0.0,0.0,-4.6551115603366,0.0,0.0,0.0,0.0,0.0,-19.79418459430171,0.0,0.0,0.0,0.0,0.0,-2.548518560741009,0.0,0.0,0.0,0.0,-9.440471661958938,0.0,0.0,0.0,0.0,0.0,0.0,0.0,0.0,17.050836037979522,0.0,-8.739837575877374
8.162790697674419,-4.385779990290217,-4.096187476321234,-4.096187475433055,0.0,0.0,0.0,0.0,0.0,0.0,0.0,0.0,-1.2960051227750569,-2.734630554890316,-2.734630554890316,0.0,0.0,0.0,0.0,0.0,0.0,-1.4587734840088018,0.0,-1.3817049745595833,-1.4587734827042897,0.0,0.0,0.0,0.0,0.0,0.0,-2.367969532901526,-2.367969532901526,0.0,-3.5667580977616353,0.0,0.0,0.0,0.0,0.0,0.0,0.0,0.0,0.0,0.0,-27.737048188480884,0.0,0.0,27.705798975041773,0.0,0.0,0.0,0.0,0.0,0.0,0.0,-31.729865715979244,0.0,31.70220774095789,0.0,0.0,0.0,0.0,0.0,0.0,0.0,0.0,-29.73323994903687,29.703894856458746,0.0,0.0,0.0,-5.380263725207612,0.0,0.0,0.0,0.0,0.0,-19.72301270014576,0.0,0.0,0.0,0.0,0.0,-2.2810726804101122,0.0,0.0,0.0,0.0,-9.546425344453269,0.0,0.0,0.0,0.0,0.0,0.0,0.0,0.0,16.750510285712394,0.0,-8.673194341168866
8.263565891472869,-4.482765957103396,-3.92338531929326,-3.9233853184050815,0.0,0.0,0.0,0.0,0.0,0.0,0.0,0.0,-1.8735369442524075,-3.1360685093240193,-3.1360685093240193,0.0,0.0,0.0,0.0,0.0,0.0,-1.4999258132197824,0.0,-1.0247110596717235,-1.49992581455205,0.0,0.0,0.0,0.0,0.0,0.0,-2.1014731133028874,-2.1014731133028874,0.0,-3.262401052417374,0.0,0.0,0.0,0.0,0.0,0.0,0.0,0.0,0.0,0.0,-27.64632366147879,0.0,0.0,27.60689054581711,0.0,0.0,0.0,0.0,0.0,0.0,0.0,-31.63698055996811,0.0,31.602218997228704,0.0,0.0,0.0,0.0,0.0,0.0,0.0,0.0,-29.641360905330316,29.604409168992873,0.0,0.0,0.0,-6.136489979047255,0.0,0.0,0.0,0.0,0.0,-19.626664108374214,0.0,0.0,0.0,0.0,0.0,-2.040386556712015,0.0,0.0,0.0,0.0,-9.63943680643009,0.0,0.0,0.0,0.0,0.0,0.0,0.0,0.0,16.350466995440627,0.0,-8.567625664257505
8.364341085271318,-4.450762102869987,-3.6647754879659544,-3.664775487077776,0.0,0.0,0.0,0.0,0.0,0.0,0.0,0.0,-2.5160553120961993,-3.5168984764410993,-3.5168984773292777,0.0,0.0,0.0,0.0,0.0,0.0,-1.60431164997199,0.0,-0.7513454924890084,-1.60431164997199,0.0,0.0,0.0,0.0,0.0,0.0,-1.8779457071627093,-1.8779457071627093,0.0,-2.9375663790354167,0.0,0.0,0.0,0.0,0.0,0.0,0.0,0.0,0.0,0.0,-27.533835655679795,0.0,0.0,27.48955201914427,0.0,0.0,0.0,0.0,0.0,0.0,0.0,-31.52291956243225,0.0,31.484093974354366,0.0,0.0,0.0,0.0,0.0,0.0,0.0,0.0,-29.52802463518367,29.48664650981314,0.0,0.0,0.0,-6.838704806222395,0.0,0.0,0.0,0.0,0.0,-19.50896847291439,0.0,0.0,0.0,0.0,0.0,-1.8347314580946517,0.0,0.0,0.0,0.0,-9.716100841883346,0.0,0.0,0.0,0.0,0.0,0.0,0.0,0.0,15.868676374708457,0.0,-8.415450241550104
8.465116279069766,-4.316694711903324,-3.3542540318620695,-3.354254030973891,0.0,0.0,0.0,0.0,0.0,0.0,0.0,0.0,-3.1403915943251093,-3.830736637233656,-3.8307366381218344,0.0,0.0,0.0,0.0,0.0,0.0,-1.7774490106425844,0.0,-0.6106213623624512,-1.7774490106425844,0.0,0.0,0.0,0.0,0.0,0.0,-1.7014683106886253,-1.7014683106886253,0.0,-2.587928290553876,0.0,0.0,0.0,0.0,0.0,0.0,0.0,0.0,0.0,0.0,-27.410271336236747,0.0,0.0,27.367350283302727,0.0,0.0,0.0,0.0,0.0,0.0,0.0,-31.39913030492103,0.0,31.36177976958976,0.0,0.0,0.0,0.0,0.0,0.0,0.0,0.0,-29.40432207632071,29.36437565415062,0.0,0.0,0.0,-7.402681198476202,0.0,0.0,0.0,0.0,0.0,-19.38258858347197,0.0,0.0,0.0,0.0,0.0,-1.6701181588807401,0.0,0.0,0.0,0.0,-9.776238071357302,0.0,0.0,0.0,0.0,0.0,0.0,0.0,0.0,15.352175207095087,0.0,-8.21719795185416
8.565891472868216,-4.110227925124832,-3.023932761969661,-3.023932761969661,0.0,0.0,0.0,0.0,0.0,0.0,0.0,0.0,-3.676700551569212,-4.03967180084841,-4.039671799960232,0.0,0.0,0.0,0.0,0.0,0.0,-2.022689602032557,0.0,-0.6439793156509666,-2.022689602032557,0.0,0.0,0.0,0.0,0.0,0.0,-1.5746663490912027,-1.5746663490912027,0.0,-2.2129382593050195,0.0,0.0,0.0,0.0,0.0,0.0,0.0,0.0,0.0,0.0,-27.293777823067522,0.0,0.0,27.259781332888977,0.0,0.0,0.0,0.0,0.0,0.0,0.0,-31.284264599640288,0.0,31.255024723231273,0.0,0.0,0.0,0.0,0.0,0.0,0.0,0.0,-29.288674764038625,29.257229804402485,0.0,0.0,0.0,-7.766587463597929,0.0,0.0,0.0,0.0,0.0,-19.267520062205,0.0,0.0,0.0,0.0,0.0,-1.5508403222175282,0.0,0.0,0.0,0.0,-9.821356600492326,0.0,0.0,0.0,0.0,0.0,0.0,0.0,0.0,14.86951976970019,0.0,-7.986767549539309
8.666666666666666,-3.857889675717985,-2.6993755719573187,-2.6993755719573187,0.0,0.0,0.0,0.0,0.0,0.0,0.0,0.0,-4.081014666923455,-4.122314061300036,-4.122314060384102,0.0,0.0,0.0,0.0,0.0,0.0,-2.33682347205999,0.0,-0.8725855900060253,-2.33682347205999,0.0,0.0,0.0,0.0,0.0,0.0,-1.499562073625782,-1.499562073625782,0.0,-1.8208147790077511,0.0,0.0,0.0,0.0,0.0,0.0,0.0,0.0,0.0,0.0,-27.205058441670538,0.0,0.0,27.186389876421302,0.0,0.0,0.0,0.0,0.0,0.0,0.0,-31.1989588124284,0.0,31.18334006396717,0.0,0.0,0.0,0.0,0.0,0.0,0.0,0.0,-29.201758075081408,29.184739694265716,0.0,0.0,0.0,-7.901538100707484,0.0,0.0,0.0,0.0,0.0,-19.185119247311366,0.0,0.0,0.0,0.0,0.0,-1.4801548906540063,0.0,0.0,0.0,0.0,-9.85359051211554,0.0,0.0,0.0,0.0,0.0,0.0,0.0,0.0,14.492306053659476,0.0,-7.751495178176526
8.767441860465116,-3.5779329787821723,-2.398328505570646,-2.398328505570646,0.0,0.0,0.0,0.0,0.0,0.0,0.0,0.0,-4.336046046216069,-4.076272943631665,-4.076272942743486,0.0,0.0,0.0,0.0,0.0,0.0,-2.7050020250385387,0.0,-1.286830687341478,-2.7050020241503603,0.0,0.0,0.0,0.0,0.0,0.0,-1.4784971347214793,-1.4784971347214793,0.0,-1.431596717560435,0.0,0.0,0.0,0.0,0.0,0.0,0.0,0.0,0.0,0.0,-27.16050210446828,0.0,0.0,27.160236976471463,0.0,0.0,0.0,0.0,0.0,0.0,0.0,-31.158921065845004,0.0,31.159446459219645,0.0,0.0,0.0,0.0,0.0,0.0,0.0,0.0,-29.159604621696417,29.15978823611262,0.0,0.0,0.0,-7.810128821117424,0.0,0.0,0.0,0.0,0.0,-19.150746716045663,0.0,0.0,0.0,0.0,0.0,-1.461179462453055,0.0,0.0,0.0,0.0,-9.875031628442388,0.0,0.0,0.0,0.0,0.0,0.0,0.0,0.0,14.275893299386944,0.0,-7.5465613810221654
8.868217054263566,-3.278173079657165,-2.132084387707067,-2.132084387707067,0.0,0.0,0.0,0.0,0.0,0.0,0.0,0.0,-4.445164319744066,-3.9162348701715644,-3.916234869283386,0.0,0.0,0.0,0.0,0.0,0.0,-3.0977684346567003,0.0,-1.8425473986560803,-3.0977684346567003,0.0,0.0,0.0,0.0,0.0,0.0,-1.514925145329471,-1.514925145329471,0.0,-1.0781705480633619,0.0,0.0,0.0,0.0,0.0,0.0,0.0,0.0,0.0,0.0,-27.166868872552374,0.0,0.0,27.183926417817528,0.0,0.0,0.0,0.0,0.0,0.0,0.0,-31.169885099435746,0.0,31.18543453328737,0.0,0.0,0.0,0.0,0.0,0.0,0.0,0.0,-29.168427992387613,29.184705978735348,0.0,0.0,0.0,-7.51955763722556,0.0,0.0,0.0,0.0,0.0,-19.1688156677694,0.0,0.0,0.0,0.0,0.0,-1.4976974933057774,0.0,0.0,0.0,0.0,-9.887305423617043,0.0,0.0,0.0,0.0,0.0,0.0,0.0,0.0,14.24721080700575,0.0,-7.406192820053059
8.968992248062015,-2.958009999609601,-1.9076390955774514,-1.9076390955774514,0.0,0.0,0.0,0.0,0.0,0.0,0.0,0.0,-4.425588198575525,-3.6692298484020114,-3.669229847513833,0.0,0.0,0.0,0.0,0.0,0.0,-3.473500960637921,0.0,-2.4682685557664286,-3.4735009597497424,0.0,0.0,0.0,0.0,0.0,0.0,-1.6136265370558789,-1.6136265386101911,0.0,-0.8041230201705218,0.0,0.0,0.0,0.0,0.0,0.0,0.0,0.0,0.0,0.0,-27.219719283100297,0.0,0.0,27.249610151547365,0.0,0.0,0.0,0.0,0.0,0.0,0.0,-31.226424594521518,0.0,31.2529628093694,0.0,0.0,0.0,0.0,0.0,0.0,0.0,0.0,-29.223261339694773,29.25138118092807,0.0,0.0,0.0,-7.074093402503756,0.0,0.0,0.0,0.0,0.0,-19.232167387417398,0.0,0.0,0.0,0.0,0.0,-1.5943511701560498,0.0,0.0,0.0,0.0,-9.891276887608047,0.0,0.0,0.0,0.0,0.0,0.0,0.0,0.0,14.401137469088887,0.0,-7.354365910483551
9.069767441860465,-2.6137819155724884,-1.729380038950623,-1.729380038950623,0.0,0.0,0.0,0.0,0.0,0.0,0.0,0.0,-4.302906743802737,-3.3680557254278654,-3.368055724539687,0.0,0.0,0.0,0.0,0.0,0.0,-3.786965114382923,0.0,-3.083140451387578,-3.7869651152711015,0.0,0.0,0.0,0.0,0.0,0.0,-1.7798291778170494,-1.7798291793713616,0.0,-0.6570951205375763,0.0,0.0,0.0,0.0,0.0,0.0,0.0,0.0,0.0,0.0,-27.305902853269615,0.0,0.0,27.342551093711975,0.0,0.0,0.0,0.0,0.0,0.0,0.0,-31.31481881957221,0.0,31.347009078919186,0.0,0.0,0.0,0.0,0.0,0.0,0.0,0.0,-29.310642990276747,29.344921163243498,0.0,0.0,0.0,-6.527023639790741,0.0,0.0,0.0,0.0,0.0,-19.325591599450576,0.0,0.0,0.0,0.0,0.0,-1.7556598299328652,0.0,0.0,0.0,0.0,-9.886793358393486,0.0,0.0,0.0,0.0,0.0,0.0,0.0,0.0,14.704159146061713,0.0,-7.397527395758274
9.170542635658915,-2.2450190242384593,-1.6001484166583424,-1.6001484166583424,0.0,0.0,0.0,0.0,0.0,0.0,0.0,0.0,-4.105891909578219,-3.0444159140330385,-3.0444159140330385,0.0,0.0,0.0,0.0,0.0,0.0,-4.000305278806238,0.0,-3.617513775200365,-4.000305279694416,0.0,0.0,0.0,0.0,0.0,0.0,-2.016753800404558,-2.016753800404558,0.0,-0.6780729320254864,0.0,0.0,0.0,0.0,0.0,0.0,0.0,0.0,0.0,0.0,-27.408636727122015,0.0,0.0,27.44635953355612,0.0,0.0,0.0,0.0,0.0,0.0,0.0,-31.418237436353635,0.0,31.451159890005798,0.0,0.0,0.0,0.0,0.0,0.0,0.0,0.0,-29.413758958485303,29.44892065026572,0.0,0.0,0.0,-5.93176630969694,0.0,0.0,0.0,0.0,0.0,-19.43159105532999,0.0,0.0,0.0,0.0,0.0,-1.9833804600355442,0.0,0.0,0.0,0.0,-9.872399925003883,0.0,0.0,0.0,0.0,0.0,0.0,0.0,0.0,15.104144793331997,0.0,-7.522611082722008
9.271317829457365,-1.8594509868519182,-1.5220917413127921,-1.5220917413127921,0.0,0.0,0.0,0.0,0.0,0.0,0.0,0.0,-3.8607911863053346,-2.7240511690784786,-2.7240511690784786,0.0,0.0,0.0,0.0,0.0,0.0,-4.091215336676779,0.0,-4.0259959268595935,-4.091215337564957,0.0,0.0,0.0,0.0,0.0,0.0,-2.321472511557232,-2.321472511557232,0.0,-0.8890889349189024,0.0,0.0,0.0,0.0,0.0,0.0,0.0,0.0,0.0,0.0,-27.512732357237724,0.0,0.0,27.547496131208327,0.0,0.0,0.0,0.0,0.0,0.0,0.0,-31.52184391741475,0.0,31.552051913519286,0.0,0.0,0.0,0.0,0.0,0.0,0.0,0.0,-29.51760472424958,29.549932315853233,0.0,0.0,0.0,-5.334309041926666,0.0,0.0,0.0,0.0,0.0,-19.53554551259451,0.0,0.0,0.0,0.0,0.0,-2.272213339371554,0.0,0.0,0.0,0.0,-9.845079881776186,0.0,0.0,0.0,0.0,0.0,0.0,0.0,0.0,15.543920641958309,0.0,-7.702265266695818
9.372093023255815,-1.4761312079544786,-1.4975603839922913,-1.4975603826600237,0.0,0.0,0.0,0.0,0.0,0.0,0.0,0.0,-3.5862397433916726,-2.4251802441810355,-2.4251802441810355,0.0,0.0,0.0,0.0,0.0,0.0,-4.055829197047167,0.0,-4.289268837553983,-4.055829197935346,0.0,0.0,0.0,0.0,0.0,0.0,-2.6800490604550475,-2.6800490604550475,0.0,-1.2828397437658623,0.0,0.0,0.0,0.0,0.0,0.0,0.0,0.0,0.0,0.0,-27.60771010046348,0.0,0.0,27.637383150258543,0.0,0.0,0.0,0.0,0.0,0.0,0.0,-31.615647813509895,0.0,31.641352008837664,0.0,0.0,0.0,0.0,0.0,0.0,0.0,0.0,-29.611961614772753,29.639508908330114,0.0,0.0,0.0,-4.769616810396116,0.0,0.0,0.0,0.0,0.0,-19.62819032386154,0.0,0.0,0.0,0.0,0.0,-2.60517220784795,0.0,0.0,0.0,0.0,-9.80035819919678,0.0,0.0,0.0,0.0,0.0,0.0,0.0,0.0,15.974074873303934,0.0,-7.904843043249343
9.472868217054263,-1.1265507612323589,-1.529884418705052,-1.529884418705052,0.0,0.0,0.0,0.0,0.0,0.0,0.0,0.0,-3.2909057146035536,-2.1595929884377085,-2.1595929884377085,0.0,0.0,0.0,0.0,0.0,0.0,-3.907187935414669,0.0,-4.40879209584466,-3.907187936302847,0.0,0.0,0.0,0.0,0.0,0.0,-3.064530801122345,-3.0645308024546125,0.0,-1.8185400110226624,0.0,0.0,0.0,0.0,0.0,0.0,0.0,0.0,0.0,0.0,-27.688228032785034,0.0,0.0,27.712157547599148,0.0,0.0,0.0,0.0,0.0,0.0,0.0,-31.694728154896268,0.0,31.715407610710677,0.0,0.0,0.0,0.0,0.0,0.0,0.0,0.0,-29.691713738677628,29.713900401628912,0.0,0.0,0.0,-4.2621926723551695,0.0,0.0,0.0,0.0,0.0,-19.705369181832744,0.0,0.0,0.0,0.0,0.0,-2.951739922818497,0.0,0.0,0.0,0.0,-9.7334599715726,0.0,0.0,0.0,0.0,0.0,0.0,0.0,0.0,16.360484474509107,0.0,-8.103599700604036
9.573643410852712,-0.8527235584310233,-1.6236101556543758,-1.6236101556543758,0.0,0.0,0.0,0.0,0.0,0.0,0.0,0.0,-2.9751312990988765,-1.9346793989072353,-1.9346793989072353,0.0,0.0,0.0,0.0,0.0,0.0,-3.6708228470239135,0.0,-4.400205503518606,-3.6708228474680027,0.0,0.0,0.0,0.0,0.0,0.0,-3.4349486570661725,-3.434948656177994,0.0,-2.4281878672205437,0.0,0.0,0.0,0.0,0.0,0.0,0.0,0.0,0.0,0.0,-27.752819006909846,0.0,0.0,27.771229967443745,0.0,0.0,0.0,0.0,0.0,0.0,0.0,-31.7578872927049,0.0,31.773764112452696,0.0,0.0,0.0,0.0,0.0,0.0,0.0,0.0,-29.75553958151078,29.77259025582768,0.0,0.0,0.0,-3.828662242522096,0.0,0.0,0.0,0.0,0.0,-19.766434038059888,0.0,0.0,0.0,0.0,0.0,-3.272155311595526,0.0,0.0,0.0,0.0,-9.642077016369655,0.0,0.0,0.0,0.0,0.0,0.0,0.0,0.0,16.685301905905447,0.0,-8.281166003598628
9.674418604651162,-0.7009719271700021,-1.7836980950036718,-1.7836980950036718,0.0,0.0,0.0,0.0,0.0,0.0,0.0,0.0,-2.63590196825092,-1.7551119571024287,-1.7551119571024287,0.0,0.0,0.0,0.0,0.0,0.0,-3.3784627797572853,0.0,-4.2878389265865735,-3.3784627806454637,0.0,0.0,0.0,0.0,0.0,0.0,-3.747214272653565,-3.7472142735417435,0.0,-3.033239603489335,0.0,0.0,0.0,0.0,0.0,0.0,0.0,0.0,0.0,0.0,-27.802262740961314,0.0,0.0,27.815776663608904,0.0,0.0,0.0,0.0,0.0,0.0,0.0,-31.806038103321388,0.0,31.817664346844854,0.0,0.0,0.0,0.0,0.0,0.0,0.0,0.0,-29.804291338419997,29.816790963366202,0.0,0.0,0.0,-3.4802636770248085,0.0,0.0,0.0,0.0,0.0,-19.812605034752462,0.0,0.0,0.0,0.0,0.0,-3.527610544340476,0.0,0.0,0.0,0.0,-9.52998865155763,0.0,0.0,0.0,0.0,0.0,0.0,0.0,0.0,16.943509893785347,0.0,-8.429335271009641
9.775193798449612,-0.7117192790673244,-2.0132216960178084,-2.0132216960178084,0.0,0.0,0.0,0.0,0.0,0.0,0.0,0.0,-2.272894499943945,-1.6239351057212303,-1.6239351057212303,0.0,0.0,0.0,0.0,0.0,0.0,-3.061339783005934,0.0,-4.099585767303182,-3.061339783005934,0.0,0.0,0.0,0.0,0.0,0.0,-3.963683506746918,-3.9636835058587394,0.0,-3.5645248102067484,0.0,0.0,0.0,0.0,0.0,0.0,0.0,0.0,0.0,0.0,-27.83832400327091,0.0,0.0,27.847652269874512,0.0,0.0,0.0,0.0,0.0,0.0,0.0,-31.84098731323637,0.0,31.8489839268854,0.0,0.0,0.0,0.0,0.0,0.0,0.0,0.0,-29.83975701420505,29.848368776341783,0.0,0.0,0.0,-3.22464595181593,0.0,0.0,0.0,0.0,0.0,-19.845822297276385,0.0,0.0,0.0,0.0,0.0,-3.690898361718986,0.0,0.0,0.0,0.0,-9.409115531044954,0.0,0.0,0.0,0.0,0.0,0.0,0.0,0.0,17.138052144094473,0.0,-8.54650256498779
9.875968992248062,-0.9075831868265993,-2.3094501675480217,-2.3094501675480217,0.0,0.0,0.0,0.0,0.0,0.0,0.0,0.0,-1.8934706187412331,-1.5434194138297386,-1.5434194138297386,0.0,0.0,0.0,0.0,0.0,0.0,-2.7452624373758283,0.0,-3.8613443957835614,-2.7452624373758283,0.0,0.0,0.0,0.0,0.0,0.0,-4.061368355068318,-4.061368354180139,0.0,-3.9756072903740503,0.0,0.0,0.0,0.0,0.0,0.0,0.0,0.0,0.0,0.0,-27.862950071705363,0.0,0.0,27.8687111150977,0.0,0.0,0.0,0.0,0.0,0.0,0.0,-31.864667629916134,0.0,31.869569896258998,0.0,0.0,0.0,0.0,0.0,0.0,0.0,0.0,-29.863876260638467,29.869174210606086,0.0,0.0,0.0,-3.067465730199892,0.0,0.0,0.0,0.0,0.0,-19.868054454447172,0.0,0.0,0.0,0.0,0.0,-3.7512957443697204,0.0,0.0,0.0,0.0,-9.297797690765996,0.0,0.0,0.0,0.0,0.0,0.0,0.0,0.0,17.275450290565875,0.0,-8.634828194076238
9.976744186046512,-1.28314406833141,-2.6591932473785107,-2.6591932473785107,0.0,0.0,0.0,0.0,0.0,0.0,0.0,0.0,-1.515854628154976,-1.5159359214780692,-1.5159359228245128,0.0,0.0,0.0,0.0,0.0,0.0,-2.4488206493700204,0.0,-3.5919966787645308,-2.4488206493700204,0.0,0.0,0.0,0.0,0.0,0.0,-4.035161135673704,-4.035161134674503,0.0,-4.245452440487796,0.0,0.0,0.0,0.0,0.0,0.0,0.0,0.0,0.0,0.0,-27.877784933696972,0.0,0.0,27.880383765582774,0.0,0.0,0.0,0.0,0.0,0.0,0.0,-31.87867684696644,0.0,31.8808297242873,0.0,0.0,0.0,0.0,0.0,0.0,0.0,0.0,-29.8782712261636,29.880626912837105,0.0,0.0,0.0,-3.0141339035158476,0.0,0.0,0.0,0.0,0.0,-19.880871244125355,0.0,0.0,0.0,0.0,0.0,-3.7126467129500185,0.0,0.0,0.0,0.0,-9.215604277440503,0.0,0.0,0.0,0.0,0.0,0.0,0.0,0.0,17.362503745343982,0.0,-8.698035277032723
10.077519379844961,-1.800538499185933,-3.0357942732983645,-3.0357942732983645,0.0,0.0,0.0,0.0,0.0,0.0,0.0,0.0,-1.1703179009225906,-1.5447159694703672,-1.5447159708026348,0.0,0.0,0.0,0.0,0.0,0.0,-2.1842329824828255,0.0,-3.3009132183181578,-2.1842329824828255,0.0,0.0,0.0,0.0,0.0,0.0,-3.8966519788630194,-3.8966519781968856,0.0,-4.3738151973560235,0.0,0.0,0.0,0.0,0.0,0.0,0.0,0.0,0.0,0.0,-27.88386283203784,0.0,0.0,27.88339087512158,0.0,0.0,0.0,0.0,0.0,0.0,0.0,-31.883986197845523,0.0,31.8834525600796,0.0,0.0,0.0,0.0,0.0,0.0,0.0,0.0,-29.88393726489902,29.883428092581863,0.0,0.0,0.0,-3.071347365428412,0.0,0.0,0.0,0.0,0.0,-19.885148171021328,0.0,0.0,0.0,0.0,0.0,-3.5884195309643374,0.0,0.0,0.0,0.0,-9.177156127582187,0.0,0.0,0.0,0.0,0.0,0.0,0.0,0.0,17.403973932447748,0.0,-8.739932193857491
10.178294573643411,-2.3949115353083528,-3.4007822002912746,-3.400782201179453,0.0,0.0,0.0,0.0,0.0,0.0,0.0,0.0,-0.8974486385149305,-1.6341014024146006,-1.6341014024146006,0.0,0.0,0.0,0.0,0.0,0.0,-1.9592447273453217,0.0,-2.9892727626545934,-1.9592447273453217,0.0,0.0,0.0,0.0,0.0,0.0,-3.67000010781382,-3.6700001069256416,0.0,-4.37488481574988,0.0,0.0,0.0,0.0,0.0,0.0,0.0,0.0,0.0,0.0,-27.881299184073782,0.0,0.0,27.87747814989028,0.0,0.0,0.0,0.0,0.0,0.0,0.0,-31.88061033777834,0.0,31.87713372879153,0.0,0.0,0.0,0.0,0.0,0.0,0.0,0.0,-29.880940930912537,29.877299024344552,0.0,0.0,0.0,-3.247558284624752,0.0,0.0,0.0,0.0,0.0,-19.880831564123014,0.0,0.0,0.0,0.0,0.0,-3.3973519160124255,0.0,0.0,0.0,0.0,-9.187622355799618,0.0,0.0,0.0,0.0,0.0,0.0,0.0,0.0,17.40096283560366,0.0,-8.76347142129974
10.279069767441861,-2.989983426626708,-3.711192856581391,-3.7111928574695696,0.0,0.0,0.0,0.0,0.0,0.0,0.0,0.0,-0.7423093753011756,-1.7888059167248116,-1.7888059182791238,0.0,0.0,0.0,0.0,0.0,0.0,-1.7787907931055003,0.0,-2.6546811895400424,-1.7787907931055003,0.0,0.0,0.0,0.0,0.0,0.0,-3.385905747776974,-3.3859057473328846,0.0,-4.271811271383541,0.0,0.0,0.0,0.0,0.0,0.0,0.0,0.0,0.0,0.0,-27.8691471100323,0.0,0.0,27.861257273137376,0.0,0.0,0.0,0.0,0.0,0.0,0.0,-31.867499785204203,0.0,31.860433612806993,0.0,0.0,0.0,0.0,0.0,0.0,0.0,0.0,-29.868279382117002,29.86082341022156,0.0,0.0,0.0,-3.5513833190337074,0.0,0.0,0.0,0.0,0.0,-19.86672916631793,0.0,0.0,0.0,0.0,0.0,-3.1604756672853895,0.0,0.0,0.0,0.0,-9.241636885426452,0.0,0.0,0.0,0.0,0.0,0.0,0.0,0.0,17.349783345887992,0.0,-8.770112806699704
10.37984496124031,-3.5172695409535493,-3.929708633165774,-3.9297086322775954,0.0,0.0,0.0,0.0,0.0,0.0,0.0,0.0,-0.7446868091065539,-2.0117455168389142,-2.011745518615271,0.0,0.0,0.0,0.0,0.0,0.0,-1.6461057568140092,0.0,-2.2970101609676163,-1.6461057568140092,0.0,0.0,0.0,0.0,0.0,0.0,-3.075089015869281,-3.075089015869281,0.0,-4.091633179825749,0.0,0.0,0.0,0.0,0.0,0.0,0.0,0.0,0.0,0.0,-27.845216010957685,0.0,0.0,27.83210885048959,0.0,0.0,0.0,0.0,0.0,0.0,0.0,-31.842352698929766,0.0,31.830677196531543,0.0,0.0,0.0,0.0,0.0,0.0,0.0,0.0,-29.843702597676103,29.831352144849,0.0,0.0,0.0,-3.9870799433683324,0.0,0.0,0.0,0.0,0.0,-19.840362344869522,0.0,0.0,0.0,0.0,0.0,-2.898766203851544,0.0,0.0,0.0,0.0,-9.32602470704591,0.0,0.0,0.0,0.0,0.0,0.0,0.0,0.0,17.24147818082944,0.0,-8.759293447346828
10.480620155038759,-3.9296128513943707,-4.032857630065223,-4.032857629177045,0.0,0.0,0.0,0.0,0.0,0.0,0.0,0.0,-0.9275528269903077,-2.3003171354396557,-2.3003171354396557,0.0,0.0,0.0,0.0,0.0,0.0,-1.5635794569091033,0.0,-1.9233556429743004,-1.5635794569091033,0.0,0.0,0.0,0.0,0.0,0.0,-2.763338100564283,-2.763338100564283,0.0,-3.8598519651600327,0.0,0.0,0.0,0.0,0.0,0.0,0.0,0.0,0.0,0.0,-27.806157437360035,0.0,0.0,27.786456124778702,0.0,0.0,0.0,0.0,0.0,0.0,0.0,-31.801740955295088,0.0,31.78424788574663,0.0,0.0,0.0,0.0,0.0,0.0,0.0,0.0,-29.803819103335627,29.785286958738943,0.0,0.0,0.0,-4.546981672293171,0.0,0.0,0.0,0.0,0.0,-19.798085533317966,0.0,0.0,0.0,0.0,0.0,-2.631123240059985,0.0,0.0,0.0,0.0,-9.42487803190506,0.0,0.0,0.0,0.0,0.0,0.0,0.0,0.0,17.062810990009503,0.0,-8.727917997664036
10.581395348837209,-4.204553012532308,-4.0145010284931,-4.014501027604922,0.0,0.0,0.0,0.0,0.0,0.0,0.0,0.0,-1.2870117624963484,-2.6419381646825,-2.6419381655706786,0.0,0.0,0.0,0.0,0.0,0.0,-1.5336117909214853,0.0,-1.5512482492430202,-1.5336117909214853,0.0,0.0,0.0,0.0,0.0,0.0,-2.4695226410464954,-2.4695226410464954,0.0,-3.59548547335109,0.0,0.0,0.0,0.0,0.0,0.0,0.0,0.0,0.0,0.0,-27.748155495777027,0.0,0.0,27.720805986120034,0.0,0.0,0.0,0.0,0.0,0.0,0.0,-31.741876284852033,0.0,31.71766638276896,0.0,0.0,0.0,0.0,0.0,0.0,0.0,0.0,-29.74482624806818,29.719141363293566,0.0,0.0,0.0,-5.202890638544844,0.0,0.0,0.0,0.0,0.0,-19.73590777992751,0.0,0.0,0.0,0.0,0.0,-2.373135060462772,0.0,0.0,0.0,0.0,-9.52430706302465,0.0,0.0,0.0,0.0,0.0,0.0,0.0,0.0,16.800236021685677,0.0,-8.670130781096574
10.682170542635658,-4.3403367724348385,-3.884955992461414,-3.8849559915732357,0.0,0.0,0.0,0.0,0.0,0.0,0.0,0.0,-1.787718078016809,-3.011068736125111,-3.0110687374573786,0.0,0.0,0.0,0.0,0.0,0.0,-1.5593550511949772,0.0,-1.209891646758443,-1.5593550511949772,0.0,0.0,0.0,0.0,0.0,0.0,-2.2062245528253754,-2.2062245528253754,0.0,-3.3084748345402204,0.0,0.0,0.0,0.0,0.0,0.0,0.0,0.0,0.0,0.0,-27.668663831525997,0.0,0.0,27.633875439470046,0.0,0.0,0.0,0.0,0.0,0.0,0.0,-31.66044686087055,0.0,31.629766956142724,0.0,0.0,0.0,0.0,0.0,0.0,0.0,0.0,-29.664300328358095,29.631693689080585,0.0,0.0,0.0,-5.901421077370017,0.0,0.0,0.0,0.0,0.0,-19.651503805118153,0.0,0.0,0.0,0.0,0.0,-2.1368989665537796,0.0,0.0,0.0,0.0,-9.614913463185104,0.0,0.0,0.0,0.0,0.0,0.0,0.0,0.0,16.44790674992791,0.0,-8.578147245419387
10.782945736434108,-4.349829688887752,-3.667134219398349,-3.6671342185101707,0.0,0.0,0.0,0.0,0.0,0.0,0.0,0.0,-2.3676553020379743,-3.3705880220225026,-3.370588021134324,0.0,0.0,0.0,0.0,0.0,0.0,-1.6449722295419633,0.0,-0.9385857080435045,-1.6449722295419633,0.0,0.0,0.0,0.0,0.0,0.0,-1.9815060303685073,-1.9815060303685073,0.0,-3.000735300684454,0.0,0.0,0.0,0.0,0.0,0.0,0.0,0.0,0.0,0.0,-27.56915353918643,0.0,0.0,27.52937865579952,0.0,0.0,0.0,0.0,0.0,0.0,0.0,-31.559418250060034,0.0,31.524511013403256,0.0,0.0,0.0,0.0,0.0,0.0,0.0,0.0,-29.563972933521754,29.52678835410616,0.0,0.0,0.0,-6.56914383445617,0.0,0.0,0.0,0.0,0.0,-19.547253688800836,0.0,0.0,0.0,0.0,0.0,-1.9315301500455462,0.0,0.0,0.0,0.0,-9.691891166174749,0.0,0.0,0.0,0.0,0.0,0.0,0.0,0.0,16.017942515267336,0.0,-8.44518748044365
10.883720930232558,-4.255082432624846,-3.3907575085478925,-3.390757507659714,0.0,0.0,0.0,0.0,0.0,0.0,0.0,0.0,-2.9527267879636554,-3.678617095381753,-3.6786170958258424,0.0,0.0,0.0,0.0,0.0,0.0,-1.7949493196223187,0.0,-0.781199422705825,-1.7949493196223187,0.0,0.0,0.0,0.0,0.0,0.0,-1.8005422757205736,-1.8005422757205736,0.0,-2.6704601556737373,0.0,0.0,0.0,0.0,0.0,0.0,0.0,0.0,0.0,0.0,-27.45763461908801,0.0,0.0,27.417851477862243,0.0,0.0,0.0,0.0,0.0,0.0,0.0,-31.44743375371739,0.0,31.4127510470108,0.0,0.0,0.0,0.0,0.0,0.0,0.0,0.0,-29.452191478762657,29.415129908727522,0.0,0.0,0.0,-7.128450658422381,0.0,0.0,0.0,0.0,0.0,-19.4327508236114,0.0,0.0,0.0,0.0,0.0,-1.7637893301447605,0.0,0.0,0.0,0.0,-9.753849943450188,0.0,0.0,0.0,0.0,0.0,0.0,0.0,0.0,15.546981370961888,0.0,-8.270477032334966
10.984496124031008,-4.082308023178882,-3.086006062247293,-3.086006062247293,0.0,0.0,0.0,0.0,0.0,0.0,0.0,0.0,-3.4752977262630935,-3.8982580543578393,-3.898258053469661,0.0,0.0,0.0,0.0,0.0,0.0,-2.0120368451337356,0.0,-0.7768245198214174,-2.0120368451337356,0.0,0.0,0.0,0.0,0.0,0.0,-1.6667437698902887,-1.6667437698902887,0.0,-2.317752655578431,0.0,0.0,0.0,0.0,0.0,0.0,0.0,0.0,0.0,0.0,-27.34884678967653,0.0,0.0,27.315566075936104,0.0,0.0,0.0,0.0,0.0,0.0,0.0,-31.339738623237245,0.0,31.31101199493891,0.0,0.0,0.0,0.0,0.0,0.0,0.0,0.0,-29.343967383299585,29.31312637388661,0.0,0.0,0.0,-7.51673379384421,0.0,0.0,0.0,0.0,0.0,-19.324394481157192,0.0,0.0,0.0,0.0,0.0,-1.6386204890195266,0.0,0.0,0.0,0.0,-9.801433266176662,0.0,0.0,0.0,0.0,0.0,0.0,0.0,0.0,15.09258716914097,0.0,-8.06402663977579
11.085271317829458,-3.8565765803078023,-2.7785749274755744,-2.7785749274755744,0.0,0.0,0.0,0.0,0.0,0.0,0.0,0.0,-3.887763129484245,-4.005721759792191,-4.005721758904013,0.0,0.0,0.0,0.0,0.0,0.0,-2.293703969424854,0.0,-0.9485985064117131,-2.293703967648497,0.0,0.0,0.0,0.0,0.0,0.0,-1.5826146414488207,-1.5826146414488207,0.0,-1.9495269686364836,0.0,0.0,0.0,0.0,0.0,0.0,0.0,0.0,0.0,0.0,-27.260890146707517,0.0,0.0,27.240154525487448,0.0,0.0,0.0,0.0,0.0,0.0,0.0,-31.254499552879622,0.0,31.236959230684924,0.0,0.0,0.0,0.0,0.0,0.0,0.0,0.0,-29.25744280024567,29.23843085333999,0.0,0.0,0.0,-7.698765803421104,0.0,0.0,0.0,0.0,0.0,-19.241131113234555,0.0,0.0,0.0,0.0,0.0,-1.559746043960919,0.0,0.0,0.0,0.0,-9.836230550203107,0.0,0.0,0.0,0.0,0.0,0.0,0.0,0.0,14.719329390455727,0.0,-7.8478377989466
11.186046511627907,-3.596952436346612,-2.4875350401742935,-2.4875350401742935,0.0,0.0,0.0,0.0,0.0,0.0,0.0,0.0,-4.166493938417837,-3.9940223317547208,-3.9940223308665423,0.0,0.0,0.0,0.0,0.0,0.0,-2.627859025494672,0.0,-1.2938433426867846,-2.6278590241624045,0.0,0.0,0.0,0.0,0.0,0.0,-1.5505892502210017,-1.5505892502210017,0.0,-1.5827368695722766,0.0,0.0,0.0,0.0,0.0,0.0,0.0,0.0,0.0,0.0,-27.20956844956546,0.0,0.0,27.204936852959218,0.0,0.0,0.0,0.0,0.0,0.0,0.0,-31.20705083695108,0.0,31.203678048694062,0.0,0.0,0.0,0.0,0.0,0.0,0.0,0.0,-29.20817741880466,29.204241338606774,0.0,0.0,0.0,-7.668646121061773,0.0,0.0,0.0,0.0,0.0,-19.198224195597636,0.0,0.0,0.0,0.0,0.0,-1.5304182333086835,0.0,0.0,0.0,0.0,-9.860038647113711,0.0,0.0,0.0,0.0,0.0,0.0,0.0,0.0,14.481600553395424,0.0,-7.652172591909867
11.286821705426357,-3.3138334436522143,-2.225770946662209,-2.225770946662209,0.0,0.0,0.0,0.0,0.0,0.0,0.0,0.0,-4.308416810649973,-3.872368408153193,-3.8723684072650144,0.0,0.0,0.0,0.0,0.0,0.0,-2.989922143648016,0.0,-1.779373084431768,-2.9899221423157485,0.0,0.0,0.0,0.0,0.0,0.0,-1.5737568520579615,-1.5737568520579615,0.0,-1.2456540576799568,0.0,0.0,0.0,0.0,0.0,0.0,0.0,0.0,0.0,0.0,-27.203261611319363,0.0,0.0,27.214753559601235,0.0,0.0,0.0,0.0,0.0,0.0,0.0,-31.20492792368923,0.0,31.215586717869837,0.0,0.0,0.0,0.0,0.0,0.0,0.0,0.0,-29.204103746627297,29.215174628283158,0.0,0.0,0.0,-7.445111920967307,0.0,0.0,0.0,0.0,0.0,-19.202255833850046,0.0,0.0,0.0,0.0,0.0,-1.5541278681318467,0.0,0.0,0.0,0.0,-9.874376372592808,0.0,0.0,0.0,0.0,0.0,0.0,0.0,0.0,14.410793137478729,0.0,-7.508323327257149
11.387596899224807,-3.009779032669968,-2.001623679692699,-2.001623679692699,0.0,0.0,0.0,0.0,0.0,0.0,0.0,0.0,-4.325197497934141,-3.6625428658787484,-3.66254286499057,0.0,0.0,0.0,0.0,0.0,0.0,-3.3439878079910557,0.0,-2.345723254304488,-3.3439878079910557,0.0,0.0,0.0,0.0,0.0,0.0,-1.6561229592149118,-1.6561229592149118,0.0,-0.9764134634160371,0.0,0.0,0.0,0.0,0.0,0.0,0.0,0.0,0.0,0.0,-27.240643595050074,0.0,0.0,27.265028523792978,0.0,0.0,0.0,0.0,0.0,0.0,0.0,-31.24591461023396,0.0,31.267664033385323,0.0,0.0,0.0,0.0,0.0,0.0,0.0,0.0,-29.243419484736854,29.266416469719836,0.0,0.0,0.0,-7.064831692660256,0.0,0.0,0.0,0.0,0.0,-19.249540880839078,0.0,0.0,0.0,0.0,0.0,-1.634843348932713,0.0,0.0,0.0,0.0,-9.880151241176138,0.0,0.0,0.0,0.0,0.0,0.0,0.0,0.0,14.509879670554504,0.0,-7.440321343143985
11.488372093023255,-2.683533893099721,-1.8204861420567653,-1.8204861420567653,0.0,0.0,0.0,0.0,0.0,0.0,0.0,0.0,-4.237865842693367,-3.3933419727461,-3.3933419718579216,0.0,0.0,0.0,0.0,0.0,0.0,-3.6492186366032797,0.0,-2.920886676971435,-3.6492186361591905,0.0,0.0,0.0,0.0,0.0,0.0,-1.8019622607390318,-1.8019622607390318,0.0,-0.8177536336972935,0.0,0.0,0.0,0.0,0.0,0.0,0.0,0.0,0.0,0.0,-27.311930584361654,0.0,0.0,27.344101206638882,0.0,0.0,0.0,0.0,0.0,0.0,0.0,-31.319599310242197,0.0,31.347935571579555,0.0,0.0,0.0,0.0,0.0,0.0,0.0,0.0,-29.31600357392039,29.346137702335184,0.0,0.0,0.0,-6.575032921674051,0.0,0.0,0.0,0.0,0.0,-19.328285107866883,0.0,0.0,0.0,0.0,0.0,-1.7762884878813612,0.0,0.0,0.0,0.0,-9.877395462654093,0.0,0.0,0.0,0.0,0.0,0.0,0.0,0.0,14.755006100708457,0.0,-7.457976759273066
11.589147286821705,-2.3354565610311795,-1.685931086958803,-1.685931086958803,0.0,0.0,0.0,0.0,0.0,0.0,0.0,0.0,-4.071843464181768,-3.0943933966298687,-3.0943933966298687,0.0,0.0,0.0,0.0,0.0,0.0,-3.8691999906248498,0.0,-3.438187745841148,-3.869199991513028,0.0,0.0,0.0,0.0,0.0,0.0,-2.0138556804383256,-2.0138556804383256,0.0,-0.8080368454344011,0.0,0.0,0.0,0.0,0.0,0.0,0.0,0.0,0.0,0.0,-27.40281193824856,0.0,0.0,27.437516048944843,0.0,0.0,0.0,0.0,0.0,0.0,0.0,-31.41152565322436,0.0,31.441872908599677,0.0,0.0,0.0,0.0,0.0,0.0,0.0,0.0,-29.407456140884136,29.439838151290587,0.0,0.0,0.0,-6.025472222392914,0.0,0.0,0.0,0.0,0.0,-19.42320680781151,0.0,0.0,0.0,0.0,0.0,-1.9798455365704903,0.0,0.0,0.0,0.0,-9.865015416277156,0.0,0.0,0.0,0.0,0.0,0.0,0.0,0.0,15.10296451723292,0.0,-7.5539490114184815
11.689922480620154,-1.9723503529300856,-1.6005707407229508,-1.6005707407229508,0.0,0.0,0.0,0.0,0.0,0.0,0.0,0.0,-3.8517481417699173,-2.791240531152539,-2.791240531152539,0.0,0.0,0.0,0.0,0.0,0.0,-3.979967340583812,0.0,-3.849805158440134,-3.9799673414719905,0.0,0.0,0.0,0.0,0.0,0.0,-2.289298739022172,-2.289298739022172,0.0,-0.970409747225176,0.0,0.0,0.0,0.0,0.0,0.0,0.0,0.0,0.0,0.0,-27.499095661576156,0.0,0.0,27.532233911720105,0.0,0.0,0.0,0.0,0.0,0.0,0.0,-31.507690090748497,0.0,31.5365311284177,0.0,0.0,0.0,0.0,0.0,0.0,0.0,0.0,-29.503687856813343,29.534530010311144,0.0,0.0,0.0,-5.461167268072664,0.0,0.0,0.0,0.0,0.0,-19.520298472186504,0.0,0.0,0.0,0.0,0.0,-2.2410572675379825,0.0,0.0,0.0,0.0,-9.84058919661912,0.0,0.0,0.0,0.0,0.0,0.0,0.0,0.0,15.502631158348379,0.0,-7.706817189756521
11.790697674418604,-1.610694018674974,-1.566877330924643,-1.566877330924643,0.0,0.0,0.0,0.0,0.0,0.0,0.0,0.0,-3.59661679238954,-2.503085895444457,-2.503085895444457,0.0,0.0,0.0,0.0,0.0,0.0,-3.973852463090566,0.0,-4.131174796806469,-3.9738524639787443,0.0,0.0,0.0,0.0,0.0,0.0,-2.6165915376630267,-2.6165915389952943,0.0,-1.303147302955665,0.0,0.0,0.0,0.0,0.0,0.0,0.0,0.0,0.0,0.0,-27.590004707311877,0.0,0.0,27.619109390086827,0.0,0.0,0.0,0.0,0.0,0.0,0.0,-31.59772482597134,0.0,31.62296945147247,0.0,0.0,0.0,0.0,0.0,0.0,0.0,0.0,-29.594136904398383,29.621175489658036,0.0,0.0,0.0,-4.918117943342182,0.0,0.0,0.0,0.0,0.0,-19.60970305880938,0.0,0.0,0.0,0.0,0.0,-2.5456994592332194,0.0,0.0,0.0,0.0,-9.800458943276524,0.0,0.0,0.0,0.0,0.0,0.0,0.0,0.0,15.90673220808192,0.0,-7.8889118924063695
11.891472868217054,-1.2779466598833444,-1.5878898086407744,-1.5878898086407744,0.0,0.0,0.0,0.0,0.0,0.0,0.0,0.0,-3.3172055644570264,-2.243060768680749,-2.243060768680749,0.0,0.0,0.0,0.0,0.0,0.0,-3.8591052737846354,0.0,-4.278079113406719,-3.859105274672814,0.0,0.0,0.0,0.0,0.0,0.0,-2.971977753229993,-2.971977753229993,0.0,-1.7749070857497884,0.0,0.0,0.0,0.0,0.0,0.0,0.0,0.0,0.0,0.0,-27.669238249150574,0.0,0.0,27.693272459328178,0.0,0.0,0.0,0.0,0.0,0.0,0.0,-31.675720934765117,0.0,31.696513804191362,0.0,0.0,0.0,0.0,0.0,0.0,0.0,0.0,-29.67271277798389,29.69500972471728,0.0,0.0,0.0,-4.422712920670868,0.0,0.0,0.0,0.0,0.0,-19.686182382905315,0.0,0.0,0.0,0.0,0.0,-2.8678106571700113,0.0,0.0,0.0,0.0,-9.74063519865176,0.0,0.0,0.0,0.0,0.0,0.0,0.0,0.0,16.27990860519901,0.0,-8.074707590788321
11.992248062015504,-1.0111898371967243,-1.6674742671085596,-1.6674742671085596,0.0,0.0,0.0,0.0,0.0,0.0,0.0,0.0,-3.0166340549975246,-2.019748615023076,-2.019748615023076,0.0,0.0,0.0,0.0,0.0,0.0,-3.6564916898740307,0.0,-4.30110278371032,-3.656491690762209,0.0,0.0,0.0,0.0,0.0,0.0,-3.3206441343303084,-3.320644136106665,0.0,-2.328512155536089,0.0,0.0,0.0,0.0,0.0,0.0,0.0,0.0,0.0,0.0,-27.734286785929818,0.0,0.0,27.753164589472412,0.0,0.0,0.0,0.0,0.0,0.0,0.0,-31.739451365586646,0.0,31.75574688141225,0.0,0.0,0.0,0.0,0.0,0.0,0.0,0.0,-29.73705723130493,29.754549813132414,0.0,0.0,0.0,-3.9934566728461185,0.0,0.0,0.0,0.0,0.0,-19.748056972357375,0.0,0.0,0.0,0.0,0.0,-3.172483459490394,0.0,0.0,0.0,0.0,-9.658970856918359,0.0,0.0,0.0,0.0,0.0,0.0,0.0,0.0,16.601221613399275,0.0,-8.245936701456458
12.093023255813954,-0.8520953949098242,-1.809708749078709,-1.809708749078709,0.0,0.0,0.0,0.0,0.0,0.0,0.0,0.0,-2.6941602315755375,-1.8387377362927282,-1.8387377362927282,0.0,0.0,0.0,0.0,0.0,0.0,-3.3939391590465107,0.0,-4.220332669557791,-3.393939159934689,0.0,0.0,0.0,0.0,0.0,0.0,-3.6227446020831167,-3.6227446011949382,0.0,-2.8939366885083473,0.0,0.0,0.0,0.0,0.0,0.0,0.0,0.0,0.0,0.0,-27.785104065924937,0.0,0.0,27.799234071146373,0.0,0.0,0.0,0.0,0.0,0.0,0.0,-31.78902691847174,0.0,31.801195499503443,0.0,0.0,0.0,0.0,0.0,0.0,0.0,0.0,-29.787211464404884,29.800287771442058,0.0,0.0,0.0,-3.64315917456004,0.0,0.0,0.0,0.0,0.0,-19.795778939124542,0.0,0.0,0.0,0.0,0.0,-3.4238464747815556,0.0,0.0,0.0,0.0,-9.558160203759769,0.0,0.0,0.0,0.0,0.0,0.0,0.0,0.0,16.86220000052252,0.0,-8.392564839088124
12.193798449612403,-0.8382723524213986,-2.0170016026277438,-2.0170016044041006,0.0,0.0,0.0,0.0,0.0,0.0,0.0,0.0,-2.3504140700403298,-1.7037492960891853,-1.7037492960891853,0.0,0.0,0.0,0.0,0.0,0.0,-3.1005188483312907,0.0,-4.06043593059735,-3.1005188483312907,0.0,0.0,0.0,0.0,0.0,0.0,-3.8423956305599916,-3.842395629671813,0.0,-3.405543163914615,0.0,0.0,0.0,0.0,0.0,0.0,0.0,0.0,0.0,0.0,-27.8229014544773,0.0,0.0,27.83286285201747,0.0,0.0,0.0,0.0,0.0,0.0,0.0,-31.82572502785641,0.0,31.834274640707427,0.0,0.0,0.0,0.0,0.0,0.0,0.0,0.0,-29.824419994939344,29.833622123220938,0.0,0.0,0.0,-3.380720983436891,0.0,0.0,0.0,0.0,0.0,-19.83078954523321,0.0,0.0,0.0,0.0,0.0,-3.5944795400144613,0.0,0.0,0.0,0.0,-9.447774113158225,0.0,0.0,0.0,0.0,0.0,0.0,0.0,0.0,17.062864363204255,0.0,-8.511134021893518
12.294573643410853,-0.992746850059234,-2.286836678688786,-2.286836678688786,0.0,0.0,0.0,0.0,0.0,0.0,0.0,0.0,-1.9921469679440307,-1.617496881989311,-1.617496881989311,0.0,0.0,0.0,0.0,0.0,0.0,-2.8015756123878077,0.0,-3.8455654971514264,-2.8015756123878077,0.0,0.0,0.0,0.0,0.0,0.0,-3.955576592828969,-3.9555765919407904,0.0,-3.8154877449736446,0.0,0.0,0.0,0.0,0.0,0.0,0.0,0.0,0.0,0.0,-27.849284363029582,0.0,0.0,27.855629831402553,0.0,0.0,0.0,0.0,0.0,0.0,0.0,-31.8511550780054,0.0,31.856565190946373,0.0,0.0,0.0,0.0,0.0,0.0,0.0,0.0,-29.85029280117013,29.856134051514662,0.0,0.0,0.0,-3.212669406033042,0.0,0.0,0.0,0.0,0.0,-19.85476837079725,0.0,0.0,0.0,0.0,0.0,-3.670981010728269,0.0,0.0,0.0,0.0,-9.343369183567596,0.0,0.0,0.0,0.0,0.0,0.0,0.0,0.0,17.207665679364048,0.0,-8.602339707119988
12.395348837209303,-1.31451945817318,-2.6078213890556867,-2.6078213890556867,0.0,0.0,0.0,0.0,0.0,0.0,0.0,0.0,-1.6354511165744823,-1.5824923451368544,-1.5824923451368544,0.0,0.0,0.0,0.0,0.0,0.0,-2.5163833337060737,0.0,-3.594671149187434,-2.5163833337060737,0.0,0.0,0.0,0.0,0.0,0.0,-3.954082093748923,-3.9540820928607445,0.0,-4.0984789170250835,0.0,0.0,0.0,0.0,0.0,0.0,0.0,0.0,0.0,0.0,-27.865736203502856,0.0,0.0,27.868852571819037,0.0,0.0,0.0,0.0,0.0,0.0,0.0,-31.86676796589072,0.0,31.869368455048065,0.0,0.0,0.0,0.0,0.0,0.0,0.0,0.0,-29.8662958294893,29.869132385826337,0.0,0.0,0.0,-3.144725043459362,0.0,0.0,0.0,0.0,0.0,-19.869154944437973,0.0,0.0,0.0,0.0,0.0,-3.6537155779226005,0.0,0.0,0.0,0.0,-9.262463894099682,0.0,0.0,0.0,0.0,0.0,0.0,0.0,0.0,17.30219593132354,0.0,-8.66891075779197
12.496124031007751,-1.7738126962818512,-2.956904239681535,-2.956904239681535,0.0,0.0,0.0,0.0,0.0,0.0,0.0,0.0,-1.3070783285162868,-1.6017343904550785,-1.6017343904550785,0.0,0.0,0.0,0.0,0.0,0.0,-2.25826882527258,0.0,-3.318782612282689,-2.25826882527258,0.0,0.0,0.0,0.0,0.0,0.0,-3.8453397233073616,-3.845339722419183,0.0,-4.249319075499969,0.0,0.0,0.0,0.0,0.0,0.0,0.0,0.0,0.0,0.0,-27.873244046654232,0.0,0.0,27.873257777568966,0.0,0.0,0.0,0.0,0.0,0.0,0.0,-31.873491274065238,0.0,31.873381393330952,0.0,0.0,0.0,0.0,0.0,0.0,0.0,0.0,-29.873384653444003,29.873328081991836,0.0,0.0,0.0,-3.183171384875394,0.0,0.0,0.0,0.0,0.0,-19.874823632932276,0.0,0.0,0.0,0.0,0.0,-3.553064964689767,0.0,0.0,0.0,0.0,-9.219179947839162,0.0,0.0,0.0,0.0,0.0,0.0,0.0,0.0,17.350780728231374,0.0,-8.714075467819438
12.5968992248062,-2.315494145754826,-3.3002528421199884,-3.300252843896345,0.0,0.0,0.0,0.0,0.0,0.0,0.0,0.0,-1.0431569561486498,-1.6789646795078994,-1.6789646781756318,0.0,0.0,0.0,0.0,0.0,0.0,-2.0360227810378717,0.0,-3.0215032280622722,-2.0360227810378717,0.0,0.0,0.0,0.0,0.0,0.0,-3.64920382134315,-3.6492038204549715,0.0,-4.277626163506909,0.0,0.0,0.0,0.0,0.0,0.0,0.0,0.0,0.0,0.0,-27.87203892785917,0.0,0.0,27.8687420464524,0.0,0.0,0.0,0.0,0.0,0.0,0.0,-31.87147691680048,0.0,31.86846104297203,0.0,0.0,0.0,0.0,0.0,0.0,0.0,0.0,-29.871748263993194,29.868596715554308,0.0,0.0,0.0,-3.335339199966869,0.0,0.0,0.0,0.0,0.0,-19.871839412738403,0.0,0.0,0.0,0.0,0.0,-3.385379170772751,0.0,0.0,0.0,0.0,-9.219902975532435,0.0,0.0,0.0,0.0,0.0,0.0,0.0,0.0,17.354783744080727,0.0,-8.740535244904091
12.69767441860465,-2.871403379511861,-3.5989587141571633,-3.598958713268985,0.0,0.0,0.0,0.0,0.0,0.0,0.0,0.0,-0.8843547156800469,-1.8180776264475895,-1.8180776264475895,0.0,0.0,0.0,0.0,0.0,0.0,-1.855407325779268,0.0,-2.7025655024992545,-1.855407325779268,0.0,0.0,0.0,0.0,0.0,0.0,-3.3927911378128783,-3.3927911369247,0.0,-4.202619611870517,0.0,0.0,0.0,0.0,0.0,0.0,0.0,0.0,0.0,0.0,-27.861393678191295,0.0,0.0,27.85419433656844,0.0,0.0,0.0,0.0,0.0,0.0,0.0,-31.859903997982777,0.0,31.85344949854785,0.0,0.0,0.0,0.0,0.0,0.0,0.0,0.0,-29.860609620485647,29.85380230877133,0.0,0.0,0.0,-3.6083389362007168,0.0,0.0,0.0,0.0,0.0,-19.859263265864513,0.0,0.0,0.0,0.0,0.0,-3.1699110221161675,0.0,0.0,0.0,0.0,-9.261704581486896,0.0,0.0,0.0,0.0,0.0,0.0,0.0,0.0,17.31147205499828,0.0,-8.749767386101448
12.7984496124031,-3.3769950127382486,-3.8177043326648175,-3.817704331776639,0.0,0.0,0.0,0.0,0.0,0.0,0.0,0.0,-0.8675122038503957,-2.021306801491818,-2.021306801491818,0.0,0.0,0.0,0.0,0.0,0.0,-1.7202785471681636,0.0,-2.3628814811438303,-1.7202785471681636,0.0,0.0,0.0,0.0,0.0,0.0,-3.104619055616098,-3.104619055616098,0.0,-4.04825024347133,0.0,0.0,0.0,0.0,0.0,0.0,0.0,0.0,0.0,0.0,-27.839499461723705,0.0,0.0,27.827436929583893,0.0,0.0,0.0,0.0,0.0,0.0,0.0,-31.836867420642623,0.0,31.826120911015998,0.0,0.0,0.0,0.0,0.0,0.0,0.0,0.0,-29.83810847040358,29.82674143492403,0.0,0.0,0.0,-4.005296322329155,0.0,0.0,0.0,0.0,0.0,-19.835035817095115,0.0,0.0,0.0,0.0,0.0,-2.926439879757936,0.0,0.0,0.0,0.0,-9.33409809000807,0.0,0.0,0.0,0.0,0.0,0.0,0.0,0.0,17.213561515017073,0.0,-8.741489927577284
12.89922480620155,-3.784565645981175,-3.9325139424839506,-3.9325139417067945,0.0,0.0,0.0,0.0,0.0,0.0,0.0,0.0,-1.0154269105555613,-2.286092678716045,-2.286092680936491,0.0,0.0,0.0,0.0,0.0,0.0,-1.6334440809950834,0.0,-2.0091995728277467,-1.6334440809950834,0.0,0.0,0.0,0.0,0.0,0.0,-2.809796470604198,-2.809796470604198,0.0,-3.838200561379068,0.0,0.0,0.0,0.0,0.0,0.0,0.0,0.0,0.0,0.0,-27.803551839622465,0.0,0.0,27.785472740515793,0.0,0.0,0.0,0.0,0.0,0.0,0.0,-31.799491595707607,0.0,31.78344262066979,0.0,0.0,0.0,0.0,0.0,0.0,0.0,0.0,-29.801402405493782,29.784398024479408,0.0,0.0,0.0,-4.519010639025822,0.0,0.0,0.0,0.0,0.0,-19.796101233149344,0.0,0.0,0.0,0.0,0.0,-2.6732969843346055,0.0,0.0,0.0,0.0,-9.423148496057188,0.0,0.0,0.0,0.0,0.0,0.0,0.0,0.0,17.05008066688052,0.0,-8.713217117817251
13.0,-4.06828103594048,-3.934773345593001,-3.9347733447048228,0.0,0.0,0.0,0.0,0.0,0.0,0.0,0.0,-1.3276283827856616,-2.601277598657248,-2.601277598657248,0.0,0.0,0.0,0.0,0.0,0.0,-1.597455747306964,0.0,-1.6573022759425182,-1.597455747306964,0.0,0.0,0.0,0.0,0.0,0.0,-2.527616437042468,-2.527616437042468,0.0,-3.5912848170838174,0.0,0.0,0.0,0.0,0.0,0.0,0.0,0.0,0.0,0.0,-27.750357140310378,0.0,0.0,27.725373367259998,0.0,0.0,0.0,0.0,0.0,0.0,0.0,-31.744616419637772,0.0,31.722503008979608,0.0,0.0,0.0,0.0,0.0,0.0,0.0,0.0,-29.747312880745724,29.72385123856114,0.0,0.0,0.0,-5.1246194356924235,0.0,0.0,0.0,0.0,0.0,-19.739114408778846,0.0,0.0,0.0,0.0,0.0,-2.4260499862371887,0.0,0.0,0.0,0.0,-9.515785414970779,0.0,0.0,0.0,0.0,0.0,0.0,0.0,0.0,16.8097149464419,0.0,-8.660093248291645
